Date,Open,High,Low,Close,Adj_Close,Volume,Capital_Gains,Repaired?
2016-09-13,14.760000228881836,14.760000228881836,14.760000228881836,14.760000228881836,14.164006233215332,300,0.0,False
2016-09-14,14.760000228881836,14.760000228881836,14.760000228881836,14.760000228881836,14.164006233215332,0,0.0,False
2016-09-15,14.760000228881836,14.760000228881836,14.760000228881836,14.760000228881836,14.164006233215332,0,0.0,False
2016-09-16,14.720000267028809,14.720000267028809,14.699999809265137,14.699999809265137,14.106429100036621,1500,0.0,False
2016-09-19,14.819999694824219,14.850000381469727,14.815999984741211,14.84000015258789,14.240776062011719,700,0.0,False
2016-09-20,14.970000267028809,14.970000267028809,14.970000267028809,14.970000267028809,14.365527153015137,300,0.0,False
2016-09-21,14.970000267028809,14.970000267028809,14.970000267028809,14.970000267028809,14.365527153015137,0,0.0,False
2016-09-22,15.380000114440918,15.390000343322754,15.289999961853027,15.319999694824219,14.701395034790039,4000,0.0,False
2016-09-23,15.329999923706055,15.329999923706055,15.239999771118164,15.270000457763672,14.653413772583008,9500,0.0,False
2016-09-26,15.149999618530273,15.149999618530273,15.031000137329102,15.031000137329102,14.424064636230469,2900,0.0,False
2016-09-27,15.170000076293945,16.68000030517578,15.116999626159668,15.210000038146973,14.59583568572998,3600,0.0,False
2016-09-28,15.289999961853027,15.3100004196167,15.210000038146973,15.3100004196167,14.691797256469727,3000,0.0,False
2016-09-29,15.3100004196167,15.3100004196167,15.25,15.260000228881836,14.643815994262695,3900,0.0,False
2016-09-30,15.279999732971191,15.3100004196167,15.199999809265137,15.3100004196167,14.691797256469727,4100,0.0,False
2016-10-03,15.359999656677246,15.359999656677246,15.1899995803833,15.256999969482422,14.640936851501465,3600,0.0,False
2016-10-04,15.390000343322754,15.390000343322754,15.25,15.25,14.6342191696167,10900,0.0,False
2016-10-05,15.380000114440918,15.40999984741211,15.380000114440918,15.390000343322754,14.768566131591797,1500,0.0,False
2016-10-06,15.399999618530273,15.399999618530273,15.305000305175781,15.34000015258789,14.720587730407715,3800,0.0,False
2016-10-07,15.350000381469727,15.359999656677246,15.300000190734863,15.350000381469727,14.730182647705078,8800,0.0,False
2016-10-10,15.4399995803833,15.449999809265137,15.416000366210938,15.42199993133545,14.799274444580078,11000,0.0,False
2016-10-11,15.460000038146973,15.460000038146973,15.300000190734863,15.300000190734863,14.682201385498047,6200,0.0,False
2016-10-12,15.3100004196167,15.3100004196167,15.187999725341797,15.239999771118164,14.62462329864502,5500,0.0,False
2016-10-13,15.079999923706055,15.119999885559082,15.0,15.119999885559082,14.509469032287598,6400,0.0,False
2016-10-14,15.170000076293945,15.180000305175781,15.119999885559082,15.119999885559082,14.509469032287598,3200,0.0,False
2016-10-17,15.180000305175781,15.210000038146973,15.149999618530273,15.170000076293945,14.557451248168945,10700,0.0,False
2016-10-18,15.369999885559082,15.369999885559082,15.281000137329102,15.289999961853027,14.67260456085205,3500,0.0,False
2016-10-19,15.359999656677246,15.359999656677246,15.25,15.260000228881836,14.643815994262695,6300,0.0,False
2016-10-20,15.260000228881836,15.300000190734863,15.25,15.300000190734863,14.682201385498047,8900,0.0,False
2016-10-21,15.282999992370605,15.300000190734863,15.282999992370605,15.300000190734863,14.682201385498047,500,0.0,False
2016-10-24,15.4399995803833,15.4399995803833,15.279999732971191,15.300000190734863,14.682201385498047,12500,0.0,False
2016-10-25,15.25,15.25,15.149999618530273,15.170000076293945,14.557451248168945,15100,0.0,False
2016-10-26,15.156999588012695,15.180000305175781,15.130000114440918,15.170000076293945,14.557451248168945,4100,0.0,False
2016-10-27,15.100000381469727,15.100000381469727,15.0,15.0,14.394314765930176,22100,0.0,False
2016-10-28,15.0600004196167,15.09000015258789,15.020000457763672,15.0600004196167,14.451894760131836,3600,0.0,False
2016-10-31,15.100000381469727,15.100000381469727,15.020000457763672,15.020000457763672,14.413507461547852,2600,0.0,False
2016-11-01,15.039999961853027,15.039999961853027,14.949999809265137,14.949999809265137,14.346333503723145,5700,0.0,False
2016-11-02,14.90999984741211,14.90999984741211,14.8100004196167,14.8100004196167,14.211987495422363,10200,0.0,False
2016-11-03,14.989999771118164,14.989999771118164,14.831000328063965,14.869999885559082,14.269561767578125,3200,0.0,False
2016-11-04,14.890000343322754,14.890000343322754,14.739999771118164,14.819999694824219,14.22158145904541,7200,0.0,False
2016-11-07,15.069999694824219,15.069999694824219,14.975000381469727,14.979999542236328,14.375121116638184,5800,0.0,False
2016-11-08,14.989999771118164,15.0600004196167,14.970000267028809,15.050000190734863,14.442296981811523,3200,0.0,False
2016-11-09,14.800000190734863,15.079999923706055,14.800000190734863,15.0600004196167,14.451894760131836,14800,0.0,False
2016-11-10,15.199999809265137,15.25,15.079999923706055,15.1899995803833,14.576643943786621,2300,0.0,False
2016-11-11,15.170000076293945,15.1899995803833,15.14900016784668,15.170000076293945,14.557451248168945,4900,0.0,False
2016-11-14,15.15999984741211,15.229999542236328,15.149999618530273,15.229999542236328,14.61502742767334,5500,0.0,False
2016-11-15,15.180000305175781,15.270000457763672,15.180000305175781,15.270000457763672,14.653413772583008,3100,0.0,False
2016-11-16,15.166000366210938,15.166000366210938,15.086000442504883,15.093999862670898,14.484519004821777,2000,0.0,False
2016-11-17,15.260000228881836,15.350000381469727,15.196999549865723,15.350000381469727,14.730182647705078,4500,0.0,False
2016-11-18,15.260000228881836,15.260000228881836,15.12399959564209,15.130000114440918,14.51906681060791,7300,0.0,False
2016-11-21,15.187000274658203,15.220000267028809,15.130000114440918,15.1850004196167,14.571845054626465,13400,0.0,False
2016-11-22,15.220000267028809,15.220000267028809,15.13599967956543,15.159000396728516,14.546895027160645,2500,0.0,False
2016-11-23,15.15999984741211,15.1899995803833,15.050999641418457,15.1899995803833,14.576643943786621,11100,0.0,False
2016-11-25,15.199999809265137,15.210000038146973,15.149999618530273,15.199999809265137,14.586237907409668,5900,0.0,False
2016-11-28,15.260000228881836,15.260000228881836,15.149999618530273,15.1899995803833,14.576643943786621,13600,0.0,False
2016-11-29,15.149999618530273,15.223999977111816,15.140000343322754,15.199999809265137,14.586237907409668,9500,0.0,False
2016-11-30,15.149999618530273,15.199999809265137,15.045000076293945,15.079999923706055,14.471085548400879,10200,0.0,False
2016-12-01,15.109999656677246,15.109999656677246,14.897000312805176,14.899999618530273,14.298354148864746,8300,0.0,False
2016-12-02,14.819999694824219,14.829999923706055,14.6899995803833,14.829999923706055,14.231181144714355,8500,0.0,False
2016-12-05,14.9399995803833,15.029999732971191,14.9399995803833,14.996999740600586,14.391435623168945,8800,0.0,False
2016-12-06,14.979999542236328,14.989999771118164,14.88599967956543,14.961000442504883,14.356888771057129,5900,0.0,False
2016-12-07,15.010000228881836,15.170000076293945,14.951000213623047,15.130000114440918,14.51906681060791,8900,0.0,False
2016-12-08,15.239999771118164,15.239999771118164,15.128000259399414,15.220000267028809,14.605430603027344,9100,0.0,False
2016-12-09,15.239999771118164,15.239999771118164,15.130000114440918,15.199999809265137,14.586237907409668,9900,0.0,False
2016-12-12,15.1899995803833,15.1899995803833,15.029999732971191,15.039999961853027,14.432700157165527,17300,0.0,False
2016-12-13,15.15999984741211,15.178999900817871,15.12600040435791,15.149999618530273,14.538256645202637,10900,0.0,False
2016-12-14,15.140000343322754,15.140000343322754,14.899999618530273,14.899999618530273,14.298354148864746,15200,0.0,False
2016-12-15,14.899999618530273,14.930000305175781,14.890000343322754,14.930000305175781,14.327141761779785,5000,0.0,False
2016-12-16,14.9399995803833,14.9399995803833,14.836999893188477,14.850000381469727,14.250371932983398,11900,0.0,False
2016-12-19,14.850000381469727,14.970000267028809,14.850000381469727,14.949999809265137,14.346333503723145,6300,0.0,False
2016-12-20,15.010000228881836,15.010000228881836,14.9399995803833,14.970000267028809,14.365527153015137,11100,0.0,False
2016-12-21,15.0,15.0,14.90999984741211,14.949999809265137,14.346333503723145,10400,0.0,False
2016-12-22,14.970000267028809,14.970000267028809,14.899999618530273,14.91100025177002,14.308908462524414,3700,0.0,False
2016-12-23,15.069999694824219,15.08899974822998,14.899999618530273,14.947999954223633,14.344413757324219,7600,0.0,False
2016-12-27,14.979999542236328,14.979999542236328,14.928000450134277,14.946999549865723,14.343454360961914,19600,0.0,False
2016-12-28,15.069999694824219,15.079999923706055,14.940999984741211,14.989999771118164,14.39338493347168,21700,0.0,False
2016-12-29,14.979999542236328,14.979999542236328,14.920000076293945,14.928000450134277,14.333852767944336,9300,0.0,False
2016-12-30,14.899999618530273,15.0600004196167,14.899999618530273,15.0,14.402987480163574,7700,0.0,False
2017-01-03,15.109999656677246,15.109999656677246,15.010000228881836,15.100000381469727,14.499008178710938,8000,0.0,False
2017-01-04,15.270000457763672,15.319999694824219,15.199999809265137,15.319999694824219,14.710251808166504,17300,0.0,False
2017-01-05,15.420000076293945,15.517000198364258,15.329999923706055,15.350000381469727,14.739058494567871,22800,0.0,False
2017-01-06,15.390000343322754,15.399999618530273,15.329999923706055,15.369999885559082,14.758261680603027,28700,0.0,False
2017-01-09,15.449999809265137,15.449999809265137,15.307000160217285,15.329999923706055,14.719853401184082,34200,0.0,False
2017-01-10,15.40999984741211,15.40999984741211,15.350000381469727,15.390000343322754,14.7774658203125,14100,0.0,False
2017-01-11,15.470000267028809,15.5,15.40999984741211,15.5,14.883086204528809,17900,0.0,False
2017-01-12,15.59000015258789,15.59000015258789,15.449999809265137,15.539999961853027,14.92149543762207,12600,0.0,False
2017-01-13,15.600000381469727,15.640000343322754,15.550000190734863,15.630000114440918,15.007911682128906,47700,0.0,False
2017-01-17,15.6899995803833,15.6899995803833,15.5,15.520000457763672,14.902292251586914,36300,0.0,False
2017-01-18,15.520000457763672,15.550000190734863,15.41100025177002,15.510000228881836,14.89268970489502,20800,0.0,False
2017-01-19,15.65999984741211,15.710000038146973,15.5,15.579999923706055,14.9599027633667,21400,0.0,False
2017-01-20,15.8100004196167,15.8100004196167,15.65999984741211,15.65999984741211,15.036717414855957,26500,0.0,False
2017-01-23,15.789999961853027,15.789999961853027,15.6899995803833,15.779000282287598,15.150984764099121,32200,0.0,False
2017-01-24,15.920000076293945,16.0,15.800000190734863,16.0,15.363186836242676,41400,0.0,False
2017-01-25,16.329999923706055,16.3799991607666,16.2450008392334,16.3700008392334,15.718461036682129,76400,0.0,False
2017-01-26,16.549999237060547,16.549999237060547,16.3700008392334,16.389999389648438,15.737661361694336,65800,0.0,False
2017-01-27,16.450000762939453,16.450000762939453,16.30299949645996,16.33099937438965,15.681011199951172,50600,0.0,False
2017-01-30,16.329999923706055,16.329999923706055,16.1299991607666,16.270000457763672,15.622442245483398,26200,0.0,False
2017-01-31,16.350000381469727,16.350000381469727,16.216999053955078,16.315000534057617,15.665650367736816,18300,0.0,False
2017-02-01,16.540000915527344,16.540000915527344,16.389999389648438,16.469999313354492,15.814478874206543,40600,0.0,False
2017-02-02,16.40999984741211,16.40999984741211,16.299999237060547,16.389999389648438,15.737661361694336,35200,0.0,False
2017-02-03,16.469999313354492,16.469999313354492,16.399999618530273,16.440000534057617,15.785676002502441,40400,0.0,False
2017-02-06,16.40999984741211,16.40999984741211,16.239999771118164,16.350000381469727,15.699252128601074,59800,0.0,False
2017-02-07,16.450000762939453,16.450000762939453,16.350000381469727,16.360000610351562,15.708858489990234,96800,0.0,False
2017-02-08,16.440000534057617,16.440000534057617,16.34000015258789,16.360000610351562,15.708858489990234,40900,0.0,False
2017-02-09,16.450000762939453,16.450000762939453,16.270000457763672,16.31999969482422,15.670448303222656,106700,0.0,False
2017-02-10,16.530000686645508,16.530000686645508,16.399999618530273,16.43000030517578,15.776073455810547,64300,0.0,False
2017-02-13,16.68000030517578,16.68000030517578,16.534000396728516,16.600000381469727,15.93930435180664,53800,0.0,False
2017-02-14,16.59000015258789,16.6200008392334,16.450000762939453,16.6200008392334,15.95850658416748,52800,0.0,False
2017-02-15,16.6200008392334,16.639999389648438,16.510000228881836,16.610000610351562,15.948909759521484,59300,0.0,False
2017-02-16,16.649999618530273,16.656999588012695,16.538000106811523,16.600000381469727,15.93930435180664,50100,0.0,False
2017-02-17,16.6200008392334,16.700000762939453,16.600000381469727,16.700000762939453,16.035327911376953,23500,0.0,False
2017-02-21,16.760000228881836,16.77899932861328,16.719999313354492,16.7450008392334,16.07853126525879,98800,0.0,False
2017-02-22,16.739999771118164,16.739999771118164,16.660999298095703,16.700000762939453,16.035327911376953,62600,0.0,False
2017-02-23,16.860000610351562,16.860000610351562,16.711000442504883,16.764999389648438,16.09773826599121,47400,0.0,False
2017-02-24,16.75,16.75,16.549999237060547,16.600000381469727,15.93930435180664,66900,0.0,False
2017-02-27,16.649999618530273,16.65999984741211,16.520000457763672,16.6200008392334,15.95850658416748,42900,0.0,False
2017-02-28,16.65999984741211,16.676000595092773,16.59000015258789,16.59000015258789,15.929706573486328,96800,0.0,False
2017-03-01,16.770000457763672,16.8799991607666,16.75,16.858999252319336,16.187997817993164,87800,0.0,False
2017-03-02,16.829999923706055,16.829999923706055,16.700000762939453,16.729999542236328,16.064132690429688,35600,0.0,False
2017-03-03,16.790000915527344,16.790000915527344,16.645000457763672,16.71500015258789,16.049732208251953,52200,0.0,False
2017-03-06,16.670000076293945,16.729999542236328,16.59000015258789,16.639999389648438,15.97771167755127,49600,0.0,False
2017-03-07,16.610000610351562,16.610000610351562,16.540000915527344,16.577999114990234,15.918179512023926,79300,0.0,False
2017-03-08,16.6200008392334,16.649999618530273,16.56999969482422,16.59000015258789,15.929706573486328,58800,0.0,False
2017-03-09,16.6299991607666,16.6299991607666,16.549999237060547,16.575000762939453,15.915299415588379,73700,0.0,False
2017-03-10,16.6299991607666,16.764999389648438,16.6299991607666,16.729999542236328,16.064132690429688,60900,0.0,False
2017-03-13,17.0,17.040000915527344,16.959999084472656,16.989999771118164,16.31378746032715,112200,0.0,False
2017-03-14,17.0,17.0,16.874000549316406,16.90999984741211,16.236970901489258,107700,0.0,False
2017-03-15,16.979999542236328,17.114999771118164,16.899999618530273,17.059999465942383,16.380998611450195,77000,0.0,False
2017-03-16,17.229999542236328,17.2549991607666,17.114999771118164,17.1200008392334,16.438610076904297,109600,0.0,False
2017-03-17,17.260000228881836,17.290000915527344,17.194000244140625,17.270000457763672,16.582639694213867,190300,0.0,False
2017-03-20,17.34000015258789,17.34000015258789,17.253000259399414,17.291000366210938,16.602807998657227,156500,0.0,False
2017-03-21,17.40999984741211,17.420000076293945,17.1299991607666,17.1299991607666,16.448211669921875,67500,0.0,False
2017-03-22,17.1299991607666,17.149999618530273,17.030000686645508,17.1299991607666,16.448211669921875,64400,0.0,False
2017-03-23,17.15999984741211,17.281999588012695,17.139999389648438,17.229999542236328,16.544231414794922,53700,0.0,False
2017-03-24,17.280000686645508,17.350000381469727,17.229999542236328,17.297000885009766,16.608566284179688,174900,0.0,False
2017-03-27,17.260000228881836,17.360000610351562,17.200000762939453,17.31999969482422,16.630647659301758,171000,0.0,False
2017-03-28,17.440000534057617,17.479000091552734,17.3700008392334,17.43000030517578,16.736268997192383,148600,0.0,False
2017-03-29,17.450000762939453,17.450000762939453,17.3700008392334,17.434999465942383,16.741071701049805,83700,0.0,False
2017-03-30,17.450000762939453,17.450000762939453,17.3700008392334,17.3799991607666,16.688262939453125,80600,0.0,False
2017-03-31,17.350000381469727,17.3700008392334,17.260000228881836,17.363000869750977,16.67193603515625,67900,0.0,False
2017-04-03,17.3700008392334,17.3700008392334,17.25,17.322999954223633,16.633529663085938,70200,0.0,False
2017-04-04,17.270000457763672,17.270000457763672,17.17300033569336,17.229000091552734,16.543272018432617,53000,0.0,False
2017-04-05,17.329999923706055,17.3700008392334,17.229999542236328,17.229999542236328,16.544231414794922,106000,0.0,False
2017-04-06,17.15999984741211,17.15999984741211,17.100000381469727,17.110000610351562,16.42901039123535,78400,0.0,False
2017-04-07,17.15999984741211,17.219999313354492,17.1299991607666,17.200000762939453,16.515426635742188,81500,0.0,False
2017-04-10,17.170000076293945,17.200000762939453,17.100000381469727,17.1200008392334,16.438610076904297,101900,0.0,False
2017-04-11,17.100000381469727,17.100000381469727,17.0,17.079999923706055,16.40019989013672,73100,0.0,False
2017-04-12,17.079999923706055,17.079999923706055,16.961000442504883,17.0,16.323387145996094,56900,0.0,False
2017-04-13,17.0,17.0,16.899999618530273,16.920000076293945,16.246570587158203,45100,0.0,False
2017-04-17,17.0,17.030000686645508,16.93000030517578,17.030000686645508,16.352191925048828,76800,0.0,False
2017-04-18,16.979999542236328,16.989999771118164,16.899999618530273,16.950000762939453,16.275375366210938,80500,0.0,False
2017-04-19,17.010000228881836,17.200000762939453,17.010000228881836,17.200000762939453,16.515426635742188,110100,0.0,False
2017-04-20,17.260000228881836,17.309999465942383,17.200000762939453,17.270000457763672,16.582639694213867,127900,0.0,False
2017-04-21,17.270000457763672,17.270000457763672,17.200000762939453,17.229999542236328,16.544231414794922,50500,0.0,False
2017-04-24,17.450000762939453,17.559999465942383,17.360000610351562,17.559999465942383,16.86109733581543,74200,0.0,False
2017-04-25,17.559999465942383,17.559999465942383,17.5,17.54400062561035,16.845733642578125,124000,0.0,False
2017-04-26,17.59000015258789,17.700000762939453,17.59000015258789,17.700000762939453,16.995525360107422,108300,0.0,False
2017-04-27,17.770000457763672,17.780000686645508,17.75,17.77400016784668,17.066577911376953,118200,0.0,False
2017-04-28,17.850000381469727,17.959999084472656,17.770000457763672,17.959999084472656,17.24517822265625,320000,0.0,False
2017-05-01,17.979999542236328,18.027000427246094,17.922000885009766,17.989999771118164,17.273983001708984,221300,0.0,False
2017-05-02,18.020000457763672,18.020000457763672,17.93000030517578,17.959999084472656,17.24517822265625,92800,0.0,False
2017-05-03,17.90999984741211,17.950000762939453,17.829999923706055,17.950000762939453,17.23557472229004,133000,0.0,False
2017-05-04,17.969999313354492,18.010000228881836,17.915000915527344,17.989999771118164,17.273983001708984,70200,0.0,False
2017-05-05,18.06999969482422,18.139999389648438,18.0,18.139999389648438,17.418012619018555,97400,0.0,False
2017-05-08,18.200000762939453,18.200000762939453,18.139999389648438,18.170000076293945,17.446821212768555,228000,0.0,False
2017-05-09,18.190000534057617,18.190000534057617,18.06999969482422,18.113000869750977,17.39208984375,321400,0.0,False
2017-05-10,18.18000030517578,18.18000030517578,18.049999237060547,18.100000381469727,17.37960433959961,107800,0.0,False
2017-05-11,18.1200008392334,18.1200008392334,17.969999313354492,18.020000457763672,17.30278968811035,188500,0.0,False
2017-05-12,18.100000381469727,18.1200008392334,18.045000076293945,18.09000015258789,17.369998931884766,118300,0.0,False
2017-05-15,18.190000534057617,18.229999542236328,18.132999420166016,18.18000030517578,17.4564208984375,254800,0.0,False
2017-05-16,18.299999237060547,18.299999237060547,18.200000762939453,18.25,17.52363395690918,226300,0.0,False
2017-05-17,18.229999542236328,18.229999542236328,18.0,18.010000228881836,17.293188095092773,165300,0.0,False
2017-05-18,17.989999771118164,17.989999771118164,17.84000015258789,17.969999313354492,17.254777908325195,161900,0.0,False
2017-05-19,18.15999984741211,18.270000457763672,18.13800048828125,18.229999542236328,17.50442886352539,163500,0.0,False
2017-05-22,18.290000915527344,18.43000030517578,18.290000915527344,18.420000076293945,17.68686866760254,262200,0.0,False
2017-05-23,18.459999084472656,18.459999084472656,18.389999389648438,18.43000030517578,17.696468353271484,254100,0.0,False
2017-05-24,18.43000030517578,18.43000030517578,18.360000610351562,18.3799991607666,17.648460388183594,113800,0.0,False
2017-05-25,18.549999237060547,18.549999237060547,18.479999542236328,18.520000457763672,17.78289222717285,147700,0.0,False
2017-05-26,18.510000228881836,18.510000228881836,18.43000030517578,18.5,17.76368522644043,97500,0.0,False
2017-05-30,18.549999237060547,18.59000015258789,18.5,18.59000015258789,17.8501033782959,123900,0.0,False
2017-05-31,18.68000030517578,18.68000030517578,18.54400062561035,18.610000610351562,17.869306564331055,278100,0.0,False
2017-06-01,18.729999542236328,18.889999389648438,18.670000076293945,18.889999389648438,18.138164520263672,269400,0.0,False
2017-06-02,18.989999771118164,19.110000610351562,18.96500015258789,19.110000610351562,18.34940528869629,467600,0.0,False
2017-06-05,19.15999984741211,19.15999984741211,19.110000610351562,19.15999984741211,18.397415161132812,297700,0.0,False
2017-06-06,19.09000015258789,19.15999984741211,19.020000457763672,19.059999465942383,18.3013973236084,414700,0.0,False
2017-06-07,19.139999389648438,19.139999389648438,19.040000915527344,19.100000381469727,18.339805603027344,184800,0.0,False
2017-06-08,19.100000381469727,19.100000381469727,19.0,19.09000015258789,18.3302001953125,151100,0.0,False
2017-06-09,19.100000381469727,19.10099983215332,18.860000610351562,18.940000534057617,18.186172485351562,373300,0.0,False
2017-06-12,18.799999237060547,18.799999237060547,18.610000610351562,18.739999771118164,17.9941349029541,247200,0.0,False
2017-06-13,18.790000915527344,18.844999313354492,18.760000228881836,18.829999923706055,18.080547332763672,185800,0.0,False
2017-06-14,18.8700008392334,18.8799991607666,18.739999771118164,18.799999237060547,18.051742553710938,230900,0.0,False
2017-06-15,18.514999389648438,18.559999465942383,18.440000534057617,18.540000915527344,17.802093505859375,152100,0.0,False
2017-06-16,18.559999465942383,18.639999389648438,18.5310001373291,18.6299991607666,17.88850975036621,126300,0.0,False
2017-06-19,18.739999771118164,18.850000381469727,18.739999771118164,18.850000381469727,18.099756240844727,248500,0.0,False
2017-06-20,18.90999984741211,18.940000534057617,18.81999969482422,18.850000381469727,18.099756240844727,224500,0.0,False
2017-06-21,18.90999984741211,18.93000030517578,18.889999389648438,18.93000030517578,18.17656898498535,202800,0.0,False
2017-06-22,18.950000762939453,18.950000762939453,18.8799991607666,18.920000076293945,18.166969299316406,150400,0.0,False
2017-06-23,18.989999771118164,18.989999771118164,18.916000366210938,18.940000534057617,18.186172485351562,160200,0.0,False
2017-06-26,19.030000686645508,19.06999969482422,18.940000534057617,18.94499969482422,18.190967559814453,313600,0.0,False
2017-06-27,18.969999313354492,18.969999313354492,18.822999954223633,18.84000015258789,18.09015464782715,131900,0.0,False
2017-06-28,18.799999237060547,18.889999389648438,18.729999542236328,18.860000610351562,18.109355926513672,159600,0.0,False
2017-06-29,18.860000610351562,18.860000610351562,18.559999465942383,18.639999389648438,17.89811134338379,242800,0.0,False
2017-06-30,18.719999313354492,18.719999313354492,18.6200008392334,18.659000396728516,17.91635513305664,131100,0.0,False
2017-07-03,18.75,18.75,18.56999969482422,18.56999969482422,17.83089828491211,101000,0.0,False
2017-07-05,18.579999923706055,18.579999923706055,18.489999771118164,18.549999237060547,17.811695098876953,200200,0.0,False
2017-07-06,18.510000228881836,18.530000686645508,18.410999298095703,18.459999084472656,17.72527503967285,115300,0.0,False
2017-07-07,18.489999771118164,18.639999389648438,18.489999771118164,18.6299991607666,17.88850975036621,91100,0.0,False
2017-07-10,18.65999984741211,18.75,18.649999618530273,18.729999542236328,17.984533309936523,123600,0.0,False
2017-07-11,18.809999465942383,18.8700008392334,18.760000228881836,18.8700008392334,18.118959426879883,143700,0.0,False
2017-07-12,19.010000228881836,19.100000381469727,18.979999542236328,19.09000015258789,18.3302001953125,228500,0.0,False
2017-07-13,19.149999618530273,19.149999618530273,19.030000686645508,19.079999923706055,18.320602416992188,917400,0.0,False
2017-07-14,19.170000076293945,19.260000228881836,19.1200008392334,19.260000228881836,18.49343490600586,202300,0.0,False
2017-07-17,19.329999923706055,19.329999923706055,19.18400001525879,19.204999923706055,18.440624237060547,154200,0.0,False
2017-07-18,19.219999313354492,19.290000915527344,19.200000762939453,19.280000686645508,18.512638092041016,164000,0.0,False
2017-07-19,19.329999923706055,19.350000381469727,19.280000686645508,19.31999969482422,18.55104637145996,191800,0.0,False
2017-07-20,19.31999969482422,19.450000762939453,19.295000076293945,19.43000030517578,18.65666961669922,3040600,0.0,False
2017-07-21,19.559999465942383,19.59000015258789,19.5,19.579999923706055,18.800701141357422,379600,0.0,False
2017-07-24,19.594999313354492,19.599000930786133,19.489999771118164,19.56999969482422,18.791099548339844,321400,0.0,False
2017-07-25,19.610000610351562,19.6200008392334,19.549999237060547,19.600000381469727,18.819904327392578,567700,0.0,False
2017-07-26,19.709999084472656,19.72100067138672,19.649999618530273,19.709999084472656,18.92552375793457,847900,0.0,False
2017-07-27,19.829999923706055,19.899999618530273,19.700000762939453,19.790000915527344,19.002342224121094,960800,0.0,False
2017-07-28,19.790000915527344,19.90999984741211,19.75,19.90999984741211,19.117565155029297,550100,0.0,False
2017-07-31,19.950000762939453,19.950000762939453,19.799999237060547,19.8799991607666,19.088756561279297,716000,0.0,False
2017-08-01,19.959999084472656,19.979999542236328,19.899999618530273,19.940000534057617,19.146371841430664,430600,0.0,False
2017-08-02,20.079999923706055,20.079999923706055,19.950000762939453,20.049999237060547,19.251989364624023,441600,0.0,False
2017-08-03,20.0,20.06999969482422,20.0,20.020000457763672,19.223186492919922,564700,0.0,False
2017-08-04,19.979999542236328,20.038999557495117,19.93000030517578,20.020000457763672,19.223186492919922,337200,0.0,False
2017-08-07,20.010000228881836,20.110000610351562,19.979999542236328,20.100000381469727,19.300004959106445,305400,0.0,False
2017-08-08,20.139999389648438,20.139999389648438,20.020000457763672,20.06999969482422,19.271196365356445,416400,0.0,False
2017-08-09,20.0,20.09000015258789,19.944000244140625,20.09000015258789,19.2903995513916,501800,0.0,False
2017-08-10,20.010000228881836,20.020000457763672,19.739999771118164,19.75,18.96393585205078,562300,0.0,False
2017-08-11,19.700000762939453,19.739999771118164,19.6299991607666,19.704999923706055,18.920724868774414,372500,0.0,False
2017-08-14,19.889999389648438,20.0,19.867000579833984,20.0,19.203983306884766,336400,0.0,False
2017-08-15,20.040000915527344,20.049999237060547,19.950000762939453,20.010000228881836,19.213586807250977,376700,0.0,False
2017-08-16,20.030000686645508,20.100000381469727,20.030000686645508,20.100000381469727,19.300004959106445,536200,0.0,False
2017-08-17,20.200000762939453,20.239999771118164,20.030000686645508,20.06999969482422,19.271196365356445,422700,0.0,False
2017-08-18,20.06999969482422,20.139999389648438,19.979999542236328,20.049999237060547,19.251989364624023,268800,0.0,False
2017-08-21,20.100000381469727,20.100000381469727,19.969999313354492,20.020000457763672,19.223186492919922,196800,0.0,False
2017-08-22,20.149999618530273,20.270000457763672,20.1200008392334,20.270000457763672,19.463237762451172,486000,0.0,False
2017-08-23,20.270000457763672,20.309999465942383,20.25,20.309999465942383,19.501646041870117,362700,0.0,False
2017-08-24,20.299999237060547,20.315000534057617,20.209999084472656,20.25,19.44403076171875,447000,0.0,False
2017-08-25,20.239999771118164,20.260000228881836,20.18000030517578,20.18000030517578,19.376819610595703,313700,0.0,False
2017-08-28,20.270000457763672,20.280000686645508,20.219999313354492,20.280000686645508,19.472837448120117,244500,0.0,False
2017-08-29,20.25,20.309999465942383,20.23900032043457,20.309999465942383,19.501646041870117,530400,0.0,False
2017-08-30,20.290000915527344,20.3799991607666,20.280000686645508,20.3700008392334,19.559263229370117,472100,0.0,False
2017-08-31,20.3799991607666,20.510000228881836,20.3700008392334,20.5,19.684083938598633,419700,0.0,False
2017-09-01,20.6299991607666,20.65999984741211,20.549999237060547,20.6200008392334,19.799306869506836,447000,0.0,False
2017-09-05,20.5,20.59000015258789,20.40999984741211,20.530000686645508,19.712888717651367,1556200,0.0,False
2017-09-06,20.6299991607666,20.6299991607666,20.549999237060547,20.59000015258789,19.7705020904541,540400,0.0,False
2017-09-07,20.700000762939453,20.75,20.65999984741211,20.75,19.92413330078125,602400,0.0,False
2017-09-08,20.8700008392334,20.899999618530273,20.799999237060547,20.8700008392334,20.039358139038086,478600,0.0,False
2017-09-11,21.100000381469727,21.15999984741211,21.079999923706055,21.139999389648438,20.29861068725586,758700,0.0,False
2017-09-12,21.270000457763672,21.280000686645508,21.200000762939453,21.280000686645508,20.43303680419922,979500,0.0,False
2017-09-13,21.280000686645508,21.280000686645508,21.18000030517578,21.200000762939453,20.356225967407227,977800,0.0,False
2017-09-14,21.200000762939453,21.280000686645508,21.1200008392334,21.280000686645508,20.43303680419922,693700,0.0,False
2017-09-15,21.34000015258789,21.43000030517578,21.30900001525879,21.43000030517578,20.577072143554688,839900,0.0,False
2017-09-18,21.530000686645508,21.639999389648438,21.5,21.6200008392334,20.75950813293457,1520900,0.0,False
2017-09-19,21.729999542236328,21.739999771118164,21.635000228881836,21.739999771118164,20.874727249145508,970500,0.0,False
2017-09-20,21.860000610351562,21.8799991607666,21.709999084472656,21.860000610351562,20.989953994750977,1099800,0.0,False
2017-09-21,21.65999984741211,21.65999984741211,21.420000076293945,21.5,20.644283294677734,1616700,0.0,False
2017-09-22,21.5,21.503000259399414,21.420000076293945,21.450000762939453,20.596275329589844,615900,0.0,False
2017-09-25,21.530000686645508,21.549999237060547,21.360000610351562,21.43000030517578,20.577072143554688,741900,0.0,False
2017-09-26,21.34000015258789,21.389999389648438,21.200000762939453,21.219999313354492,20.375425338745117,735300,0.0,False
2017-09-27,21.309999465942383,21.43000030517578,21.290000915527344,21.43000030517578,20.577072143554688,830500,0.0,False
2017-09-28,21.450000762939453,21.579999923706055,21.420000076293945,21.579999923706055,20.721097946166992,710700,0.0,False
2017-09-29,21.68000030517578,21.760000228881836,21.649999618530273,21.75,20.88433074951172,993500,0.0,False
2017-10-02,21.8799991607666,21.920000076293945,21.84000015258789,21.920000076293945,21.047565460205078,1050100,0.0,False
2017-10-03,22.0,22.079999923706055,21.969999313354492,22.079999923706055,21.201196670532227,930200,0.0,False
2017-10-04,22.110000610351562,22.149999618530273,22.059999465942383,22.139999389648438,21.258808135986328,946100,0.0,False
2017-10-05,22.100000381469727,22.100000381469727,22.0,22.079999923706055,21.201196670532227,792400,0.0,False
2017-10-06,21.93000030517578,21.969999313354492,21.8799991607666,21.950000762939453,21.076372146606445,924400,0.0,False
2017-10-09,22.09000015258789,22.100000381469727,22.0,22.06999969482422,21.19159507751465,526200,0.0,False
2017-10-10,22.18000030517578,22.209999084472656,22.100000381469727,22.18000030517578,21.297218322753906,692500,0.0,False
2017-10-11,22.239999771118164,22.299999237060547,22.209999084472656,22.299999237060547,21.412439346313477,743300,0.0,False
2017-10-12,22.40999984741211,22.489999771118164,22.3700008392334,22.450000762939453,21.556474685668945,1075400,0.0,False
2017-10-13,22.709999084472656,22.809999465942383,22.700000762939453,22.790000915527344,21.882938385009766,1777300,0.0,False
2017-10-16,22.8700008392334,22.899999618530273,22.850000381469727,22.8799991607666,21.969358444213867,1809500,0.0,False
2017-10-17,22.93000030517578,23.079999923706055,22.899999618530273,23.079999923706055,22.16139793395996,3379900,0.0,False
2017-10-18,23.010000228881836,23.079999923706055,22.950000762939453,23.079999923706055,22.16139793395996,1678200,0.0,False
2017-10-19,22.8799991607666,22.950000762939453,22.75,22.950000762939453,22.036571502685547,1489000,0.0,False
2017-10-20,23.06999969482422,23.139999389648438,23.010000228881836,23.100000381469727,22.180601119995117,2975800,0.0,False
2017-10-23,23.360000610351562,23.450000762939453,23.31999969482422,23.389999389648438,22.459056854248047,2586600,0.0,False
2017-10-24,23.3700008392334,23.65999984741211,23.34000015258789,23.649999618530273,22.708711624145508,2870000,0.0,False
2017-10-25,23.670000076293945,23.670000076293945,23.299999237060547,23.459999084472656,22.52627182006836,2826100,0.0,False
2017-10-26,23.440000534057617,23.469999313354492,22.65999984741211,22.940000534057617,22.02696990966797,4159400,0.0,False
2017-10-27,22.920000076293945,23.06999969482422,22.799999237060547,23.059999465942383,22.142194747924805,1755100,0.0,False
2017-10-30,23.270000457763672,23.299999237060547,23.200000762939453,23.290000915527344,22.363040924072266,1411300,0.0,False
2017-10-31,23.440000534057617,23.6200008392334,23.440000534057617,23.600000381469727,22.66069793701172,1705300,0.0,False
2017-11-01,23.780000686645508,23.780000686645508,23.600000381469727,23.649999618530273,22.708711624145508,1534000,0.0,False
2017-11-02,23.600000381469727,23.6200008392334,23.350000381469727,23.559999465942383,22.62229347229004,1096600,0.0,False
2017-11-03,23.540000915527344,23.639999389648438,23.518999099731445,23.639999389648438,22.699108123779297,1134400,0.0,False
2017-11-06,23.799999237060547,23.84000015258789,23.649999618530273,23.809999465942383,22.862340927124023,1270500,0.0,False
2017-11-07,24.010000228881836,24.100000381469727,23.959999084472656,24.100000381469727,23.14080047607422,1617200,0.0,False
2017-11-08,24.360000610351562,24.360000610351562,24.209999084472656,24.299999237060547,23.332836151123047,1957100,0.0,False
2017-11-09,24.079999923706055,24.170000076293945,23.75,23.969999313354492,23.01597023010254,2801700,0.0,False
2017-11-10,24.0,24.09000015258789,23.959999084472656,24.059999465942383,23.102397918701172,1464000,0.0,False
2017-11-13,23.809999465942383,23.889999389648438,23.700000762939453,23.889999389648438,22.939157485961914,1428800,0.0,False
2017-11-14,23.809999465942383,23.889999389648438,23.760000228881836,23.829999923706055,22.881542205810547,943300,0.0,False
2017-11-15,23.540000915527344,23.59000015258789,23.3700008392334,23.540000915527344,22.60308837890625,1337000,0.0,False
2017-11-16,23.8799991607666,24.079999923706055,23.85099983215332,24.049999237060547,23.09278678894043,1217000,0.0,False
2017-11-17,24.09000015258789,24.149999618530273,24.059999465942383,24.06999969482422,23.11199188232422,849300,0.0,False
2017-11-20,24.18000030517578,24.299999237060547,24.152000427246094,24.25,23.28483009338379,1274200,0.0,False
2017-11-21,24.5,24.600000381469727,24.5,24.600000381469727,23.62089729309082,1619600,0.0,False
2017-11-22,24.790000915527344,24.8700008392334,24.635000228881836,24.729999542236328,23.745725631713867,1854400,0.0,False
2017-11-24,24.950000762939453,24.969999313354492,24.850000381469727,24.889999389648438,23.89935874938965,1502200,0.0,False
2017-11-27,24.850000381469727,24.889999389648438,24.799999237060547,24.809999465942383,23.822538375854492,2017400,0.0,False
2017-11-28,24.709999084472656,24.739999771118164,24.604999542236328,24.690000534057617,23.707319259643555,1329300,0.0,False
2017-11-29,24.6200008392334,24.65999984741211,24.110000610351562,24.190000534057617,23.22722053527832,2253400,0.0,False
2017-11-30,24.0,24.020000457763672,23.780000686645508,23.90999984741211,22.958362579345703,2490600,0.0,False
2017-12-01,23.959999084472656,23.959999084472656,23.549999237060547,23.84000015258789,22.891149520874023,1456500,0.0,False
2017-12-04,23.850000381469727,23.90999984741211,23.329999923706055,23.360000610351562,22.430255889892578,1877500,0.0,False
2017-12-05,23.3799991607666,23.450000762939453,23.209999084472656,23.270000457763672,22.343835830688477,1447800,0.0,False
2017-12-06,23.1299991607666,23.270000457763672,23.100000381469727,23.229999542236328,22.30542755126953,949600,0.0,False
2017-12-07,23.299999237060547,23.530000686645508,23.299999237060547,23.510000228881836,22.57428550720215,1322300,0.0,False
2017-12-08,23.65999984741211,23.68000030517578,23.5,23.59000015258789,22.651100158691406,2715600,0.0,False
2017-12-11,23.5,23.530000686645508,23.40999984741211,23.479999542236328,22.54547691345215,1036200,0.0,False
2017-12-12,23.329999923706055,23.389999389648438,23.280000686645508,23.329999923706055,22.401445388793945,1231600,0.0,False
2017-12-13,23.149999618530273,23.200000762939453,23.079999923706055,23.1299991607666,22.20940589904785,1140700,0.0,False
2017-12-14,23.200000762939453,23.209999084472656,23.020999908447266,23.030000686645508,22.113388061523438,702500,0.0,False
2017-12-15,23.200000762939453,23.344999313354492,23.18000030517578,23.309999465942383,22.38224220275879,857700,0.0,False
2017-12-18,23.649999618530273,23.75,23.649999618530273,23.739999771118164,22.795127868652344,2133700,0.0,False
2017-12-19,23.709999084472656,23.709999084472656,23.530000686645508,23.549999237060547,22.612689971923828,744900,0.0,False
2017-12-20,23.690000534057617,23.700000762939453,23.559999465942383,23.610000610351562,22.670307159423828,700800,0.0,False
2017-12-21,23.6200008392334,23.719999313354492,23.6200008392334,23.68000030517578,22.737516403198242,720800,0.0,False
2017-12-22,23.739999771118164,23.780000686645508,23.639999389648438,23.770000457763672,22.823936462402344,661100,0.0,False
2017-12-26,23.700000762939453,23.899999618530273,23.700000762939453,23.8799991607666,22.92955207824707,700000,0.0,False
2017-12-27,23.860000610351562,23.959999084472656,23.812000274658203,23.920000076293945,22.96796417236328,786800,0.0,False
2017-12-28,23.920000076293945,23.920000076293945,23.799999237060547,23.850000381469727,22.902664184570312,739700,0.0,False
2017-12-29,23.920000076293945,23.920000076293945,23.700000762939453,23.700000762939453,22.758623123168945,916600,0.0,False
2018-01-02,23.860000610351562,24.0,23.809999465942383,24.0,23.04670524597168,1217700,0.0,False
2018-01-03,24.100000381469727,24.489999771118164,24.100000381469727,24.489999771118164,23.517244338989258,2335700,0.0,False
2018-01-04,24.899999618530273,24.920000076293945,24.799999237060547,24.84000015258789,23.853343963623047,3069400,0.0,False
2018-01-05,25.030000686645508,25.139999389648438,24.969999313354492,25.1200008392334,24.122222900390625,1988400,0.0,False
2018-01-08,25.15999984741211,25.350000381469727,25.139999389648438,25.299999237060547,24.29507064819336,2934200,0.0,False
2018-01-09,25.360000610351562,25.450000762939453,25.299999237060547,25.3799991607666,24.371891021728516,3103900,0.0,False
2018-01-10,25.3799991607666,25.56999969482422,25.350000381469727,25.540000915527344,24.525537490844727,1893500,0.0,False
2018-01-11,25.6299991607666,25.770000457763672,25.614999771118164,25.770000457763672,24.74640464782715,2079600,0.0,False
2018-01-12,25.959999084472656,26.190000534057617,25.899999618530273,26.18000030517578,25.140117645263672,2489500,0.0,False
2018-01-16,26.75,26.920000076293945,26.54400062561035,26.610000610351562,25.553037643432617,4708400,0.0,False
2018-01-17,26.790000915527344,27.030000686645508,26.690000534057617,26.989999771118164,25.917943954467773,3447400,0.0,False
2018-01-18,26.8799991607666,26.950000762939453,26.81999969482422,26.920000076293945,25.850723266601562,4043000,0.0,False
2018-01-19,27.149999618530273,27.260000228881836,27.149999618530273,27.260000228881836,26.177217483520508,2883500,0.0,False
2018-01-22,27.149999618530273,27.299999237060547,27.079999923706055,27.299999237060547,26.21562957763672,3225000,0.0,False
2018-01-23,27.239999771118164,27.420000076293945,27.239999771118164,27.3799991607666,26.292449951171875,2813900,0.0,False
2018-01-24,27.34000015258789,27.34000015258789,26.969999313354492,27.139999389648438,26.06198501586914,3350400,0.0,False
2018-01-25,27.100000381469727,27.139999389648438,26.899999618530273,26.989999771118164,25.917943954467773,2248400,0.0,False
2018-01-26,27.100000381469727,27.280000686645508,27.020000457763672,27.280000686645508,26.196422576904297,1800500,0.0,False
2018-01-29,27.149999618530273,27.170000076293945,27.0,27.100000381469727,26.023576736450195,2126300,0.0,False
2018-01-30,26.6299991607666,26.709999084472656,26.40999984741211,26.520000457763672,25.466615676879883,2979200,0.0,False
2018-01-31,26.600000381469727,26.65999984741211,26.440000534057617,26.469999313354492,25.418598175048828,3034400,0.0,False
2018-02-01,26.530000686645508,26.760000228881836,26.5,26.670000076293945,25.610654830932617,1504000,0.0,False
2018-02-02,26.360000610351562,26.360000610351562,25.934999465942383,25.950000762939453,24.919252395629883,2925500,0.0,False
2018-02-05,25.299999237060547,25.489999771118164,24.0,24.40999984741211,23.440420150756836,7218100,0.0,False
2018-02-06,24.100000381469727,25.038999557495117,23.559999465942383,24.989999771118164,23.99738311767578,5456900,0.0,False
2018-02-07,24.8700008392334,25.190000534057617,24.799999237060547,24.8700008392334,23.882152557373047,3454000,0.0,False
2018-02-08,24.760000228881836,24.790000915527344,23.799999237060547,23.809999465942383,22.864253997802734,2961400,0.0,False
2018-02-09,24.200000762939453,24.200000762939453,23.190000534057617,23.90999984741211,22.960281372070312,3222100,0.0,False
2018-02-12,24.209999084472656,24.469999313354492,24.020000457763672,24.360000610351562,23.39240837097168,2156600,0.0,False
2018-02-13,23.950000762939453,24.100000381469727,23.780000686645508,24.06999969482422,23.113927841186523,1534500,0.0,False
2018-02-14,23.68000030517578,24.420000076293945,23.65999984741211,24.40999984741211,23.440420150756836,2549400,0.0,False
2018-02-15,24.709999084472656,24.799999237060547,24.481000900268555,24.790000915527344,23.805330276489258,2043800,0.0,False
2018-02-16,24.809999465942383,24.950000762939453,24.704999923706055,24.790000915527344,23.805330276489258,1960800,0.0,False
2018-02-20,24.649999618530273,24.860000610351562,24.56100082397461,24.65999984741211,23.680492401123047,1104600,0.0,False
2018-02-21,24.90999984741211,25.06999969482422,24.670000076293945,24.68000030517578,23.699697494506836,2584200,0.0,False
2018-02-22,24.760000228881836,24.93000030517578,24.690000534057617,24.719999313354492,23.738109588623047,1177100,0.0,False
2018-02-23,24.8799991607666,25.010000228881836,24.780000686645508,25.0,24.00698471069336,1024900,0.0,False
2018-02-26,25.149999618530273,25.239999771118164,25.0,25.229999542236328,24.22784996032715,2441800,0.0,False
2018-02-27,25.280000686645508,25.350000381469727,25.020000457763672,25.030000686645508,24.035791397094727,1406500,0.0,False
2018-02-28,25.020000457763672,25.040000915527344,24.639999389648438,24.639999389648438,23.661285400390625,1622800,0.0,False
2018-03-01,24.469999313354492,24.489999771118164,23.809999465942383,23.959999084472656,23.00829315185547,2691700,0.0,False
2018-03-02,23.799999237060547,24.260000228881836,23.6299991607666,24.219999313354492,23.257970809936523,1835600,0.0,False
2018-03-05,23.90999984741211,24.309999465942383,23.8799991607666,24.239999771118164,23.27717399597168,1376300,0.0,False
2018-03-06,24.68000030517578,24.75,24.559999465942383,24.700000762939453,23.718900680541992,1655200,0.0,False
2018-03-07,24.299999237060547,24.399999618530273,24.15999984741211,24.3799991607666,23.41161346435547,3047600,0.0,False
2018-03-08,24.510000228881836,24.559999465942383,24.424999237060547,24.549999237060547,23.574859619140625,1388300,0.0,False
2018-03-09,24.729999542236328,24.899999618530273,24.65999984741211,24.889999389648438,23.901357650756836,1501200,0.0,False
2018-03-12,25.0,25.1299991607666,24.989999771118164,25.059999465942383,24.064607620239258,1875900,0.0,False
2018-03-13,25.219999313354492,25.290000915527344,24.889999389648438,24.940000534057617,23.949369430541992,1992900,0.0,False
2018-03-14,25.219999313354492,25.229999542236328,25.0,25.100000381469727,24.103015899658203,1048100,0.0,False
2018-03-15,25.25,25.31999969482422,25.1299991607666,25.209999084472656,24.208642959594727,1403400,0.0,False
2018-03-16,25.049999237060547,25.100000381469727,24.950000762939453,24.989999771118164,23.99738311767578,1300500,0.0,False
2018-03-19,24.739999771118164,24.829999923706055,24.299999237060547,24.5,23.526845932006836,1386400,0.0,False
2018-03-20,24.360000610351562,24.51799964904785,24.320999145507812,24.450000762939453,23.478832244873047,774000,0.0,False
2018-03-21,24.399999618530273,24.614999771118164,24.354000091552734,24.43000030517578,23.459627151489258,1680900,0.0,False
2018-03-22,24.510000228881836,24.579999923706055,24.1299991607666,24.139999389648438,23.18114471435547,1637500,0.0,False
2018-03-23,23.889999389648438,23.948999404907227,23.350000381469727,23.360000610351562,22.432130813598633,1839000,0.0,False
2018-03-26,23.81999969482422,24.030000686645508,23.59000015258789,24.030000686645508,23.075515747070312,961200,0.0,False
2018-03-27,24.280000686645508,24.34000015258789,23.549999237060547,23.670000076293945,22.729814529418945,1876800,0.0,False
2018-03-28,23.770000457763672,23.829999923706055,23.5,23.68000030517578,22.739416122436523,1607500,0.0,False
2018-03-29,23.81999969482422,24.334999084472656,23.809999465942383,24.190000534057617,23.22916030883789,1148900,0.0,False
2018-04-02,24.010000228881836,24.1299991607666,23.43000030517578,23.610000610351562,22.672203063964844,1459600,0.0,False
2018-04-03,23.670000076293945,23.770000457763672,23.5,23.739999771118164,22.797035217285156,874300,0.0,False
2018-04-04,23.020000457763672,23.41699981689453,22.920000076293945,23.3799991607666,22.45133399963379,1597500,0.0,False
2018-04-05,23.520000457763672,23.559999465942383,23.36199951171875,23.5,22.56656837463379,839100,0.0,False
2018-04-06,23.229999542236328,23.325000762939453,22.8700008392334,22.950000762939453,22.038415908813477,1833600,0.0,False
2018-04-09,23.0,23.174999237060547,22.899999618530273,22.899999618530273,21.990398406982422,867800,0.0,False
2018-04-10,23.360000610351562,23.610000610351562,23.343000411987305,23.549999237060547,22.614582061767578,1453600,0.0,False
2018-04-11,23.6200008392334,23.865999221801758,23.610000610351562,23.709999084472656,22.768224716186523,980200,0.0,False
2018-04-12,23.68000030517578,23.8700008392334,23.649999618530273,23.790000915527344,22.845050811767578,1197100,0.0,False
2018-04-13,23.899999618530273,23.93000030517578,23.690000534057617,23.770000457763672,22.82584571838379,706700,0.0,False
2018-04-16,23.84000015258789,23.8799991607666,23.761999130249023,23.81999969482422,22.873857498168945,464500,0.0,False
2018-04-17,23.940000534057617,24.139999389648438,23.8700008392334,24.110000610351562,23.152339935302734,705900,0.0,False
2018-04-18,24.31999969482422,24.53499984741211,24.292999267578125,24.469999313354492,23.498037338256836,2243600,0.0,False
2018-04-19,24.479999542236328,24.479999542236328,24.219999313354492,24.299999237060547,23.334787368774414,712800,0.0,False
2018-04-20,24.1299991607666,24.139999389648438,24.0,24.059999465942383,23.104326248168945,523000,0.0,False
2018-04-23,24.040000915527344,24.09000015258789,23.799999237060547,23.860000610351562,22.912267684936523,567100,0.0,False
2018-04-24,24.010000228881836,24.09000015258789,23.541000366210938,23.670000076293945,22.729814529418945,1175200,0.0,False
2018-04-25,23.399999618530273,23.43000030517578,23.16200065612793,23.31999969482422,22.393718719482422,1293700,0.0,False
2018-04-26,23.510000228881836,23.530000686645508,23.360000610351562,23.459999084472656,22.528154373168945,742800,0.0,False
2018-04-27,23.350000381469727,23.395000457763672,23.18000030517578,23.200000762939453,22.27848243713379,712200,0.0,False
2018-04-30,23.209999084472656,23.34000015258789,23.100000381469727,23.100000381469727,22.18245506286621,841900,0.0,False
2018-05-01,23.030000686645508,23.059999465942383,22.8700008392334,23.040000915527344,22.124841690063477,755700,0.0,False
2018-05-02,23.030000686645508,23.100000381469727,22.933000564575195,22.969999313354492,22.057615280151367,543700,0.0,False
2018-05-03,22.899999618530273,23.059999465942383,22.700000762939453,23.020000457763672,22.105632781982422,1185500,0.0,False
2018-05-04,22.940000534057617,23.270000457763672,22.8799991607666,23.229999542236328,22.307292938232422,682900,0.0,False
2018-05-07,23.290000915527344,23.469999313354492,23.270000457763672,23.389999389648438,22.460935592651367,714200,0.0,False
2018-05-08,23.459999084472656,23.579999923706055,23.399999618530273,23.559999465942383,22.62418556213379,600100,0.0,False
2018-05-09,23.540000915527344,23.639999389648438,23.469999313354492,23.579999923706055,22.643390655517578,894600,0.0,False
2018-05-10,23.75,23.809999465942383,23.729999542236328,23.799999237060547,22.85464859008789,865300,0.0,False
2018-05-11,23.8700008392334,24.0,23.854999542236328,23.90999984741211,22.960281372070312,734700,0.0,False
2018-05-14,23.920000076293945,24.049999237060547,23.920000076293945,23.969999313354492,23.01789665222168,628600,0.0,False
2018-05-15,23.68000030517578,23.700000762939453,23.44499969482422,23.489999771118164,22.556962966918945,789800,0.0,False
2018-05-16,23.469999313354492,23.56999969482422,23.43000030517578,23.489999771118164,22.556962966918945,767600,0.0,False
2018-05-17,23.479999542236328,23.59000015258789,23.450000762939453,23.489999771118164,22.556962966918945,640200,0.0,False
2018-05-18,23.690000534057617,23.690000534057617,23.579999923706055,23.59000015258789,22.652990341186523,754100,0.0,False
2018-05-21,23.780000686645508,23.8799991607666,23.725000381469727,23.799999237060547,22.85464859008789,587100,0.0,False
2018-05-22,23.989999771118164,24.0,23.780000686645508,23.809999465942383,22.864253997802734,945900,0.0,False
2018-05-23,23.56999969482422,23.739999771118164,23.510000228881836,23.719999313354492,22.777830123901367,1304800,0.0,False
2018-05-24,23.469999313354492,23.520000457763672,23.290000915527344,23.5,22.56656837463379,934200,0.0,False
2018-05-25,23.440000534057617,23.5,23.399999618530273,23.450000762939453,22.5185546875,915500,0.0,False
2018-05-29,23.270000457763672,23.350000381469727,23.149999618530273,23.229999542236328,22.307292938232422,1187900,0.0,False
2018-05-30,23.170000076293945,23.399999618530273,23.170000076293945,23.350000381469727,22.422523498535156,631300,0.0,False
2018-05-31,23.34000015258789,23.350000381469727,23.200000762939453,23.239999771118164,22.316898345947266,1084600,0.0,False
2018-06-01,23.25,23.520000457763672,23.25,23.459999084472656,22.528154373168945,852900,0.0,False
2018-06-04,23.559999465942383,23.649999618530273,23.549999237060547,23.6200008392334,22.681804656982422,666100,0.0,False
2018-06-05,23.610000610351562,23.649999618530273,23.54199981689453,23.6299991607666,22.69139862060547,756300,0.0,False
2018-06-06,23.459999084472656,23.559999465942383,23.40999984741211,23.549999237060547,22.614582061767578,762600,0.0,False
2018-06-07,23.610000610351562,23.6299991607666,23.354999542236328,23.459999084472656,22.528154373168945,1099500,0.0,False
2018-06-08,23.420000076293945,23.510000228881836,23.393999099731445,23.5,22.56656837463379,616200,0.0,False
2018-06-11,23.510000228881836,23.704999923706055,23.510000228881836,23.68000030517578,22.739416122436523,879000,0.0,False
2018-06-12,23.639999389648438,23.68000030517578,23.559999465942383,23.600000381469727,22.662595748901367,470000,0.0,False
2018-06-13,23.639999389648438,23.639999389648438,23.40999984741211,23.469999313354492,22.537757873535156,1054400,0.0,False
2018-06-14,23.420000076293945,23.469999313354492,23.270000457763672,23.389999389648438,22.460935592651367,1113600,0.0,False
2018-06-15,23.149999618530273,23.200000762939453,23.040000915527344,23.110000610351562,22.192062377929688,642100,0.0,False
2018-06-18,22.829999923706055,22.850000381469727,22.72800064086914,22.81999969482422,21.913576126098633,1326600,0.0,False
2018-06-19,22.559999465942383,22.559999465942383,22.360000610351562,22.5,21.60628890991211,1419100,0.0,False
2018-06-20,22.719999313354492,22.780000686645508,22.68000030517578,22.729999542236328,21.827152252197266,775200,0.0,False
2018-06-21,22.84000015258789,22.84000015258789,22.6200008392334,22.670000076293945,21.769535064697266,775700,0.0,False
2018-06-22,22.81999969482422,22.8700008392334,22.68000030517578,22.690000534057617,21.788742065429688,978500,0.0,False
2018-06-25,22.40999984741211,22.450000762939453,22.03499984741211,22.149999618530273,21.27018928527832,1175400,0.0,False
2018-06-26,22.239999771118164,22.3700008392334,22.174999237060547,22.280000686645508,21.395030975341797,748100,0.0,False
2018-06-27,22.200000762939453,22.34000015258789,21.959999084472656,21.959999084472656,21.087736129760742,1181100,0.0,False
2018-06-28,21.899999618530273,22.100000381469727,21.834999084472656,22.059999465942383,21.183765411376953,972000,0.0,False
2018-06-29,22.100000381469727,22.170000076293945,22.0,22.010000228881836,21.135751724243164,450500,0.0,False
2018-07-02,21.719999313354492,21.940000534057617,21.65999984741211,21.920000076293945,21.04932403564453,908800,0.0,False
2018-07-03,21.959999084472656,22.040000915527344,21.889999389648438,21.90999984741211,21.03972625732422,497800,0.0,False
2018-07-05,21.56999969482422,21.670000076293945,21.469999313354492,21.670000076293945,20.809255599975586,1357700,0.0,False
2018-07-06,21.75,21.940000534057617,21.729999542236328,21.889999389648438,21.020511627197266,749000,0.0,False
2018-07-09,22.010000228881836,22.110000610351562,22.0,22.110000610351562,21.231781005859375,705400,0.0,False
2018-07-10,22.280000686645508,22.399999618530273,22.270000457763672,22.399999618530273,21.5102596282959,748700,0.0,False
2018-07-11,22.049999237060547,22.15999984741211,21.950000762939453,21.959999084472656,21.087736129760742,731200,0.0,False
2018-07-12,22.06999969482422,22.18000030517578,22.010000228881836,22.18000030517578,21.298999786376953,609700,0.0,False
2018-07-13,22.139999389648438,22.200000762939453,22.100000381469727,22.149999618530273,21.27018928527832,624100,0.0,False
2018-07-16,22.149999618530273,22.239999771118164,22.110000610351562,22.1200008392334,21.241378784179688,642200,0.0,False
2018-07-17,21.709999084472656,21.920000076293945,21.709999084472656,21.90999984741211,21.03972625732422,892700,0.0,False
2018-07-18,21.899999618530273,21.969999313354492,21.850000381469727,21.969999313354492,21.09733772277832,882100,0.0,False
2018-07-19,22.020000457763672,22.09000015258789,21.969999313354492,22.079999923706055,21.202970504760742,614900,0.0,False
2018-07-20,21.979999542236328,22.049999237060547,21.950000762939453,21.959999084472656,21.087736129760742,415000,0.0,False
2018-07-23,21.850000381469727,21.90999984741211,21.764999389648438,21.829999923706055,20.96289825439453,886500,0.0,False
2018-07-24,22.200000762939453,22.239999771118164,21.979999542236328,22.040000915527344,21.16455841064453,769200,0.0,False
2018-07-25,22.139999389648438,22.420000076293945,22.020000457763672,22.40999984741211,21.519861221313477,702900,0.0,False
2018-07-26,22.405000686645508,22.655000686645508,22.389999389648438,22.639999389648438,21.7407283782959,640900,0.0,False
2018-07-27,22.790000915527344,22.860000610351562,22.5939998626709,22.65999984741211,21.759933471679688,659100,0.0,False
2018-07-30,22.56999969482422,22.6299991607666,22.290000915527344,22.299999237060547,21.414230346679688,440400,0.0,False
2018-07-31,22.260000228881836,22.420000076293945,22.229999542236328,22.309999465942383,21.4238338470459,523900,0.0,False
2018-08-01,22.360000610351562,22.399999618530273,22.219999313354492,22.299999237060547,21.414230346679688,605100,0.0,False
2018-08-02,22.040000915527344,22.229999542236328,22.020000457763672,22.219999313354492,21.3374080657959,565500,0.0,False
2018-08-03,22.209999084472656,22.25,22.170000076293945,22.219999313354492,21.3374080657959,449700,0.0,False
2018-08-06,22.15999984741211,22.15999984741211,22.09000015258789,22.139999389648438,21.260587692260742,447000,0.0,False
2018-08-07,22.299999237060547,22.299999237060547,22.100000381469727,22.1299991607666,21.250986099243164,831400,0.0,False
2018-08-08,22.290000915527344,22.3799991607666,22.200000762939453,22.350000381469727,21.462244033813477,1642800,0.0,False
2018-08-09,22.399999618530273,22.549999237060547,22.399999618530273,22.479999542236328,21.58708381652832,552500,0.0,False
2018-08-10,22.209999084472656,22.290000915527344,22.155000686645508,22.219999313354492,21.3374080657959,444800,0.0,False
2018-08-13,22.049999237060547,22.1299991607666,21.899999618530273,21.920000076293945,21.04932403564453,651000,0.0,False
2018-08-14,21.899999618530273,22.0,21.875999450683594,21.959999084472656,21.087736129760742,415400,0.0,False
2018-08-15,21.6200008392334,21.68000030517578,21.385000228881836,21.549999237060547,20.694021224975586,713400,0.0,False
2018-08-16,21.690000534057617,21.770000457763672,21.649999618530273,21.700000762939453,20.83806610107422,530000,0.0,False
2018-08-17,21.790000915527344,21.899999618530273,21.663000106811523,21.81999969482422,20.953298568725586,585900,0.0,False
2018-08-20,21.84000015258789,21.899999618530273,21.790000915527344,21.8799991607666,21.010913848876953,403100,0.0,False
2018-08-21,21.969999313354492,22.1299991607666,21.93000030517578,22.079999923706055,21.202970504760742,586100,0.0,False
2018-08-22,22.139999389648438,22.334999084472656,22.139999389648438,22.290000915527344,21.404630661010742,1103100,0.0,False
2018-08-23,22.170000076293945,22.290000915527344,22.170000076293945,22.209999084472656,21.32780647277832,373700,0.0,False
2018-08-24,22.18000030517578,22.274999618530273,22.18000030517578,22.270000457763672,21.38542366027832,446800,0.0,False
2018-08-27,22.489999771118164,22.68000030517578,22.489999771118164,22.670000076293945,21.769535064697266,707600,0.0,False
2018-08-28,22.920000076293945,22.959999084472656,22.8700008392334,22.93000030517578,22.019207000732422,668800,0.0,False
2018-08-29,22.93000030517578,23.079999923706055,22.920000076293945,23.079999923706055,22.163249969482422,609600,0.0,False
2018-08-30,22.959999084472656,23.065000534057617,22.94499969482422,22.979999542236328,22.067224502563477,386500,0.0,False
2018-08-31,22.969999313354492,23.06999969482422,22.969999313354492,23.049999237060547,22.134441375732422,509700,0.0,False
2018-09-04,22.739999771118164,22.790000915527344,22.65999984741211,22.739999771118164,21.836755752563477,519900,0.0,False
2018-09-05,22.540000915527344,22.565000534057617,22.28499984741211,22.43000030517578,21.53907012939453,553900,0.0,False
2018-09-06,22.43000030517578,22.533000946044922,22.260000228881836,22.360000610351562,21.47184944152832,925500,0.0,False
2018-09-07,22.010000228881836,22.190000534057617,21.944000244140625,22.059999465942383,21.183765411376953,907800,0.0,False
2018-09-10,22.200000762939453,22.235000610351562,22.110000610351562,22.209999084472656,21.32780647277832,746800,0.0,False
2018-09-11,22.049999237060547,22.149999618530273,21.940000534057617,22.079999923706055,21.202970504760742,471600,0.0,False
2018-09-12,21.979999542236328,22.020000457763672,21.829999923706055,21.969999313354492,21.09733772277832,420800,0.0,False
2018-09-13,22.110000610351562,22.200000762939453,22.05500030517578,22.15999984741211,21.279794692993164,483900,0.0,False
2018-09-14,22.540000915527344,22.65999984741211,22.5,22.65999984741211,21.759933471679688,783100,0.0,False
2018-09-17,22.690000534057617,22.729999542236328,22.600000381469727,22.639999389648438,21.7407283782959,827700,0.0,False
2018-09-18,22.700000762939453,22.950000762939453,22.700000762939453,22.940000534057617,22.028812408447266,496500,0.0,False
2018-09-19,22.989999771118164,23.099000930786133,22.989999771118164,23.020000457763672,22.105632781982422,574600,0.0,False
2018-09-20,23.1200008392334,23.139999389648438,22.989999771118164,23.06999969482422,22.153644561767578,2099400,0.0,False
2018-09-21,23.149999618530273,23.239999771118164,23.059999465942383,23.06999969482422,22.153644561767578,373400,0.0,False
2018-09-24,23.1200008392334,23.1200008392334,22.969999313354492,23.06999969482422,22.153644561767578,555900,0.0,False
2018-09-25,23.030000686645508,23.030000686645508,22.895000457763672,22.969999313354492,22.057615280151367,434900,0.0,False
2018-09-26,22.940000534057617,23.06999969482422,22.889999389648438,22.90999984741211,22.000001907348633,369600,0.0,False
2018-09-27,22.729999542236328,22.84000015258789,22.690000534057617,22.770000457763672,21.865564346313477,1481500,0.0,False
2018-09-28,22.729999542236328,22.93000030517578,22.729999542236328,22.8799991607666,21.971195220947266,344600,0.0,False
2018-10-01,23.1200008392334,23.219999313354492,23.06999969482422,23.100000381469727,22.18245506286621,490500,0.0,False
2018-10-02,23.0,23.049999237060547,22.91200065612793,22.959999084472656,22.04801368713379,1545700,0.0,False
2018-10-03,22.920000076293945,22.920000076293945,22.770000457763672,22.780000686645508,21.875167846679688,648600,0.0,False
2018-10-04,22.780000686645508,22.780000686645508,22.31999969482422,22.40999984741211,21.519861221313477,557800,0.0,False
2018-10-05,22.299999237060547,22.424999237060547,21.959999084472656,22.100000381469727,21.222179412841797,681400,0.0,False
2018-10-08,21.899999618530273,21.950000762939453,21.639999389648438,21.860000610351562,20.991710662841797,626800,0.0,False
2018-10-09,21.510000228881836,21.64299964904785,21.451000213623047,21.530000686645508,20.67481803894043,643600,0.0,False
2018-10-10,21.229999542236328,21.229999542236328,20.450000762939453,20.450000762939453,19.637718200683594,2997300,0.0,False
2018-10-11,20.360000610351562,20.600000381469727,19.969999313354492,20.06999969482422,19.272811889648438,1992900,0.0,False
2018-10-12,20.520000457763672,20.65999984741211,20.280000686645508,20.579999923706055,19.762556076049805,1018100,0.0,False
2018-10-15,20.56999969482422,20.600000381469727,20.325000762939453,20.450000762939453,19.637718200683594,1049900,0.0,False
2018-10-16,20.770000457763672,21.139999389648438,20.75,21.100000381469727,20.261898040771484,1177600,0.0,False
2018-10-17,21.25,21.25,20.979999542236328,21.110000610351562,20.271501541137695,744900,0.0,False
2018-10-18,20.799999237060547,20.809999465942383,20.31999969482422,20.40999984741211,19.599302291870117,694800,0.0,False
2018-10-19,20.489999771118164,20.56999969482422,20.18000030517578,20.200000762939453,19.397647857666016,669600,0.0,False
2018-10-22,20.280000686645508,20.3700008392334,20.15999984741211,20.290000915527344,19.484071731567383,467700,0.0,False
2018-10-23,19.75,20.049999237060547,19.540000915527344,19.920000076293945,19.128768920898438,1130700,0.0,False
2018-10-24,19.639999389648438,19.75,18.8799991607666,18.8799991607666,18.130075454711914,1380300,0.0,False
2018-10-25,18.989999771118164,19.25,18.90999984741211,19.149999618530273,18.38935089111328,1640600,0.0,False
2018-10-26,18.709999084472656,18.9950008392334,18.440000534057617,18.770000457763672,18.024442672729492,1861600,0.0,False
2018-10-29,18.940000534057617,19.030000686645508,18.200000762939453,18.420000076293945,17.6883487701416,1271900,0.0,False
2018-10-30,18.56999969482422,19.15999984741211,18.56999969482422,19.15999984741211,18.398954391479492,1102900,0.0,False
2018-10-31,19.729999542236328,19.850000381469727,19.600000381469727,19.719999313354492,18.936710357666016,1515800,0.0,False
2018-11-01,19.829999923706055,19.950000762939453,19.549999237060547,19.940000534057617,19.147972106933594,550300,0.0,False
2018-11-02,20.5,20.656999588012695,20.264999389648438,20.43000030517578,19.61850929260254,756900,0.0,False
2018-11-05,20.399999618530273,20.415000915527344,20.17300033569336,20.34000015258789,19.53208351135254,638900,0.0,False
2018-11-06,20.290000915527344,20.43000030517578,20.280000686645508,20.399999618530273,19.58970069885254,812600,0.0,False
2018-11-07,20.520000457763672,20.719999313354492,20.45400047302246,20.709999084472656,19.88738441467285,958600,0.0,False
2018-11-08,20.44499969482422,20.479999542236328,20.280000686645508,20.34000015258789,19.53208351135254,825000,0.0,False
2018-11-09,20.040000915527344,20.079999923706055,19.809999465942383,19.950000762939453,19.157577514648438,864800,0.0,False
2018-11-12,19.93000030517578,19.940000534057617,19.489999771118164,19.5,18.725452423095703,493500,0.0,False
2018-11-13,19.600000381469727,19.83300018310547,19.4950008392334,19.579999923706055,18.80227279663086,849800,0.0,False
2018-11-14,19.75,19.809999465942383,19.399999618530273,19.549999237060547,18.77346420288086,1314400,0.0,False
2018-11-15,19.40999984741211,19.788000106811523,19.31999969482422,19.739999771118164,18.955917358398438,694600,0.0,False
2018-11-16,19.270000457763672,19.489999771118164,19.18000030517578,19.40999984741211,18.63902473449707,622700,0.0,False
2018-11-19,19.4950008392334,19.579999923706055,19.052000045776367,19.059999465942383,18.30292510986328,825300,0.0,False
2018-11-20,18.600000381469727,18.905000686645508,18.520000457763672,18.649999618530273,17.90921401977539,1276900,0.0,False
2018-11-21,18.979999542236328,19.1299991607666,18.940000534057617,19.010000228881836,18.254911422729492,601600,0.0,False
2018-11-23,18.75,18.950000762939453,18.75,18.799999237060547,18.053253173828125,343600,0.0,False
2018-11-26,19.149999618530273,19.350000381469727,19.1299991607666,19.350000381469727,18.58140754699707,1554500,0.0,False
2018-11-27,19.260000228881836,19.309999465942383,19.150999069213867,19.229999542236328,18.46617317199707,410400,0.0,False
2018-11-28,19.489999771118164,19.860000610351562,19.375,19.850000381469727,19.061548233032227,522000,0.0,False
2018-11-29,19.760000228881836,19.889999389648438,19.645000457763672,19.75,18.96552085876465,742900,0.0,False
2018-11-30,19.700000762939453,19.739999771118164,19.59000015258789,19.709999084472656,18.927104949951172,371300,0.0,False
2018-12-03,20.1299991607666,20.155000686645508,19.989999771118164,20.100000381469727,19.301616668701172,664800,0.0,False
2018-12-04,19.860000610351562,19.889999389648438,19.06999969482422,19.06999969482422,18.312528610229492,1049900,0.0,False
2018-12-06,18.510000228881836,18.69499969482422,18.201000213623047,18.68000030517578,17.938020706176758,1451100,0.0,False
2018-12-07,18.610000610351562,18.68000030517578,18.145000457763672,18.219999313354492,17.496292114257812,1223800,0.0,False
2018-12-10,18.09000015258789,18.21500015258789,17.812999725341797,18.1299991607666,17.409866333007812,910700,0.0,False
2018-12-11,18.1299991607666,18.170000076293945,17.7450008392334,17.8700008392334,17.160192489624023,2049500,0.0,False
2018-12-12,18.190000534057617,18.43000030517578,18.06999969482422,18.209999084472656,17.4866886138916,1110000,0.0,False
2018-12-13,18.280000686645508,18.375,18.079999923706055,18.100000381469727,17.381057739257812,634500,0.0,False
2018-12-14,17.799999237060547,17.860000610351562,17.6299991607666,17.65999984741211,16.958539962768555,2313600,0.0,False
2018-12-17,17.520000457763672,17.565000534057617,17.170000076293945,17.280000686645508,16.593631744384766,1120400,0.0,False
2018-12-18,17.459999084472656,17.600000381469727,17.334999084472656,17.399999618530273,16.708864212036133,3834200,0.0,False
2018-12-19,17.530000686645508,17.649999618530273,17.059999465942383,17.18000030517578,16.49759864807129,1230500,0.0,False
2018-12-20,17.040000915527344,17.139999389648438,16.709999084472656,16.860000610351562,16.190311431884766,2345000,0.0,False
2018-12-21,16.729999542236328,16.81999969482422,16.3799991607666,16.389999389648438,15.738978385925293,1558200,0.0,False
2018-12-24,16.15999984741211,16.309999465942383,16.010000228881836,16.059999465942383,15.422085762023926,1601000,0.0,False
2018-12-26,16.290000915527344,16.799999237060547,16.191999435424805,16.780000686645508,16.113494873046875,1555600,0.0,False
2018-12-27,16.600000381469727,16.850000381469727,16.34000015258789,16.850000381469727,16.180706024169922,1257600,0.0,False
2018-12-28,16.75,16.889999389648438,16.606000900268555,16.729999542236328,16.298587799072266,1315700,0.0,False
2018-12-31,16.790000915527344,16.841999053955078,16.65999984741211,16.739999771118164,16.308332443237305,1326300,0.0,False
2019-01-02,16.56999969482422,16.8799991607666,16.5,16.81999969482422,16.386266708374023,350300,0.0,False
2019-01-03,16.65999984741211,16.700000762939453,16.290000915527344,16.3700008392334,15.94787311553955,1243800,0.0,False
2019-01-04,16.40999984741211,16.93000030517578,16.40999984741211,16.889999389648438,16.454463958740234,1102600,0.0,False
2019-01-07,17.010000228881836,17.299999237060547,17.010000228881836,17.170000076293945,16.72724151611328,1206700,0.0,False
2019-01-08,17.450000762939453,17.489999771118164,17.19499969482422,17.399999618530273,16.951313018798828,870300,0.0,False
2019-01-09,17.489999771118164,17.690000534057617,17.479999542236328,17.649999618530273,17.194862365722656,616100,0.0,False
2019-01-10,17.450000762939453,17.649999618530273,17.399999618530273,17.649999618530273,17.194862365722656,691100,0.0,False
2019-01-11,17.489999771118164,17.5,17.402000427246094,17.479999542236328,17.029247283935547,298100,0.0,False
2019-01-14,17.420000076293945,17.454999923706055,17.299999237060547,17.3700008392334,16.92208480834961,500100,0.0,False
2019-01-15,17.75,17.850000381469727,17.670000076293945,17.760000228881836,17.30202865600586,892400,0.0,False
2019-01-16,17.8799991607666,18.020000457763672,17.854999542236328,17.90999984741211,17.44816017150879,773100,0.0,False
2019-01-17,17.709999084472656,18.049999237060547,17.610000610351562,18.0,17.535839080810547,431300,0.0,False
2019-01-18,18.239999771118164,18.40999984741211,18.183000564575195,18.399999618530273,17.925527572631836,606000,0.0,False
2019-01-22,18.06999969482422,18.06999969482422,17.735000610351562,17.790000915527344,17.331256866455078,908200,0.0,False
2019-01-23,17.90999984741211,18.0,17.670000076293945,17.790000915527344,17.331256866455078,727900,0.0,False
2019-01-24,17.93000030517578,18.1299991607666,17.889999389648438,18.09000015258789,17.623516082763672,376800,0.0,False
2019-01-25,18.389999389648438,18.520000457763672,18.3700008392334,18.510000228881836,18.032690048217773,663300,0.0,False
2019-01-28,18.239999771118164,18.260000228881836,18.1200008392334,18.190000534057617,17.72093963623047,640700,0.0,False
2019-01-29,18.049999237060547,18.09000015258789,17.915000915527344,17.93000030517578,17.4676456451416,1883600,0.0,False
2019-01-30,18.06999969482422,18.329999923706055,17.979999542236328,18.280000686645508,17.808616638183594,463700,0.0,False
2019-01-31,18.360000610351562,18.53499984741211,18.290000915527344,18.459999084472656,17.983978271484375,718700,0.0,False
2019-02-01,18.559999465942383,18.600000381469727,18.46500015258789,18.510000228881836,18.032690048217773,548400,0.0,False
2019-02-04,18.579999923706055,18.68000030517578,18.5,18.68000030517578,18.198307037353516,309600,0.0,False
2019-02-05,18.84000015258789,18.908000946044922,18.792999267578125,18.8799991607666,18.393146514892578,522800,0.0,False
2019-02-06,18.8799991607666,18.959999084472656,18.854999542236328,18.920000076293945,18.43211555480957,562800,0.0,False
2019-02-07,18.899999618530273,18.899999618530273,18.604999542236328,18.690000534057617,18.20804786682129,558500,0.0,False
2019-02-08,18.399999618530273,18.520000457763672,18.219999313354492,18.510000228881836,18.032690048217773,383900,0.0,False
2019-02-11,18.520000457763672,18.600000381469727,18.5,18.579999923706055,18.100881576538086,411900,0.0,False
2019-02-12,19.0,19.229999542236328,18.969999313354492,19.229999542236328,18.734119415283203,1048100,0.0,False
2019-02-13,19.34000015258789,19.426000595092773,19.315000534057617,19.3700008392334,18.870515823364258,740900,0.0,False
2019-02-14,19.260000228881836,19.37700080871582,19.15999984741211,19.309999465942383,18.81205940246582,611700,0.0,False
2019-02-15,19.459999084472656,19.6299991607666,19.437000274658203,19.6299991607666,19.123807907104492,747900,0.0,False
2019-02-19,19.6299991607666,19.770000457763672,19.540000915527344,19.670000076293945,19.16277503967285,2148300,0.0,False
2019-02-20,19.709999084472656,19.829999923706055,19.690000534057617,19.809999465942383,19.29916763305664,796700,0.0,False
2019-02-21,19.760000228881836,19.770000457763672,19.639999389648438,19.700000762939453,19.192001342773438,514500,0.0,False
2019-02-22,19.860000610351562,19.940000534057617,19.860000610351562,19.93000030517578,19.41607093811035,1637400,0.0,False
2019-02-25,20.149999618530273,20.209999084472656,20.100000381469727,20.1200008392334,19.601173400878906,2701400,0.0,False
2019-02-26,20.06999969482422,20.118000030517578,20.010000228881836,20.040000915527344,19.523235321044922,843200,0.0,False
2019-02-27,19.84000015258789,19.927000045776367,19.729999542236328,19.84000015258789,19.328393936157227,689400,0.0,False
2019-02-28,19.65999984741211,19.65999984741211,19.520000457763672,19.520000457763672,19.016647338867188,1218800,0.0,False
2019-03-01,19.65999984741211,19.770000457763672,19.6299991607666,19.770000457763672,19.260196685791016,566600,0.0,False
2019-03-04,19.920000076293945,19.945999145507812,19.639999389648438,19.760000228881836,19.250455856323242,1208800,0.0,False
2019-03-05,19.75,19.81999969482422,19.700000762939453,19.700000762939453,19.192001342773438,880400,0.0,False
2019-03-06,19.739999771118164,19.760000228881836,19.520000457763672,19.520000457763672,19.016647338867188,416900,0.0,False
2019-03-07,19.25,19.299999237060547,19.030000686645508,19.049999237060547,18.55876350402832,1020800,0.0,False
2019-03-08,18.850000381469727,19.010000228881836,18.719999313354492,19.0049991607666,18.514923095703125,2345900,0.0,False
2019-03-11,19.100000381469727,19.40999984741211,19.100000381469727,19.389999389648438,18.889995574951172,500200,0.0,False
2019-03-12,19.479999542236328,19.639999389648438,19.479999542236328,19.579999923706055,19.075098037719727,799300,0.0,False
2019-03-13,19.530000686645508,19.770000457763672,19.530000686645508,19.709999084472656,19.20174217224121,488400,0.0,False
2019-03-14,19.65999984741211,19.65999984741211,19.530000686645508,19.579999923706055,19.075098037719727,1298100,0.0,False
2019-03-15,19.729999542236328,19.819000244140625,19.719999313354492,19.75,19.24071502685547,416400,0.0,False
2019-03-18,19.790000915527344,19.90999984741211,19.790000915527344,19.90999984741211,19.396587371826172,698900,0.0,False
2019-03-19,20.049999237060547,20.079999923706055,19.93000030517578,20.0,19.48426628112793,455000,0.0,False
2019-03-20,19.969999313354492,20.125,19.860000610351562,19.969999313354492,19.455039978027344,318300,0.0,False
2019-03-21,19.8700008392334,20.15999984741211,19.860000610351562,20.149999618530273,19.630393981933594,430600,0.0,False
2019-03-22,20.18000030517578,20.18000030517578,19.770000457763672,19.770000457763672,19.260196685791016,655200,0.0,False
2019-03-25,19.709999084472656,19.84000015258789,19.6299991607666,19.780000686645508,19.269939422607422,864200,0.0,False
2019-03-26,20.010000228881836,20.100000381469727,19.889999389648438,20.0,19.48426628112793,490600,0.0,False
2019-03-27,19.989999771118164,20.049999237060547,19.65999984741211,19.81999969482422,19.308908462524414,559500,0.0,False
2019-03-28,19.8799991607666,19.989999771118164,19.81999969482422,19.989999771118164,19.47452163696289,449200,0.0,False
2019-03-29,20.010000228881836,20.09000015258789,19.979999542236328,20.079999923706055,19.562204360961914,621000,0.0,False
2019-04-01,20.31999969482422,20.479999542236328,20.299999237060547,20.479999542236328,19.95189094543457,626600,0.0,False
2019-04-02,20.600000381469727,20.6299991607666,20.530000686645508,20.610000610351562,20.078536987304688,524600,0.0,False
2019-04-03,20.959999084472656,21.079999923706055,20.899999618530273,20.979999542236328,20.438995361328125,656900,0.0,False
2019-04-04,20.989999771118164,21.049999237060547,20.910999298095703,21.030000686645508,20.487707138061523,528700,0.0,False
2019-04-05,21.1299991607666,21.219999313354492,21.110000610351562,21.219999313354492,20.67280387878418,496900,0.0,False
2019-04-08,21.18000030517578,21.209999084472656,21.059999465942383,21.209999084472656,20.66306495666504,488300,0.0,False
2019-04-09,21.190000534057617,21.209999084472656,21.1299991607666,21.1299991607666,20.585124969482422,705000,0.0,False
2019-04-10,21.18000030517578,21.290000915527344,21.170000076293945,21.290000915527344,20.741003036499023,469500,0.0,False
2019-04-11,21.290000915527344,21.299999237060547,21.19499969482422,21.219999313354492,20.67280387878418,996200,0.0,False
2019-04-12,21.440000534057617,21.450000762939453,21.34000015258789,21.420000076293945,20.867647171020508,727300,0.0,False
2019-04-15,21.510000228881836,21.559999465942383,21.420000076293945,21.440000534057617,20.887130737304688,938600,0.0,False
2019-04-16,21.709999084472656,21.739999771118164,21.639999389648438,21.690000534057617,21.130687713623047,752400,0.0,False
2019-04-17,21.959999084472656,21.989999771118164,21.719999313354492,21.75,21.18914031982422,671100,0.0,False
2019-04-18,21.729999542236328,21.815000534057617,21.68000030517578,21.770000457763672,21.208627700805664,827500,0.0,False
2019-04-22,21.65999984741211,21.670000076293945,21.56999969482422,21.6200008392334,21.0624942779541,799500,0.0,False
2019-04-23,21.56999969482422,21.719999313354492,21.510000228881836,21.709999084472656,21.150171279907227,1265300,0.0,False
2019-04-24,21.450000762939453,21.510000228881836,21.350000381469727,21.360000610351562,20.8091983795166,1439600,0.0,False
2019-04-25,21.299999237060547,21.329999923706055,21.170000076293945,21.209999084472656,20.66306495666504,971800,0.0,False
2019-04-26,21.209999084472656,21.31999969482422,21.09000015258789,21.31999969482422,20.77022933959961,463600,0.0,False
2019-04-29,21.290000915527344,21.440000534057617,21.290000915527344,21.420000076293945,20.867647171020508,583300,0.0,False
2019-04-30,21.3700008392334,21.530000686645508,21.3700008392334,21.510000228881836,20.9553279876709,527500,0.0,False
2019-05-01,21.549999237060547,21.639999389648438,21.360000610351562,21.360000610351562,20.8091983795166,343100,0.0,False
2019-05-02,21.3700008392334,21.450000762939453,21.21500015258789,21.350000381469727,20.799453735351562,574900,0.0,False
2019-05-03,21.489999771118164,21.760000228881836,21.469999313354492,21.760000228881836,21.198881149291992,1260700,0.0,False
2019-05-06,21.190000534057617,21.459999084472656,21.059999465942383,21.40999984741211,20.857908248901367,730200,0.0,False
2019-05-07,21.020000457763672,21.020000457763672,20.6299991607666,20.700000762939453,20.166217803955078,1236400,0.0,False
2019-05-08,20.649999618530273,20.809999465942383,20.6200008392334,20.670000076293945,20.13698959350586,441000,0.0,False
2019-05-09,20.31999969482422,20.5,20.15399932861328,20.440000534057617,19.912918090820312,908100,0.0,False
2019-05-10,20.3799991607666,20.600000381469727,20.209999084472656,20.600000381469727,20.068796157836914,659300,0.0,False
2019-05-13,20.0,20.010000228881836,19.65999984741211,19.65999984741211,19.153034210205078,2915500,0.0,False
2019-05-14,19.860000610351562,20.1200008392334,19.850000381469727,20.049999237060547,19.53297233581543,915300,0.0,False
2019-05-15,19.860000610351562,20.190000534057617,19.84000015258789,20.15999984741211,19.640138626098633,596600,0.0,False
2019-05-16,20.149999618530273,20.350000381469727,20.1299991607666,20.260000228881836,19.737564086914062,451600,0.0,False
2019-05-17,20.059999465942383,20.177000045776367,19.899999618530273,19.90999984741211,19.396587371826172,545900,0.0,False
2019-05-20,19.420000076293945,19.579999923706055,19.3799991607666,19.40999984741211,18.909481048583984,1265200,0.0,False
2019-05-21,19.540000915527344,19.604999542236328,19.510000228881836,19.600000381469727,19.09458351135254,713100,0.0,False
2019-05-22,19.59000015258789,19.59000015258789,19.440000534057617,19.459999084472656,18.95819091796875,341900,0.0,False
2019-05-23,19.18000030517578,19.18000030517578,18.889999389648438,18.950000762939453,18.461341857910156,1242900,0.0,False
2019-05-24,19.200000762939453,19.25,19.110000610351562,19.200000762939453,18.70489501953125,413600,0.0,False
2019-05-28,19.270000457763672,19.270000457763672,18.989999771118164,18.989999771118164,18.50031280517578,1103500,0.0,False
2019-05-29,18.950000762939453,19.0,18.84000015258789,18.940000534057617,18.451601028442383,796300,0.0,False
2019-05-30,19.1299991607666,19.232999801635742,19.110000610351562,19.229999542236328,18.734119415283203,461100,0.0,False
2019-05-31,18.959999084472656,18.959999084472656,18.799999237060547,18.799999237060547,18.315208435058594,487900,0.0,False
2019-06-03,18.729999542236328,18.799999237060547,18.6299991607666,18.709999084472656,18.227529525756836,734900,0.0,False
2019-06-04,18.920000076293945,19.360000610351562,18.920000076293945,19.34000015258789,18.841285705566406,613700,0.0,False
2019-06-05,19.579999923706055,19.579999923706055,19.34000015258789,19.459999084472656,18.95819091796875,398600,0.0,False
2019-06-06,19.3700008392334,19.43000030517578,19.25,19.350000381469727,18.851028442382812,320100,0.0,False
2019-06-07,19.5,19.75,19.489999771118164,19.75,19.24071502685547,426500,0.0,False
2019-06-10,19.90999984741211,20.040000915527344,19.90999984741211,19.959999084472656,19.445295333862305,616100,0.0,False
2019-06-11,20.209999084472656,20.290000915527344,20.040000915527344,20.110000610351562,19.5914306640625,338300,0.0,False
2019-06-12,20.040000915527344,20.059999465942383,19.799999237060547,19.799999237060547,19.28942108154297,489200,0.0,False
2019-06-13,19.889999389648438,19.933000564575195,19.82699966430664,19.93000030517578,19.41607093811035,562700,0.0,False
2019-06-14,19.790000915527344,19.790000915527344,19.510000228881836,19.510000228881836,19.006898880004883,1083400,0.0,False
2019-06-17,19.649999618530273,19.729999542236328,19.639999389648438,19.719999313354492,19.21148681640625,311100,0.0,False
2019-06-18,19.81999969482422,20.010000228881836,19.742000579833984,20.0,19.48426628112793,702400,0.0,False
2019-06-19,20.200000762939453,20.350000381469727,20.135000228881836,20.31999969482422,19.796016693115234,628600,0.0,False
2019-06-20,20.600000381469727,20.65999984741211,20.461000442504883,20.6299991607666,20.098020553588867,533600,0.0,False
2019-06-21,20.549999237060547,20.610000610351562,20.450000762939453,20.5,19.971372604370117,619700,0.0,False
2019-06-24,20.56999969482422,20.59000015258789,20.469999313354492,20.469999313354492,19.942148208618164,308400,0.0,False
2019-06-25,20.530000686645508,20.579999923706055,20.350000381469727,20.350000381469727,19.825241088867188,412000,0.0,False
2019-06-26,20.459999084472656,20.530000686645508,20.3700008392334,20.399999618530273,19.873950958251953,1146200,0.0,False
2019-06-27,20.489999771118164,20.559999465942383,20.440000534057617,20.549999237060547,20.16937828063965,667900,0.0,False
2019-06-28,20.579999923706055,20.760000228881836,20.579999923706055,20.75,20.365671157836914,533900,0.0,False
2019-07-01,21.170000076293945,21.235000610351562,20.979999542236328,21.09000015258789,20.699373245239258,620000,0.0,False
2019-07-02,21.1200008392334,21.149999618530273,20.950000762939453,20.989999771118164,20.601228713989258,394900,0.0,False
2019-07-03,20.950000762939453,21.100000381469727,20.905000686645508,21.100000381469727,20.70918846130371,2163100,0.0,False
2019-07-05,20.829999923706055,20.829999923706055,20.579999923706055,20.770000457763672,20.385303497314453,442000,0.0,False
2019-07-08,20.65999984741211,20.68000030517578,20.545000076293945,20.559999465942383,20.179187774658203,479000,0.0,False
2019-07-09,20.329999923706055,20.329999923706055,20.1299991607666,20.18000030517578,19.806230545043945,2523300,0.0,False
2019-07-10,20.270000457763672,20.360000610351562,20.200000762939453,20.290000915527344,19.914194107055664,1640100,0.0,False
2019-07-11,20.299999237060547,20.299999237060547,20.149999618530273,20.18000030517578,19.806230545043945,730700,0.0,False
2019-07-12,20.1200008392334,20.1200008392334,20.010000228881836,20.06999969482422,19.698265075683594,525500,0.0,False
2019-07-15,20.1200008392334,20.18000030517578,20.010000228881836,20.020000457763672,19.649194717407227,535600,0.0,False
2019-07-16,20.020000457763672,20.020000457763672,19.860000610351562,19.889999389648438,19.5216007232666,431800,0.0,False
2019-07-17,20.059999465942383,20.059999465942383,19.93000030517578,19.979999542236328,19.609933853149414,394200,0.0,False
2019-07-18,19.790000915527344,19.94499969482422,19.719999313354492,19.920000076293945,19.55104637145996,406500,0.0,False
2019-07-19,20.059999465942383,20.145999908447266,19.954999923706055,20.020000457763672,19.649194717407227,429100,0.0,False
2019-07-22,20.059999465942383,20.170000076293945,20.059999465942383,20.170000076293945,19.796415328979492,346700,0.0,False
2019-07-23,20.329999923706055,20.420000076293945,20.280000686645508,20.420000076293945,20.04178810119629,346200,0.0,False
2019-07-24,20.329999923706055,20.5,20.280000686645508,20.5,20.12030029296875,380800,0.0,False
2019-07-25,20.440000534057617,20.489999771118164,20.15999984741211,20.170000076293945,19.796415328979492,752900,0.0,False
2019-07-26,20.15999984741211,20.170000076293945,20.010000228881836,20.030000686645508,19.659011840820312,354800,0.0,False
2019-07-29,20.0,20.0,19.829999923706055,19.899999618530273,19.53141212463379,517700,0.0,False
2019-07-30,19.90999984741211,19.920000076293945,19.780000686645508,19.90999984741211,19.541231155395508,415000,0.0,False
2019-07-31,19.979999542236328,19.979999542236328,19.469999313354492,19.6200008392334,19.25660514831543,487700,0.0,False
2019-08-01,19.639999389648438,19.850000381469727,19.229999542236328,19.270000457763672,18.913084030151367,1328800,0.0,False
2019-08-02,19.149999618530273,19.25,18.799999237060547,18.899999618530273,18.549938201904297,2595200,0.0,False
2019-08-05,18.43000030517578,18.520000457763672,17.920000076293945,18.020000457763672,17.686237335205078,1396400,0.0,False
2019-08-06,18.34000015258789,18.53499984741211,18.290000915527344,18.510000228881836,18.167160034179688,2641600,0.0,False
2019-08-07,18.3799991607666,18.520000457763672,18.149999618530273,18.459999084472656,18.118085861206055,1016000,0.0,False
2019-08-08,18.579999923706055,18.940000534057617,18.579999923706055,18.940000534057617,18.589197158813477,527600,0.0,False
2019-08-09,18.68000030517578,18.690000534057617,18.399999618530273,18.479999542236328,18.13771629333496,617200,0.0,False
2019-08-12,18.5,18.514999389648438,18.239999771118164,18.280000686645508,17.94141960144043,779200,0.0,False
2019-08-13,18.399999618530273,18.8700008392334,18.360000610351562,18.799999237060547,18.45178985595703,661100,0.0,False
2019-08-14,18.34000015258789,18.3700008392334,18.06999969482422,18.06999969482422,17.735313415527344,1071600,0.0,False
2019-08-15,18.229999542236328,18.280000686645508,18.040000915527344,18.170000076293945,17.833457946777344,530600,0.0,False
2019-08-16,18.329999923706055,18.520000457763672,18.260000228881836,18.489999771118164,18.147531509399414,670700,0.0,False
2019-08-19,18.6299991607666,18.709999084472656,18.600000381469727,18.649999618530273,18.304567337036133,498300,0.0,False
2019-08-20,18.600000381469727,18.709999084472656,18.540000915527344,18.559999465942383,18.216232299804688,461400,0.0,False
2019-08-21,18.770000457763672,18.867000579833984,18.738000869750977,18.809999465942383,18.461605072021484,422700,0.0,False
2019-08-22,18.790000915527344,18.81999969482422,18.6299991607666,18.709999084472656,18.363454818725586,316700,0.0,False
2019-08-23,18.6200008392334,18.709999084472656,18.139999389648438,18.149999618530273,17.813827514648438,1569300,0.0,False
2019-08-26,18.459999084472656,18.520000457763672,18.299999237060547,18.420000076293945,18.078826904296875,1489000,0.0,False
2019-08-27,18.450000762939453,18.490999221801758,18.239999771118164,18.25,17.91197395324707,693800,0.0,False
2019-08-28,18.139999389648438,18.309999465942383,18.09000015258789,18.270000457763672,17.931610107421875,732700,0.0,False
2019-08-29,18.5,18.610000610351562,18.479999542236328,18.600000381469727,18.255495071411133,483900,0.0,False
2019-08-30,18.75,18.829999923706055,18.65999984741211,18.799999237060547,18.45178985595703,1376100,0.0,False
2019-09-03,18.59000015258789,18.618000030517578,18.459999084472656,18.510000228881836,18.167160034179688,392000,0.0,False
2019-09-04,18.639999389648438,18.864999771118164,18.639999389648438,18.829999923706055,18.481231689453125,1149600,0.0,False
2019-09-05,19.1299991607666,19.360000610351562,19.030000686645508,19.34000015258789,18.981788635253906,585000,0.0,False
2019-09-06,19.3700008392334,19.459999084472656,19.329999923706055,19.420000076293945,19.060306549072266,406700,0.0,False
2019-09-09,19.56999969482422,19.65999984741211,19.540000915527344,19.649999618530273,19.28604507446289,366700,0.0,False
2019-09-10,19.639999389648438,19.8700008392334,19.56999969482422,19.850000381469727,19.482341766357422,474000,0.0,False
2019-09-11,19.979999542236328,20.190000534057617,19.940000534057617,20.190000534057617,19.816043853759766,587500,0.0,False
2019-09-12,20.329999923706055,20.479999542236328,20.219999313354492,20.459999084472656,20.08104133605957,479500,0.0,False
2019-09-13,20.459999084472656,20.540000915527344,20.420000076293945,20.479999542236328,20.100671768188477,507100,0.0,False
2019-09-16,20.360000610351562,20.405000686645508,20.270000457763672,20.329999923706055,19.953453063964844,280500,0.0,False
2019-09-17,20.200000762939453,20.280000686645508,20.1200008392334,20.270000457763672,19.894563674926758,361000,0.0,False
2019-09-18,20.290000915527344,20.31999969482422,20.09000015258789,20.309999465942383,19.933820724487305,275600,0.0,False
2019-09-19,20.31999969482422,20.43000030517578,20.233999252319336,20.25,19.87493324279785,323100,0.0,False
2019-09-20,20.149999618530273,20.219999313354492,19.989999771118164,20.0,19.62956428527832,370300,0.0,False
2019-09-23,19.90999984741211,20.0,19.8700008392334,19.959999084472656,19.590303421020508,316100,0.0,False
2019-09-24,20.1200008392334,20.15999984741211,19.78499984741211,19.84000015258789,19.4725284576416,530400,0.0,False
2019-09-25,19.68000030517578,19.950000762939453,19.594999313354492,19.950000762939453,19.580493927001953,522400,0.0,False
2019-09-26,19.940000534057617,19.959999084472656,19.84000015258789,19.93000030517578,19.56085968017578,376900,0.0,False
2019-09-27,19.979999542236328,20.020000457763672,19.690000534057617,19.75,19.384191513061523,796100,0.0,False
2019-09-30,19.8799991607666,20.040000915527344,19.8700008392334,20.020000457763672,19.649194717407227,345200,0.0,False
2019-10-01,20.09000015258789,20.184999465942383,19.790000915527344,19.799999237060547,19.433265686035156,428500,0.0,False
2019-10-02,19.5,19.520000457763672,19.15999984741211,19.239999771118164,18.88364028930664,731400,0.0,False
2019-10-03,19.31999969482422,19.549999237060547,19.139999389648438,19.549999237060547,19.187898635864258,353700,0.0,False
2019-10-04,19.559999465942383,19.75,19.510000228881836,19.75,19.384191513061523,536400,0.0,False
2019-10-07,19.68000030517578,19.799999237060547,19.6299991607666,19.649999618530273,19.28604507446289,417700,0.0,False
2019-10-08,19.489999771118164,19.489999771118164,19.270000457763672,19.280000686645508,18.92289924621582,478900,0.0,False
2019-10-09,19.389999389648438,19.53700065612793,19.3700008392334,19.5,19.138824462890625,339200,0.0,False
2019-10-10,19.270000457763672,19.469999313354492,19.200000762939453,19.34000015258789,18.981788635253906,973900,0.0,False
2019-10-11,19.610000610351562,19.93000030517578,19.570999145507812,19.829999923706055,19.462711334228516,609700,0.0,False
2019-10-14,19.719999313354492,19.790000915527344,19.670000076293945,19.739999771118164,19.374378204345703,229200,0.0,False
2019-10-15,19.860000610351562,20.190000534057617,19.860000610351562,20.149999618530273,19.776782989501953,406800,0.0,False
2019-10-16,20.09000015258789,20.2549991607666,20.06999969482422,20.170000076293945,19.796415328979492,261900,0.0,False
2019-10-17,20.200000762939453,20.325000762939453,20.1200008392334,20.229999542236328,19.855300903320312,286200,0.0,False
2019-10-18,20.260000228881836,20.34000015258789,20.155000686645508,20.299999237060547,19.92400550842285,396600,0.0,False
2019-10-21,20.350000381469727,20.450000762939453,20.350000381469727,20.43000030517578,20.051599502563477,170900,0.0,False
2019-10-22,20.420000076293945,20.440000534057617,20.270000457763672,20.280000686645508,19.904375076293945,254000,0.0,False
2019-10-23,20.260000228881836,20.424999237060547,20.200000762939453,20.399999618530273,20.02215576171875,712500,0.0,False
2019-10-24,20.469999313354492,20.527000427246094,20.405000686645508,20.520000457763672,20.139930725097656,391400,0.0,False
2019-10-25,20.510000228881836,20.75,20.5,20.709999084472656,20.326412200927734,727800,0.0,False
2019-10-28,20.860000610351562,21.040000915527344,20.799999237060547,21.030000686645508,20.640485763549805,439900,0.0,False
2019-10-29,21.049999237060547,21.149999618530273,20.959999084472656,21.010000228881836,20.620853424072266,343100,0.0,False
2019-10-30,20.93000030517578,20.950000762939453,20.700000762939453,20.90999984741211,20.522708892822266,257700,0.0,False
2019-10-31,20.84000015258789,20.84000015258789,20.65999984741211,20.790000915527344,20.404930114746094,516400,0.0,False
2019-11-01,21.09000015258789,21.309999465942383,21.09000015258789,21.309999465942383,20.915298461914062,614000,0.0,False
2019-11-04,21.489999771118164,21.610000610351562,21.469999313354492,21.610000610351562,21.20974349975586,782200,0.0,False
2019-11-05,21.579999923706055,21.700000762939453,21.56999969482422,21.68000030517578,21.278446197509766,468100,0.0,False
2019-11-06,21.579999923706055,21.600000381469727,21.420000076293945,21.479999542236328,21.082151412963867,427200,0.0,False
2019-11-07,21.6299991607666,21.850000381469727,21.56999969482422,21.739999771118164,21.33733558654785,654500,0.0,False
2019-11-08,21.6200008392334,21.65999984741211,21.510000228881836,21.600000381469727,21.199926376342773,467700,0.0,False
2019-11-11,21.31999969482422,21.489999771118164,21.31999969482422,21.450000762939453,21.052705764770508,304500,0.0,False
2019-11-12,21.540000915527344,21.649999618530273,21.489999771118164,21.559999465942383,21.160669326782227,359900,0.0,False
2019-11-13,21.350000381469727,21.489999771118164,21.329999923706055,21.3700008392334,20.974191665649414,349600,0.0,False
2019-11-14,21.309999465942383,21.389999389648438,21.270000457763672,21.3799991607666,20.98400115966797,385000,0.0,False
2019-11-15,21.40999984741211,21.5,21.3700008392334,21.469999313354492,21.072336196899414,322300,0.0,False
2019-11-18,21.34000015258789,21.459999084472656,21.31999969482422,21.440000534057617,21.042890548706055,261800,0.0,False
2019-11-19,21.309999465942383,21.360000610351562,21.170000076293945,21.239999771118164,20.84659767150879,365900,0.0,False
2019-11-20,21.18000030517578,21.299999237060547,21.06999969482422,21.149999618530273,20.758264541625977,412300,0.0,False
2019-11-21,21.1200008392334,21.13800048828125,21.020000457763672,21.06999969482422,20.67974281311035,237500,0.0,False
2019-11-22,21.200000762939453,21.25,21.093000411987305,21.18000030517578,20.787710189819336,369300,0.0,False
2019-11-25,21.329999923706055,21.59000015258789,21.329999923706055,21.59000015258789,21.19011688232422,360900,0.0,False
2019-11-26,21.600000381469727,21.670000076293945,21.549999237060547,21.59000015258789,21.19011688232422,324300,0.0,False
2019-11-27,21.68000030517578,21.700000762939453,21.6200008392334,21.690000534057617,21.28826332092285,324500,0.0,False
2019-11-29,21.530000686645508,21.530000686645508,21.43000030517578,21.450000762939453,21.052705764770508,228600,0.0,False
2019-12-02,21.520000457763672,21.549999237060547,21.15999984741211,21.18000030517578,20.787710189819336,616700,0.0,False
2019-12-03,21.020000457763672,21.270000457763672,20.95400047302246,21.270000457763672,20.876039505004883,552000,0.0,False
2019-12-04,21.43000030517578,21.549999237060547,21.43000030517578,21.479999542236328,21.082151412963867,322100,0.0,False
2019-12-05,21.530000686645508,21.549999237060547,21.43000030517578,21.469999313354492,21.072336196899414,266200,0.0,False
2019-12-06,21.690000534057617,21.809999465942383,21.639999389648438,21.799999237060547,21.396223068237305,566200,0.0,False
2019-12-09,21.75,21.790000915527344,21.649999618530273,21.649999618530273,21.249004364013672,248400,0.0,False
2019-12-10,21.559999465942383,21.729999542236328,21.559999465942383,21.65999984741211,21.258819580078125,255800,0.0,False
2019-12-11,21.6200008392334,21.760000228881836,21.600000381469727,21.760000228881836,21.356964111328125,310400,0.0,False
2019-12-12,21.729999542236328,22.09000015258789,21.700000762939453,22.09000015258789,21.680850982666016,899200,0.0,False
2019-12-13,22.1200008392334,22.399999618530273,22.118000030517578,22.280000686645508,21.867334365844727,581200,0.0,False
2019-12-16,22.31999969482422,22.420000076293945,22.290000915527344,22.329999923706055,21.916406631469727,490100,0.0,False
2019-12-17,22.219999313354492,22.329999923706055,22.200000762939453,22.290000915527344,21.87714958190918,361200,0.0,False
2019-12-18,22.110000610351562,22.139999389648438,22.040000915527344,22.049999237060547,21.641592025756836,368000,0.0,False
2019-12-19,22.059999465942383,22.15999984741211,22.030000686645508,22.149999618530273,21.7397403717041,382200,0.0,False
2019-12-20,22.15999984741211,22.200000762939453,22.049999237060547,22.049999237060547,21.641592025756836,362100,0.0,False
2019-12-23,22.049999237060547,22.1299991607666,22.023000717163086,22.100000381469727,21.690670013427734,297600,0.0,False
2019-12-24,22.1200008392334,22.149999618530273,22.093000411987305,22.1200008392334,21.710296630859375,139700,0.0,False
2019-12-26,22.149999618530273,22.277999877929688,22.139999389648438,22.270000457763672,21.857519149780273,364400,0.0,False
2019-12-27,22.270000457763672,22.280000686645508,22.1200008392334,22.1200008392334,21.710296630859375,334000,0.0,False
2019-12-30,22.09000015258789,22.1200008392334,21.860000610351562,21.860000610351562,21.48522186279297,380600,0.0,False
2019-12-31,21.809999465942383,21.920000076293945,21.729999542236328,21.8700008392334,21.495054244995117,308400,0.0,False
2020-01-02,22.110000610351562,22.25,22.069000244140625,22.25,21.8685359954834,359500,0.0,False
2020-01-03,22.0,22.065000534057617,21.860000610351562,21.93000030517578,21.55402183532715,441300,0.0,False
2020-01-06,21.979999542236328,22.200000762939453,21.950000762939453,22.200000762939453,21.81939125061035,650700,0.0,False
2020-01-07,22.200000762939453,22.209999084472656,22.049999237060547,22.09000015258789,21.711278915405273,233300,0.0,False
2020-01-08,22.049999237060547,22.280000686645508,22.040000915527344,22.270000457763672,21.888193130493164,473500,0.0,False
2020-01-09,22.34000015258789,22.43000030517578,22.290000915527344,22.40999984741211,22.025793075561523,392800,0.0,False
2020-01-10,22.489999771118164,22.610000610351562,22.3700008392334,22.3700008392334,21.986482620239258,452700,0.0,False
2020-01-13,22.440000534057617,22.600000381469727,22.399999618530273,22.600000381469727,22.212535858154297,419200,0.0,False
2020-01-14,22.600000381469727,22.690000534057617,22.479999542236328,22.6299991607666,22.242021560668945,281100,0.0,False
2020-01-15,22.6200008392334,22.6200008392334,22.420000076293945,22.43000030517578,22.045452117919922,298100,0.0,False
2020-01-16,22.489999771118164,22.559999465942383,22.40999984741211,22.520000457763672,22.1339054107666,380800,0.0,False
2020-01-17,22.579999923706055,22.6200008392334,22.489999771118164,22.540000915527344,22.153568267822266,237700,0.0,False
2020-01-21,22.440000534057617,22.459999084472656,22.270000457763672,22.270000457763672,21.888193130493164,601000,0.0,False
2020-01-22,22.450000762939453,22.5,22.382999420166016,22.399999618530273,22.01596450805664,380000,0.0,False
2020-01-23,22.420000076293945,22.579999923706055,22.309999465942383,22.579999923706055,22.19287872314453,439100,0.0,False
2020-01-24,22.6299991607666,22.68000030517578,22.309999465942383,22.360000610351562,21.976648330688477,537200,0.0,False
2020-01-27,21.700000762939453,21.829999923706055,21.600000381469727,21.700000762939453,21.327966690063477,782300,0.0,False
2020-01-28,21.799999237060547,22.010000228881836,21.729999542236328,21.979999542236328,21.60316276550293,444000,0.0,False
2020-01-29,22.229999542236328,22.229999542236328,21.959999084472656,22.010000228881836,21.63265037536621,367700,0.0,False
2020-01-30,21.860000610351562,22.0,21.700000762939453,22.0,21.62282371520996,380200,0.0,False
2020-01-31,21.770000457763672,21.770000457763672,21.3700008392334,21.40999984741211,21.042938232421875,1051000,0.0,False
2020-02-03,21.600000381469727,21.75,21.540000915527344,21.709999084472656,21.33779525756836,540900,0.0,False
2020-02-04,21.979999542236328,22.18000030517578,21.969999313354492,22.18000030517578,21.79973602294922,962300,0.0,False
2020-02-05,22.469999313354492,22.4950008392334,22.309999465942383,22.450000762939453,22.065107345581055,470400,0.0,False
2020-02-06,22.5,22.549999237060547,22.360000610351562,22.540000915527344,22.153568267822266,284300,0.0,False
2020-02-07,22.360000610351562,22.440000534057617,22.239999771118164,22.239999771118164,21.858705520629883,426600,0.0,False
2020-02-10,22.270000457763672,22.579999923706055,22.270000457763672,22.579999923706055,22.19287872314453,414600,0.0,False
2020-02-11,22.6200008392334,22.950000762939453,22.6200008392334,22.93000030517578,22.53687858581543,1473800,0.0,False
2020-02-12,23.0,23.06999969482422,22.950000762939453,23.059999465942383,22.664649963378906,482800,0.0,False
2020-02-13,22.84000015258789,22.94700050354004,22.799999237060547,22.81999969482422,22.428762435913086,365800,0.0,False
2020-02-14,22.8799991607666,22.93899917602539,22.80299949645996,22.860000610351562,22.468076705932617,564500,0.0,False
2020-02-18,22.610000610351562,22.700000762939453,22.5,22.59000015258789,22.202707290649414,439100,0.0,False
2020-02-19,22.59000015258789,22.849000930786133,22.59000015258789,22.770000457763672,22.379623413085938,749100,0.0,False
2020-02-20,22.739999771118164,22.850000381469727,22.360000610351562,22.68000030517578,22.291162490844727,778700,0.0,False
2020-02-21,22.520000457763672,22.56999969482422,22.184999465942383,22.239999771118164,21.858705520629883,729600,0.0,False
2020-02-24,21.200000762939453,21.40999984741211,21.06999969482422,21.1299991607666,20.767738342285156,1552400,0.0,False
2020-02-25,21.420000076293945,21.5,20.645000457763672,20.719999313354492,20.364763259887695,2050300,0.0,False
2020-02-26,20.93000030517578,21.264999389648438,20.809999465942383,20.8799991607666,20.522024154663086,1554000,0.0,False
2020-02-27,20.31999969482422,20.709999084472656,19.950000762939453,19.959999084472656,19.6177978515625,2294600,0.0,False
2020-02-28,19.420000076293945,20.280000686645508,19.339000701904297,20.270000457763672,19.922481536865234,1720200,0.0,False
2020-03-02,20.299999237060547,20.559999465942383,19.850000381469727,20.559999465942383,20.207508087158203,1263000,0.0,False
2020-03-03,20.600000381469727,20.8799991607666,19.899999618530273,20.1299991607666,19.784881591796875,1120100,0.0,False
2020-03-04,20.489999771118164,20.969999313354492,20.34000015258789,20.969999313354492,20.610483169555664,880200,0.0,False
2020-03-05,20.309999465942383,20.559999465942383,20.09000015258789,20.200000762939453,19.853683471679688,1068700,0.0,False
2020-03-06,19.739999771118164,19.989999771118164,19.5,19.770000457763672,19.431055068969727,922900,0.0,False
2020-03-09,18.579999923706055,18.700000762939453,17.952999114990234,18.040000915527344,17.730714797973633,1680000,0.0,False
2020-03-10,18.85700035095215,18.950000762939453,18.05500030517578,18.8799991607666,18.556310653686523,1699600,0.0,False
2020-03-11,18.489999771118164,18.530000686645508,17.780000686645508,17.920000076293945,17.61277198791504,1336600,0.0,False
2020-03-12,16.5,16.506000518798828,15.8100004196167,15.829999923706055,15.558602333068848,2018400,0.0,False
2020-03-13,16.93000030517578,17.25,16.0,17.25,16.954259872436523,1250300,0.0,False
2020-03-16,15.470000267028809,16.260000228881836,15.020000457763672,15.109999656677246,14.850947380065918,1510000,0.0,False
2020-03-17,15.670000076293945,16.309999465942383,15.270999908447266,16.190000534057617,15.912432670593262,1559100,0.0,False
2020-03-18,15.279999732971191,15.75,14.770000457763672,15.619999885559082,15.352204322814941,1301100,0.0,False
2020-03-19,15.279999732971191,16.0,15.100000381469727,15.729999542236328,15.460318565368652,935800,0.0,False
2020-03-20,15.970000267028809,16.3700008392334,15.40999984741211,15.550000190734863,15.283404350280762,2291600,0.0,False
2020-03-23,15.5600004196167,15.779999732971191,15.199999809265137,15.46500015258789,15.199861526489258,1309200,0.0,False
2020-03-24,16.649999618530273,17.440000534057617,16.649999618530273,17.440000534057617,17.14100456237793,1395100,0.0,False
2020-03-25,17.530000686645508,18.09000015258789,17.030000686645508,17.760000228881836,17.455516815185547,918000,0.0,False
2020-03-26,17.969999313354492,18.75,17.920000076293945,18.719999313354492,18.3990535736084,1043900,0.0,False
2020-03-27,18.0,18.639999389648438,18.0,18.170000076293945,17.85848617553711,796100,0.0,False
2020-03-30,18.200000762939453,18.479999542236328,18.00200080871582,18.469999313354492,18.15334129333496,675700,0.0,False
2020-03-31,18.059999465942383,18.55500030517578,18.020999908447266,18.139999389648438,17.828998565673828,614000,0.0,False
2020-04-01,17.510000228881836,17.579999923706055,17.06999969482422,17.06999969482422,16.777345657348633,988000,0.0,False
2020-04-02,17.079999923706055,17.5,17.024999618530273,17.450000762939453,17.15083122253418,615400,0.0,False
2020-04-03,17.209999084472656,17.3700008392334,16.780000686645508,16.920000076293945,16.629915237426758,543100,0.0,False
2020-04-06,17.600000381469727,18.299999237060547,17.5,18.219999313354492,17.907629013061523,720000,0.0,False
2020-04-07,18.979999542236328,19.045000076293945,18.100000381469727,18.100000381469727,17.789688110351562,399000,0.0,False
2020-04-08,18.25,18.524999618530273,17.989999771118164,18.489999771118164,18.17300033569336,696200,0.0,False
2020-04-09,18.770000457763672,19.010000228881836,18.610000610351562,18.799999237060547,18.477684020996094,548400,0.0,False
2020-04-13,18.719999313354492,18.75,18.5,18.649999618530273,18.330257415771484,430700,0.0,False
2020-04-14,19.100000381469727,19.440000534057617,19.040000915527344,19.389999389648438,19.057567596435547,798500,0.0,False
2020-04-15,18.93000030517578,18.969999313354492,18.709999084472656,18.809999465942383,18.487516403198242,703100,0.0,False
2020-04-16,18.850000381469727,18.969999313354492,18.639999389648438,18.940000534057617,18.615285873413086,802300,0.0,False
2020-04-17,19.280000686645508,19.343000411987305,19.0,19.290000915527344,18.95928192138672,570600,0.0,False
2020-04-20,19.049999237060547,19.360000610351562,19.0,19.0,18.674257278442383,591500,0.0,False
2020-04-21,18.860000610351562,18.940000534057617,18.489999771118164,18.510000228881836,18.192655563354492,896100,0.0,False
2020-04-22,18.920000076293945,19.260000228881836,18.90999984741211,19.209999084472656,18.880657196044922,756500,0.0,False
2020-04-23,19.34000015258789,19.530000686645508,19.15999984741211,19.219999313354492,18.89048194885254,538700,0.0,False
2020-04-24,19.420000076293945,19.530000686645508,19.219999313354492,19.5,19.165685653686523,530700,0.0,False
2020-04-27,19.799999237060547,20.09000015258789,19.700000762939453,20.040000915527344,19.696426391601562,1282700,0.0,False
2020-04-28,20.479999542236328,20.600000381469727,20.18000030517578,20.280000686645508,19.932310104370117,586200,0.0,False
2020-04-29,20.65999984741211,21.05500030517578,20.621999740600586,20.979999542236328,20.62030792236328,1099700,0.0,False
2020-04-30,20.670000076293945,20.709999084472656,20.389999389648438,20.420000076293945,20.069913864135742,857400,0.0,False
2020-05-01,20.010000228881836,20.1299991607666,19.799999237060547,19.84000015258789,19.499855041503906,674700,0.0,False
2020-05-04,19.68000030517578,20.0,19.65999984741211,20.0,19.6571102142334,550400,0.0,False
2020-05-05,20.239999771118164,20.385000228881836,20.1299991607666,20.209999084472656,19.863510131835938,374600,0.0,False
2020-05-06,20.360000610351562,20.429000854492188,20.152999877929688,20.15999984741211,19.81436538696289,373800,0.0,False
2020-05-07,20.709999084472656,20.899999618530273,20.649999618530273,20.850000381469727,20.492538452148438,603400,0.0,False
2020-05-08,21.139999389648438,21.18000030517578,20.959999084472656,21.18000030517578,20.81688117980957,688100,0.0,False
2020-05-11,21.079999923706055,21.459999084472656,21.079999923706055,21.420000076293945,21.052764892578125,545200,0.0,False
2020-05-12,21.459999084472656,21.469999313354492,20.93000030517578,20.93000030517578,20.5711669921875,650900,0.0,False
2020-05-13,21.229999542236328,21.350000381469727,20.780000686645508,21.010000228881836,20.649795532226562,744200,0.0,False
2020-05-14,20.549999237060547,20.809999465942383,20.270000457763672,20.760000228881836,20.404081344604492,720300,0.0,False
2020-05-15,20.739999771118164,21.170000076293945,20.709999084472656,21.170000076293945,20.807052612304688,615100,0.0,False
2020-05-18,21.600000381469727,22.100000381469727,21.5,22.040000915527344,21.66213607788086,1161800,0.0,False
2020-05-19,21.959999084472656,22.25,21.899999618530273,21.950000762939453,21.573678970336914,905500,0.0,False
2020-05-20,22.420000076293945,22.690000534057617,22.420000076293945,22.549999237060547,22.163389205932617,1125700,0.0,False
2020-05-21,22.540000915527344,22.56999969482422,22.219999313354492,22.25,21.8685359954834,635800,0.0,False
2020-05-22,22.25,22.6299991607666,22.204999923706055,22.6200008392334,22.232192993164062,684900,0.0,False
2020-05-26,23.1299991607666,23.25,23.0,23.079999923706055,22.684307098388672,1268200,0.0,False
2020-05-27,23.239999771118164,23.25,22.614999771118164,23.110000610351562,22.713794708251953,765000,0.0,False
2020-05-28,23.290000915527344,23.649999618530273,23.211000442504883,23.239999771118164,22.841567993164062,1779700,0.0,False
2020-05-29,23.06999969482422,23.219999313354492,22.809999465942383,23.18000030517578,22.782588958740234,1537400,0.0,False
2020-06-01,23.40999984741211,23.6299991607666,23.209999084472656,23.610000610351562,23.205224990844727,928500,0.0,False
2020-06-02,23.649999618530273,23.68000030517578,23.450000762939453,23.6200008392334,23.215051651000977,813900,0.0,False
2020-06-03,23.670000076293945,23.889999389648438,23.6299991607666,23.829999923706055,23.42144775390625,936000,0.0,False
2020-06-04,23.709999084472656,23.850000381469727,23.558000564575195,23.610000610351562,23.205224990844727,817100,0.0,False
2020-06-05,23.84000015258789,24.190000534057617,23.84000015258789,24.010000228881836,23.59836196899414,1594700,0.0,False
2020-06-08,23.920000076293945,24.049999237060547,23.719999313354492,24.049999237060547,23.63767433166504,937700,0.0,False
2020-06-09,23.809999465942383,24.114999771118164,23.719999313354492,24.020000457763672,23.608192443847656,578600,0.0,False
2020-06-10,24.149999618530273,24.219999313354492,23.959999084472656,24.049999237060547,23.63767433166504,606000,0.0,False
2020-06-11,23.540000915527344,23.6299991607666,22.68000030517578,22.68000030517578,22.291162490844727,1891600,0.0,False
2020-06-12,23.299999237060547,23.59000015258789,22.709999084472656,23.139999389648438,22.74327850341797,1290300,0.0,False
2020-06-15,22.649999618530273,23.280000686645508,22.40999984741211,23.229999542236328,22.83173370361328,914600,0.0,False
2020-06-16,23.790000915527344,23.920000076293945,23.25,23.65999984741211,23.254364013671875,1136900,0.0,False
2020-06-17,23.84000015258789,24.040000915527344,22.649999618530273,23.8700008392334,23.460765838623047,885200,0.0,False
2020-06-18,23.799999237060547,23.799999237060547,23.600000381469727,23.690000534057617,23.28384780883789,567300,0.0,False
2020-06-19,24.0,24.100000381469727,23.649999618530273,23.65999984741211,23.254364013671875,930400,0.0,False
2020-06-22,23.770000457763672,24.030000686645508,23.670000076293945,24.030000686645508,23.61802101135254,578300,0.0,False
2020-06-23,24.219999313354492,24.299999237060547,24.03499984741211,24.059999465942383,23.647506713867188,757300,0.0,False
2020-06-24,24.040000915527344,24.079999923706055,23.440000534057617,23.579999923706055,23.17573356628418,989300,0.0,False
2020-06-25,23.739999771118164,24.079999923706055,23.579999923706055,24.059999465942383,23.647506713867188,807800,0.0,False
2020-06-26,23.920000076293945,23.920000076293945,23.5,23.559999465942383,23.156076431274414,829300,0.0,False
2020-06-29,23.540000915527344,23.790000915527344,23.420000076293945,23.760000228881836,23.416257858276367,721400,0.0,False
2020-06-30,23.75,23.979999542236328,23.64699935913086,23.8700008392334,23.52467155456543,555600,0.0,False
2020-07-01,23.969999313354492,24.06999969482422,23.889999389648438,24.010000228881836,23.662641525268555,1693000,0.0,False
2020-07-02,24.049999237060547,24.18000030517578,24.010000228881836,24.030000686645508,23.682353973388672,677000,0.0,False
2020-07-06,24.5,24.690000534057617,24.5,24.6299991607666,24.273670196533203,1212900,0.0,False
2020-07-07,24.59000015258789,24.735000610351562,24.389999389648438,24.450000762939453,24.096275329589844,749100,0.0,False
2020-07-08,24.479999542236328,24.690000534057617,24.3700008392334,24.690000534057617,24.332805633544922,530000,0.0,False
2020-07-09,24.739999771118164,24.799999237060547,24.3700008392334,24.579999923706055,24.224395751953125,635600,0.0,False
2020-07-10,24.790000915527344,24.920000076293945,24.684999465942383,24.920000076293945,24.559473037719727,1198500,0.0,False
2020-07-13,24.889999389648438,25.0,24.299999237060547,24.389999389648438,24.03714370727539,1313100,0.0,False
2020-07-14,24.329999923706055,24.780000686645508,24.264999389648438,24.770000457763672,24.411643981933594,930600,0.0,False
2020-07-15,25.200000762939453,25.3700008392334,25.06999969482422,25.25,24.88470458984375,883200,0.0,False
2020-07-16,24.90999984741211,24.979999542236328,24.799999237060547,24.81999969482422,24.460922241210938,742000,0.0,False
2020-07-17,24.969999313354492,25.229999542236328,24.950000762939453,25.229999542236328,24.864990234375,615100,0.0,False
2020-07-20,25.229999542236328,25.510000228881836,25.1200008392334,25.489999771118164,25.121225357055664,636800,0.0,False
2020-07-21,25.59000015258789,25.690000534057617,25.520000457763672,25.540000915527344,25.17050552368164,602600,0.0,False
2020-07-22,25.559999465942383,25.739999771118164,25.530000686645508,25.670000076293945,25.298625946044922,604800,0.0,False
2020-07-23,25.68000030517578,25.950000762939453,25.46500015258789,25.6299991607666,25.259201049804688,837400,0.0,False
2020-07-24,25.43000030517578,25.520000457763672,25.25,25.360000610351562,24.993112564086914,666700,0.0,False
2020-07-27,25.6299991607666,25.979999542236328,25.6299991607666,25.90999984741211,25.535152435302734,979400,0.0,False
2020-07-28,25.780000686645508,25.889999389648438,25.549999237060547,25.579999923706055,25.209928512573242,683800,0.0,False
2020-07-29,25.579999923706055,25.860000610351562,25.579999923706055,25.829999923706055,25.45631217956543,545900,0.0,False
2020-07-30,25.40999984741211,25.729999542236328,25.200000762939453,25.65999984741211,25.288768768310547,614500,0.0,False
2020-07-31,25.510000228881836,25.540000915527344,25.114999771118164,25.31999969482422,24.953689575195312,716500,0.0,False
2020-08-03,25.520000457763672,25.899999618530273,25.440000534057617,25.889999389648438,25.51544189453125,994400,0.0,False
2020-08-04,25.760000228881836,26.040000915527344,25.729999542236328,26.040000915527344,25.663272857666016,603600,0.0,False
2020-08-05,26.25,26.39299964904785,26.100000381469727,26.309999465942383,25.929365158081055,799300,0.0,False
2020-08-06,26.329999923706055,26.385000228881836,26.15999984741211,26.3700008392334,25.988500595092773,712300,0.0,False
2020-08-07,26.260000228881836,26.360000610351562,26.059999465942383,26.270000457763672,25.88994598388672,604800,0.0,False
2020-08-10,26.260000228881836,26.34000015258789,26.110000610351562,26.299999237060547,25.919509887695312,671700,0.0,False
2020-08-11,26.700000762939453,26.719999313354492,26.30500030517578,26.360000610351562,25.9786434173584,1217000,0.0,False
2020-08-12,26.739999771118164,27.06999969482422,26.729999542236328,27.059999465942383,26.66851806640625,1273000,0.0,False
2020-08-13,27.040000915527344,27.09000015258789,26.899999618530273,26.969999313354492,26.579816818237305,774000,0.0,False
2020-08-14,26.969999313354492,27.03499984741211,26.854999542236328,26.93000030517578,26.54039764404297,441900,0.0,False
2020-08-17,27.100000381469727,27.40999984741211,27.100000381469727,27.40999984741211,27.013452529907227,965600,0.0,False
2020-08-18,27.440000534057617,27.5,27.219999313354492,27.309999465942383,26.914899826049805,704600,0.0,False
2020-08-19,27.34000015258789,27.34000015258789,27.040000915527344,27.040000915527344,26.648805618286133,692800,0.0,False
2020-08-20,26.829999923706055,26.969999313354492,26.65999984741211,26.920000076293945,26.530540466308594,680900,0.0,False
2020-08-21,26.649999618530273,26.799999237060547,26.600000381469727,26.799999237060547,26.412277221679688,545300,0.0,False
2020-08-24,27.200000762939453,27.270000457763672,26.924999237060547,27.059999465942383,26.66851806640625,1170100,0.0,False
2020-08-25,27.040000915527344,27.1299991607666,26.93000030517578,27.059999465942383,26.66851806640625,526700,0.0,False
2020-08-26,27.059999465942383,27.190000534057617,27.040000915527344,27.149999618530273,26.757211685180664,628100,0.0,False
2020-08-27,27.149999618530273,27.152000427246094,26.729999542236328,26.84000015258789,26.45170021057129,945900,0.0,False
2020-08-28,26.899999618530273,27.18000030517578,26.899999618530273,27.149999618530273,26.757211685180664,717100,0.0,False
2020-08-31,27.09000015258789,27.209999084472656,26.950000762939453,27.100000381469727,26.707937240600586,944100,0.0,False
2020-09-01,27.200000762939453,27.489999771118164,27.108999252319336,27.489999771118164,27.092294692993164,910700,0.0,False
2020-09-02,27.940000534057617,28.1299991607666,27.746999740600586,28.1299991607666,27.72303581237793,1182300,0.0,False
2020-09-03,27.84000015258789,27.84000015258789,26.84000015258789,27.010000228881836,26.619237899780273,3905300,0.0,False
2020-09-04,27.030000686645508,27.190000534057617,26.020000457763672,26.920000076293945,26.530540466308594,2041700,0.0,False
2020-09-08,26.385000228881836,26.8799991607666,26.34000015258789,26.540000915527344,26.15604019165039,1294500,0.0,False
2020-09-09,26.975000381469727,27.209999084472656,26.850000381469727,27.1299991607666,26.737503051757812,1355400,0.0,False
2020-09-10,27.25,27.360000610351562,26.760000228881836,26.809999465942383,26.42213249206543,1259000,0.0,False
2020-09-11,27.100000381469727,27.209999084472656,26.75,26.8799991607666,26.491119384765625,1117100,0.0,False
2020-09-14,27.34000015258789,27.549999237060547,27.270000457763672,27.459999084472656,27.062728881835938,1040500,0.0,False
2020-09-15,27.780000686645508,27.8799991607666,27.670000076293945,27.770000457763672,27.368244171142578,882300,0.0,False
2020-09-16,27.84000015258789,27.93000030517578,27.639999389648438,27.68000030517578,27.2795467376709,777300,0.0,False
2020-09-17,27.270000457763672,27.586999893188477,27.270000457763672,27.559999465942383,27.161283493041992,889600,0.0,False
2020-09-18,27.719999313354492,27.719999313354492,27.200000762939453,27.3700008392334,26.974029541015625,862200,0.0,False
2020-09-21,26.81999969482422,26.905000686645508,26.489999771118164,26.850000381469727,26.461551666259766,1307100,0.0,False
2020-09-22,26.860000610351562,27.09000015258789,26.655000686645508,27.06999969482422,26.678369522094727,963300,0.0,False
2020-09-23,27.200000762939453,27.31999969482422,26.78499984741211,26.829999923706055,26.441844940185547,877700,0.0,False
2020-09-24,26.65999984741211,27.040000915527344,26.530000686645508,26.780000686645508,26.392566680908203,647600,0.0,False
2020-09-25,26.690000534057617,27.170000076293945,26.649999618530273,27.15999984741211,26.767070770263672,730300,0.0,False
2020-09-28,27.399999618530273,27.559999465942383,27.350000381469727,27.559999465942383,27.161283493041992,952500,0.0,False
2020-09-29,27.790000915527344,28.06999969482422,27.790000915527344,27.899999618530273,27.49636459350586,1710100,0.0,False
2020-09-30,27.860000610351562,28.100000381469727,27.799999237060547,27.8700008392334,27.466796875,948400,0.0,False
2020-10-01,28.1299991607666,28.290000915527344,28.030000686645508,28.239999771118164,27.831443786621094,911500,0.0,False
2020-10-02,27.68000030517578,28.049999237060547,27.6299991607666,27.979999542236328,27.575204849243164,1156600,0.0,False
2020-10-05,27.979999542236328,28.280000686645508,27.979999542236328,28.270000457763672,27.861013412475586,1113300,0.0,False
2020-10-06,28.31999969482422,28.59000015258789,28.079999923706055,28.190000534057617,27.78216552734375,1289800,0.0,False
2020-10-07,28.450000762939453,28.684999465942383,28.450000762939453,28.65999984741211,28.2453670501709,1806800,0.0,False
2020-10-08,28.8799991607666,28.899999618530273,28.700000762939453,28.75,28.33406639099121,758100,0.0,False
2020-10-09,28.829999923706055,29.059999465942383,28.829999923706055,29.030000686645508,28.610017776489258,1075300,0.0,False
2020-10-12,29.229999542236328,29.29800033569336,29.100000381469727,29.270000457763672,28.84654426574707,1240400,0.0,False
2020-10-13,29.260000228881836,29.358999252319336,29.170000076293945,29.270000457763672,28.84654426574707,589200,0.0,False
2020-10-14,29.3700008392334,29.469999313354492,29.170000076293945,29.239999771118164,28.816978454589844,733300,0.0,False
2020-10-15,28.670000076293945,28.93000030517578,28.610000610351562,28.889999389648438,28.4720401763916,1083200,0.0,False
2020-10-16,28.889999389648438,29.09000015258789,28.875,28.899999618530273,28.481897354125977,710200,0.0,False
2020-10-19,29.049999237060547,29.2549991607666,28.790000915527344,28.860000610351562,28.442474365234375,944900,0.0,False
2020-10-20,29.040000915527344,29.290000915527344,29.03499984741211,29.1299991607666,28.708568572998047,3626500,0.0,False
2020-10-21,29.239999771118164,29.239999771118164,28.959999084472656,28.969999313354492,28.55088233947754,827100,0.0,False
2020-10-22,29.010000228881836,29.079999923706055,28.780000686645508,29.040000915527344,28.619871139526367,1035600,0.0,False
2020-10-23,29.100000381469727,29.139999389648438,28.875,29.040000915527344,28.619871139526367,689100,0.0,False
2020-10-26,28.75,28.770000457763672,28.239999771118164,28.420000076293945,28.00884246826172,2435200,0.0,False
2020-10-27,28.56999969482422,28.649999618530273,28.469999313354492,28.520000457763672,28.10739517211914,704800,0.0,False
2020-10-28,28.010000228881836,28.170000076293945,27.700000762939453,27.719999313354492,27.318967819213867,2211200,0.0,False
2020-10-29,27.979999542236328,28.239999771118164,27.93000030517578,28.09000015258789,27.683612823486328,2190000,0.0,False
2020-10-30,27.889999389648438,27.989999771118164,27.530000686645508,27.709999084472656,27.30910873413086,1524200,0.0,False
2020-11-02,28.0,28.049999237060547,27.739999771118164,27.950000762939453,27.54564094543457,1132500,0.0,False
2020-11-03,28.3799991607666,28.770000457763672,28.34000015258789,28.649999618530273,28.23551368713379,1160000,0.0,False
2020-11-04,28.959999084472656,29.31999969482422,28.719999313354492,29.1200008392334,28.698715209960938,1244300,0.0,False
2020-11-05,29.690000534057617,29.950000762939453,29.649999618530273,29.93000030517578,29.496992111206055,1345500,0.0,False
2020-11-06,29.760000228881836,29.96500015258789,29.579999923706055,29.860000610351562,29.428009033203125,983100,0.0,False
2020-11-09,30.96500015258789,31.0,30.299999237060547,30.600000381469727,30.157302856445312,1443400,0.0,False
2020-11-10,29.940000534057617,30.018999099731445,29.600000381469727,29.770000457763672,29.339309692382812,1250800,0.0,False
2020-11-11,30.110000610351562,30.350000381469727,30.090999603271484,30.219999313354492,29.78279685974121,929600,0.0,False
2020-11-12,30.299999237060547,30.309999465942383,29.93000030517578,30.0,29.565982818603516,581200,0.0,False
2020-11-13,30.290000915527344,30.5,30.184999465942383,30.5,30.058746337890625,735700,0.0,False
2020-11-16,30.860000610351562,31.079999923706055,30.790000915527344,31.079999923706055,30.630359649658203,995300,0.0,False
2020-11-17,30.799999237060547,30.90999984741211,30.549999237060547,30.84000015258789,30.393831253051758,772200,0.0,False
2020-11-18,31.100000381469727,31.190000534057617,30.790000915527344,30.790000915527344,30.344552993774414,684700,0.0,False
2020-11-19,30.690000534057617,30.950000762939453,30.610000610351562,30.950000762939453,30.502239227294922,649400,0.0,False
2020-11-20,30.979999542236328,31.149999618530273,30.940000534057617,31.059999465942383,30.61064338684082,560800,0.0,False
2020-11-23,31.309999465942383,31.350000381469727,30.979999542236328,31.15999984741211,30.709199905395508,958100,0.0,False
2020-11-24,31.469999313354492,31.579999923706055,31.25,31.56999969482422,31.11326789855957,988600,0.0,False
2020-11-25,31.56999969482422,31.66200065612793,31.364999771118164,31.559999465942383,31.10341453552246,998800,0.0,False
2020-11-27,31.809999465942383,32.0,31.763999938964844,32.0,31.537046432495117,919800,0.0,False
2020-11-30,32.04999923706055,32.08000183105469,31.649999618530273,31.649999618530273,31.19211196899414,1394600,0.0,False
2020-12-01,32.2760009765625,32.459999084472656,32.119998931884766,32.400001525878906,31.931262969970703,1042200,0.0,False
2020-12-02,32.369998931884766,32.40999984741211,32.209999084472656,32.349998474121094,31.88197898864746,847900,0.0,False
2020-12-03,32.36000061035156,32.470001220703125,32.27000045776367,32.349998474121094,31.88197898864746,524400,0.0,False
2020-12-04,32.290000915527344,32.70000076293945,32.279998779296875,32.70000076293945,32.2269172668457,1057600,0.0,False
2020-12-07,32.349998474121094,32.40999984741211,32.119998931884766,32.20000076293945,31.734153747558594,811900,0.0,False
2020-12-08,32.20000076293945,32.3849983215332,32.130001068115234,32.349998474121094,31.88197898864746,622500,0.0,False
2020-12-09,32.665000915527344,32.665000915527344,31.959999084472656,32.150001525878906,31.684873580932617,696900,0.0,False
2020-12-10,31.920000076293945,32.244998931884766,31.809999465942383,32.150001525878906,31.684873580932617,965100,0.0,False
2020-12-11,32.0,32.099998474121094,31.799999237060547,32.029998779296875,31.566612243652344,531900,0.0,False
2020-12-14,32.400001525878906,32.50899887084961,32.20000076293945,32.2599983215332,31.79328155517578,742700,0.0,False
2020-12-15,32.33000183105469,32.599998474121094,32.310001373291016,32.599998474121094,32.12836837768555,1067400,0.0,False
2020-12-16,32.599998474121094,32.66999816894531,32.34000015258789,32.5,32.02981185913086,680800,0.0,False
2020-12-17,32.79999923706055,32.91999816894531,32.7400016784668,32.91999816894531,32.443729400634766,899400,0.0,False
2020-12-18,32.9900016784668,33.0,32.71500015258789,32.79999923706055,32.325477600097656,915400,0.0,False
2020-12-21,32.16999816894531,32.689998626708984,32.06999969482422,32.619998931884766,32.148075103759766,893200,0.0,False
2020-12-22,32.70000076293945,32.8650016784668,32.599998474121094,32.83000183105469,32.355037689208984,934600,0.0,False
2020-12-23,33.040000915527344,33.189998626708984,33.02000045776367,33.08000183105469,32.60142517089844,702800,0.0,False
2020-12-24,33.11000061035156,33.11000061035156,32.93000030517578,32.959999084472656,32.483158111572266,266600,0.0,False
2020-12-28,33.2400016784668,33.28099822998047,33.060001373291016,33.130001068115234,32.650699615478516,554100,0.0,False
2020-12-29,33.457000732421875,33.5,33.14500045776367,33.25,32.76896286010742,572900,0.0,False
2020-12-30,33.380001068115234,33.599998474121094,33.33599853515625,33.38999938964844,32.90694046020508,817900,0.0,False
2020-12-31,33.369998931884766,33.369998931884766,33.06999969482422,33.1349983215332,32.6556282043457,739000,0.0,False
2021-01-04,33.4900016784668,33.52000045776367,32.810001373291016,33.0,32.5225830078125,1379600,0.0,False
2021-01-05,33.130001068115234,33.66999816894531,33.119998931884766,33.59000015258789,33.10404968261719,1043000,0.0,False
2021-01-06,33.45000076293945,33.86000061035156,33.34000015258789,33.63999938964844,33.153316497802734,1455100,0.0,False
2021-01-07,33.84600067138672,34.17499923706055,33.76499938964844,34.150001525878906,33.65594482421875,1163900,0.0,False
2021-01-08,34.47999954223633,34.619998931884766,33.95000076293945,34.380001068115234,33.88261795043945,1202000,0.0,False
2021-01-11,34.0099983215332,34.32500076293945,33.888999938964844,34.18000030517578,33.685508728027344,1307800,0.0,False
2021-01-12,34.25,34.375,34.060001373291016,34.369998931884766,33.87275695800781,982400,0.0,False
2021-01-13,34.400001525878906,34.52799987792969,34.279998779296875,34.400001525878906,33.90232467651367,640100,0.0,False
2021-01-14,34.810001373291016,35.349998474121094,34.810001373291016,35.2599983215332,34.74988555908203,1073300,0.0,False
2021-01-15,34.86000061035156,34.86000061035156,34.279998779296875,34.52000045776367,34.02059555053711,1208500,0.0,False
2021-01-19,34.91999816894531,35.119998931884766,34.7599983215332,35.099998474121094,34.592201232910156,1132600,0.0,False
2021-01-20,35.349998474121094,35.650001525878906,35.29999923706055,35.619998931884766,35.104679107666016,1617100,0.0,False
2021-01-21,35.7400016784668,35.7400016784668,35.345001220703125,35.61000061035156,35.094825744628906,1058200,0.0,False
2021-01-22,35.518001556396484,35.51900100708008,35.209999084472656,35.41999816894531,34.907569885253906,690000,0.0,False
2021-01-25,35.529998779296875,36.0099983215332,35.25,35.59000015258789,35.07511520385742,945300,0.0,False
2021-01-26,35.619998931884766,35.63999938964844,35.24100112915039,35.45000076293945,34.9371337890625,915300,0.0,False
2021-01-27,35.060001373291016,35.33000183105469,34.709999084472656,34.939998626708984,34.434513092041016,1391000,0.0,False
2021-01-28,34.810001373291016,35.08000183105469,34.7599983215332,34.779998779296875,34.276824951171875,1159700,0.0,False
2021-01-29,34.41999816894531,34.56999969482422,33.7400016784668,33.849998474121094,33.36028289794922,1368000,0.0,False
2021-02-01,34.4900016784668,34.63999938964844,34.209999084472656,34.58000183105469,34.07972717285156,689700,0.0,False
2021-02-02,34.86000061035156,35.06999969482422,34.63999938964844,35.06999969482422,34.5626335144043,1118500,0.0,False
2021-02-03,35.007999420166016,35.13999938964844,34.78900146484375,34.869998931884766,34.36553192138672,752100,0.0,False
2021-02-04,34.63999938964844,34.81999969482422,34.540000915527344,34.810001373291016,34.306392669677734,1431600,0.0,False
2021-02-05,34.97999954223633,35.06999969482422,34.81999969482422,35.060001373291016,34.55277633666992,580900,0.0,False
2021-02-08,35.279998779296875,35.630001068115234,35.257999420166016,35.630001068115234,35.114524841308594,896700,0.0,False
2021-02-09,35.84000015258789,36.11000061035156,35.810001373291016,36.11000061035156,35.587589263916016,888200,0.0,False
2021-02-10,36.09000015258789,36.31999969482422,35.67100143432617,36.08000183105469,35.558021545410156,1302700,0.0,False
2021-02-11,36.279998779296875,36.40999984741211,36.0099983215332,36.34000015258789,35.81425476074219,680600,0.0,False
2021-02-12,36.18000030517578,36.459999084472656,36.02000045776367,36.459999084472656,35.932525634765625,597800,0.0,False
2021-02-16,36.77000045776367,36.86000061035156,36.27000045776367,36.369998931884766,35.84382247924805,1226900,0.0,False
2021-02-17,36.209999084472656,36.209999084472656,35.470001220703125,35.7599983215332,35.242652893066406,987900,0.0,False
2021-02-18,35.310001373291016,35.459999084472656,34.95000076293945,35.40999984741211,34.89771270751953,1410200,0.0,False
2021-02-19,35.599998474121094,35.970001220703125,35.599998474121094,35.79999923706055,35.282066345214844,723400,0.0,False
2021-02-22,35.4010009765625,35.470001220703125,35.0,35.0,34.49364471435547,893700,0.0,False
2021-02-23,34.54999923706055,34.70000076293945,33.540000915527344,34.560001373291016,34.06000900268555,1820800,0.0,False
2021-02-24,34.099998474121094,34.65999984741211,33.81999969482422,34.63999938964844,34.138851165771484,1356900,0.0,False
2021-02-25,34.560001373291016,34.75,33.40999984741211,33.560001373291016,33.07448196411133,1307700,0.0,False
2021-02-26,33.52000045776367,33.88999938964844,33.08000183105469,33.619998931884766,33.133609771728516,1696500,0.0,False
2021-03-01,34.0,34.43000030517578,34.0,34.43000030517578,33.931888580322266,735200,0.0,False
2021-03-02,34.70000076293945,34.70000076293945,34.119998931884766,34.130001068115234,33.636234283447266,1923900,0.0,False
2021-03-03,33.810001373291016,33.86000061035156,33.150001525878906,33.150001525878906,32.670413970947266,1510000,0.0,False
2021-03-04,33.04999923706055,33.13999938964844,31.790000915527344,32.150001525878906,31.684873580932617,3032400,0.0,False
2021-03-05,32.47999954223633,32.619998931884766,31.239999771118164,32.52000045776367,32.049522399902344,1609200,0.0,False
2021-03-08,32.08000183105469,32.349998474121094,31.510000228881836,31.530000686645508,31.0738468170166,2039900,0.0,False
2021-03-09,32.0099983215332,32.5099983215332,31.975000381469727,32.369998931884766,31.901695251464844,1658200,0.0,False
2021-03-10,32.66999816894531,33.02000045776367,32.62099838256836,32.7400016784668,32.2663459777832,848000,0.0,False
2021-03-11,33.20000076293945,33.41999816894531,32.970001220703125,33.380001068115234,32.89708709716797,666600,0.0,False
2021-03-12,33.25,33.494998931884766,33.150001525878906,33.4900016784668,33.005489349365234,1124700,0.0,False
2021-03-15,33.5,33.75,33.349998474121094,33.75,33.2617301940918,508600,0.0,False
2021-03-16,33.90999984741211,33.94900131225586,33.45000076293945,33.599998474121094,33.113895416259766,550400,0.0,False
2021-03-17,33.29999923706055,33.880001068115234,33.224998474121094,33.83000183105469,33.340576171875,672800,0.0,False
2021-03-18,33.70000076293945,33.90999984741211,33.119998931884766,33.130001068115234,32.650699615478516,881000,0.0,False
2021-03-19,33.130001068115234,33.474998474121094,32.959999084472656,33.400001525878906,32.91679763793945,594900,0.0,False
2021-03-22,33.22999954223633,33.599998474121094,33.119998931884766,33.43000030517578,32.94636154174805,620300,0.0,False
2021-03-23,33.2599983215332,33.2599983215332,32.349998474121094,32.439998626708984,31.97068214416504,824300,0.0,False
2021-03-24,32.58700180053711,32.63999938964844,31.93000030517578,31.93000030517578,31.468061447143555,1013200,0.0,False
2021-03-25,31.700000762939453,32.540000915527344,31.700000762939453,32.4900016784668,32.019962310791016,894000,0.0,False
2021-03-26,32.619998931884766,33.150001525878906,32.58000183105469,33.150001525878906,32.670413970947266,645800,0.0,False
2021-03-29,33.04199981689453,33.130001068115234,32.720001220703125,32.75,32.27619552612305,472900,0.0,False
2021-03-30,32.630001068115234,32.939998626708984,32.470001220703125,32.86000061035156,32.384605407714844,470400,0.0,False
2021-03-31,32.7599983215332,33.257999420166016,32.7599983215332,33.13999938964844,32.660552978515625,1149200,0.0,False
2021-04-01,33.41999816894531,34.04999923706055,33.41999816894531,34.04999923706055,33.55738830566406,587400,0.0,False
2021-04-05,34.36000061035156,34.74100112915039,34.345001220703125,34.70000076293945,34.1979866027832,1087800,0.0,False
2021-04-06,34.49599838256836,34.70000076293945,34.41999816894531,34.470001220703125,33.971317291259766,906700,0.0,False
2021-04-07,34.470001220703125,34.470001220703125,34.09000015258789,34.150001525878906,33.65594482421875,552000,0.0,False
2021-04-08,34.529998779296875,34.59000015258789,34.40999984741211,34.59000015258789,34.08958053588867,498900,0.0,False
2021-04-09,34.63999938964844,34.709999084472656,34.529998779296875,34.709999084472656,34.20783996582031,323700,0.0,False
2021-04-12,34.369998931884766,34.474998474121094,34.09000015258789,34.45000076293945,33.951602935791016,370900,0.0,False
2021-04-13,34.45000076293945,34.75,34.45000076293945,34.75,34.24726104736328,364300,0.0,False
2021-04-14,34.75,34.88999938964844,34.540000915527344,34.61000061035156,34.109291076660156,514800,0.0,False
2021-04-15,34.939998626708984,35.16999816894531,34.744998931884766,35.13999938964844,34.63161849975586,723200,0.0,False
2021-04-16,35.279998779296875,35.439998626708984,35.119998931884766,35.41999816894531,34.907569885253906,684400,0.0,False
2021-04-19,35.400001525878906,35.400001525878906,34.66999816894531,34.880001068115234,34.375389099121094,665500,0.0,False
2021-04-20,34.529998779296875,34.630001068115234,33.9900016784668,34.15999984741211,33.66579818725586,702200,0.0,False
2021-04-21,33.9900016784668,34.779998779296875,33.93000030517578,34.779998779296875,34.276824951171875,460300,0.0,False
2021-04-22,34.959999084472656,35.13999938964844,34.630001068115234,34.75,34.24726104736328,733200,0.0,False
2021-04-23,34.79999923706055,35.2400016784668,34.755001068115234,35.119998931884766,34.611907958984375,555900,0.0,False
2021-04-26,35.130001068115234,35.42399978637695,35.125,35.400001525878906,34.887855529785156,491600,0.0,False
2021-04-27,35.290000915527344,35.290000915527344,34.970001220703125,35.02000045776367,34.513362884521484,604600,0.0,False
2021-04-28,35.099998474121094,35.185001373291016,34.869998931884766,35.060001373291016,34.55277633666992,664900,0.0,False
2021-04-29,35.25,35.2599983215332,34.4900016784668,34.83000183105469,34.32610321044922,626000,0.0,False
2021-04-30,34.5099983215332,34.630001068115234,34.255001068115234,34.34000015258789,33.84318923950195,444400,0.0,False
2021-05-03,34.599998474121094,34.619998931884766,34.220001220703125,34.27000045776367,33.77421188354492,929100,0.0,False
2021-05-04,33.880001068115234,33.880001068115234,32.95000076293945,33.310001373291016,32.82809829711914,1234600,0.0,False
2021-05-05,33.7400016784668,33.790000915527344,33.47999954223633,33.709999084472656,33.22230529785156,1214600,0.0,False
2021-05-06,33.650001525878906,33.79999923706055,33.380001068115234,33.779998779296875,33.291297912597656,848500,0.0,False
2021-05-07,33.900001525878906,34.310001373291016,33.900001525878906,34.27000045776367,33.77421188354492,435200,0.0,False
2021-05-10,34.2599983215332,34.2599983215332,33.380001068115234,33.380001068115234,32.89708709716797,669000,0.0,False
2021-05-11,32.564998626708984,33.119998931884766,32.31999969482422,33.0,32.5225830078125,943200,0.0,False
2021-05-12,32.29999923706055,32.400001525878906,31.600000381469727,31.649999618530273,31.19211196899414,876800,0.0,False
2021-05-13,31.770000457763672,32.13999938964844,31.649999618530273,32.0099983215332,31.54690170288086,582800,0.0,False
2021-05-14,32.33000183105469,32.91999816894531,32.2599983215332,32.849998474121094,32.37474822998047,614100,0.0,False
2021-05-17,32.430999755859375,32.470001220703125,32.119998931884766,32.349998474121094,31.88197898864746,769400,0.0,False
2021-05-18,32.68000030517578,32.93299865722656,32.54999923706055,32.560001373291016,32.088951110839844,461000,0.0,False
2021-05-19,32.08000183105469,32.435001373291016,31.90999984741211,32.36000061035156,31.891845703125,532000,0.0,False
2021-05-20,32.689998626708984,33.08000183105469,32.67399978637695,32.970001220703125,32.49301528930664,481400,0.0,False
2021-05-21,33.29999923706055,33.349998474121094,32.9900016784668,33.13999938964844,32.660552978515625,583800,0.0,False
2021-05-24,33.29999923706055,33.564998626708984,33.231998443603516,33.47999954223633,32.99563980102539,339900,0.0,False
2021-05-25,33.61000061035156,33.619998931884766,33.279998779296875,33.369998931884766,32.88722610473633,319100,0.0,False
2021-05-26,33.5,33.689998626708984,33.439998626708984,33.66999816894531,33.182884216308594,318900,0.0,False
2021-05-27,33.68000030517578,33.91999816894531,33.63199996948242,33.88999938964844,33.39970397949219,386200,0.0,False
2021-05-28,34.130001068115234,34.400001525878906,34.1150016784668,34.25,33.75449752807617,390900,0.0,False
2021-06-01,34.4900016784668,34.4900016784668,34.14500045776367,34.2599983215332,33.764347076416016,387800,0.0,False
2021-06-02,34.31999969482422,34.5099983215332,34.209999084472656,34.45000076293945,33.951602935791016,289800,0.0,False
2021-06-03,34.209999084472656,34.46900177001953,34.09000015258789,34.31999969482422,33.823486328125,309700,0.0,False
2021-06-04,34.58000183105469,34.97999954223633,34.577999114990234,34.93000030517578,34.424659729003906,538000,0.0,False
2021-06-07,34.94300079345703,35.09000015258789,34.849998474121094,35.060001373291016,34.55277633666992,630100,0.0,False
2021-06-08,35.02000045776367,35.029998779296875,34.7400016784668,34.91999816894531,34.414798736572266,304700,0.0,False
2021-06-09,34.9900016784668,34.9900016784668,34.5,34.52000045776367,34.02059555053711,393300,0.0,False
2021-06-10,34.54999923706055,34.74800109863281,34.45000076293945,34.66999816894531,34.16842269897461,416800,0.0,False
2021-06-11,34.869998931884766,34.91999816894531,34.68000030517578,34.91999816894531,34.414798736572266,302800,0.0,False
2021-06-14,34.970001220703125,35.2130012512207,34.959999084472656,35.189998626708984,34.68089294433594,370900,0.0,False
2021-06-15,35.220001220703125,35.23899841308594,35.02000045776367,35.150001525878906,34.641475677490234,380800,0.0,False
2021-06-16,35.15999984741211,35.31999969482422,34.79999923706055,35.040000915527344,34.5330696105957,894200,0.0,False
2021-06-17,34.85499954223633,35.130001068115234,34.810001373291016,35.08000183105469,34.57249069213867,393700,0.0,False
2021-06-18,34.790000915527344,34.814998626708984,34.400001525878906,34.400001525878906,33.90232467651367,458800,0.0,False
2021-06-21,34.5,34.790000915527344,34.22999954223633,34.77000045776367,34.26697540283203,795600,0.0,False
2021-06-22,34.91999816894531,34.974998474121094,34.5099983215332,34.88999938964844,34.38523483276367,301900,0.0,False
2021-06-23,34.91999816894531,34.959999084472656,34.66999816894531,34.72999954223633,34.2275505065918,326300,0.0,False
2021-06-24,34.939998626708984,35.19499969482422,34.93000030517578,35.18000030517578,34.67103958129883,610800,0.0,False
2021-06-25,35.40999984741211,35.42499923706055,35.20000076293945,35.220001220703125,34.71046447753906,249900,0.0,False
2021-06-28,35.189998626708984,35.39500045776367,35.189998626708984,35.38999938964844,34.87800598144531,285200,0.0,False
2021-06-29,35.279998779296875,35.41999816894531,35.16999816894531,35.25,34.79803466796875,200300,0.0,False
2021-06-30,35.09000015258789,35.09000015258789,34.76499938964844,34.95000076293945,34.50188446044922,304900,0.0,False
2021-07-01,34.97999954223633,35.005001068115234,34.529998779296875,34.709999084472656,34.26496505737305,315200,0.0,False
2021-07-02,34.95000076293945,35.11000061035156,34.66999816894531,34.84000015258789,34.39329528808594,389900,0.0,False
2021-07-06,34.95000076293945,34.9900016784668,34.59000015258789,34.849998474121094,34.403175354003906,493400,0.0,False
2021-07-07,35.13999938964844,35.13999938964844,34.43000030517578,34.529998779296875,34.0872688293457,423700,0.0,False
2021-07-08,33.93000030517578,34.369998931884766,33.7599983215332,34.18000030517578,33.741764068603516,614800,0.0,False
2021-07-09,34.54199981689453,34.779998779296875,34.45000076293945,34.779998779296875,34.33406448364258,455800,0.0,False
2021-07-12,34.83000183105469,35.15999984741211,34.81999969482422,35.150001525878906,34.69932556152344,343300,0.0,False
2021-07-13,35.08000183105469,35.08000183105469,34.61000061035156,34.61000061035156,34.16625213623047,502800,0.0,False
2021-07-14,34.810001373291016,34.810001373291016,34.209999084472656,34.220001220703125,33.78125,475300,0.0,False
2021-07-15,34.060001373291016,34.060001373291016,33.46500015258789,33.7400016784668,33.30739974975586,593500,0.0,False
2021-07-16,33.7599983215332,33.869998931884766,33.26499938964844,33.369998931884766,32.94214630126953,350000,0.0,False
2021-07-19,32.619998931884766,32.875,32.5,32.7599983215332,32.3399658203125,1579400,0.0,False
2021-07-20,32.83000183105469,33.43000030517578,32.68000030517578,33.34000015258789,32.91252899169922,425000,0.0,False
2021-07-21,33.54999923706055,33.880001068115234,33.400001525878906,33.869998931884766,33.43573760986328,472900,0.0,False
2021-07-22,34.0099983215332,34.040000915527344,33.709999084472656,33.79999923706055,33.36663055419922,282300,0.0,False
2021-07-23,33.970001220703125,33.970001220703125,33.68000030517578,33.86000061035156,33.425865173339844,229300,0.0,False
2021-07-26,33.75,33.939998626708984,33.68899917602539,33.880001068115234,33.445613861083984,297400,0.0,False
2021-07-27,33.72999954223633,33.72999954223633,33.13999938964844,33.47999954223633,33.05073547363281,623100,0.0,False
2021-07-28,33.540000915527344,34.04999923706055,33.540000915527344,33.91999816894531,33.4850959777832,725900,0.0,False
2021-07-29,34.209999084472656,34.349998474121094,34.16999816894531,34.220001220703125,33.78125,495500,0.0,False
2021-07-30,34.06999969482422,34.279998779296875,33.959999084472656,34.0099983215332,33.573936462402344,352700,0.0,False
2021-08-02,34.27000045776367,34.5,34.27000045776367,34.38999938964844,33.94906997680664,364300,0.0,False
2021-08-03,34.529998779296875,34.599998474121094,34.250999450683594,34.59000015258789,34.146507263183594,308600,0.0,False
2021-08-04,34.310001373291016,34.56999969482422,34.310001373291016,34.41999816894531,33.97867965698242,354000,0.0,False
2021-08-05,34.599998474121094,34.82500076293945,34.47999954223633,34.79999923706055,34.35381317138672,338100,0.0,False
2021-08-06,34.58000183105469,34.595001220703125,34.27000045776367,34.36000061035156,33.919456481933594,254900,0.0,False
2021-08-09,34.2400016784668,34.66699981689453,34.2400016784668,34.56999969482422,34.12675857543945,259200,0.0,False
2021-08-10,34.79999923706055,34.810001373291016,34.459999084472656,34.47999954223633,34.03791046142578,235700,0.0,False
2021-08-11,35.150001525878906,35.183998107910156,34.77000045776367,35.13999938964844,34.689453125,607500,0.0,False
2021-08-12,34.97999954223633,35.380001068115234,34.97999954223633,35.27000045776367,34.81779098510742,457400,0.0,False
2021-08-13,35.099998474121094,35.43000030517578,35.099998474121094,35.43000030517578,34.97574234008789,345200,0.0,False
2021-08-16,34.970001220703125,35.060001373291016,34.650001525878906,35.0,34.551246643066406,676600,0.0,False
2021-08-17,34.38999938964844,34.775001525878906,34.31999969482422,34.689998626708984,34.24522018432617,1252100,0.0,False
2021-08-18,34.61000061035156,35.0,34.560001373291016,34.689998626708984,34.24522018432617,456000,0.0,False
2021-08-19,34.3849983215332,34.84700012207031,34.25,34.5,34.05765914916992,588700,0.0,False
2021-08-20,34.470001220703125,34.779998779296875,34.45100021362305,34.70000076293945,34.255096435546875,397600,0.0,False
2021-08-23,35.2599983215332,35.775001525878906,35.220001220703125,35.7400016784668,35.281761169433594,502600,0.0,False
2021-08-24,35.84000015258789,36.54999923706055,35.84000015258789,36.439998626708984,35.97278594970703,500800,0.0,False
2021-08-25,36.29999923706055,36.41600036621094,36.18000030517578,36.25,35.78521728515625,446300,0.0,False
2021-08-26,36.22999954223633,36.41999816894531,35.9900016784668,36.189998626708984,35.72599411010742,648500,0.0,False
2021-08-27,36.119998931884766,36.79999923706055,36.119998931884766,36.79999923706055,36.32817077636719,395700,0.0,False
2021-08-30,36.79999923706055,36.89500045776367,36.564998626708984,36.599998474121094,36.13072967529297,401100,0.0,False
2021-08-31,36.810001373291016,36.847999572753906,36.60499954223633,36.66999816894531,36.199832916259766,410400,0.0,False
2021-09-01,36.9900016784668,37.36000061035156,36.9900016784668,37.29999923706055,36.82175827026367,752800,0.0,False
2021-09-02,37.54999923706055,37.900001525878906,37.47999954223633,37.709999084472656,37.22650146484375,564800,0.0,False
2021-09-03,38.09000015258789,38.47999954223633,38.08000183105469,38.459999084472656,37.966880798339844,834500,0.0,False
2021-09-07,38.75,39.01499938964844,38.5099983215332,38.90999984741211,38.41111755371094,1744400,0.0,False
2021-09-08,38.79999923706055,38.869998931884766,38.220001220703125,38.5,38.006378173828125,691100,0.0,False
2021-09-09,38.720001220703125,39.0,38.619998931884766,38.90999984741211,38.41111755371094,456400,0.0,False
2021-09-10,39.18000030517578,39.28499984741211,38.439998626708984,38.439998626708984,37.9471435546875,805400,0.0,False
2021-09-13,39.029998779296875,39.029998779296875,38.43000030517578,38.849998474121094,38.351890563964844,657800,0.0,False
2021-09-14,38.900001525878906,39.04499816894531,38.529998779296875,38.61000061035156,38.114959716796875,500000,0.0,False
2021-09-15,38.810001373291016,39.150001525878906,38.650001525878906,39.150001525878906,38.64804458618164,575100,0.0,False
2021-09-16,38.84000015258789,39.03499984741211,38.630001068115234,39.0,38.49996566772461,369100,0.0,False
2021-09-17,39.029998779296875,39.12799835205078,38.72999954223633,39.0,38.49996566772461,405800,0.0,False
2021-09-20,38.0,38.43000030517578,37.77000045776367,38.13999938964844,37.65098571777344,895500,0.0,False
2021-09-21,38.529998779296875,38.90999984741211,38.349998474121094,38.689998626708984,38.193931579589844,627600,0.0,False
2021-09-22,38.70000076293945,38.88999938964844,38.47999954223633,38.70000076293945,38.20381164550781,433800,0.0,False
2021-09-23,38.959999084472656,39.44499969482422,38.90999984741211,39.38999938964844,38.88496398925781,607800,0.0,False
2021-09-24,38.88999938964844,38.93000030517578,38.65999984741211,38.77000045776367,38.27291488647461,945200,0.0,False
2021-09-27,38.31999969482422,38.54499816894531,37.93199920654297,38.31999969482422,37.828678131103516,567000,0.0,False
2021-09-28,37.5099983215332,37.619998931884766,36.91699981689453,36.959999084472656,36.48611831665039,730800,0.0,False
2021-09-29,37.13999938964844,37.2400016784668,36.66999816894531,36.720001220703125,36.249202728271484,428300,0.0,False
2021-09-30,36.880001068115234,37.060001373291016,36.52000045776367,36.56999969482422,36.10111999511719,504900,0.0,False
2021-10-01,36.31999969482422,36.38999938964844,35.540000915527344,36.119998931884766,35.656883239746094,1375100,0.0,False
2021-10-04,35.630001068115234,35.63999938964844,34.599998474121094,34.77000045776367,34.32419967651367,1399800,0.0,False
2021-10-05,35.09000015258789,35.41999816894531,34.880001068115234,35.25,34.79803466796875,776300,0.0,False
2021-10-06,34.560001373291016,35.25,34.369998931884766,35.220001220703125,34.768428802490234,1023400,0.0,False
2021-10-07,35.599998474121094,35.994998931884766,35.58000183105469,35.63999938964844,35.183040618896484,472800,0.0,False
2021-10-08,35.779998779296875,35.88999938964844,35.38999938964844,35.43000030517578,34.97574234008789,893600,0.0,False
2021-10-11,35.5099983215332,35.720001220703125,35.20000076293945,35.20000076293945,34.74868392944336,374100,0.0,False
2021-10-12,35.29999923706055,35.54999923706055,35.16999816894531,35.439998626708984,34.98560333251953,652100,0.0,False
2021-10-13,35.68000030517578,35.900001525878906,35.47999954223633,35.900001525878906,35.4397087097168,466000,0.0,False
2021-10-14,36.47999954223633,36.97999954223633,36.369998931884766,36.97999954223633,36.505863189697266,673800,0.0,False
2021-10-15,37.5099983215332,37.74700164794922,37.380001068115234,37.54999923706055,37.06855392456055,456700,0.0,False
2021-10-18,37.099998474121094,37.43000030517578,36.77000045776367,37.33000183105469,36.85137939453125,484200,0.0,False
2021-10-19,37.630001068115234,37.888999938964844,37.529998779296875,37.61000061035156,37.127784729003906,398900,0.0,False
2021-10-20,37.5,37.599998474121094,37.2400016784668,37.43000030517578,36.950096130371094,671000,0.0,False
2021-10-21,37.130001068115234,37.375,37.0,37.119998931884766,36.64406204223633,496000,0.0,False
2021-10-22,37.369998931884766,37.369998931884766,36.97999954223633,37.11000061035156,36.634193420410156,511900,0.0,False
2021-10-25,37.13999938964844,37.625,37.02000045776367,37.529998779296875,37.048805236816406,521300,0.0,False
2021-10-26,37.709999084472656,37.95000076293945,37.040000915527344,37.220001220703125,36.74278259277344,1128500,0.0,False
2021-10-27,36.90999984741211,37.07500076293945,36.59000015258789,36.599998474121094,36.13072967529297,706500,0.0,False
2021-10-28,36.970001220703125,37.4900016784668,36.95000076293945,37.47999954223633,36.999454498291016,616600,0.0,False
2021-10-29,37.400001525878906,37.689998626708984,37.400001525878906,37.68000030517578,37.19689178466797,339200,0.0,False
2021-11-01,38.060001373291016,38.4900016784668,38.040000915527344,38.47999954223633,37.986629486083984,656100,0.0,False
2021-11-02,38.5099983215332,38.650001525878906,38.400001525878906,38.650001525878906,38.154457092285156,468300,0.0,False
2021-11-03,38.70000076293945,39.0,38.46799850463867,38.97999954223633,38.4802131652832,546000,0.0,False
2021-11-04,39.38999938964844,39.9900016784668,39.35900115966797,39.77000045776367,39.26008987426758,675000,0.0,False
2021-11-05,39.970001220703125,39.98500061035156,39.459999084472656,39.75,39.2403450012207,611800,0.0,False
2021-11-08,39.75,39.88999938964844,39.54999923706055,39.83000183105469,39.31931686401367,430600,0.0,False
2021-11-09,39.939998626708984,39.9900016784668,39.310001373291016,39.43000030517578,38.92444610595703,472100,0.0,False
2021-11-10,38.051998138427734,38.65700149536133,37.60499954223633,37.810001373291016,37.32522201538086,1062800,0.0,False
2021-11-11,38.36000061035156,38.369998931884766,37.86000061035156,37.88999938964844,37.40419387817383,368100,0.0,False
2021-11-12,37.9900016784668,38.470001220703125,37.95000076293945,38.470001220703125,37.97676086425781,418400,0.0,False
2021-11-15,38.720001220703125,38.7599983215332,37.91999816894531,38.060001373291016,37.57201385498047,608000,0.0,False
2021-11-16,37.93000030517578,38.27000045776367,37.84000015258789,38.220001220703125,37.72996139526367,417000,0.0,False
2021-11-17,38.310001373291016,38.380001068115234,38.060001373291016,38.119998931884766,37.63124084472656,547400,0.0,False
2021-11-18,38.65999984741211,38.79999923706055,38.165000915527344,38.38999938964844,37.897789001464844,777600,0.0,False
2021-11-19,38.470001220703125,38.57899856567383,38.27000045776367,38.31999969482422,37.828678131103516,412500,0.0,False
2021-11-22,38.380001068115234,38.4900016784668,37.470001220703125,37.470001220703125,36.98957443237305,580500,0.0,False
2021-11-23,37.369998931884766,37.47999954223633,36.619998931884766,37.0099983215332,36.53547668457031,581500,0.0,False
2021-11-24,36.5099983215332,37.2400016784668,36.33000183105469,37.209999084472656,36.732913970947266,414700,0.0,False
2021-11-26,36.45000076293945,36.68000030517578,36.119998931884766,36.31999969482422,35.85432052612305,575800,0.0,False
2021-11-29,36.779998779296875,37.04999923706055,36.400001525878906,36.869998931884766,36.39727020263672,599400,0.0,False
2021-11-30,36.65999984741211,37.0,35.9109992980957,36.20000076293945,35.73586654663086,556700,0.0,False
2021-12-01,37.0099983215332,37.0099983215332,35.40999984741211,35.40999984741211,34.95598602294922,630600,0.0,False
2021-12-02,35.65999984741211,36.16999816894531,35.41999816894531,36.04999923706055,35.58778381347656,595500,0.0,False
2021-12-03,36.30500030517578,36.30500030517578,35.02000045776367,35.47999954223633,35.02509307861328,645700,0.0,False
2021-12-06,35.459999084472656,35.790000915527344,34.790000915527344,35.720001220703125,35.262020111083984,534400,0.0,False
2021-12-07,36.52000045776367,37.119998931884766,36.439998626708984,37.029998779296875,36.55522155761719,456900,0.0,False
2021-12-08,37.15999984741211,37.39500045776367,36.83000183105469,37.2599983215332,36.78227233886719,485600,0.0,False
2021-12-09,36.880001068115234,37.13999938964844,36.209999084472656,36.209999084472656,35.745731353759766,713400,0.0,False
2021-12-10,36.75,36.75,36.060001373291016,36.16999816894531,35.70624542236328,335000,0.0,False
2021-12-13,36.220001220703125,36.310001373291016,35.58000183105469,35.59000015258789,35.13368606567383,485600,0.0,False
2021-12-14,35.220001220703125,35.36000061035156,34.720001220703125,35.04999923706055,34.60060501098633,554500,0.0,False
2021-12-15,35.11000061035156,35.97999954223633,34.834999084472656,35.97999954223633,35.518680572509766,687900,0.0,False
2021-12-16,36.40999984741211,36.439998626708984,35.189998626708984,35.290000915527344,34.83753204345703,563100,0.0,False
2021-12-17,34.869998931884766,35.43000030517578,34.685001373291016,35.04999923706055,34.60060501098633,441300,0.0,False
2021-12-20,34.52000045776367,34.7400016784668,34.380001068115234,34.68000030517578,34.2353515625,509000,0.0,False
2021-12-21,35.02000045776367,35.70000076293945,34.91999816894531,35.689998626708984,35.232398986816406,456600,0.0,False
2021-12-22,35.5099983215332,36.0,35.36000061035156,35.959999084472656,35.498939514160156,305800,0.0,False
2021-12-23,36.060001373291016,36.43000030517578,35.95000076293945,36.33000183105469,35.86419677734375,620200,0.0,False
2021-12-27,36.43000030517578,36.85499954223633,36.3849983215332,36.79999923706055,36.32817077636719,528800,0.0,False
2021-12-28,36.79999923706055,36.869998931884766,36.36000061035156,36.380001068115234,35.91355514526367,385200,0.0,False
2021-12-29,36.29999923706055,36.36000061035156,35.81999969482422,35.9900016784668,35.52855682373047,454600,0.0,False
2021-12-30,35.91999816894531,36.36000061035156,35.91999816894531,36.099998474121094,35.637142181396484,273700,0.0,False
2021-12-31,36.09000015258789,36.220001220703125,35.939998626708984,35.939998626708984,35.47919845581055,232300,0.0,False
2022-01-03,36.150001525878906,36.22999954223633,35.81999969482422,36.09000015258789,35.62727355957031,295600,0.0,False
2022-01-04,36.2599983215332,36.29999923706055,35.529998779296875,35.869998931884766,35.41009521484375,549700,0.0,False
2022-01-05,35.79999923706055,36.06999969482422,34.79999923706055,34.79999923706055,34.35381317138672,730600,0.0,False
2022-01-06,34.5099983215332,34.78499984741211,34.09000015258789,34.470001220703125,34.028045654296875,827300,0.0,False
2022-01-07,34.150001525878906,34.38999938964844,33.709999084472656,33.900001525878906,33.46535110473633,569100,0.0,False
2022-01-10,33.38999938964844,33.45000076293945,32.689998626708984,33.43000030517578,33.00137710571289,1029700,0.0,False
2022-01-11,33.07500076293945,33.68000030517578,32.81999969482422,33.630001068115234,33.19881057739258,942800,0.0,False
2022-01-12,34.09000015258789,34.2599983215332,33.779998779296875,33.97999954223633,33.54433059692383,460800,0.0,False
2022-01-13,33.79999923706055,33.79999923706055,32.67499923706055,32.7400016784668,32.32022476196289,1025000,0.0,False
2022-01-14,32.369998931884766,32.52000045776367,31.84000015258789,32.18000030517578,31.767404556274414,827800,0.0,False
2022-01-18,31.719999313354492,31.719999313354492,31.15999984741211,31.229999542236328,30.829587936401367,867300,0.0,False
2022-01-19,31.34000015258789,31.469999313354492,30.780000686645508,30.799999237060547,30.40509796142578,775400,0.0,False
2022-01-20,31.049999237060547,31.549999237060547,30.530000686645508,30.549999237060547,30.15830421447754,773700,0.0,False
2022-01-21,30.18000030517578,30.299999237060547,29.475000381469727,29.489999771118164,29.111896514892578,1233100,0.0,False
2022-01-24,28.68000030517578,29.35700035095215,27.84000015258789,29.299999237060547,28.92432975769043,1529800,0.0,False
2022-01-25,28.770000457763672,29.209999084472656,28.459999084472656,28.809999465942383,28.44061279296875,868500,0.0,False
2022-01-26,29.459999084472656,29.809999465942383,28.53499984741211,28.75,28.38138198852539,1574300,0.0,False
2022-01-27,28.889999389648438,28.989999771118164,27.979999542236328,28.079999923706055,27.719972610473633,1111300,0.0,False
2022-01-28,27.8700008392334,28.389999389648438,27.450000762939453,28.389999389648438,28.025999069213867,939800,0.0,False
2022-01-31,28.6299991607666,29.700000762939453,28.5,29.700000762939453,29.319202423095703,649000,0.0,False
2022-02-01,30.100000381469727,30.174999237060547,29.549999237060547,30.149999618530273,29.763429641723633,695800,0.0,False
2022-02-02,30.700000762939453,30.700000762939453,30.049999237060547,30.31999969482422,29.93125343322754,764000,0.0,False
2022-02-03,29.469999313354492,29.625,28.940000534057617,28.969999313354492,28.59855842590332,802600,0.0,False
2022-02-04,29.0,29.350000381469727,28.729999542236328,29.15999984741211,28.786123275756836,410700,0.0,False
2022-02-07,29.200000762939453,29.489999771118164,29.040000915527344,29.15999984741211,28.786123275756836,308300,0.0,False
2022-02-08,29.1200008392334,29.510000228881836,28.940000534057617,29.469999313354492,29.092151641845703,423500,0.0,False
2022-02-09,30.0,30.479999542236328,29.93000030517578,30.479999542236328,30.08919906616211,652000,0.0,False
2022-02-10,29.84000015258789,30.625,29.709999084472656,29.809999465942383,29.427791595458984,716700,0.0,False
2022-02-11,29.729999542236328,29.899999618530273,28.81999969482422,28.940000534057617,28.56894874572754,674400,0.0,False
2022-02-14,28.799999237060547,29.190000534057617,28.610000610351562,28.860000610351562,28.489974975585938,594300,0.0,False
2022-02-15,29.540000915527344,30.020000457763672,29.399999618530273,30.020000457763672,29.635099411010742,673100,0.0,False
2022-02-16,30.15999984741211,30.545000076293945,29.8700008392334,30.469999313354492,30.079330444335938,770300,0.0,False
2022-02-17,30.173999786376953,30.20199966430664,29.440000534057617,29.459999084472656,29.082279205322266,487100,0.0,False
2022-02-18,29.209999084472656,29.280000686645508,28.540000915527344,28.709999084472656,28.341894149780273,634500,0.0,False
2022-02-22,28.520000457763672,29.010000228881836,28.184999465942383,28.450000762939453,28.085227966308594,753600,0.0,False
2022-02-23,28.809999465942383,28.809999465942383,27.610000610351562,27.690000534057617,27.334972381591797,503900,0.0,False
2022-02-24,26.709999084472656,28.43899917602539,26.59000015258789,28.399999618530273,28.035865783691406,1335200,0.0,False
2022-02-25,28.850000381469727,29.299999237060547,28.469999313354492,29.299999237060547,28.92432975769043,680600,0.0,False
2022-02-28,28.979999542236328,29.799999237060547,28.979999542236328,29.56999969482422,29.19087028503418,824200,0.0,False
2022-03-01,29.639999389648438,29.785999298095703,28.770000457763672,29.020000457763672,28.64792251586914,535900,0.0,False
2022-03-02,29.440000534057617,29.809999465942383,29.040000915527344,29.739999771118164,29.358686447143555,728500,0.0,False
2022-03-03,29.690000534057617,29.690000534057617,28.975000381469727,29.139999389648438,28.766380310058594,689200,0.0,False
2022-03-04,28.59000015258789,28.719999313354492,27.809999465942383,28.09000015258789,27.72984504699707,938000,0.0,False
2022-03-07,27.6200008392334,27.71500015258789,26.6200008392334,26.6200008392334,26.27869415283203,805900,0.0,False
2022-03-08,26.81999969482422,27.469999313354492,26.350000381469727,26.709999084472656,26.367536544799805,690700,0.0,False
2022-03-09,27.5,27.940000534057617,27.329999923706055,27.809999465942383,27.453433990478516,527900,0.0,False
2022-03-10,27.420000076293945,27.510000228881836,27.01099967956543,27.329999923706055,26.97958755493164,606400,0.0,False
2022-03-11,27.510000228881836,27.549999237060547,26.530000686645508,26.530000686645508,26.18984603881836,597900,0.0,False
2022-03-14,26.579999923706055,26.81999969482422,26.014999389648438,26.1299991607666,25.79497528076172,523900,0.0,False
2022-03-15,26.010000228881836,26.565000534057617,25.809999465942383,26.540000915527344,26.199718475341797,530300,0.0,False
2022-03-16,27.149999618530273,27.860000610351562,26.920000076293945,27.860000610351562,27.50279426574707,791600,0.0,False
2022-03-17,27.989999771118164,28.75,27.989999771118164,28.75,28.38138198852539,571100,0.0,False
2022-03-18,28.6299991607666,29.614999771118164,28.56999969482422,29.559999465942383,29.18099594116211,603200,0.0,False
2022-03-21,29.59000015258789,29.760000228881836,29.149999618530273,29.389999389648438,29.0131778717041,774800,0.0,False
2022-03-22,29.1200008392334,29.524999618530273,29.049999237060547,29.459999084472656,29.082279205322266,426900,0.0,False
2022-03-23,29.200000762939453,29.295000076293945,28.75,28.75,28.38138198852539,521600,0.0,False
2022-03-24,29.0,29.40999984741211,28.799999237060547,29.40999984741211,29.032920837402344,664900,0.0,False
2022-03-25,29.299999237060547,29.309999465942383,28.729000091552734,29.0,28.628175735473633,465600,0.0,False
2022-03-28,28.809999465942383,29.079999923706055,28.530000686645508,29.079999923706055,28.707149505615234,372200,0.0,False
2022-03-29,29.56999969482422,29.969999313354492,29.5310001373291,29.959999084472656,29.57586669921875,521400,0.0,False
2022-03-30,29.770000457763672,29.950000762939453,29.354999542236328,29.5,29.12176513671875,523900,0.0,False
2022-03-31,29.520000457763672,29.639999389648438,29.0,29.010000228881836,28.638050079345703,443100,0.0,False
2022-04-01,29.18000030517578,29.209999084472656,28.81999969482422,29.110000610351562,28.736764907836914,335400,0.0,False
2022-04-04,29.110000610351562,29.389999389648438,29.059999465942383,29.3700008392334,28.993432998657227,416100,0.0,False
2022-04-05,29.350000381469727,29.350000381469727,28.405000686645508,28.510000228881836,28.144458770751953,350200,0.0,False
2022-04-06,28.010000228881836,28.010000228881836,27.375,27.65999984741211,27.305356979370117,804600,0.0,False
2022-04-07,27.549999237060547,27.799999237060547,27.2549991607666,27.6200008392334,27.265871047973633,409500,0.0,False
2022-04-08,27.389999389648438,27.540000915527344,27.18000030517578,27.229999542236328,26.880868911743164,490300,0.0,False
2022-04-11,26.6200008392334,26.639999389648438,26.270000457763672,26.31999969482422,25.982540130615234,782600,0.0,False
2022-04-12,26.389999389648438,26.670000076293945,25.825000762939453,25.90999984741211,25.577795028686523,794400,0.0,False
2022-04-13,26.059999465942383,26.6200008392334,26.010000228881836,26.56999969482422,26.229331970214844,617300,0.0,False
2022-04-14,26.700000762939453,26.719999313354492,26.06999969482422,26.06999969482422,25.735742568969727,450600,0.0,False
2022-04-18,25.760000228881836,25.979999542236328,25.600000381469727,25.799999237060547,25.469207763671875,657200,0.0,False
2022-04-19,25.84000015258789,26.360000610351562,25.770000457763672,26.329999923706055,25.99241065979004,533400,0.0,False
2022-04-20,26.520000457763672,26.57900047302246,26.110000610351562,26.170000076293945,25.834463119506836,567800,0.0,False
2022-04-21,26.739999771118164,26.920000076293945,25.649999618530273,25.729999542236328,25.400102615356445,401800,0.0,False
2022-04-22,25.5,25.540000915527344,24.75,24.790000915527344,24.472156524658203,612800,0.0,False
2022-04-25,24.489999771118164,24.940000534057617,24.440000534057617,24.920000076293945,24.600486755371094,694400,0.0,False
2022-04-26,24.719999313354492,24.719999313354492,23.829999923706055,23.829999923706055,23.52446174621582,1289400,0.0,False
2022-04-27,24.0,24.239999771118164,23.670000076293945,23.709999084472656,23.4060001373291,862600,0.0,False
2022-04-28,23.950000762939453,24.479999542236328,23.56999969482422,24.350000381469727,24.037796020507812,780200,0.0,False
2022-04-29,24.329999923706055,24.739999771118164,23.825000762939453,23.850000381469727,23.544206619262695,624900,0.0,False
2022-05-02,23.649999618530273,24.1200008392334,23.489999771118164,24.1200008392334,23.810747146606445,503100,0.0,False
2022-05-03,24.059999465942383,24.239999771118164,23.809999465942383,24.100000381469727,23.790998458862305,828400,0.0,False
2022-05-04,24.18000030517578,24.985000610351562,23.829999923706055,24.959999084472656,24.63997459411621,1013500,0.0,False
2022-05-05,24.670000076293945,24.670000076293945,23.524999618530273,23.790000915527344,23.484975814819336,1102000,0.0,False
2022-05-06,23.540000915527344,23.579999923706055,22.950000762939453,23.219999313354492,22.922283172607422,1207300,0.0,False
2022-05-09,22.729999542236328,22.729999542236328,21.885000228881836,21.969999313354492,21.688308715820312,1244800,0.0,False
2022-05-10,21.979999542236328,22.07900047302246,21.350000381469727,21.690000534057617,21.411903381347656,1925500,0.0,False
2022-05-11,21.59000015258789,21.979999542236328,21.190000534057617,21.219999313354492,20.947927474975586,1060200,0.0,False
2022-05-12,21.0,21.6200008392334,20.8799991607666,21.290000915527344,21.017032623291016,2501500,0.0,False
2022-05-13,21.790000915527344,22.5,21.790000915527344,22.459999084472656,22.172025680541992,762100,0.0,False
2022-05-16,22.329999923706055,22.565000534057617,22.170000076293945,22.290000915527344,22.00421142578125,603400,0.0,False
2022-05-17,22.780000686645508,23.014999389648438,22.56999969482422,23.0,22.705106735229492,705500,0.0,False
2022-05-18,22.729999542236328,23.059999465942383,22.290000915527344,22.3700008392334,22.08318519592285,647000,0.0,False
2022-05-19,22.450000762939453,23.03499984741211,22.420000076293945,22.799999237060547,22.507667541503906,879400,0.0,False
2022-05-20,23.0,23.030000686645508,22.05500030517578,22.579999923706055,22.29049301147461,705100,0.0,False
2022-05-23,22.799999237060547,22.940000534057617,22.59000015258789,22.850000381469727,22.557029724121094,516500,0.0,False
2022-05-24,22.65999984741211,22.68899917602539,22.229999542236328,22.450000762939453,22.162158966064453,617000,0.0,False
2022-05-25,22.25,22.860000610351562,22.25,22.729999542236328,22.438568115234375,469000,0.0,False
2022-05-26,22.520000457763672,23.270000457763672,22.5049991607666,23.18000030517578,22.882795333862305,635800,0.0,False
2022-05-27,23.270000457763672,23.780000686645508,23.270000457763672,23.780000686645508,23.4751033782959,472200,0.0,False
2022-05-31,24.04800033569336,24.079999923706055,23.690000534057617,23.850000381469727,23.544206619262695,528300,0.0,False
2022-06-01,24.030000686645508,24.155000686645508,23.329999923706055,23.440000534057617,23.139463424682617,496000,0.0,False
2022-06-02,23.579999923706055,24.40999984741211,23.559999465942383,24.40999984741211,24.097026824951172,669700,0.0,False
2022-06-03,23.979999542236328,24.084999084472656,23.674999237060547,23.739999771118164,23.435619354248047,371800,0.0,False
2022-06-06,24.15999984741211,24.190000534057617,23.700000762939453,23.790000915527344,23.484975814819336,408000,0.0,False
2022-06-07,23.5,23.9950008392334,23.420000076293945,23.979999542236328,23.67254066467285,370400,0.0,False
2022-06-08,23.709999084472656,24.020000457763672,23.649999618530273,23.700000762939453,23.39613151550293,398900,0.0,False
2022-06-09,23.600000381469727,23.700000762939453,23.110000610351562,23.110000610351562,22.813695907592773,329000,0.0,False
2022-06-10,22.670000076293945,22.760000228881836,22.290000915527344,22.309999465942383,22.023950576782227,586600,0.0,False
2022-06-13,21.3799991607666,21.520000457763672,20.969999313354492,21.030000686645508,20.760364532470703,1232600,0.0,False
2022-06-14,21.059999465942383,21.139999389648438,20.674999237060547,20.899999618530273,20.632028579711914,532100,0.0,False
2022-06-15,21.030000686645508,21.510000228881836,20.770000457763672,21.290000915527344,21.017032623291016,730700,0.0,False
2022-06-16,20.700000762939453,20.770000457763672,20.385000228881836,20.540000915527344,20.27664566040039,806200,0.0,False
2022-06-17,20.6299991607666,20.920000076293945,20.469999313354492,20.719999313354492,20.454336166381836,439500,0.0,False
2022-06-21,20.979999542236328,21.190000534057617,20.940000534057617,20.959999084472656,20.691261291503906,495300,0.0,False
2022-06-22,20.6299991607666,21.1299991607666,20.59000015258789,20.90999984741211,20.641902923583984,455900,0.0,False
2022-06-23,20.989999771118164,20.989999771118164,20.600000381469727,20.899999618530273,20.632028579711914,458300,0.0,False
2022-06-24,21.1299991607666,21.59000015258789,21.110000610351562,21.59000015258789,21.313182830810547,421800,0.0,False
2022-06-27,21.670000076293945,21.709999084472656,21.34000015258789,21.469999313354492,21.194721221923828,575800,0.0,False
2022-06-28,21.530000686645508,21.68000030517578,20.979999542236328,20.989999771118164,20.72087860107422,343200,0.0,False
2022-06-29,20.829999923706055,20.834999084472656,20.469999313354492,20.600000381469727,20.381515502929688,434800,0.0,False
2022-06-30,20.260000228881836,20.485000610351562,19.954999923706055,20.31999969482422,20.1044864654541,583300,0.0,False
2022-07-01,20.290000915527344,20.56999969482422,20.18000030517578,20.56999969482422,20.351831436157227,452800,0.0,False
2022-07-05,20.110000610351562,20.709999084472656,20.010000228881836,20.709999084472656,20.490346908569336,493300,0.0,False
2022-07-06,20.780000686645508,20.90999984741211,20.59000015258789,20.690000534057617,20.470561981201172,351300,0.0,False
2022-07-07,20.959999084472656,21.329999923706055,20.860000610351562,21.31999969482422,21.0938777923584,491500,0.0,False
2022-07-08,21.200000762939453,21.420000076293945,21.030000686645508,21.25,21.024621963500977,278100,0.0,False
2022-07-11,20.969999313354492,21.059999465942383,20.6299991607666,20.65999984741211,20.44087791442871,379000,0.0,False
2022-07-12,20.459999084472656,20.665000915527344,20.155000686645508,20.229999542236328,20.015439987182617,368200,0.0,False
2022-07-13,19.950000762939453,20.315000534057617,19.809999465942383,20.139999389648438,19.926393508911133,442600,0.0,False
2022-07-14,19.969999313354492,20.155000686645508,19.719999313354492,20.079999923706055,19.867029190063477,270500,0.0,False
2022-07-15,20.31999969482422,20.520000457763672,20.155000686645508,20.520000457763672,20.3023624420166,335800,0.0,False
2022-07-18,20.84000015258789,21.030000686645508,20.514999389648438,20.56999969482422,20.351831436157227,469100,0.0,False
2022-07-19,21.030000686645508,21.312000274658203,20.8799991607666,21.299999237060547,21.0740909576416,446200,0.0,False
2022-07-20,21.479999542236328,22.024999618530273,21.40999984741211,21.950000762939453,21.71719741821289,1932800,0.0,False
2022-07-21,22.0,22.3700008392334,21.94499969482422,22.3700008392334,22.13274383544922,517700,0.0,False
2022-07-22,22.309999465942383,22.40999984741211,21.735000610351562,21.8799991607666,21.647939682006836,464400,0.0,False
2022-07-25,21.709999084472656,21.709999084472656,21.5,21.639999389648438,21.41048240661621,432200,0.0,False
2022-07-26,21.450000762939453,21.468000411987305,21.1200008392334,21.139999389648438,20.915788650512695,589500,0.0,False
2022-07-27,21.479999542236328,22.040000915527344,21.40999984741211,21.959999084472656,21.72709083557129,462900,0.0,False
2022-07-28,21.959999084472656,22.225000381469727,21.708999633789062,22.190000534057617,21.95465087890625,1115200,0.0,False
2022-07-29,22.25,22.540000915527344,22.100000381469727,22.520000457763672,22.281150817871094,346500,0.0,False
2022-08-01,22.6200008392334,22.889999389648438,22.5,22.770000457763672,22.528499603271484,322300,0.0,False
2022-08-02,22.5,22.9950008392334,22.43000030517578,22.649999618530273,22.409770965576172,332000,0.0,False
2022-08-03,22.690000534057617,23.110000610351562,22.6299991607666,23.040000915527344,22.795639038085938,607000,0.0,False
2022-08-04,23.1299991607666,23.235000610351562,22.959999084472656,23.229999542236328,22.983619689941406,517200,0.0,False
2022-08-05,22.809999465942383,23.145000457763672,22.77199935913086,23.079999923706055,22.83521270751953,495000,0.0,False
2022-08-08,23.059999465942383,23.309999465942383,22.90999984741211,22.979999542236328,22.736270904541016,517500,0.0,False
2022-08-09,22.780000686645508,22.780000686645508,22.309999465942383,22.389999389648438,22.152530670166016,578200,0.0,False
2022-08-10,23.079999923706055,23.399999618530273,23.045000076293945,23.389999389648438,23.141923904418945,891500,0.0,False
2022-08-11,23.59000015258789,23.774999618530273,23.15999984741211,23.239999771118164,22.993518829345703,1575100,0.0,False
2022-08-12,23.440000534057617,23.760000228881836,23.3799991607666,23.760000228881836,23.50800132751465,558200,0.0,False
2022-08-15,23.700000762939453,23.825000762939453,23.59000015258789,23.799999237060547,23.547574996948242,376900,0.0,False
2022-08-16,23.549999237060547,23.68000030517578,23.280000686645508,23.549999237060547,23.30022621154785,354100,0.0,False
2022-08-17,23.260000228881836,23.260000228881836,22.93000030517578,23.049999237060547,22.80552864074707,492500,0.0,False
2022-08-18,23.059999465942383,23.1299991607666,22.940000534057617,23.049999237060547,22.80552864074707,310100,0.0,False
2022-08-19,22.780000686645508,22.780000686645508,22.264999389648438,22.31999969482422,22.083274841308594,671000,0.0,False
2022-08-22,21.940000534057617,21.972000122070312,21.579999923706055,21.610000610351562,21.38080406188965,558000,0.0,False
2022-08-23,21.610000610351562,21.924999237060547,21.575000762939453,21.600000381469727,21.370908737182617,380200,0.0,False
2022-08-24,21.610000610351562,21.905000686645508,21.579999923706055,21.770000457763672,21.539106369018555,247300,0.0,False
2022-08-25,21.799999237060547,22.1200008392334,21.729999542236328,22.1200008392334,21.885393142700195,350600,0.0,False
2022-08-26,22.110000610351562,22.110000610351562,21.21299934387207,21.219999313354492,20.994937896728516,514800,0.0,False
2022-08-29,20.959999084472656,21.145000457763672,20.899999618530273,20.920000076293945,20.698122024536133,731700,0.0,False
2022-08-30,21.079999923706055,21.190000534057617,20.600000381469727,20.719999313354492,20.500240325927734,419100,0.0,False
2022-08-31,20.829999923706055,20.934999465942383,20.579999923706055,20.600000381469727,20.381515502929688,290400,0.0,False
2022-09-01,20.209999084472656,20.219999313354492,19.78499984741211,20.139999389648438,19.926393508911133,662900,0.0,False
2022-09-02,20.34000015258789,20.389999389648438,19.850000381469727,19.940000534057617,19.728513717651367,575700,0.0,False
2022-09-06,20.010000228881836,20.049999237060547,19.739999771118164,19.84000015258789,19.629575729370117,356300,0.0,False
2022-09-07,19.579999923706055,20.100000381469727,19.530000686645508,20.09000015258789,19.876922607421875,456400,0.0,False
2022-09-08,19.969999313354492,20.40999984741211,19.8700008392334,20.40999984741211,20.193527221679688,262700,0.0,False
2022-09-09,20.719999313354492,21.030000686645508,20.719999313354492,21.010000228881836,20.78716468811035,326200,0.0,False
2022-09-12,21.209999084472656,21.30500030517578,21.104999542236328,21.25,21.024621963500977,379000,0.0,False
2022-09-13,20.520000457763672,20.6200008392334,20.049999237060547,20.06999969482422,19.85713768005371,539400,0.0,False
2022-09-14,20.049999237060547,20.125,19.860000610351562,20.049999237060547,19.83734703063965,409200,0.0,False
2022-09-15,19.8700008392334,20.18000030517578,19.7549991607666,19.790000915527344,19.580106735229492,656200,0.0,False
2022-09-16,19.6299991607666,19.6299991607666,19.283000946044922,19.43000030517578,19.223922729492188,592800,0.0,False
2022-09-19,19.229999542236328,19.469999313354492,19.219999313354492,19.459999084472656,19.253604888916016,253400,0.0,False
2022-09-20,19.25,19.40999984741211,19.1299991607666,19.25,19.045835494995117,302900,0.0,False
2022-09-21,19.329999923706055,19.670000076293945,19.030000686645508,19.030000686645508,18.828166961669922,466100,0.0,False
2022-09-22,19.040000915527344,19.05500030517578,18.56999969482422,18.649999618530273,18.45219612121582,542900,0.0,False
2022-09-23,18.389999389648438,18.475000381469727,18.100000381469727,18.31999969482422,18.12569808959961,493800,0.0,False
2022-09-26,18.290000915527344,18.600000381469727,18.139999389648438,18.209999084472656,18.016862869262695,458500,0.0,False
2022-09-27,18.43000030517578,18.540000915527344,18.093000411987305,18.229999542236328,18.036651611328125,430700,0.0,False
2022-09-28,18.299999237060547,18.764999389648438,18.209999084472656,18.700000762939453,18.501667022705078,517800,0.0,False
2022-09-29,18.31999969482422,18.399999618530273,18.0,18.200000762939453,18.006967544555664,868700,0.0,False
2022-09-30,18.139999389648438,18.549999237060547,18.079999923706055,18.079999923706055,17.888242721557617,420600,0.0,False
2022-10-03,18.34000015258789,18.719999313354492,18.18000030517578,18.6200008392334,18.422515869140625,463400,0.0,False
2022-10-04,19.059999465942383,19.530000686645508,19.059999465942383,19.530000686645508,19.32286262512207,423400,0.0,False
2022-10-05,19.170000076293945,19.454999923706055,18.989999771118164,19.329999923706055,19.124982833862305,481600,0.0,False
2022-10-06,19.280000686645508,19.513999938964844,19.149999618530273,19.18000030517578,18.97657585144043,404900,0.0,False
2022-10-07,18.93000030517578,19.0,18.5,18.559999465942383,18.363149642944336,397300,0.0,False
2022-10-10,18.559999465942383,18.579999923706055,18.15999984741211,18.280000686645508,18.086118698120117,644700,0.0,False
2022-10-11,18.170000076293945,18.360000610351562,17.829999923706055,18.040000915527344,17.84866714477539,476300,0.0,False
2022-10-12,18.100000381469727,18.1200008392334,17.8700008392334,18.010000228881836,17.81898307800293,321900,0.0,False
2022-10-13,17.540000915527344,18.40999984741211,17.329999923706055,18.31999969482422,18.12569808959961,555300,0.0,False
2022-10-14,18.34000015258789,18.420000076293945,17.65999984741211,17.670000076293945,17.482589721679688,401200,0.0,False
2022-10-17,18.040000915527344,18.399999618530273,18.040000915527344,18.31999969482422,18.12569808959961,430600,0.0,False
2022-10-18,18.760000228881836,18.899999618530273,18.389999389648438,18.56999969482422,18.373043060302734,363800,0.0,False
2022-10-19,18.540000915527344,18.739999771118164,18.299999237060547,18.40999984741211,18.214740753173828,293700,0.0,False
2022-10-20,18.399999618530273,18.790000915527344,18.315000534057617,18.329999923706055,18.135591506958008,349400,0.0,False
2022-10-21,18.25,18.75,18.049999237060547,18.729999542236328,18.531349182128906,455900,0.0,False
2022-10-24,18.639999389648438,18.815000534057617,18.44499969482422,18.760000228881836,18.5610294342041,231300,0.0,False
2022-10-25,18.950000762939453,19.59000015258789,18.8799991607666,19.579999923706055,19.372333526611328,520300,0.0,False
2022-10-26,19.479999542236328,20.020000457763672,19.450000762939453,19.600000381469727,19.39212417602539,393800,0.0,False
2022-10-27,19.68000030517578,19.8700008392334,19.5,19.520000457763672,19.312971115112305,424000,0.0,False
2022-10-28,19.399999618530273,19.780000686645508,19.31999969482422,19.780000686645508,19.57021141052246,426100,0.0,False
2022-10-31,19.639999389648438,19.75,19.530000686645508,19.6200008392334,19.411911010742188,345500,0.0,False
2022-11-01,20.239999771118164,20.260000228881836,19.760000228881836,19.799999237060547,19.589996337890625,245700,0.0,False
2022-11-02,19.639999389648438,19.790000915527344,18.950000762939453,18.950000762939453,18.749013900756836,489500,0.0,False
2022-11-03,18.68000030517578,19.09000015258789,18.649999618530273,18.8700008392334,18.669864654541016,472000,0.0,False
2022-11-04,19.3799991607666,19.540000915527344,19.084999084472656,19.43000030517578,19.223922729492188,746700,0.0,False
2022-11-07,19.600000381469727,19.729999542236328,19.440000534057617,19.68000030517578,19.471271514892578,422300,0.0,False
2022-11-08,19.940000534057617,20.190000534057617,19.684999465942383,19.940000534057617,19.728513717651367,434100,0.0,False
2022-11-09,19.709999084472656,19.770000457763672,19.399999618530273,19.420000076293945,19.21402931213379,280500,0.0,False
2022-11-10,20.350000381469727,20.969999313354492,20.350000381469727,20.969999313354492,20.747589111328125,533700,0.0,False
2022-11-11,21.280000686645508,21.80500030517578,21.25,21.760000228881836,21.529212951660156,1071900,0.0,False
2022-11-14,21.520000457763672,21.607999801635742,21.270000457763672,21.350000381469727,21.123559951782227,330000,0.0,False
2022-11-15,21.770000457763672,21.899999618530273,21.440000534057617,21.670000076293945,21.440166473388672,827400,0.0,False
2022-11-16,21.479999542236328,21.565000534057617,21.170000076293945,21.219999313354492,20.994937896728516,804800,0.0,False
2022-11-17,20.850000381469727,21.079999923706055,20.799999237060547,20.989999771118164,20.767379760742188,373100,0.0,False
2022-11-18,21.170000076293945,21.190000534057617,20.770000457763672,20.90999984741211,20.6882266998291,397300,0.0,False
2022-11-21,20.68000030517578,20.81999969482422,20.6299991607666,20.68000030517578,20.460668563842773,525600,0.0,False
2022-11-22,20.739999771118164,20.969999313354492,20.6200008392334,20.969999313354492,20.747589111328125,325400,0.0,False
2022-11-23,21.0,21.329999923706055,21.0,21.290000915527344,21.064199447631836,312700,0.0,False
2022-11-25,21.260000228881836,21.3700008392334,21.214000701904297,21.3700008392334,21.14335060119629,134300,0.0,False
2022-11-28,21.229999542236328,21.239999771118164,20.899999618530273,20.940000534057617,20.717906951904297,517100,0.0,False
2022-11-29,20.84000015258789,20.959999084472656,20.65999984741211,20.68000030517578,20.460668563842773,673300,0.0,False
2022-11-30,20.719999313354492,21.43000030517578,20.621000289916992,21.43000030517578,21.202713012695312,581800,0.0,False
2022-12-01,21.719999313354492,21.780000686645508,21.43000030517578,21.739999771118164,21.509422302246094,465500,0.0,False
2022-12-02,21.360000610351562,21.770000457763672,21.25,21.719999313354492,21.489635467529297,395700,0.0,False
2022-12-05,21.579999923706055,21.667999267578125,21.239999771118164,21.290000915527344,21.064199447631836,428800,0.0,False
2022-12-06,21.270000457763672,21.290000915527344,20.764999389648438,20.8700008392334,20.648651123046875,416500,0.0,False
2022-12-07,20.809999465942383,21.020000457763672,20.739999771118164,20.84000015258789,20.61897087097168,399900,0.0,False
2022-12-08,20.90999984741211,21.239999771118164,20.777999877929688,21.209999084472656,20.98504638671875,625200,0.0,False
2022-12-09,21.209999084472656,21.454999923706055,21.149999618530273,21.149999618530273,20.925682067871094,380600,0.0,False
2022-12-12,21.18000030517578,21.489999771118164,21.174999237060547,21.489999771118164,21.262073516845703,510300,0.0,False
2022-12-13,21.920000076293945,22.3799991607666,21.760000228881836,21.950000762939453,21.71719741821289,632300,0.0,False
2022-12-14,21.8799991607666,22.09000015258789,21.489999771118164,21.799999237060547,21.56878662109375,595600,0.0,False
2022-12-15,21.489999771118164,21.548999786376953,20.899999618530273,20.93000030517578,20.70801544189453,624400,0.0,False
2022-12-16,20.84000015258789,21.165000915527344,20.799999237060547,20.959999084472656,20.737695693969727,330800,0.0,False
2022-12-19,21.010000228881836,21.020000457763672,20.684999465942383,20.729999542236328,20.5101375579834,353300,0.0,False
2022-12-20,20.6200008392334,20.900999069213867,20.600000381469727,20.75,20.529922485351562,351600,0.0,False
2022-12-21,20.84000015258789,21.100000381469727,20.783000946044922,21.040000915527344,20.816848754882812,774500,0.0,False
2022-12-22,20.760000228881836,20.760000228881836,20.229999542236328,20.520000457763672,20.3023624420166,481400,0.0,False
2022-12-23,20.489999771118164,20.59000015258789,20.350000381469727,20.520000457763672,20.3023624420166,433800,0.0,False
2022-12-27,20.559999465942383,20.597999572753906,20.239999771118164,20.280000686645508,20.064908981323242,446300,0.0,False
2022-12-28,20.290000915527344,20.40999984741211,20.020000457763672,20.049999237060547,19.83734703063965,709500,0.0,False
2022-12-29,20.459999084472656,20.770000457763672,20.209999084472656,20.719999313354492,20.500240325927734,681400,0.0,False
2022-12-30,20.510000228881836,20.59000015258789,20.3799991607666,20.549999237060547,20.332046508789062,589600,0.0,False
2023-01-03,20.90999984741211,21.049999237060547,20.5,20.649999618530273,20.43098258972168,276800,0.0,False
2023-01-04,20.8700008392334,21.010000228881836,20.690000534057617,20.959999084472656,20.737695693969727,451100,0.0,False
2023-01-05,20.780000686645508,20.81399917602539,20.584999084472656,20.649999618530273,20.43098258972168,257200,0.0,False
2023-01-06,20.920000076293945,21.290000915527344,20.6200008392334,21.239999771118164,21.014726638793945,484700,0.0,False
2023-01-09,21.57699966430664,21.889999389648438,21.440000534057617,21.56999969482422,21.341224670410156,1319100,0.0,False
2023-01-10,21.530000686645508,21.709999084472656,21.450000762939453,21.709999084472656,21.47974395751953,524700,0.0,False
2023-01-11,21.940000534057617,22.149999618530273,21.8700008392334,22.139999389648438,21.905179977416992,455200,0.0,False
2023-01-12,22.3799991607666,22.440000534057617,21.8700008392334,22.440000534057617,22.202001571655273,481900,0.0,False
2023-01-13,22.18000030517578,22.5,22.100000381469727,22.489999771118164,22.251468658447266,883200,0.0,False
2023-01-17,22.700000762939453,22.84000015258789,22.530000686645508,22.84000015258789,22.59775733947754,561100,0.0,False
2023-01-18,23.149999618530273,23.239999771118164,22.649999618530273,22.649999618530273,22.409770965576172,444800,0.0,False
2023-01-19,22.510000228881836,22.610000610351562,22.329999923706055,22.399999618530273,22.162424087524414,604600,0.0,False
2023-01-20,22.559999465942383,22.8700008392334,22.34000015258789,22.8700008392334,22.627439498901367,1465300,0.0,False
2023-01-23,22.93000030517578,23.31999969482422,22.815000534057617,23.290000915527344,23.042987823486328,868900,0.0,False
2023-01-24,23.200000762939453,23.364999771118164,23.104999542236328,23.219999313354492,22.973724365234375,759700,0.0,False
2023-01-25,22.959999084472656,23.299999237060547,22.799999237060547,23.25,23.003408432006836,477000,0.0,False
2023-01-26,23.420000076293945,23.5,23.135000228881836,23.479999542236328,23.230968475341797,418400,0.0,False
2023-01-27,23.40999984741211,23.875,23.40999984741211,23.770000457763672,23.51789665222168,480000,0.0,False
2023-01-30,23.739999771118164,23.834999084472656,23.450000762939453,23.450000762939453,23.2012882232666,547100,0.0,False
2023-01-31,23.549999237060547,23.799999237060547,23.3700008392334,23.799999237060547,23.547574996948242,441000,0.0,False
2023-02-01,23.799999237060547,24.697999954223633,23.799999237060547,24.579999923706055,24.319303512573242,901200,0.0,False
2023-02-02,24.989999771118164,25.104999542236328,24.639999389648438,24.950000762939453,24.685382843017578,1063700,0.0,False
2023-02-03,24.6299991607666,24.8799991607666,24.40999984741211,24.549999237060547,24.28961944580078,482000,0.0,False
2023-02-06,24.200000762939453,24.395000457763672,24.09000015258789,24.18000030517578,23.923545837402344,708100,0.0,False
2023-02-07,24.329999923706055,24.700000762939453,24.104999542236328,24.65999984741211,24.398454666137695,551400,0.0,False
2023-02-08,24.639999389648438,24.68000030517578,24.25,24.280000686645508,24.022485733032227,620500,0.0,False
2023-02-09,24.65999984741211,24.729999542236328,23.9950008392334,24.020000457763672,23.765243530273438,735900,0.0,False
2023-02-10,23.950000762939453,24.030000686645508,23.731000900268555,23.8700008392334,23.616836547851562,511100,0.0,False
2023-02-13,23.90999984741211,24.079999923706055,23.739999771118164,24.0,23.745452880859375,428700,0.0,False
2023-02-14,23.93000030517578,24.309999465942383,23.65999984741211,24.25,23.992801666259766,635500,0.0,False
2023-02-15,24.020000457763672,24.31999969482422,23.90999984741211,24.280000686645508,24.022485733032227,843700,0.0,False
2023-02-16,24.0,24.219999313354492,23.81999969482422,23.950000762939453,23.695985794067383,392900,0.0,False
2023-02-17,23.65999984741211,23.709999084472656,23.39299964904785,23.579999923706055,23.329910278320312,380100,0.0,False
2023-02-21,23.34000015258789,23.399999618530273,22.93000030517578,22.93000030517578,22.686803817749023,664200,0.0,False
2023-02-22,22.920000076293945,23.110000610351562,22.790000915527344,22.90999984741211,22.667015075683594,435900,0.0,False
2023-02-23,23.450000762939453,23.59000015258789,23.15999984741211,23.459999084472656,23.211181640625,550400,0.0,False
2023-02-24,23.239999771118164,23.270000457763672,23.059999465942383,23.239999771118164,22.993518829345703,576900,0.0,False
2023-02-27,23.639999389648438,23.719999313354492,23.510000228881836,23.549999237060547,23.30022621154785,528500,0.0,False
2023-02-28,23.59000015258789,23.729999542236328,23.510000228881836,23.540000915527344,23.290334701538086,435400,0.0,False
2023-03-01,23.75,23.809999465942383,23.530000686645508,23.600000381469727,23.349695205688477,354000,0.0,False
2023-03-02,23.3799991607666,23.719999313354492,23.299999237060547,23.670000076293945,23.418954849243164,384700,0.0,False
2023-03-03,23.790000915527344,24.459999084472656,23.760000228881836,24.40999984741211,24.151105880737305,1047600,0.0,False
2023-03-06,24.610000610351562,24.610000610351562,24.290000915527344,24.299999237060547,24.04227066040039,2283300,0.0,False
2023-03-07,24.34000015258789,24.389999389648438,23.89299964904785,23.90999984741211,23.656408309936523,479500,0.0,False
2023-03-08,24.100000381469727,24.200000762939453,23.950000762939453,24.200000762939453,23.943330764770508,365500,0.0,False
2023-03-09,24.360000610351562,24.45400047302246,23.780000686645508,23.799999237060547,23.547574996948242,517900,0.0,False
2023-03-10,23.850000381469727,23.850000381469727,23.219999313354492,23.290000915527344,23.042987823486328,834800,0.0,False
2023-03-13,22.959999084472656,23.559999465942383,22.8799991607666,23.309999465942383,23.06277084350586,1073300,0.0,False
2023-03-14,23.670000076293945,23.760000228881836,23.440000534057617,23.709999084472656,23.458528518676758,425900,0.0,False
2023-03-15,23.139999389648438,23.459999084472656,22.799999237060547,23.15999984741211,22.914363861083984,909100,0.0,False
2023-03-16,23.280000686645508,24.0,23.280000686645508,23.989999771118164,23.73556137084961,928600,0.0,False
2023-03-17,23.84000015258789,24.020000457763672,23.655000686645508,23.760000228881836,23.50800132751465,886500,0.0,False
2023-03-20,23.8700008392334,24.094999313354492,23.825000762939453,24.049999237060547,23.794919967651367,714500,0.0,False
2023-03-21,24.280000686645508,24.55500030517578,24.15999984741211,24.510000228881836,24.250043869018555,823100,0.0,False
2023-03-22,24.65999984741211,24.854999542236328,24.21500015258789,24.229999542236328,23.973012924194336,674800,0.0,False
2023-03-23,24.530000686645508,24.7549991607666,24.264999389648438,24.450000762939453,24.19068145751953,861100,0.0,False
2023-03-24,24.3700008392334,24.3799991607666,24.13599967956543,24.360000610351562,24.101634979248047,1264400,0.0,False
2023-03-27,24.5,24.579999923706055,24.354999542236328,24.479999542236328,24.220361709594727,478600,0.0,False
2023-03-28,24.469999313354492,24.5,24.2549991607666,24.360000610351562,24.101634979248047,347800,0.0,False
2023-03-29,24.639999389648438,24.829999923706055,24.559999465942383,24.829999923706055,24.566652297973633,654700,0.0,False
2023-03-30,25.059999465942383,25.084999084472656,24.920000076293945,25.030000686645508,24.764530181884766,725300,0.0,False
2023-03-31,25.15999984741211,25.510000228881836,25.049999237060547,25.5,25.22954559326172,735900,0.0,False
2023-04-03,25.40999984741211,25.459999084472656,25.190000534057617,25.459999084472656,25.18996810913086,521800,0.0,False
2023-04-04,25.469999313354492,25.479999542236328,25.0,25.06999969482422,24.804105758666992,1358100,0.0,False
2023-04-05,24.83300018310547,24.860000610351562,24.440000534057617,24.59000015258789,24.32919692993164,612900,0.0,False
2023-04-06,24.40999984741211,24.584999084472656,24.2549991607666,24.5,24.240150451660156,480400,0.0,False
2023-04-10,24.389999389648438,24.690000534057617,24.270000457763672,24.690000534057617,24.428138732910156,404900,0.0,False
2023-04-11,24.770000457763672,24.84000015258789,24.6299991607666,24.729999542236328,24.467710494995117,454900,0.0,False
2023-04-12,25.0,25.049999237060547,24.6200008392334,24.639999389648438,24.378665924072266,348600,0.0,False
2023-04-13,24.889999389648438,25.09600067138672,24.780000686645508,25.049999237060547,24.78431510925293,1111800,0.0,False
2023-04-14,24.959999084472656,25.100000381469727,24.691999435424805,24.889999389648438,24.626012802124023,415100,0.0,False
2023-04-17,25.0,25.049999237060547,24.780000686645508,24.979999542236328,24.715063095092773,1105100,0.0,False
2023-04-18,25.200000762939453,25.200000762939453,25.0,25.100000381469727,24.833789825439453,515700,0.0,False
2023-04-19,24.989999771118164,25.149999618530273,24.985000610351562,25.1200008392334,24.853574752807617,503100,0.0,False
2023-04-20,24.979999542236328,25.190000534057617,24.899999618530273,25.0,24.734848022460938,656600,0.0,False
2023-04-21,25.1200008392334,25.209999084472656,24.922000885009766,25.200000762939453,24.932729721069336,353100,0.0,False
2023-04-24,25.079999923706055,25.219999313354492,24.985000610351562,25.110000610351562,24.84368133544922,441800,0.0,False
2023-04-25,25.0,25.034000396728516,24.6200008392334,24.6200008392334,24.35887908935547,492000,0.0,False
2023-04-26,24.799999237060547,24.799999237060547,24.479999542236328,24.530000686645508,24.269834518432617,410000,0.0,False
2023-04-27,24.719999313354492,25.0,24.690000534057617,25.0,24.734848022460938,1309600,0.0,False
2023-04-28,24.770000457763672,24.950000762939453,24.625,24.90999984741211,24.645803451538086,430600,0.0,False
2023-05-01,25.059999465942383,25.200000762939453,25.0,25.1200008392334,24.853574752807617,631800,0.0,False
2023-05-02,25.049999237060547,25.1200008392334,24.645000457763672,24.780000686645508,24.517181396484375,1351900,0.0,False
2023-05-03,24.790000915527344,25.110000610351562,24.739999771118164,24.860000610351562,24.596330642700195,500500,0.0,False
2023-05-04,24.8700008392334,24.985000610351562,24.790000915527344,24.920000076293945,24.65569496154785,730100,0.0,False
2023-05-05,25.139999389648438,25.354999542236328,25.030000686645508,25.299999237060547,25.031665802001953,522400,0.0,False
2023-05-08,25.3700008392334,25.3700008392334,25.079999923706055,25.31999969482422,25.051456451416016,546200,0.0,False
2023-05-09,25.200000762939453,25.329999923706055,25.15999984741211,25.280000686645508,25.011877059936523,326700,0.0,False
2023-05-10,25.5,25.649999618530273,25.326000213623047,25.56999969482422,25.298803329467773,713100,0.0,False
2023-05-11,25.649999618530273,25.649999618530273,25.334999084472656,25.479999542236328,25.20975685119629,582400,0.0,False
2023-05-12,25.579999923706055,25.59000015258789,25.209999084472656,25.360000610351562,25.091032028198242,567700,0.0,False
2023-05-15,25.510000228881836,25.739999771118164,25.329999923706055,25.729999542236328,25.45710563659668,617900,0.0,False
2023-05-16,25.639999389648438,25.75,25.5,25.649999618530273,25.377954483032227,617300,0.0,False
2023-05-17,25.690000534057617,25.920000076293945,25.5,25.899999618530273,25.625301361083984,1169600,0.0,False
2023-05-18,26.0,26.450000762939453,26.0,26.43000030517578,26.14968490600586,2033700,0.0,False
2023-05-19,26.670000076293945,26.674999237060547,26.5,26.579999923706055,26.298091888427734,1946500,0.0,False
2023-05-22,26.579999923706055,26.93000030517578,26.3799991607666,26.84000015258789,26.55533218383789,2095800,0.0,False
2023-05-23,26.579999923706055,26.690000534057617,26.219999313354492,26.219999313354492,25.94190788269043,897900,0.0,False
2023-05-24,26.100000381469727,26.239999771118164,25.959999084472656,26.139999389648438,25.862756729125977,763800,0.0,False
2023-05-25,27.06999969482422,27.139999389648438,26.690000534057617,26.93000030517578,26.644380569458008,2200400,0.0,False
2023-05-26,27.030000686645508,27.459999084472656,26.889999389648438,27.389999389648438,27.099498748779297,3338200,0.0,False
2023-05-30,27.84000015258789,27.996000289916992,27.545000076293945,27.780000686645508,27.485363006591797,4376100,0.0,False
2023-05-31,27.510000228881836,27.540000915527344,27.065000534057617,27.280000686645508,26.99066734313965,1327000,0.0,False
2023-06-01,27.299999237060547,27.90999984741211,27.149999618530273,27.81999969482422,27.52493667602539,1852200,0.0,False
2023-06-02,28.290000915527344,28.389999389648438,28.06999969482422,28.219999313354492,27.920696258544922,1796800,0.0,False
2023-06-05,28.3700008392334,28.559999465942383,28.204999923706055,28.440000534057617,28.138364791870117,2455900,0.0,False
2023-06-06,28.5,28.700000762939453,28.299999237060547,28.68000030517578,28.37582015991211,1590200,0.0,False
2023-06-07,28.6200008392334,28.677000045776367,28.0,28.0,27.703027725219727,1882500,0.0,False
2023-06-08,27.940000534057617,28.229999542236328,27.815000534057617,28.209999084472656,27.91080093383789,1208900,0.0,False
2023-06-09,28.420000076293945,28.604999542236328,28.19499969482422,28.34000015258789,28.0394229888916,1401300,0.0,False
2023-06-12,28.6200008392334,28.829999923706055,28.530000686645508,28.809999465942383,28.504438400268555,1581300,0.0,False
2023-06-13,29.18000030517578,29.3799991607666,28.950000762939453,29.299999237060547,28.989240646362305,2639900,0.0,False
2023-06-14,29.34000015258789,29.510000228881836,29.030000686645508,29.420000076293945,29.107969284057617,1746600,0.0,False
2023-06-15,29.329999923706055,29.81999969482422,29.18000030517578,29.719999313354492,29.404788970947266,2239100,0.0,False
2023-06-16,29.989999771118164,30.0,29.56999969482422,29.59000015258789,29.276166915893555,1784800,0.0,False
2023-06-20,29.450000762939453,29.450000762939453,29.030000686645508,29.280000686645508,28.96945571899414,1721600,0.0,False
2023-06-21,29.280000686645508,29.280000686645508,28.75,28.940000534057617,28.6330623626709,1921200,0.0,False
2023-06-22,28.579999923706055,28.81999969482422,28.450000762939453,28.700000762939453,28.395605087280273,1486400,0.0,False
2023-06-23,28.110000610351562,28.190000534057617,27.864999771118164,27.940000534057617,27.643667221069336,2040900,0.0,False
2023-06-26,28.010000228881836,28.21500015258789,27.729999542236328,27.760000228881836,27.465578079223633,1473200,0.0,False
2023-06-27,27.90999984741211,28.229999542236328,27.71500015258789,28.18000030517578,27.881120681762695,1437600,0.0,False
2023-06-28,28.11400032043457,28.510000228881836,28.100000381469727,28.40999984741211,28.108680725097656,1010500,0.0,False
2023-06-29,28.3700008392334,28.420000076293945,28.18199920654297,28.299999237060547,28.052181243896484,891600,0.0,False
2023-06-30,28.6200008392334,28.90999984741211,28.610000610351562,28.739999771118164,28.488327026367188,1913500,0.0,False
2023-07-03,28.920000076293945,28.950000762939453,28.780000686645508,28.8700008392334,28.617191314697266,898200,0.0,False
2023-07-05,28.59000015258789,28.68000030517578,28.440000534057617,28.530000686645508,28.280168533325195,1160500,0.0,False
2023-07-06,28.18000030517578,28.18000030517578,27.639999389648438,27.950000762939453,27.705245971679688,1339300,0.0,False
2023-07-07,27.950000762939453,28.489999771118164,27.899999618530273,28.209999084472656,27.962968826293945,1205400,0.0,False
2023-07-10,28.079999923706055,28.56999969482422,28.079999923706055,28.56999969482422,28.3198184967041,1340700,0.0,False
2023-07-11,28.75,28.899999618530273,28.6299991607666,28.889999389648438,28.637014389038086,1334400,0.0,False
2023-07-12,29.100000381469727,29.30699920654297,29.059999465942383,29.25,28.993864059448242,1531100,0.0,False
2023-07-13,29.649999618530273,29.920000076293945,29.530000686645508,29.8700008392334,29.608434677124023,1894400,0.0,False
2023-07-14,29.809999465942383,29.8700008392334,29.329999923706055,29.40999984741211,29.152462005615234,1431700,0.0,False
2023-07-17,29.5,29.84000015258789,29.329999923706055,29.780000686645508,29.519222259521484,2017300,0.0,False
2023-07-18,29.959999084472656,30.200000762939453,29.71500015258789,30.1299991607666,29.86615562438965,1990000,0.0,False
2023-07-19,30.260000228881836,30.260000228881836,29.850000381469727,29.940000534057617,29.67782211303711,2254400,0.0,False
2023-07-20,29.729999542236328,29.729999542236328,29.049999237060547,29.1299991607666,28.87491226196289,2583200,0.0,False
2023-07-21,29.209999084472656,29.350000381469727,28.90999984741211,28.940000534057617,28.68657875061035,2585000,0.0,False
2023-07-24,29.09000015258789,29.100000381469727,28.68000030517578,28.719999313354492,28.468503952026367,1697100,0.0,False
2023-07-25,28.84000015258789,29.209999084472656,28.7549991607666,29.059999465942383,28.805524826049805,1321100,0.0,False
2023-07-26,29.079999923706055,29.385000228881836,28.920000076293945,29.25,28.993864059448242,1139100,0.0,False
2023-07-27,29.729999542236328,29.780000686645508,28.889999389648438,28.969999313354492,28.716310501098633,1651300,0.0,False
2023-07-28,29.270000457763672,29.270000457763672,28.950000762939453,29.06999969482422,28.81543731689453,2380800,0.0,False
2023-07-31,29.020000457763672,29.149999618530273,28.860000610351562,29.139999389648438,28.884824752807617,2327300,0.0,False
2023-08-01,28.8799991607666,28.899999618530273,28.441999435424805,28.729999542236328,28.478416442871094,1138700,0.0,False
2023-08-02,28.270000457763672,28.280000686645508,27.510000228881836,27.709999084472656,27.46734619140625,2189000,0.0,False
2023-08-03,27.440000534057617,27.719999313354492,27.25,27.559999465942383,27.318660736083984,2413000,0.0,False
2023-08-04,27.8700008392334,27.940000534057617,27.485000610351562,27.530000686645508,27.288925170898438,1326600,0.0,False
2023-08-07,27.729999542236328,27.729999542236328,27.399999618530273,27.610000610351562,27.368223190307617,854200,0.0,False
2023-08-08,27.31999969482422,27.31999969482422,26.950000762939453,27.1200008392334,26.88251495361328,1142300,0.0,False
2023-08-09,26.975000381469727,26.989999771118164,26.40999984741211,26.520000457763672,26.287769317626953,1390800,0.0,False
2023-08-10,26.760000228881836,27.030000686645508,26.479999542236328,26.56999969482422,26.337331771850586,1082200,0.0,False
2023-08-11,26.3700008392334,26.450000762939453,26.200000762939453,26.290000915527344,26.059782028198242,1180100,0.0,False
2023-08-14,26.15999984741211,26.59000015258789,26.020000457763672,26.59000015258789,26.35715675354004,1071200,0.0,False
2023-08-15,26.479999542236328,26.639999389648438,26.280000686645508,26.290000915527344,26.059782028198242,671000,0.0,False
2023-08-16,26.190000534057617,26.219999313354492,25.809999465942383,25.809999465942383,25.583984375,1145600,0.0,False
2023-08-17,25.8799991607666,25.93000030517578,25.31999969482422,25.3799991607666,25.15774917602539,1633800,0.0,False
2023-08-18,25.110000610351562,25.5,25.100000381469727,25.420000076293945,25.197399139404297,1667800,0.0,False
2023-08-21,25.459999084472656,25.75,25.31999969482422,25.700000762939453,25.474950790405273,1139500,0.0,False
2023-08-22,25.969999313354492,25.969999313354492,25.520000457763672,25.56999969482422,25.346088409423828,763500,0.0,False
2023-08-23,25.75,26.17099952697754,25.704999923706055,26.110000610351562,25.88136100769043,998700,0.0,False
2023-08-24,26.389999389648438,26.389999389648438,25.6299991607666,25.649999618530273,25.425386428833008,3276500,0.0,False
2023-08-25,25.739999771118164,26.0,25.415000915527344,25.780000686645508,25.554248809814453,1028100,0.0,False
2023-08-28,26.010000228881836,26.174999237060547,25.875,26.1299991607666,25.901182174682617,853600,0.0,False
2023-08-29,26.010000228881836,26.636999130249023,25.90999984741211,26.610000610351562,26.376981735229492,1103200,0.0,False
2023-08-30,26.709999084472656,26.920000076293945,26.610000610351562,26.829999923706055,26.595054626464844,1084900,0.0,False
2023-08-31,26.889999389648438,26.959999084472656,26.670000076293945,26.729999542236328,26.495929718017578,1316100,0.0,False
2023-09-01,27.0,27.049999237060547,26.649999618530273,26.729999542236328,26.495929718017578,747800,0.0,False
2023-09-05,26.700000762939453,26.700000762939453,26.454999923706055,26.579999923706055,26.34724235534668,643800,0.0,False
2023-09-06,26.530000686645508,26.700000762939453,26.30500030517578,26.459999084472656,26.228294372558594,770100,0.0,False
2023-09-07,26.209999084472656,26.209999084472656,25.889999389648438,26.149999618530273,25.92100715637207,922300,0.0,False
2023-09-08,26.09000015258789,26.139999389648438,25.84000015258789,25.8700008392334,25.643461227416992,831300,0.0,False
2023-09-11,26.059999465942383,26.059999465942383,25.75,25.959999084472656,25.73267364501953,474100,0.0,False
2023-09-12,25.739999771118164,26.0,25.649999618530273,25.790000915527344,25.564159393310547,489500,0.0,False
2023-09-13,25.65999984741211,25.760000228881836,25.549999237060547,25.6299991607666,25.405559539794922,1063100,0.0,False
2023-09-14,25.8799991607666,25.93899917602539,25.639999389648438,25.790000915527344,25.564159393310547,972000,0.0,False
2023-09-15,25.75,25.790000915527344,25.34000015258789,25.420000076293945,25.197399139404297,1022300,0.0,False
2023-09-18,25.299999237060547,25.58099937438965,25.299999237060547,25.510000228881836,25.28661346435547,572900,0.0,False
2023-09-19,25.459999084472656,25.459999084472656,25.200000762939453,25.3700008392334,25.147838592529297,932300,0.0,False
2023-09-20,25.56999969482422,25.670000076293945,25.065000534057617,25.09000015258789,24.87029266357422,604800,0.0,False
2023-09-21,24.75,24.75,24.450000762939453,24.459999084472656,24.245807647705078,1542300,0.0,False
2023-09-22,24.649999618530273,24.75,24.5,24.56999969482422,24.35484504699707,694000,0.0,False
2023-09-25,24.40999984741211,24.6200008392334,24.329999923706055,24.6200008392334,24.404407501220703,949600,0.0,False
2023-09-26,24.299999237060547,24.420000076293945,24.09000015258789,24.1200008392334,23.90878677368164,913200,0.0,False
2023-09-27,24.360000610351562,24.510000228881836,24.145000457763672,24.40999984741211,24.196245193481445,762400,0.0,False
2023-09-28,24.549999237060547,24.81999969482422,24.389999389648438,24.709999084472656,24.493616104125977,499500,0.0,False
2023-09-29,25.030000686645508,25.05500030517578,24.655000686645508,24.719999313354492,24.503530502319336,568400,0.0,False
2023-10-02,24.799999237060547,24.899999618530273,24.604999542236328,24.700000762939453,24.483705520629883,690600,0.0,False
2023-10-03,24.40999984741211,24.540000915527344,24.030000686645508,24.139999389648438,23.92860984802246,1638500,0.0,False
2023-10-04,24.239999771118164,24.374000549316406,24.020000457763672,24.350000381469727,24.13677215576172,958100,0.0,False
2023-10-05,24.3799991607666,24.489999771118164,24.20800018310547,24.43000030517578,24.21607208251953,651600,0.0,False
2023-10-06,24.18000030517578,24.770000457763672,24.1299991607666,24.729999542236328,24.513442993164062,894300,0.0,False
2023-10-09,24.40999984741211,24.68000030517578,24.325000762939453,24.600000381469727,24.38458251953125,1868900,0.0,False
2023-10-10,24.65999984741211,25.049999237060547,24.65999984741211,24.899999618530273,24.68195343017578,1043200,0.0,False
2023-10-11,24.93000030517578,25.0,24.584999084472656,24.760000228881836,24.543180465698242,1960700,0.0,False
2023-10-12,24.93000030517578,25.0,24.493999481201172,24.530000686645508,24.315196990966797,1042900,0.0,False
2023-10-13,24.530000686645508,24.649999618530273,24.209999084472656,24.290000915527344,24.07729721069336,699800,0.0,False
2023-10-16,24.209999084472656,24.540000915527344,24.18000030517578,24.5,24.285457611083984,543800,0.0,False
2023-10-17,24.219999313354492,24.670000076293945,24.1200008392334,24.479999542236328,24.26563262939453,799500,0.0,False
2023-10-18,24.1299991607666,24.15999984741211,23.684999465942383,23.709999084472656,23.50237464904785,1383200,0.0,False
2023-10-19,23.739999771118164,23.895000457763672,23.469999313354492,23.520000457763672,23.31403923034668,1157000,0.0,False
2023-10-20,23.299999237060547,23.350000381469727,22.979999542236328,23.049999237060547,22.848154067993164,896400,0.0,False
2023-10-23,22.8700008392334,23.360000610351562,22.780000686645508,23.149999618530273,22.947277069091797,885800,0.0,False
2023-10-24,23.200000762939453,23.389999389648438,23.139999389648438,23.329999923706055,23.125701904296875,677200,0.0,False
2023-10-25,23.25,23.329999923706055,22.739999771118164,22.739999771118164,22.540868759155273,1076800,0.0,False
2023-10-26,22.6200008392334,22.799999237060547,22.275999069213867,22.40999984741211,22.21375846862793,1376800,0.0,False
2023-10-27,22.6299991607666,22.6299991607666,22.260000228881836,22.34000015258789,22.144372940063477,863000,0.0,False
2023-10-30,22.610000610351562,22.701000213623047,22.399999618530273,22.530000686645508,22.33271026611328,913700,0.0,False
2023-10-31,22.559999465942383,22.81999969482422,22.469999313354492,22.770000457763672,22.570606231689453,1068000,0.0,False
2023-11-01,22.81999969482422,23.110000610351562,22.77199935913086,23.100000381469727,22.89771842956543,784700,0.0,False
2023-11-02,23.559999465942383,23.8799991607666,23.549999237060547,23.850000381469727,23.641149520874023,804900,0.0,False
2023-11-03,24.209999084472656,24.510000228881836,24.110000610351562,24.450000762939453,24.23589515686035,638600,0.0,False
2023-11-06,24.729999542236328,24.729999542236328,24.28499984741211,24.43000030517578,24.21607208251953,425000,0.0,False
2023-11-07,24.270000457763672,24.5,24.229999542236328,24.389999389648438,24.176420211791992,468800,0.0,False
2023-11-08,24.299999237060547,24.43000030517578,24.190000534057617,24.309999465942383,24.097118377685547,572000,0.0,False
2023-11-09,24.6200008392334,24.739999771118164,24.15999984741211,24.190000534057617,23.978174209594727,560100,0.0,False
2023-11-10,24.31999969482422,24.56999969482422,24.15999984741211,24.56999969482422,24.35484504699707,504000,0.0,False
2023-11-13,24.489999771118164,24.665000915527344,24.3700008392334,24.610000610351562,24.394495010375977,721200,0.0,False
2023-11-14,25.299999237060547,25.549999237060547,25.211000442504883,25.530000686645508,25.306438446044922,1080800,0.0,False
2023-11-15,25.729999542236328,25.915000915527344,25.554000854492188,25.639999389648438,25.41547393798828,2442800,0.0,False
2023-11-16,25.540000915527344,25.690000534057617,25.454999923706055,25.68000030517578,25.455123901367188,1066600,0.0,False
2023-11-17,25.790000915527344,25.90999984741211,25.75,25.850000381469727,25.623638153076172,1530900,0.0,False
2023-11-20,25.979999542236328,26.31999969482422,25.926000595092773,26.229999542236328,26.000307083129883,1837100,0.0,False
2023-11-21,26.229999542236328,26.350000381469727,26.149999618530273,26.260000228881836,26.030044555664062,1914700,0.0,False
2023-11-22,26.399999618530273,26.479999542236328,26.06999969482422,26.25,26.020132064819336,1507700,0.0,False
2023-11-24,26.200000762939453,26.290000915527344,26.139999389648438,26.239999771118164,26.01021957397461,266100,0.0,False
2023-11-27,26.190000534057617,26.288000106811523,26.09000015258789,26.25,26.020132064819336,423500,0.0,False
2023-11-28,26.139999389648438,26.290000915527344,26.059999465942383,26.15999984741211,25.930919647216797,694600,0.0,False
2023-11-29,26.440000534057617,26.690000534057617,26.440000534057617,26.530000686645508,26.29768180847168,2271200,0.0,False
2023-11-30,26.709999084472656,26.709999084472656,26.360000610351562,26.43000030517578,26.198558807373047,910300,0.0,False
2023-12-01,26.3799991607666,27.03499984741211,26.31999969482422,27.030000686645508,26.793304443359375,1087700,0.0,False
2023-12-04,26.690000534057617,26.8700008392334,26.482999801635742,26.719999313354492,26.48601722717285,1501400,0.0,False
2023-12-05,26.559999465942383,26.649999618530273,26.389999389648438,26.56999969482422,26.337331771850586,848100,0.0,False
2023-12-06,26.799999237060547,26.850000381469727,26.350000381469727,26.360000610351562,26.129169464111328,990100,0.0,False
2023-12-07,26.399999618530273,26.55699920654297,26.239999771118164,26.549999237060547,26.3175048828125,832300,0.0,False
2023-12-08,26.510000228881836,26.770000457763672,26.3799991607666,26.719999313354492,26.48601722717285,1092500,0.0,False
2023-12-11,26.729999542236328,26.875,26.670000076293945,26.84000015258789,26.60496711730957,1008300,0.0,False
2023-12-12,26.799999237060547,26.979999542236328,26.68000030517578,26.979999542236328,26.743741989135742,623900,0.0,False
2023-12-13,27.010000228881836,27.489999771118164,26.735000610351562,27.440000534057617,27.19971466064453,1364200,0.0,False
2023-12-14,27.709999084472656,28.030000686645508,27.6200008392334,27.920000076293945,27.675508499145508,2201300,0.0,False
2023-12-15,28.239999771118164,28.440000534057617,28.1299991607666,28.190000534057617,27.943143844604492,1021200,0.0,False
2023-12-18,28.209999084472656,28.325000762939453,28.06999969482422,28.25,28.00261878967285,806800,0.0,False
2023-12-19,28.43000030517578,28.600000381469727,28.399999618530273,28.59000015258789,28.339641571044922,1098300,0.0,False
2023-12-20,28.6299991607666,28.639999389648438,27.899999618530273,27.90999984741211,27.665597915649414,855600,0.0,False
2023-12-21,28.34000015258789,28.5,28.184999465942383,28.5,28.250429153442383,1356900,0.0,False
2023-12-22,28.610000610351562,28.610000610351562,28.2549991607666,28.389999389648438,28.141393661499023,567200,0.0,False
2023-12-26,28.469999313354492,28.65999984741211,28.399999618530273,28.610000610351562,28.359466552734375,653300,0.0,False
2023-12-27,28.719999313354492,28.719999313354492,28.540000915527344,28.690000534057617,28.438766479492188,912200,0.0,False
2023-12-28,28.760000228881836,28.850000381469727,28.68000030517578,28.719999313354492,28.472471237182617,607000,0.0,False
2023-12-29,28.739999771118164,28.770000457763672,28.389999389648438,28.5,28.25436782836914,706700,0.0,False
2024-01-02,28.219999313354492,28.219999313354492,27.625,27.709999084472656,27.471176147460938,2393200,0.0,False
2024-01-03,27.31999969482422,27.3700008392334,26.899999618530273,26.93000030517578,26.69790267944336,3850800,0.0,False
2024-01-04,26.8799991607666,27.05500030517578,26.739999771118164,26.8700008392334,26.638418197631836,5300300,0.0,False
2024-01-05,26.760000228881836,27.07699966430664,26.690000534057617,26.84000015258789,26.60867691040039,847800,0.0,False
2024-01-08,26.989999771118164,27.719999313354492,26.969999313354492,27.700000762939453,27.461265563964844,1135100,0.0,False
2024-01-09,27.649999618530273,27.90999984741211,27.479999542236328,27.729999542236328,27.491004943847656,618200,0.0,False
2024-01-10,28.1200008392334,28.46500015258789,28.1200008392334,28.40999984741211,28.165143966674805,1283500,0.0,False
2024-01-11,28.690000534057617,28.780000686645508,28.290000915527344,28.68000030517578,28.432819366455078,1097300,0.0,False
2024-01-12,28.93000030517578,29.094999313354492,28.75,28.790000915527344,28.5418701171875,775100,0.0,False
2024-01-16,28.65999984741211,28.780000686645508,28.461000442504883,28.59000015258789,28.34359359741211,2329600,0.0,False
2024-01-17,28.209999084472656,28.209999084472656,27.799999237060547,28.139999389648438,27.897472381591797,1264400,0.0,False
2024-01-18,28.450000762939453,28.459999084472656,28.145000457763672,28.450000762939453,28.20479965209961,1134900,0.0,False
2024-01-19,28.489999771118164,28.719999313354492,28.219999313354492,28.709999084472656,28.46255874633789,1163000,0.0,False
2024-01-22,28.959999084472656,29.239999771118164,28.959999084472656,29.06999969482422,28.819456100463867,1392200,0.0,False
2024-01-23,29.149999618530273,29.18000030517578,28.885000228881836,29.049999237060547,28.79962921142578,954000,0.0,False
2024-01-24,29.270000457763672,29.299999237060547,28.844999313354492,28.860000610351562,28.61126708984375,1187700,0.0,False
2024-01-25,29.09000015258789,29.239999771118164,28.881999969482422,29.0,28.75006103515625,908300,0.0,False
2024-01-26,29.049999237060547,29.325000762939453,29.040000915527344,29.200000762939453,28.94833755493164,1184100,0.0,False
2024-01-29,29.06999969482422,29.559999465942383,28.989999771118164,29.559999465942383,29.305233001708984,831900,0.0,False
2024-01-30,29.459999084472656,29.469999313354492,29.200000762939453,29.229999542236328,28.978076934814453,798800,0.0,False
2024-01-31,29.010000228881836,29.139999389648438,28.56999969482422,28.579999923706055,28.33367919921875,1465400,0.0,False
2024-02-01,28.829999923706055,29.139999389648438,28.704999923706055,29.1299991607666,28.878936767578125,961300,0.0,False
2024-02-02,29.030000686645508,29.420000076293945,28.899999618530273,29.389999389648438,29.13669776916504,1053100,0.0,False
2024-02-05,29.309999465942383,29.3799991607666,29.0,29.299999237060547,29.047475814819336,919900,0.0,False
2024-02-06,29.200000762939453,29.200000762939453,28.764999389648438,29.06999969482422,28.819456100463867,939200,0.0,False
2024-02-07,29.110000610351562,29.350000381469727,29.0,29.31999969482422,29.06730079650879,1016500,0.0,False
2024-02-08,29.31999969482422,29.469999313354492,29.1299991607666,29.3700008392334,29.116870880126953,889900,0.0,False
2024-02-09,29.59000015258789,29.950000762939453,29.530000686645508,29.90999984741211,29.652217864990234,1376200,0.0,False
2024-02-12,30.0,30.31999969482422,29.860000610351562,29.989999771118164,29.73152732849121,1432700,0.0,False
2024-02-13,29.229999542236328,29.6299991607666,28.850000381469727,29.280000686645508,29.027647018432617,1571400,0.0,False
2024-02-14,29.700000762939453,29.899999618530273,29.510000228881836,29.889999389648438,29.632387161254883,1066700,0.0,False
2024-02-15,30.1299991607666,30.239999771118164,30.014999389648438,30.139999389648438,29.880231857299805,1385200,0.0,False
2024-02-16,30.299999237060547,30.299999237060547,29.84000015258789,29.969999313354492,29.711700439453125,1193800,0.0,False
2024-02-20,30.06999969482422,30.079999923706055,29.55500030517578,29.81999969482422,29.5629940032959,1614100,0.0,False
2024-02-21,29.670000076293945,29.670000076293945,29.239999771118164,29.459999084472656,29.20609474182129,1635800,0.0,False
2024-02-22,30.579999923706055,30.799999237060547,30.3799991607666,30.760000228881836,30.494892120361328,1719900,0.0,False
2024-02-23,30.969999313354492,31.139999389648438,30.610000610351562,30.729999542236328,30.46514892578125,1434400,0.0,False
2024-02-26,31.18000030517578,31.18000030517578,30.8799991607666,31.010000228881836,30.74273681640625,1403100,0.0,False
2024-02-27,31.329999923706055,31.34000015258789,30.969999313354492,31.139999389648438,30.871614456176758,1229600,0.0,False
2024-02-28,31.0,31.020000457763672,30.690000534057617,30.809999465942383,30.54446029663086,978500,0.0,False
2024-02-29,31.100000381469727,31.33799934387207,30.979999542236328,31.18000030517578,30.911272048950195,1183200,0.0,False
2024-03-01,31.3799991607666,31.76099967956543,31.1299991607666,31.739999771118164,31.46644401550293,1313900,0.0,False
2024-03-04,32.029998779296875,32.26499938964844,31.8799991607666,31.969999313354492,31.694461822509766,1610200,0.0,False
2024-03-05,31.969999313354492,32.04499816894531,31.510000228881836,31.700000762939453,31.426790237426758,1035000,0.0,False
2024-03-06,32.2599983215332,32.58000183105469,32.040000915527344,32.349998474121094,32.07118225097656,1615800,0.0,False
2024-03-07,32.689998626708984,32.91999816894531,32.5099983215332,32.88999938964844,32.60653305053711,1872000,0.0,False
2024-03-08,33.2599983215332,33.595001220703125,32.27000045776367,32.380001068115234,32.100929260253906,2274300,0.0,False
2024-03-11,32.15999984741211,32.15999984741211,31.780000686645508,31.84000015258789,31.565584182739258,1290200,0.0,False
2024-03-12,31.979999542236328,32.349998474121094,31.600000381469727,32.349998474121094,32.07118225097656,1079600,0.0,False
2024-03-13,32.17499923706055,32.209999084472656,31.940000534057617,32.08000183105469,31.803516387939453,1360300,0.0,False
2024-03-14,32.11000061035156,32.11000061035156,31.329999923706055,31.559999465942383,31.287994384765625,954800,0.0,False
2024-03-15,31.520000457763672,31.790000915527344,31.454999923706055,31.649999618530273,31.377220153808594,837900,0.0,False
2024-03-18,32.09000015258789,32.189998626708984,31.81999969482422,31.8700008392334,31.595325469970703,943000,0.0,False
2024-03-19,31.610000610351562,31.950000762939453,31.364999771118164,31.889999389648438,31.61515235900879,1275200,0.0,False
2024-03-20,31.979999542236328,32.31999969482422,31.795000076293945,32.27000045776367,31.99188232421875,1098400,0.0,False
2024-03-21,32.47999954223633,32.5099983215332,32.220001220703125,32.2400016784668,31.962141036987305,1318700,0.0,False
2024-03-22,32.189998626708984,32.20000076293945,31.950000762939453,32.13999938964844,31.862998962402344,1377300,0.0,False
2024-03-25,31.8700008392334,32.07500076293945,31.780000686645508,31.940000534057617,31.664724349975586,571200,0.0,False
2024-03-26,32.189998626708984,32.20000076293945,31.899999618530273,31.920000076293945,31.6448917388916,578900,0.0,False
2024-03-27,32.02000045776367,32.029998779296875,31.549999237060547,31.81999969482422,31.545753479003906,920300,0.0,False
2024-03-28,31.809999465942383,31.947999954223633,31.770000457763672,31.809999465942383,31.53584098815918,572700,0.0,False
2024-04-01,31.84000015258789,31.989999771118164,31.540000915527344,31.6299991607666,31.357391357421875,914800,0.0,False
2024-04-02,31.15999984741211,31.15999984741211,30.875,31.049999237060547,30.782390594482422,951300,0.0,False
2024-04-03,30.90999984741211,31.225000381469727,30.774999618530273,31.09000015258789,30.822044372558594,629400,0.0,False
2024-04-04,31.299999237060547,31.358999252319336,30.56999969482422,30.56999969482422,30.306528091430664,831300,0.0,False
2024-04-05,30.510000228881836,30.84000015258789,30.3799991607666,30.700000762939453,30.43541145324707,1381800,0.0,False
2024-04-08,30.84000015258789,30.88800048828125,30.665000915527344,30.770000457763672,30.504804611206055,1188300,0.0,False
2024-04-09,31.020000457763672,31.06999969482422,30.704999923706055,31.020000457763672,30.75265121459961,1434400,0.0,False
2024-04-10,30.489999771118164,30.729999542236328,30.410999298095703,30.549999237060547,30.286701202392578,732200,0.0,False
2024-04-11,30.670000076293945,30.920000076293945,30.469999313354492,30.889999389648438,30.623769760131836,619800,0.0,False
2024-04-12,30.59000015258789,30.59000015258789,29.979999542236328,30.09000015258789,29.83066749572754,834600,0.0,False
2024-04-15,30.34000015258789,30.399999618530273,29.450000762939453,29.510000228881836,29.255664825439453,1029000,0.0,False
2024-04-16,29.3700008392334,29.600000381469727,29.190000534057617,29.40999984741211,29.15652847290039,947300,0.0,False
2024-04-17,29.450000762939453,29.549999237060547,29.010000228881836,29.079999923706055,28.829368591308594,1026900,0.0,False
2024-04-18,29.309999465942383,29.540000915527344,29.101999282836914,29.239999771118164,28.98798942565918,1109600,0.0,False
2024-04-19,29.09000015258789,29.200000762939453,28.575000762939453,28.649999618530273,28.403076171875,747300,0.0,False
2024-04-22,28.979999542236328,29.239999771118164,28.75,29.110000610351562,28.859111785888672,698500,0.0,False
2024-04-23,29.15999984741211,29.709999084472656,29.15999984741211,29.639999389648438,29.384540557861328,465600,0.0,False
2024-04-24,29.81999969482422,29.90999984741211,29.40399932861328,29.559999465942383,29.305233001708984,675000,0.0,False
2024-04-25,28.950000762939453,29.406999588012695,28.90999984741211,29.34000015258789,29.087129592895508,635700,0.0,False
2024-04-26,29.709999084472656,30.145000457763672,29.709999084472656,30.079999923706055,29.820751190185547,990900,0.0,False
2024-04-29,30.200000762939453,30.34000015258789,30.104999542236328,30.270000457763672,30.009113311767578,487600,0.0,False
2024-04-30,30.170000076293945,30.350000381469727,29.8799991607666,29.8799991607666,29.62247657775879,607100,0.0,False
2024-05-01,29.780000686645508,30.489999771118164,29.649999618530273,29.81999969482422,29.5629940032959,660900,0.0,False
2024-05-02,30.260000228881836,30.469999313354492,29.899999618530273,30.399999618530273,30.13799285888672,538700,0.0,False
2024-05-03,30.809999465942383,31.0,30.639999389648438,30.920000076293945,30.653512954711914,782400,0.0,False
2024-05-06,31.030000686645508,31.3799991607666,31.014999389648438,31.3799991607666,31.10954475402832,526100,0.0,False
2024-05-07,31.309999465942383,31.545000076293945,31.260000228881836,31.399999618530273,31.12937355041504,391600,0.0,False
2024-05-08,31.110000610351562,31.229999542236328,30.940000534057617,31.200000762939453,30.93109893798828,579000,0.0,False
2024-05-09,31.200000762939453,31.399999618530273,31.079999923706055,31.34000015258789,31.06989288330078,374500,0.0,False
2024-05-10,31.459999084472656,31.510000228881836,31.202999114990234,31.270000457763672,31.00049591064453,531400,0.0,False
2024-05-13,31.389999389648438,31.479999542236328,31.290000915527344,31.31999969482422,31.050064086914062,388900,0.0,False
2024-05-14,31.290000915527344,31.510000228881836,31.25,31.489999771118164,31.218599319458008,400800,0.0,False
2024-05-15,31.579999923706055,31.959999084472656,31.5,31.950000762939453,31.67463493347168,566500,0.0,False
2024-05-16,31.989999771118164,32.060001373291016,31.760000228881836,31.760000228881836,31.48627281188965,359900,0.0,False
2024-05-17,31.790000915527344,31.795000076293945,31.514999389648438,31.600000381469727,31.327651977539062,376900,0.0,False
2024-05-20,31.799999237060547,31.934999465942383,31.649999618530273,31.920000076293945,31.6448917388916,422000,0.0,False
2024-05-21,31.600000381469727,31.6200008392334,31.479999542236328,31.56999969482422,31.297910690307617,654600,0.0,False
2024-05-22,31.469999313354492,31.482999801635742,31.09000015258789,31.209999084472656,30.94101333618164,420600,0.0,False
2024-05-23,31.8700008392334,31.89900016784668,31.110000610351562,31.25,30.980667114257812,717500,0.0,False
2024-05-24,31.360000610351562,31.579999923706055,31.270000457763672,31.530000686645508,31.258256912231445,575300,0.0,False
2024-05-28,31.559999465942383,31.649999618530273,31.3799991607666,31.549999237060547,31.2780818939209,498700,0.0,False
2024-05-29,31.1200008392334,31.170000076293945,30.950000762939453,31.049999237060547,30.782390594482422,701700,0.0,False
2024-05-30,30.8700008392334,30.989999771118164,30.6299991607666,30.739999771118164,30.47506332397461,466900,0.0,False
2024-05-31,30.899999618530273,31.020000457763672,30.344999313354492,30.780000686645508,30.514719009399414,496600,0.0,False
2024-06-03,31.15999984741211,31.309999465942383,30.864999771118164,31.1200008392334,30.851791381835938,574300,0.0,False
2024-06-04,31.18000030517578,31.239999771118164,31.0,31.1299991607666,30.8617000579834,425800,0.0,False
2024-06-05,31.260000228881836,31.639999389648438,31.131000518798828,31.639999389648438,31.367305755615234,518600,0.0,False
2024-06-06,31.635000228881836,31.635000228881836,31.299999237060547,31.469999313354492,31.19877052307129,394200,0.0,False
2024-06-07,31.18000030517578,31.260000228881836,31.010000228881836,31.059999465942383,30.79230499267578,402800,0.0,False
2024-06-10,31.0,31.31999969482422,30.860000610351562,31.290000915527344,31.020322799682617,462900,0.0,False
2024-06-11,31.149999618530273,31.209999084472656,30.920000076293945,31.1299991607666,30.8617000579834,486700,0.0,False
2024-06-12,31.700000762939453,32.11399841308594,31.670000076293945,31.81999969482422,31.545753479003906,690900,0.0,False
2024-06-13,31.829999923706055,31.899999618530273,31.472999572753906,31.6200008392334,31.34748077392578,453600,0.0,False
2024-06-14,31.375,31.40999984741211,31.219999313354492,31.399999618530273,31.12937355041504,556400,0.0,False
2024-06-17,31.200000762939453,31.506999969482422,31.1299991607666,31.450000762939453,31.178943634033203,393400,0.0,False
2024-06-18,31.450000762939453,31.649999618530273,31.3700008392334,31.6299991607666,31.357391357421875,509200,0.0,False
2024-06-20,31.6200008392334,31.6200008392334,30.954999923706055,31.059999465942383,30.79230499267578,758300,0.0,False
2024-06-21,30.850000381469727,30.8700008392334,30.56999969482422,30.760000228881836,30.494892120361328,598600,0.0,False
2024-06-24,30.729999542236328,30.84000015258789,30.459999084472656,30.459999084472656,30.19747543334961,715900,0.0,False
2024-06-25,30.559999465942383,30.857999801635742,30.479999542236328,30.829999923706055,30.564289093017578,452000,0.0,False
2024-06-26,30.760000228881836,30.902000427246094,30.674999237060547,30.799999237060547,30.5345458984375,532100,0.0,False
2024-06-27,30.56999969482422,30.780000686645508,30.540000915527344,30.780000686645508,30.55738067626953,624200,0.0,False
2024-06-28,30.829999923706055,31.079999923706055,30.69499969482422,30.850000381469727,30.626873016357422,432800,0.0,False
2024-07-01,30.8700008392334,30.94499969482422,30.68000030517578,30.719999313354492,30.497812271118164,331800,0.0,False
2024-07-02,30.559999465942383,30.80500030517578,30.520000457763672,30.790000915527344,30.56730842590332,445900,0.0,False
2024-07-03,30.790000915527344,31.125,30.774999618530273,31.09000015258789,30.86513900756836,274200,0.0,False
2024-07-05,31.239999771118164,31.260000228881836,31.040000915527344,31.209999084472656,30.984270095825195,419500,0.0,False
2024-07-08,31.239999771118164,31.489999771118164,31.229999542236328,31.360000610351562,31.13318634033203,1498500,0.0,False
2024-07-09,31.440000534057617,31.524999618530273,31.235000610351562,31.350000381469727,31.12325668334961,472600,0.0,False
2024-07-10,31.440000534057617,31.709999084472656,31.389999389648438,31.690000534057617,31.460798263549805,524400,0.0,False
2024-07-11,31.899999618530273,32.11000061035156,31.645000457763672,31.670000076293945,31.440942764282227,723700,0.0,False
2024-07-12,31.969999313354492,32.380001068115234,31.969999313354492,32.209999084472656,31.977035522460938,801400,0.0,False
2024-07-15,32.22999954223633,32.29999923706055,31.940000534057617,32.029998779296875,31.798337936401367,607600,0.0,False
2024-07-16,32.04999923706055,32.25,31.989999771118164,32.22999954223633,31.99689292907715,417500,0.0,False
2024-07-17,31.719999313354492,31.8799991607666,31.31999969482422,31.420000076293945,31.192750930786133,844100,0.0,False
2024-07-18,31.399999618530273,31.489999771118164,30.649999618530273,30.809999465942383,30.5871639251709,959300,0.0,False
2024-07-19,30.940000534057617,31.05500030517578,30.709999084472656,30.850000381469727,30.626873016357422,369800,0.0,False
2024-07-22,31.06999969482422,31.25,30.959999084472656,31.239999771118164,31.014053344726562,511900,0.0,False
2024-07-23,30.979999542236328,31.260000228881836,30.75,31.1200008392334,30.894922256469727,450500,0.0,False
2024-07-24,30.709999084472656,30.940000534057617,30.190000534057617,30.209999084472656,29.991500854492188,796900,0.0,False
2024-07-25,29.940000534057617,30.420000076293945,29.479999542236328,29.809999465942383,29.59439468383789,637000,0.0,False
2024-07-26,30.3799991607666,30.489999771118164,30.229999542236328,30.389999389648438,30.17020034790039,482900,0.0,False
2024-07-29,30.479999542236328,30.520000457763672,30.06999969482422,30.170000076293945,29.951791763305664,691700,0.0,False
2024-07-30,30.200000762939453,30.43000030517578,29.610000610351562,29.780000686645508,29.56461524963379,453300,0.0,False
2024-07-31,30.719999313354492,31.059999465942383,30.549999237060547,30.799999237060547,30.577232360839844,667500,0.0,False
2024-08-01,30.530000686645508,30.530000686645508,29.18000030517578,29.459999084472656,29.24692726135254,913700,0.0,False
2024-08-02,28.719999313354492,28.719999313354492,28.1299991607666,28.600000381469727,28.39314842224121,964000,0.0,False
2024-08-05,26.809999465942383,28.06999969482422,26.600000381469727,27.68000030517578,27.479801177978516,2918100,0.0,False
2024-08-06,27.709999084472656,28.59000015258789,27.709999084472656,28.190000534057617,27.986112594604492,1084700,0.0,False
2024-08-07,28.950000762939453,29.209999084472656,28.260000228881836,28.270000457763672,28.065532684326172,1068600,0.0,False
2024-08-08,28.6299991607666,29.170000076293945,28.420000076293945,29.059999465942383,28.84981918334961,518900,0.0,False
2024-08-09,28.8700008392334,29.110000610351562,28.759000778198242,29.030000686645508,28.820035934448242,465400,0.0,False
2024-08-12,29.040000915527344,29.360000610351562,28.979999542236328,29.18000030517578,28.968952178955078,432900,0.0,False
2024-08-13,29.450000762939453,29.905000686645508,29.450000762939453,29.889999389648438,29.673816680908203,430100,0.0,False
2024-08-14,29.979999542236328,30.06999969482422,29.739999771118164,29.920000076293945,29.70359992980957,285500,0.0,False
2024-08-15,30.010000228881836,30.350000381469727,30.010000228881836,30.280000686645508,30.060997009277344,1186800,0.0,False
2024-08-16,30.290000915527344,30.55500030517578,30.290000915527344,30.5,30.27940559387207,351200,0.0,False
2024-08-19,30.549999237060547,31.06999969482422,30.5,31.06999969482422,30.84528350830078,663600,0.0,False
2024-08-20,31.15999984741211,31.260000228881836,30.860000610351562,30.899999618530273,30.676511764526367,432200,0.0,False
2024-08-21,31.25,31.70599937438965,31.25,31.639999389648438,31.41115951538086,506600,0.0,False
2024-08-22,31.75,31.799999237060547,31.075000762939453,31.1299991607666,30.904848098754883,379200,0.0,False
2024-08-23,31.530000686645508,31.899999618530273,31.507999420166016,31.8700008392334,31.639497756958008,487000,0.0,False
2024-08-26,31.739999771118164,31.863000869750977,31.450000762939453,31.489999771118164,31.26224708557129,250400,0.0,False
2024-08-27,31.420000076293945,31.77400016784668,31.325000762939453,31.690000534057617,31.460798263549805,304000,0.0,False
2024-08-28,31.579999923706055,31.719999313354492,31.15999984741211,31.309999465942383,31.083545684814453,402400,0.0,False
2024-08-29,31.399999618530273,31.809999465942383,31.3700008392334,31.399999618530273,31.172895431518555,473400,0.0,False
2024-08-30,31.540000915527344,31.739999771118164,31.309999465942383,31.559999465942383,31.331737518310547,639600,0.0,False
2024-09-03,31.149999618530273,31.170000076293945,30.040000915527344,30.170000076293945,29.951791763305664,1076500,0.0,False
2024-09-04,29.760000228881836,30.299999237060547,29.760000228881836,29.969999313354492,29.753238677978516,800000,0.0,False
2024-09-05,29.770000457763672,30.017000198364258,29.639999389648438,29.93000030517578,29.71352767944336,697700,0.0,False
2024-09-06,29.649999618530273,29.780000686645508,28.825000762939453,29.0,28.790254592895508,602000,0.0,False
2024-09-09,29.389999389648438,29.670000076293945,29.3799991607666,29.450000762939453,29.23699951171875,381000,0.0,False
2024-09-10,29.420000076293945,29.44099998474121,29.040000915527344,29.40999984741211,29.197288513183594,375100,0.0,False
2024-09-11,29.309999465942383,30.040000915527344,29.09000015258789,30.0,29.78302001953125,439800,0.0,False
2024-09-12,30.06999969482422,30.53700065612793,29.969999313354492,30.450000762939453,30.229766845703125,522100,0.0,False
2024-09-13,30.40999984741211,30.690000534057617,30.40999984741211,30.540000915527344,30.31911849975586,275900,0.0,False
2024-09-16,30.43000030517578,30.610000610351562,30.385000228881836,30.520000457763672,30.29926300048828,326500,0.0,False
2024-09-17,30.65999984741211,30.736000061035156,30.350000381469727,30.469999313354492,30.249622344970703,300400,0.0,False
2024-09-18,30.43000030517578,30.940000534057617,30.239999771118164,30.360000610351562,30.140419006347656,491800,0.0,False
2024-09-19,31.020000457763672,31.18000030517578,30.90999984741211,31.049999237060547,30.825428009033203,648800,0.0,False
2024-09-20,31.049999237060547,31.139999389648438,30.75,30.989999771118164,30.76586151123047,301800,0.0,False
2024-09-23,31.049999237060547,31.235000610351562,31.010000228881836,31.139999389648438,30.91477394104004,311000,0.0,False
2024-09-24,31.059999465942383,31.354999542236328,30.940000534057617,31.329999923706055,31.103403091430664,280300,0.0,False
2024-09-25,31.59000015258789,31.780000686645508,31.479999542236328,31.559999465942383,31.331737518310547,351700,0.0,False
2024-09-26,32.38999938964844,32.41999816894531,31.90999984741211,32.27000045776367,32.03660583496094,540800,0.0,False
2024-09-27,32.20000076293945,32.41999816894531,31.850000381469727,32.0,31.768556594848633,379800,0.0,False
2024-09-30,31.979999542236328,32.290000915527344,31.889999389648438,32.150001525878906,31.91747283935547,379000,0.0,False
2024-10-01,32.209999084472656,32.2599983215332,31.4950008392334,31.649999618530273,31.42108726501465,479600,0.0,False
2024-10-02,31.600000381469727,31.854999542236328,31.420000076293945,31.760000228881836,31.530292510986328,392800,0.0,False
2024-10-03,31.540000915527344,31.742000579833984,31.454999923706055,31.559999465942383,31.331737518310547,235300,0.0,False
2024-10-04,31.90999984741211,32.08000183105469,31.709999084472656,32.06999969482422,31.838050842285156,394900,0.0,False
2024-10-07,31.850000381469727,32.04499816894531,31.760000228881836,31.84000015258789,31.60971450805664,323600,0.0,False
2024-10-08,31.790000915527344,31.96500015258789,31.709999084472656,31.950000762939453,31.71891975402832,804900,0.0,False
2024-10-09,31.8700008392334,32.0099983215332,31.820999145507812,32.0,31.768556594848633,619500,0.0,False
2024-10-10,31.670000076293945,32.0,31.56999969482422,31.989999771118164,31.758628845214844,391800,0.0,False
2024-10-11,31.8700008392334,32.22999954223633,31.8700008392334,32.20000076293945,31.967113494873047,424600,0.0,False
2024-10-14,32.209999084472656,32.45000076293945,32.209999084472656,32.400001525878906,32.16566467285156,455800,0.0,False
2024-10-15,32.27000045776367,32.3380012512207,31.549999237060547,31.59000015258789,31.361520767211914,487500,0.0,False
2024-10-16,31.5,31.6200008392334,31.329999923706055,31.559999465942383,31.331737518310547,541000,0.0,False
2024-10-17,31.81999969482422,31.940000534057617,31.459999084472656,31.489999771118164,31.26224708557129,403400,0.0,False
2024-10-18,31.8700008392334,32.099998474121094,31.81999969482422,32.04999923706055,31.818191528320312,315100,0.0,False
2024-10-21,32.0,32.220001220703125,31.829999923706055,32.060001373291016,31.828125,316500,0.0,False
2024-10-22,31.670000076293945,31.780000686645508,31.610000610351562,31.68000030517578,31.45087242126465,275000,0.0,False
2024-10-23,31.420000076293945,31.420000076293945,30.8799991607666,31.110000610351562,30.884994506835938,423800,0.0,False
2024-10-24,31.3700008392334,31.520000457763672,31.190000534057617,31.459999084472656,31.23246192932129,623900,0.0,False
2024-10-25,31.670000076293945,31.93000030517578,31.565000534057617,31.6299991607666,31.40123176574707,725300,0.0,False
2024-10-28,32.060001373291016,32.17499923706055,32.040000915527344,32.119998931884766,31.88768768310547,343900,0.0,False
2024-10-29,32.16999816894531,32.45000076293945,31.950000762939453,32.400001525878906,32.16566467285156,544400,0.0,False
2024-10-30,32.34000015258789,32.650001525878906,32.310001373291016,32.380001068115234,32.145809173583984,329200,0.0,False
2024-10-31,32.33000183105469,32.3650016784668,31.698999404907227,31.760000228881836,31.530292510986328,374800,0.0,False
2024-11-01,31.899999618530273,32.20000076293945,31.860000610351562,32.0,31.768556594848633,242000,0.0,False
2024-11-04,32.08000183105469,32.380001068115234,32.029998779296875,32.11000061035156,31.877761840820312,247300,0.0,False
2024-11-05,32.27000045776367,32.849998474121094,32.27000045776367,32.81999969482422,32.58262634277344,427900,0.0,False
2024-11-06,33.189998626708984,33.305999755859375,32.83000183105469,33.2599983215332,33.01944351196289,747400,0.0,False
2024-11-07,33.20000076293945,33.564998626708984,33.172000885009766,33.540000915527344,33.29741668701172,512600,0.0,False
2024-11-08,33.5,33.744998931884766,33.45000076293945,33.72999954223633,33.48604202270508,290100,0.0,False
2024-11-11,33.79999923706055,33.970001220703125,33.65999984741211,33.810001373291016,33.565467834472656,537800,0.0,False
2024-11-12,33.41999816894531,33.56999969482422,33.029998779296875,33.279998779296875,33.0392951965332,931100,0.0,False
2024-11-13,33.2400016784668,33.2400016784668,32.90999984741211,32.939998626708984,32.70175552368164,438300,0.0,False
2024-11-14,33.119998931884766,33.119998931884766,32.540000915527344,32.59000015258789,32.35429000854492,368700,0.0,False
2024-11-15,32.36000061035156,32.47700119018555,32.0,32.11000061035156,31.877761840820312,399200,0.0,False
2024-11-18,32.11000061035156,32.349998474121094,31.959999084472656,32.220001220703125,31.986967086791992,274800,0.0,False
2024-11-19,32.2400016784668,32.86000061035156,32.071998596191406,32.81999969482422,32.58262634277344,403900,0.0,False
2024-11-20,32.81999969482422,32.88999938964844,32.36000061035156,32.720001220703125,32.48335266113281,813400,0.0,False
2024-11-21,32.88999938964844,33.310001373291016,32.70000076293945,33.189998626708984,32.949951171875,622900,0.0,False
2024-11-22,33.11000061035156,33.439998626708984,33.06999969482422,33.40999984741211,33.168357849121094,320800,0.0,False
2024-11-25,33.779998779296875,33.900001525878906,33.279998779296875,33.40999984741211,33.168357849121094,487200,0.0,False
2024-11-26,33.33000183105469,33.40999984741211,33.15999984741211,33.27000045776367,33.02937316894531,296700,0.0,False
2024-11-27,33.04999923706055,33.150001525878906,32.65999984741211,32.939998626708984,32.70175552368164,402100,0.0,False
2024-11-29,33.04999923706055,33.400001525878906,33.029998779296875,33.369998931884766,33.12864303588867,234100,0.0,False
2024-12-02,33.470001220703125,33.4900016784668,33.290000915527344,33.400001525878906,33.1584358215332,450000,0.0,False
2024-12-03,33.459999084472656,33.60499954223633,33.37200164794922,33.58000183105469,33.33713150024414,280700,0.0,False
2024-12-04,33.70000076293945,34.165000915527344,33.689998626708984,34.150001525878906,33.90300750732422,741500,0.0,False
2024-12-05,34.099998474121094,34.209999084472656,33.900001525878906,33.900001525878906,33.654815673828125,575400,0.0,False
2024-12-06,34.209999084472656,34.26499938964844,34.08000183105469,34.18000030517578,33.93278884887695,537700,0.0,False
2024-12-09,34.060001373291016,34.19499969482422,33.68000030517578,33.810001373291016,33.565467834472656,548000,0.0,False
2024-12-10,33.75,33.94499969482422,33.34000015258789,33.38999938964844,33.148502349853516,418500,0.0,False
2024-12-11,33.7400016784668,33.80699920654297,33.5099983215332,33.72999954223633,33.48604202270508,339400,0.0,False
2024-12-12,33.380001068115234,33.63999938964844,33.34000015258789,33.36000061035156,33.11872100830078,365700,0.0,False
2024-12-13,33.25,33.279998779296875,32.849998474121094,33.02000045776367,32.78118133544922,370900,0.0,False
2024-12-16,33.11000061035156,33.31999969482422,32.91999816894531,33.25,33.00951385498047,623900,0.0,False
2024-12-17,33.060001373291016,33.185001373291016,32.845001220703125,33.119998931884766,32.880455017089844,343500,0.0,False
2024-12-18,33.34000015258789,33.54600143432617,31.969999313354492,32.060001373291016,31.828125,933400,0.0,False
2024-12-19,32.22999954223633,32.400001525878906,31.645000457763672,31.799999237060547,31.57000160217285,1210900,0.0,False
2024-12-20,31.6299991607666,32.470001220703125,31.510000228881836,32.290000915527344,32.056461334228516,457900,0.0,False
2024-12-23,32.189998626708984,32.41999816894531,32.0099983215332,32.380001068115234,32.145809173583984,405700,0.0,False
2024-12-24,32.29999923706055,32.650001525878906,32.29999923706055,32.63999938964844,32.403926849365234,181500,0.0,False
2024-12-26,32.38999938964844,32.970001220703125,32.34000015258789,32.91999816894531,32.68190002441406,323300,0.0,False
2024-12-27,32.75,32.81999969482422,32.279998779296875,32.52000045776367,32.284793853759766,446600,0.0,False
2024-12-30,32.369998931884766,32.439998626708984,31.93000030517578,32.220001220703125,31.986967086791992,901500,0.0,False
2024-12-31,32.2599983215332,32.36000061035156,31.860000610351562,31.950000762939453,31.71891975402832,584700,0.0,False
2025-01-02,32.279998779296875,32.61000061035156,32.09000015258789,32.33000183105469,32.09617233276367,632300,0.0,False
2025-01-03,32.38999938964844,33.0,32.38999938964844,32.95000076293945,32.71168899536133,578500,0.0,False
2025-01-06,33.290000915527344,33.479000091552734,33.11000061035156,33.18000030517578,32.94002151489258,1299800,0.0,False
2025-01-07,33.4900016784668,33.5,32.452999114990234,32.560001373291016,32.32450866699219,960000,0.0,False
2025-01-08,32.5,32.5,32.095001220703125,32.38999938964844,32.15573501586914,524600,0.0,False
2025-01-10,32.0,32.209999084472656,31.510000228881836,31.790000915527344,31.560075759887695,1047500,0.0,False
2025-01-13,31.200000762939453,31.485000610351562,31.079999923706055,31.459999084472656,31.23246192932129,478400,0.0,False
2025-01-14,31.690000534057617,31.829999923706055,31.280000686645508,31.489999771118164,31.26224708557129,436100,0.0,False
2025-01-15,32.2400016784668,32.5099983215332,32.11000061035156,32.38999938964844,32.15573501586914,429000,0.0,False
2025-01-16,32.66999816894531,32.720001220703125,32.47999954223633,32.59000015258789,32.35429000854492,299300,0.0,False
2025-01-17,33.18000030517578,33.18000030517578,32.970001220703125,33.029998779296875,32.79110336303711,458000,0.0,False
2025-01-21,33.4900016784668,33.994998931884766,33.31999969482422,33.97999954223633,33.73423767089844,994400,0.0,False
2025-01-22,34.31999969482422,34.4900016784668,34.20000076293945,34.380001068115234,34.131343841552734,1368300,0.0,False
2025-01-23,34.119998931884766,34.540000915527344,34.02000045776367,34.529998779296875,34.28025436401367,1124500,0.0,False
2025-01-24,34.66999816894531,34.85599899291992,34.470001220703125,34.4900016784668,34.24055099487305,558900,0.0,False
2025-01-27,33.349998474121094,33.560001373291016,32.79399871826172,33.0099983215332,32.7712516784668,1299500,0.0,False
2025-01-28,33.29999923706055,33.81999969482422,32.970001220703125,33.779998779296875,33.535682678222656,813100,0.0,False
2025-01-29,33.70000076293945,33.720001220703125,33.095001220703125,33.33000183105469,33.08893966674805,464900,0.0,False
2025-01-30,33.41999816894531,33.52000045776367,33.13999938964844,33.45000076293945,33.20806884765625,756700,0.0,False
2025-01-31,33.459999084472656,33.880001068115234,33.13600158691406,33.18000030517578,32.94002151489258,499100,0.0,False
2025-02-03,32.30500030517578,32.84000015258789,32.11000061035156,32.619998931884766,32.384071350097656,710900,0.0,False
2025-02-04,32.849998474121094,33.249000549316406,32.790000915527344,33.13999938964844,32.90031433105469,420900,0.0,False
2025-02-05,33.16999816894531,33.61000061035156,33.16999816894531,33.61000061035156,33.366912841796875,399100,0.0,False
2025-02-06,33.7400016784668,33.779998779296875,33.400001525878906,33.54999923706055,33.30734634399414,577800,0.0,False
2025-02-07,33.7599983215332,34.08000183105469,33.4900016784668,33.560001373291016,33.31727600097656,779600,0.0,False
2025-02-10,33.90999984741211,34.290000915527344,33.90999984741211,34.27000045776367,34.02214050292969,547600,0.0,False
2025-02-11,34.20000076293945,34.25,33.90999984741211,34.02000045776367,33.77394485473633,448900,0.0,False
2025-02-12,33.61000061035156,34.18899917602539,33.61000061035156,34.13999938964844,33.89308166503906,429900,0.0,False
2025-02-13,34.040000915527344,34.099998474121094,33.689998626708984,33.959999084472656,33.714378356933594,440600,0.0,False
2025-02-14,33.88999938964844,33.970001220703125,33.665000915527344,33.81999969482422,33.57539749145508,367100,0.0,False
2025-02-18,34.33000183105469,34.5099983215332,34.28499984741211,34.4900016784668,34.24055099487305,937600,0.0,False
2025-02-19,34.435001373291016,34.52000045776367,34.220001220703125,34.33000183105469,34.08170700073242,593700,0.0,False
2025-02-20,34.47999954223633,34.47999954223633,33.95000076293945,34.31999969482422,34.07177734375,510300,0.0,False
2025-02-21,34.540000915527344,34.540000915527344,33.58000183105469,33.630001068115234,33.38676834106445,533300,0.0,False
2025-02-24,33.54999923706055,33.6150016784668,32.90999984741211,33.02000045776367,32.78118133544922,1011200,0.0,False
2025-02-25,33.25,33.279998779296875,32.55500030517578,32.97999954223633,32.7414665222168,860400,0.0,False
2025-02-26,33.130001068115234,33.599998474121094,33.099998474121094,33.22999954223633,32.989662170410156,468500,0.0,False
2025-02-27,33.33000183105469,33.36000061035156,32.18000030517578,32.220001220703125,31.986967086791992,736100,0.0,False
2025-02-28,31.649999618530273,32.084999084472656,31.5,32.06999969482422,31.838050842285156,637500,0.0,False
2025-03-03,32.415000915527344,32.439998626708984,31.049999237060547,31.280000686645508,31.05376625061035,659400,0.0,False
2025-03-04,30.8700008392334,31.729999542236328,30.479999542236328,31.229999542236328,31.004125595092773,787100,0.0,False
2025-03-05,31.399999618530273,31.940000534057617,31.290000915527344,31.889999389648438,31.659353256225586,568300,0.0,False
2025-03-06,31.46500015258789,31.719999313354492,30.889999389648438,30.959999084472656,30.7360782623291,722700,0.0,False
2025-03-07,31.020000457763672,31.309999465942383,30.510000228881836,31.239999771118164,31.014053344726562,305400,0.0,False
2025-03-10,30.6299991607666,30.709999084472656,29.700000762939453,29.989999771118164,29.773094177246094,1045600,0.0,False
2025-03-11,30.079999923706055,30.5,29.844999313354492,30.18000030517578,29.961721420288086,798800,0.0,False
2025-03-12,30.780000686645508,30.920000076293945,30.323999404907227,30.600000381469727,30.37868309020996,388000,0.0,False
2025-03-13,30.270000457763672,30.270000457763672,29.66699981689453,29.75,29.53483009338379,701300,0.0,False
2025-03-14,30.30500030517578,30.684999465942383,30.25,30.65999984741211,30.438247680664062,571800,0.0,False
2025-03-17,30.6299991607666,31.030000686645508,30.610000610351562,30.8799991607666,30.656658172607422,409900,0.0,False
2025-03-18,30.649999618530273,30.799999237060547,30.34000015258789,30.5,30.27940559387207,485400,0.0,False
2025-03-19,30.579999923706055,31.045000076293945,30.5,30.829999923706055,30.607019424438477,471200,0.0,False
2025-03-20,30.399999618530273,30.766000747680664,30.31999969482422,30.530000686645508,30.309188842773438,315700,0.0,False
2025-03-21,30.06999969482422,30.350000381469727,29.954999923706055,30.34000015258789,30.120561599731445,434900,0.0,False
2025-03-24,30.479999542236328,30.700000762939453,30.479000091552734,30.68000030517578,30.45810317993164,462200,0.0,False
2025-03-25,30.709999084472656,30.75,30.600000381469727,30.739999771118164,30.517667770385742,272000,0.0,False
2025-03-26,30.610000610351562,30.610000610351562,29.950000762939453,30.040000915527344,29.82273292541504,506100,0.0,False
2025-03-27,30.0,30.139999389648438,29.760000228881836,29.860000610351562,29.64403533935547,440300,0.0,False
2025-03-28,29.329999923706055,29.415000915527344,28.809999465942383,28.950000762939453,28.740615844726562,699700,0.0,False
2025-03-31,28.290000915527344,28.559999465942383,27.96500015258789,28.459999084472656,28.25415802001953,1444500,0.0,False
2025-04-01,28.329999923706055,28.65999984741211,28.079999923706055,28.6299991607666,28.422927856445312,545400,0.0,False
2025-04-02,28.31999969482422,29.06999969482422,28.229999542236328,28.93000030517578,28.720762252807617,810500,0.0,False
2025-04-03,27.584999084472656,27.790000915527344,27.21500015258789,27.239999771118164,27.04298210144043,1463200,0.0,False
2025-04-04,26.15999984741211,26.29800033569336,25.079999923706055,25.3799991607666,25.196435928344727,1761900,0.0,False
2025-04-07,24.020000457763672,25.790000915527344,23.815000534057617,24.799999237060547,24.620630264282227,1607400,0.0,False
2025-04-08,26.0,26.059999465942383,24.170000076293945,24.510000228881836,24.33272933959961,1561300,0.0,False
2025-04-09,24.520000457763672,27.600000381469727,24.479999542236328,27.489999771118164,27.291175842285156,1231800,0.0,False
2025-04-10,26.790000915527344,26.84000015258789,25.649999618530273,26.329999923706055,26.13956642150879,1062400,0.0,False
2025-04-11,26.440000534057617,26.8799991607666,26.149999618530273,26.8700008392334,26.675661087036133,821400,0.0,False
2025-04-14,27.43000030517578,27.43000030517578,26.739999771118164,27.040000915527344,26.844430923461914,584700,0.0,False
2025-04-15,27.079999923706055,27.299999237060547,27.000999450683594,27.100000381469727,26.90399742126465,361600,0.0,False
2025-04-16,26.670000076293945,26.84000015258789,26.229999542236328,26.510000228881836,26.31826400756836,539700,0.0,False
2025-04-17,26.760000228881836,26.864999771118164,26.530000686645508,26.6200008392334,26.42746925354004,636400,0.0,False
2025-04-21,26.469999313354492,26.510000228881836,25.915000915527344,26.170000076293945,25.980722427368164,517100,0.0,False
2025-04-22,26.635000228881836,26.850000381469727,26.420000076293945,26.68000030517578,26.48703384399414,344500,0.0,False
2025-04-23,27.770000457763672,28.155000686645508,27.420000076293945,27.489999771118164,27.291175842285156,717700,0.0,False
2025-04-24,27.579999923706055,28.15999984741211,27.523000717163086,28.149999618530273,27.946401596069336,427700,0.0,False
2025-04-25,28.290000915527344,28.634000778198242,28.170000076293945,28.59000015258789,28.383220672607422,392800,0.0,False
2025-04-28,28.520000457763672,28.579999923706055,28.209999084472656,28.510000228881836,28.30379867553711,453500,0.0,False
2025-04-29,28.489999771118164,28.760000228881836,28.479999542236328,28.639999389648438,28.432859420776367,514900,0.0,False
2025-04-30,28.18000030517578,28.6200008392334,27.969999313354492,28.559999465942383,28.353435516357422,375300,0.0,False
2025-05-01,28.969999313354492,29.010000228881836,28.68000030517578,28.709999084472656,28.502351760864258,432400,0.0,False
2025-05-02,29.260000228881836,29.440000534057617,29.25,29.280000686645508,29.0682315826416,742100,0.0,False
2025-05-05,29.25,29.43000030517578,29.209999084472656,29.270000457763672,29.05830192565918,655100,0.0,False
2025-05-06,29.094999313354492,29.34000015258789,28.90999984741211,29.239999771118164,29.02851676940918,393300,0.0,False
2025-05-07,29.020000457763672,29.21500015258789,28.8700008392334,29.1200008392334,28.909387588500977,391900,0.0,False
2025-05-08,29.399999618530273,29.709999084472656,29.34000015258789,29.489999771118164,29.276710510253906,501300,0.0,False
2025-05-09,29.469999313354492,29.559999465942383,29.239999771118164,29.34000015258789,29.127796173095703,424000,0.0,False
2025-05-12,30.360000610351562,30.610000610351562,30.170000076293945,30.610000610351562,30.388608932495117,644200,0.0,False
2025-05-13,30.71500015258789,31.190000534057617,30.700000762939453,31.030000686645508,30.805574417114258,728900,0.0,False
2025-05-14,31.2450008392334,31.3700008392334,30.969999313354492,31.09000015258789,30.86513900756836,448300,0.0,False
2025-05-15,31.1200008392334,31.139999389648438,30.756000518798828,31.049999237060547,30.825428009033203,279800,0.0,False
2025-05-16,31.219999313354492,31.235000610351562,30.985000610351562,31.204999923706055,30.979305267333984,370300,0.0,False
2025-05-19,30.600000381469727,30.989999771118164,30.56999969482422,30.989999771118164,30.76586151123047,382300,0.0,False
2025-05-20,31.149999618530273,31.204999923706055,31.020000457763672,31.190000534057617,30.964414596557617,532000,0.0,False
2025-05-21,31.0,31.299999237060547,30.579999923706055,30.65999984741211,30.438247680664062,693200,0.0,False
2025-05-22,30.59000015258789,30.89699935913086,30.450000762939453,30.75,30.527599334716797,396900,0.0,False
2025-05-23,30.31999969482422,30.739999771118164,30.1200008392334,30.56999969482422,30.34889793395996,574100,0.0,False
2025-05-27,31.209999084472656,31.540000915527344,31.10099983215332,31.510000228881836,31.282100677490234,694900,0.0,False
2025-05-28,31.235000610351562,31.260000228881836,31.049999237060547,31.079999923706055,30.855209350585938,535900,0.0,False
2025-05-29,31.59000015258789,31.600000381469727,31.219999313354492,31.309999465942383,31.083545684814453,483000,0.0,False
2025-05-30,31.239999771118164,31.299999237060547,30.559999465942383,30.899999618530273,30.676511764526367,551500,0.0,False
2025-06-02,30.81999969482422,30.969999313354492,30.540000915527344,30.969999313354492,30.746004104614258,525500,0.0,False
2025-06-03,30.979999542236328,31.350000381469727,30.920000076293945,31.299999237060547,31.073617935180664,597800,0.0,False
2025-06-04,31.329999923706055,31.479999542236328,31.200000762939453,31.399999618530273,31.172895431518555,676200,0.0,False
2025-06-05,31.459999084472656,31.635000228881836,31.158000946044922,31.280000686645508,31.05376625061035,968000,0.0,False
2025-06-06,31.43000030517578,31.565000534057617,31.350000381469727,31.399999618530273,31.172895431518555,408000,0.0,False
2025-06-09,31.385000228881836,31.5,31.200000762939453,31.399999618530273,31.172895431518555,538500,0.0,False
2025-06-10,31.579999923706055,31.649999618530273,31.3799991607666,31.600000381469727,31.371450424194336,622200,0.0,False
2025-06-11,31.799999237060547,31.799999237060547,31.459999084472656,31.530000686645508,31.301956176757812,589000,0.0,False
2025-06-12,31.459999084472656,31.600000381469727,31.350000381469727,31.40999984741211,31.182823181152344,379200,0.0,False
2025-06-13,30.899999618530273,31.184999465942383,30.799999237060547,30.90999984741211,30.686439514160156,495100,0.0,False
2025-06-16,31.15999984741211,31.3799991607666,31.100000381469727,31.270000457763672,31.04383659362793,425400,0.0,False
2025-06-17,31.0,31.110000610351562,30.75,30.790000915527344,30.56730842590332,539400,0.0,False
2025-06-18,30.889999389648438,31.229999542236328,30.84000015258789,31.040000915527344,30.815502166748047,698000,0.0,False
2025-06-20,30.920000076293945,30.940000534057617,30.399999618530273,30.450000762939453,30.229766845703125,900900,0.0,False
2025-06-23,30.399999618530273,30.7450008392334,30.21500015258789,30.739999771118164,30.517667770385742,513500,0.0,False
2025-06-24,31.145000457763672,31.47599983215332,31.09000015258789,31.440000534057617,31.212608337402344,541300,0.0,False
2025-06-25,31.59000015258789,31.68000030517578,31.47100067138672,31.540000915527344,31.3118839263916,843200,0.0,False
2025-06-26,31.81999969482422,32.279998779296875,31.75,32.279998779296875,32.04652786254883,830400,0.0,False
2025-06-27,32.52000045776367,32.68000030517578,32.29999923706055,32.52000045776367,32.3640022277832,932200,0.0,False
2025-06-30,32.60499954223633,32.70000076293945,32.48500061035156,32.650001525878906,32.493377685546875,758400,0.0,False
2025-07-01,32.290000915527344,32.369998931884766,31.979999542236328,32.13999938964844,31.985824584960938,718500,0.0,False
2025-07-02,32.0,32.5,31.899999618530273,32.4900016784668,32.33414840698242,715400,0.0,False
2025-07-03,32.619998931884766,32.86899948120117,32.54999923706055,32.790000915527344,32.63270568847656,377100,0.0,False
2025-07-07,32.27000045776367,32.35499954223633,32.040000915527344,32.15999984741211,32.0057258605957,624000,0.0,False
2025-07-08,32.314998626708984,32.494998931884766,32.2599983215332,32.36000061035156,32.204769134521484,529200,0.0,False
2025-07-09,32.63999938964844,32.775001525878906,32.42300033569336,32.77000045776367,32.61280059814453,476400,0.0,False
2025-07-10,32.70000076293945,32.70000076293945,32.310001373291016,32.540000915527344,32.38390350341797,617500,0.0,False
2025-07-11,32.45000076293945,32.59000015258789,32.27000045776367,32.27000045776367,32.11520004272461,432000,0.0,False
2025-07-14,32.064998626708984,32.34000015258789,31.8700008392334,32.279998779296875,32.12514877319336,470800,0.0,False
2025-07-15,32.619998931884766,32.64699935913086,32.31999969482422,32.33000183105469,32.1749153137207,436900,0.0,False
2025-07-16,32.41999816894531,32.59000015258789,32.08000183105469,32.560001373291016,32.403812408447266,693500,0.0,False
2025-07-17,32.790000915527344,33.27000045776367,32.779998779296875,33.220001220703125,33.06064224243164,864400,0.0,False
2025-07-18,33.310001373291016,33.33000183105469,33.04999923706055,33.15999984741211,33.00093078613281,628500,0.0,False
2025-07-21,33.439998626708984,33.5,33.0099983215332,33.0099983215332,32.85165023803711,723100,0.0,False
2025-07-22,32.935001373291016,32.959999084472656,32.47999954223633,32.880001068115234,32.72227478027344,833700,0.0,False
2025-07-23,33.900001525878906,34.54499816894531,33.900001525878906,34.529998779296875,34.364356994628906,1215900,0.0,False
2025-07-24,34.654998779296875,34.709999084472656,34.400001525878906,34.4900016784668,34.324554443359375,784500,0.0,False
2025-07-25,34.29999923706055,34.358001708984375,34.0099983215332,34.33000183105469,34.165321350097656,635900,0.0,False
2025-07-28,34.40999984741211,34.439998626708984,34.16299819946289,34.2599983215332,34.09565353393555,648300,0.0,False
2025-07-29,34.33000183105469,34.349998474121094,33.81999969482422,33.86000061035156,33.69757080078125,569400,0.0,False
2025-07-30,33.869998931884766,34.0,33.52799987792969,33.70000076293945,33.5383415222168,509500,0.0,False
2025-07-31,34.0099983215332,34.06800079345703,33.400001525878906,33.470001220703125,33.309444427490234,706600,0.0,False
2025-08-01,33.0099983215332,33.310001373291016,32.66999816894531,33.119998931884766,32.96112060546875,846700,0.0,False
2025-08-04,33.6150016784668,33.97999954223633,33.56999969482422,33.970001220703125,33.807044982910156,733200,0.0,False
2025-08-05,34.060001373291016,34.189998626708984,33.75,33.93000030517578,33.767234802246094,629000,0.0,False
2025-08-06,33.81999969482422,33.849998474121094,33.53499984741211,33.599998474121094,33.43881607055664,902700,0.0,False
2025-08-07,33.84000015258789,33.90999984741211,33.209999084472656,33.43000030517578,33.26963806152344,904000,0.0,False
2025-08-08,33.7400016784668,33.77000045776367,33.560001373291016,33.599998474121094,33.43881607055664,519600,0.0,False
2025-08-11,33.470001220703125,33.55500030517578,33.2400016784668,33.310001373291016,33.150211334228516,411700,0.0,False
2025-08-12,33.5,33.880001068115234,33.3849983215332,33.880001068115234,33.71747970581055,573200,0.0,False
2025-08-13,33.994998931884766,34.275001525878906,33.869998931884766,34.27000045776367,34.10560607910156,772500,0.0,False
2025-08-14,33.970001220703125,33.9900016784668,33.665000915527344,33.90999984741211,33.74733352661133,562300,0.0,False
2025-08-15,34.119998931884766,34.119998931884766,33.91999816894531,34.08000183105469,33.9165153503418,364100,0.0,False
2025-08-18,33.84000015258789,34.099998474121094,33.84000015258789,34.06999969482422,33.90656661987305,426200,0.0,False
2025-08-19,34.0,34.040000915527344,33.40999984741211,33.47999954223633,33.319393157958984,462400,0.0,False
2025-08-20,33.150001525878906,33.25,32.77000045776367,33.18000030517578,33.02083206176758,535700,0.0,False
2025-08-21,32.97999954223633,33.15999984741211,32.790000915527344,32.869998931884766,32.712318420410156,520400,0.0,False
2025-08-22,32.939998626708984,33.900001525878906,32.939998626708984,33.810001373291016,33.6478157043457,771700,0.0,False
2025-08-25,33.80500030517578,33.95000076293945,33.66999816894531,33.66999816894531,33.508480072021484,438900,0.0,False
2025-08-26,33.650001525878906,33.86000061035156,33.56999969482422,33.79999923706055,33.63785934448242,547500,0.0,False
2025-08-27,33.61000061035156,33.8650016784668,33.512001037597656,33.79999923706055,33.63785934448242,346900,0.0,False
2025-08-28,33.900001525878906,34.154998779296875,33.81999969482422,34.06999969482422,33.90656661987305,469400,0.0,False
2025-08-29,33.91999816894531,33.91999816894531,33.43000030517578,33.54999923706055,33.38905715942383,437400,0.0,False
2025-09-02,33.20000076293945,33.40999984741211,32.900001525878906,33.29999923706055,33.1402587890625,474100,0.0,False
2025-09-03,33.40999984741211,33.4900016784668,33.03499984741211,33.16999816894531,33.01088333129883,361200,0.0,False
2025-09-04,33.0,33.2599983215332,32.869998931884766,33.25,33.09049606323242,334100,0.0,False
2025-09-05,33.52000045776367,33.70000076293945,33.18000030517578,33.58000183105469,33.41891860961914,593900,0.0,False
2025-09-08,33.849998474121094,34.185001373291016,33.83000183105469,34.11000061035156,33.94637680053711,540400,0.0,False
2025-09-09,33.939998626708984,33.939998626708984,33.560001373291016,33.81999969482422,33.65776443481445,465600,0.0,False
2025-09-10,34.04999923706055,34.08000183105469,33.632999420166016,33.72999954223633,33.56819534301758,640700,0.0,False
2025-09-11,33.869998931884766,34.32500076293945,33.869998931884766,34.209999084472656,34.04589080810547,528100,0.0,False
2025-09-12,34.22999954223633,34.22999954223633,33.994998931884766,34.040000915527344,33.876708984375,346100,0.0,False
2025-09-15,34.099998474121094,34.40999984741211,34.08000183105469,34.40999984741211,34.24493408203125,425800,0.0,False
2025-09-16,34.5099983215332,34.5099983215332,34.189998626708984,34.459999084472656,34.29469299316406,700600,0.0,False
2025-09-17,34.380001068115234,34.63999938964844,34.029998779296875,34.369998931884766,34.20512390136719,640300,0.0,False
2025-09-18,34.7599983215332,35.07699966430664,34.56999969482422,35.029998779296875,34.86195755004883,1001000,0.0,False
2025-09-19,34.85499954223633,35.04999923706055,34.75,35.0,34.83210372924805,693900,0.0,False
2025-09-22,35.209999084472656,36.0,35.13999938964844,35.959999084472656,35.787498474121094,998700,0.0,False
2025-09-23,35.96500015258789,36.06999969482422,35.61000061035156,35.65999984741211,35.48893737792969,969200,0.0,False
2025-09-24,35.54499816894531,35.54499816894531,35.11000061035156,35.11000061035156,34.94157409667969,527600,0.0,False
2025-09-25,34.81999969482422,34.959999084472656,34.470001220703125,34.88999938964844,34.72262954711914,650800,0.0,False
2025-09-26,34.91999816894531,34.91999816894531,34.56999969482422,34.849998474121094,34.682823181152344,450800,0.0,False
2025-09-29,35.04999923706055,35.209999084472656,35.0,35.08000183105469,34.911720275878906,544000,0.0,False
2025-09-30,35.2400016784668,35.46500015258789,35.209999084472656,35.43000030517578,35.26004409790039,482700,0.0,False
2025-10-01,35.439998626708984,35.73500061035156,35.439998626708984,35.709999084472656,35.5386962890625,526600,0.0,False
2025-10-02,36.095001220703125,36.36000061035156,35.959999084472656,36.310001373291016,36.13581848144531,538400,0.0,False
2025-10-03,36.67499923706055,37.01499938964844,36.52000045776367,36.75,36.57371139526367,996200,0.0,False
2025-10-06,37.40999984741211,37.54999923706055,37.20500183105469,37.400001525878906,37.2205924987793,705900,0.0,False
2025-10-07,37.349998474121094,37.369998931884766,36.560001373291016,36.810001373291016,36.6334228515625,745700,0.0,False
2025-10-08,36.900001525878906,37.255001068115234,36.84000015258789,37.2400016784668,37.06135940551758,573100,0.0,False
2025-10-09,37.5099983215332,37.5099983215332,37.11399841308594,37.29999923706055,37.121070861816406,550700,0.0,False
2025-10-10,37.349998474121094,37.4379997253418,35.619998931884766,35.650001525878906,35.47898864746094,1066400,0.0,False
2025-10-13,36.435001373291016,36.86000061035156,36.279998779296875,36.75,36.57371139526367,1038300,0.0,False
2025-10-14,36.16999816894531,36.744998931884766,35.650001525878906,36.470001220703125,36.29505157470703,746900,0.0,False
2025-10-15,37.20000076293945,37.29999923706055,36.400001525878906,36.86000061035156,36.68318176269531,778500,0.0,False
2025-10-16,37.06999969482422,37.08000183105469,36.290000915527344,36.4900016784668,36.31496047973633,470500,0.0,False
2025-10-17,36.07500076293945,36.290000915527344,35.7400016784668,36.04999923706055,35.8770637512207,490500,0.0,False
2025-10-20,36.7599983215332,37.130001068115234,36.72600173950195,37.060001373291016,36.882225036621094,586700,0.0,False
2025-10-21,36.81999969482422,37.099998474121094,36.47999954223633,36.880001068115234,36.703086853027344,515100,0.0,False
2025-10-22,37.31999969482422,37.38999938964844,36.38999938964844,36.83000183105469,36.65332794189453,1079700,0.0,False
2025-10-23,36.869998931884766,37.43600082397461,36.849998474121094,37.36000061035156,37.1807861328125,488700,0.0,False
2025-10-24,37.76499938964844,37.91999816894531,37.68000030517578,37.72999954223633,37.549007415771484,1382300,0.0,False
2025-10-27,38.25,38.25,38.040000915527344,38.18000030517578,37.996849060058594,763800,0.0,False
2025-10-28,38.099998474121094,38.25,37.9370002746582,38.060001373291016,37.87742614746094,715600,0.0,False
2025-10-29,38.310001373291016,38.34000015258789,37.7599983215332,38.15999984741211,37.97694396972656,973200,0.0,False
2025-10-30,37.60499954223633,37.810001373291016,37.380001068115234,37.404998779296875,37.22556686401367,780900,0.0,False
2025-10-31,37.779998779296875,37.900001525878906,37.4900016784668,37.83000183105469,37.648529052734375,595800,0.0,False
2025-11-03,38.18000030517578,38.3489990234375,37.73500061035156,38.25,38.06651306152344,1060800,0.0,False
2025-11-04,37.599998474121094,37.81999969482422,37.279998779296875,37.31999969482422,37.14097595214844,1881000,0.0,False
2025-11-05,36.90999984741211,37.20000076293945,36.68000030517578,37.0,36.822509765625,793700,0.0,False
2025-11-06,36.85499954223633,36.880001068115234,35.779998779296875,35.97999954223633,35.80739974975586,1088800,0.0,False
2025-11-07,35.46500015258789,36.0,35.130001068115234,36.0,35.827308654785156,1309500,0.0,False
2025-11-10,36.61000061035156,36.64500045776367,36.150001525878906,36.56999969482422,36.394569396972656,819000,0.0,False
2025-11-11,36.43000030517578,36.43000030517578,36.099998474121094,36.290000915527344,36.11591720581055,406100,0.0,False
2025-11-12,36.46500015258789,36.47999954223633,36.060001373291016,36.189998626708984,36.016395568847656,584600,0.0,False
2025-11-13,35.87200164794922,35.970001220703125,35.119998931884766,35.29999923706055,35.13066482543945,1012700,0.0,False
2025-11-14,34.72999954223633,35.486000061035156,34.66999816894531,35.150001525878906,34.98138427734375,2126000,0.0,False
2025-11-17,34.75,34.900001525878906,34.10200119018555,34.31999969482422,34.155364990234375,1388300,0.0,False
2025-11-18,33.61000061035156,33.95000076293945,33.400001525878906,33.70000076293945,33.5383415222168,1875300,0.0,False
2025-11-19,33.810001373291016,34.130001068115234,33.59000015258789,33.84000015258789,33.677669525146484,827800,0.0,False
2025-11-20,34.47999954223633,34.58000183105469,33.040000915527344,33.08000183105469,32.92131423950195,1001600,0.0,False
2025-11-21,33.13999938964844,33.71500015258789,32.72999954223633,33.4900016784668,33.329349517822266,1071400,0.0,False
2025-11-24,33.63999938964844,34.12699890136719,33.529998779296875,34.06999969482422,33.90656661987305,535400,0.0,False
2025-11-25,34.119998931884766,34.595001220703125,33.784000396728516,34.54999923706055,34.38426208496094,602400,0.0,False
2025-11-26,34.709999084472656,35.0,34.64500045776367,34.869998931884766,34.702728271484375,558100,0.0,False
2025-11-28,35.11000061035156,35.25699996948242,35.08000183105469,35.16999816894531,35.00128936767578,278000,0.0,False
2025-12-01,35.099998474121094,35.512001037597656,35.099998474121094,35.25,35.080902099609375,679800,0.0,False
2025-12-02,35.47999954223633,35.56999969482422,35.09000015258789,35.150001525878906,34.98138427734375,547500,0.0,False
2025-12-03,35.08000183105469,35.51499938964844,34.970001220703125,35.5099983215332,35.339656829833984,640800,0.0,False
2025-12-04,36.439998626708984,36.935001373291016,36.38999938964844,36.880001068115234,36.703086853027344,1537900,0.0,False
2025-12-05,36.79999923706055,36.90999984741211,36.54999923706055,36.77000045776367,36.59361267089844,642100,0.0,False
2025-12-08,36.904998779296875,37.02000045776367,36.654998779296875,36.88999938964844,36.713035583496094,692100,0.0,False
2025-12-09,36.939998626708984,37.095001220703125,36.775001525878906,36.880001068115234,36.703086853027344,512600,0.0,False
2025-12-10,36.880001068115234,37.1349983215332,36.59000015258789,37.029998779296875,36.85236358642578,659300,0.0,False
2025-12-11,36.849998474121094,36.96500015258789,36.47999954223633,36.93000030517578,36.752845764160156,459700,0.0,False
2025-12-12,37.099998474121094,37.119998931884766,36.209999084472656,36.380001068115234,36.20548629760742,782500,0.0,False
2025-12-15,36.650001525878906,36.650001525878906,36.09000015258789,36.13999938964844,35.966636657714844,591700,0.0,False
2025-12-16,35.70500183105469,35.93000030517578,35.57099914550781,35.790000915527344,35.61831283569336,650100,0.0,False
2025-12-17,35.70000076293945,35.84000015258789,35.0,35.0,34.83210372924805,509700,0.0,False
2025-12-18,35.459999084472656,35.64500045776367,35.279998779296875,35.36000061035156,35.19038009643555,866700,0.0,False
2025-12-19,35.689998626708984,35.9900016784668,35.56999969482422,35.959999084472656,35.787498474121094,455700,0.0,False
2025-12-22,36.400001525878906,36.619998931884766,36.332000732421875,36.560001373291016,36.384620666503906,633100,0.0,False
2025-12-23,36.56999969482422,36.72999954223633,36.33000183105469,36.689998626708984,36.51399230957031,708800,0.0,False
2025-12-24,36.70000076293945,36.75,36.540000915527344,36.68000030517578,36.50404739379883,202300,0.0,False
2025-12-26,36.63999938964844,36.650001525878906,36.41999816894531,36.59000015258789,36.41447830200195,334400,0.0,False
2025-12-29,36.61000061035156,36.95000076293945,36.58000183105469,36.75,36.57371139526367,845400,0.0,False
2025-12-30,36.93000030517578,36.95000076293945,36.560001373291016,36.58000183105469,36.56171798706055,335100,0.0,False
2025-12-31,36.529998779296875,36.540000915527344,36.220001220703125,36.22999954223633,36.211891174316406,352200,0.0,False
2026-01-02,36.650001525878906,36.77000045776367,36.349998474121094,36.709999084472656,36.691650390625,696100,0.0,False
2026-01-05,37.04999923706055,37.66600036621094,36.9900016784668,37.61000061035156,37.59120178222656,1216700,0.0,False
2026-01-06,37.45000076293945,37.965999603271484,37.41999816894531,37.93000030517578,37.911041259765625,774300,0.0,False
2026-01-07,38.119998931884766,38.29999923706055,37.970001220703125,38.15999984741211,38.140926361083984,1178700,0.0,False
2026-01-08,37.959999084472656,37.9900016784668,37.650001525878906,37.72999954223633,37.71113967895508,887700,0.0,False
2026-01-09,38.189998626708984,38.41999816894531,38.029998779296875,38.22999954223633,38.21089172363281,1434200,0.0,False
2026-01-12,38.369998931884766,38.525001525878906,38.189998626708984,38.439998626708984,38.42078399658203,901800,0.0,False
2026-01-13,38.439998626708984,38.439998626708984,37.72999954223633,37.849998474121094,37.831077575683594,953100,0.0,False
2026-01-14,37.95000076293945,38.02000045776367,37.689998626708984,38.0,37.98100662231445,923400,0.0,False
2026-01-15,38.5,38.61000061035156,38.290000915527344,38.34000015258789,38.32083511352539,1222600,0.0,False
2026-01-16,38.404998779296875,38.529998779296875,38.18899917602539,38.349998474121094,38.33082962036133,737200,0.0,False
2026-01-20,37.59000015258789,37.869998931884766,37.09000015258789,37.16999816894531,37.15142059326172,1314900,0.0,False
2026-01-21,37.58000183105469,37.88999938964844,37.15999984741211,37.709999084472656,37.6911506652832,1215900,0.0,False
2026-01-22,37.900001525878906,38.0,37.6349983215332,37.880001068115234,37.86106872558594,511800,0.0,False
2026-01-23,37.900001525878906,37.930999755859375,37.654998779296875,37.77000045776367,37.751121520996094,644900,0.0,False
2026-01-26,38.04999923706055,38.279998779296875,37.95000076293945,37.959999084472656,37.94102478027344,895900,0.0,False
2026-01-27,38.279998779296875,38.32899856567383,38.029998779296875,38.2599983215332,38.240875244140625,674400,0.0,False
2026-01-28,38.31999969482422,38.34000015258789,37.84000015258789,37.9900016784668,37.971012115478516,746300,0.0,False
2026-01-29,38.33000183105469,38.36000061035156,37.270999908447266,37.959999084472656,37.94102478027344,1059800,0.0,False
2026-01-30,37.63999938964844,37.91999816894531,37.20000076293945,37.31999969482422,37.30134582519531,1062200,0.0,False
2026-02-02,36.915000915527344,37.0890007019043,36.685001373291016,36.869998931884766,36.85157012939453,1018500,0.0,False
2026-02-03,37.20000076293945,37.25,36.345001220703125,36.880001068115234,36.861568450927734,1149500,0.0,False
2026-02-04,37.14500045776367,37.27000045776367,36.18000030517578,36.61000061035156,36.59170150756836,1049900,0.0,False
2026-02-05,36.02000045776367,36.40999984741211,35.73099899291992,35.77000045776367,35.75212097167969,894200,0.0,False
2026-02-06,36.369998931884766,37.56999969482422,36.31999969482422,37.47999954223633,37.461265563964844,1179400,0.0,False
2026-02-09,37.43000030517578,38.279998779296875,37.349998474121094,38.13999938964844,38.120933532714844,816700,0.0,False
2026-02-10,38.400001525878906,38.630001068115234,38.25,38.36000061035156,38.34082794189453,762300,0.0,False
2026-02-11,38.599998474121094,38.65999984741211,37.810001373291016,38.119998931884766,38.10094451904297,820600,0.0,False
2026-02-12,38.470001220703125,38.779998779296875,37.790000915527344,37.959999084472656,37.94102478027344,814200,0.0,False
2026-02-13,38.099998474121094,38.60499954223633,37.83100128173828,38.34000015258789,38.32083511352539,895200,0.0,False
2026-02-17,38.27000045776367,38.75,37.939998626708984,38.619998931884766,38.6006965637207,775100,0.0,False
2026-02-18,38.45000076293945,38.70000076293945,38.224998474121094,38.36000061035156,38.34082794189453,697400,0.0,False
2026-02-19,38.380001068115234,38.63999938964844,38.25,38.63999938964844,38.62068557739258,866200,0.0,False
2026-02-20,38.48500061035156,39.220001220703125,38.41999816894531,39.02000045776367,39.00049591064453,1097700,0.0,False
2026-02-23,38.68000030517578,38.849998474121094,38.28099822998047,38.58000183105469,38.56071853637695,971300,0.0,False
2026-02-24,38.56999969482422,39.099998474121094,38.380001068115234,39.0099983215332,38.99049758911133,769800,0.0,False
2026-02-25,39.58000183105469,39.77799987792969,39.483001708984375,39.65999984741211,39.640174865722656,774800,0.0,False
2026-02-26,39.689998626708984,39.689998626708984,39.060001373291016,39.5,39.480255126953125,1089000,0.0,False
2026-02-27,39.119998931884766,39.209999084472656,38.91999816894531,39.02000045776367,39.00049591064453,1287700,0.0,False
2026-03-02,37.849998474121094,38.41999816894531,37.59000015258789,38.189998626708984,38.1709098815918,1393800,0.0,False
2026-03-03,36.380001068115234,37.18000030517578,35.810001373291016,36.900001525878906,36.88155746459961,3335500,0.0,False
2026-03-04,36.95000076293945,37.314998626708984,36.63999938964844,37.130001068115234,37.11144256591797,1377400,0.0,False
2026-03-05,36.88999938964844,37.11000061035156,36.06999969482422,36.58000183105469,36.56171798706055,904700,0.0,False
2026-03-06,35.939998626708984,36.34000015258789,35.849998474121094,36.09000015258789,36.07196044921875,847300,0.0,False
2026-03-09,35.189998626708984,36.189998626708984,34.78200149536133,36.09000015258789,36.07196044921875,1025700,0.0,False
2026-03-10,36.560001373291016,37.0,36.150001525878906,36.279998779296875,36.261863708496094,634400,0.0,False
2026-03-11,36.18000030517578,36.470001220703125,35.970001220703125,36.29999923706055,36.281856536865234,551300,0.0,False
2026-03-12,36.03499984741211,36.13999938964844,35.47999954223633,35.59000015258789,35.57221221923828,606200,0.0,False
2026-03-13,35.56999969482422,35.83000183105469,34.724998474121094,34.83000183105469,34.812591552734375,1047200,0.0,False
2026-03-16,35.34000015258789,35.59000015258789,35.220001220703125,35.38999938964844,35.372310638427734,686500,0.0,False
2026-03-17,35.4900016784668,35.61000061035156,35.22999954223633,35.380001068115234,35.3623161315918,449800,0.0,False
2026-03-18,35.35499954223633,35.439998626708984,34.84000015258789,34.849998474121094,34.83258056640625,874200,0.0,False
2026-03-19,34.31999969482422,35.06999969482422,34.15999984741211,34.880001068115234,34.86256790161133,970000,0.0,False
2026-03-20,34.459999084472656,34.5099983215332,33.3849983215332,33.599998474121094,33.58320236206055,1153600,0.0,False
2026-03-23,34.19499969482422,34.595001220703125,33.95000076293945,34.2400016784668,34.22288513183594,1333300,0.0,False
2026-03-24,33.76499938964844,34.08000183105469,33.650001525878906,33.81999969482422,33.803096771240234,677000,0.0,False
2026-03-25,34.400001525878906,34.564998626708984,34.130001068115234,34.380001068115234,34.362815856933594,887500,0.0,False
2026-03-26,33.70000076293945,33.939998626708984,33.244998931884766,33.290000915527344,33.27336120605469,947800,0.0,False
2026-03-27,32.970001220703125,32.970001220703125,32.36000061035156,32.459999084472656,32.44377517700195,1384900,0.0,False
2026-03-30,32.58000183105469,32.70000076293945,31.875,31.989999771118164,31.974010467529297,967400,0.0,False
2026-03-31,32.2599983215332,33.26499938964844,32.2599983215332,33.220001220703125,33.20339584350586,1057300,0.0,False
2026-04-01,33.91999816894531,34.23500061035156,33.81999969482422,33.900001525878906,33.883056640625,661400,0.0,False
2026-04-02,32.90999984741211,33.619998931884766,32.65999984741211,33.400001525878906,33.38330841064453,701900,0.0,False
2026-04-06,33.5,33.72999954223633,33.369998931884766,33.59000015258789,33.573211669921875,486400,0.0,False
2026-04-07,33.189998626708984,33.42499923706055,32.7400016784668,33.38999938964844,33.37331008911133,580300,0.0,False
2026-04-08,35.43000030517578,35.58000183105469,34.91999816894531,35.119998931884766,35.10244369506836,1146200,0.0,False
2026-04-09,34.810001373291016,35.064998626708984,34.52000045776367,34.91999816894531,34.90254211425781,696600,0.0,False
2026-04-10,35.505001068115234,35.59000015258789,35.290000915527344,35.43000030517578,35.41229248046875,574400,0.0,False
2026-04-13,35.189998626708984,35.97999954223633,35.159000396728516,35.970001220703125,35.952022552490234,466300,0.0,False
2026-04-14,36.13999938964844,36.61000061035156,36.13999938964844,36.59000015258789,36.571712493896484,722600,0.0,False
2026-04-15,36.45000076293945,36.73500061035156,36.349998474121094,36.72999954223633,36.711639404296875,550800,0.0,False
2026-04-16,36.90999984741211,36.97999954223633,36.52000045776367,36.709999084472656,36.691650390625,576900,0.0,False
2026-04-17,37.349998474121094,37.7400016784668,37.279998779296875,37.40999984741211,37.391300201416016,872900,0.0,False
2026-04-20,37.40999984741211,37.529998779296875,37.220001220703125,37.5,37.48125457763672,563000,0.0,False
2026-04-21,37.43000030517578,37.52000045776367,36.689998626708984,36.7400016784668,36.72163772583008,577300,0.0,False
2026-04-22,37.22999954223633,37.40999984741211,37.150001525878906,37.369998931884766,37.351318359375,658200,0.0,False
2026-04-23,37.10499954223633,37.130001068115234,36.22999954223633,36.65999984741211,36.64167404174805,859900,0.0,False
2026-04-24,36.900001525878906,37.369998931884766,36.775001525878906,37.36000061035156,37.34132766723633,779700,0.0,False
2026-04-27,38.45000076293945,38.63999938964844,38.2400016784668,38.4900016784668,38.47076416015625,1137900,0.0,False
2026-04-28,37.80500030517578,37.89500045776367,37.43000030517578,37.65999984741211,37.64117431640625,860100,0.0,False
2026-04-29,37.61000061035156,37.63999938964844,37.119998931884766,37.33000183105469,37.311344146728516,2240600,0.0,False
2026-04-30,37.83000183105469,38.47999954223633,37.790000915527344,38.45000076293945,38.430782318115234,1007800,0.0,False
2026-05-01,38.5099983215332,38.709999084472656,38.43000030517578,38.599998474121094,38.58070373535156,842400,0.0,False
2026-05-04,38.51499938964844,38.814998626708984,38.13999938964844,38.380001068115234,38.360816955566406,1885900,0.0,False
2026-05-05,38.619998931884766,38.83000183105469,38.560001373291016,38.75,38.73063278198242,639800,0.0,False
2026-05-06,39.2599983215332,39.900001525878906,39.23500061035156,39.880001068115234,39.86006546020508,839500,0.0,False
2026-05-07,40.25,40.42499923706055,39.79999923706055,39.83000183105469,39.81009292602539,1160100,0.0,False
2026-05-08,41.244998931884766,41.4900016784668,41.07500076293945,41.45000076293945,41.429283142089844,1479500,0.0,False
2026-05-11,41.290000915527344,41.51499938964844,41.20000076293945,41.310001373291016,41.28935241699219,1060100,0.0,False
2026-05-12,40.8650016784668,40.939998626708984,40.25,40.720001220703125,40.69964599609375,896400,0.0,False
2026-05-13,41.27000045776367,41.709999084472656,41.064998626708984,41.630001068115234,41.60919189453125,1463700,0.0,False
2026-05-14,41.099998474121094,41.279998779296875,40.91999816894531,41.119998931884766,41.09944534301758,1164200,0.0,False
2026-05-15,40.45000076293945,40.54499816894531,40.1349983215332,40.22999954223633,40.20989227294922,775500,0.0,False
2026-05-18,40.15999984741211,40.16999816894531,39.47999954223633,39.83000183105469,39.81009292602539,1054400,0.0,False
2026-05-19,38.93000030517578,39.10599899291992,38.52000045776367,38.88999938964844,38.87055969238281,1543100,0.0,False
2026-05-20,38.68000030517578,39.26499938964844,38.43000030517578,39.25,39.23038101196289,943000,0.0,False
2026-05-21,39.15999984741211,39.790000915527344,39.13999938964844,39.650001525878906,39.630184173583984,887000,0.0,False
2026-05-22,40.209999084472656,40.58000183105469,40.150001525878906,40.290000915527344,40.26986312866211,976500,0.0,False
2026-05-26,40.90999984741211,41.040000915527344,40.7599983215332,40.900001525878906,40.87955856323242,1106900,0.0,False
2026-05-27,40.439998626708984,40.439998626708984,39.904998779296875,40.06999969482422,40.04997253417969,1529200,0.0,False
2026-05-28,39.90999984741211,40.439998626708984,39.720001220703125,40.279998779296875,40.259864807128906,862200,0.0,False
2026-05-29,40.2599983215332,40.369998931884766,39.959999084472656,40.150001525878906,40.12993240356445,865800,0.0,False
2026-06-01,40.31999969482422,40.73500061035156,40.16999816894531,40.599998474121094,40.57970428466797,1277900,0.0,False
2026-06-02,40.59000015258789,40.82500076293945,40.43000030517578,40.63999938964844,40.619686126708984,787200,0.0,False
2026-06-03,40.68000030517578,40.689998626708984,40.15999984741211,40.27000045776367,40.24987030029297,691300,0.0,False
2026-06-04,39.9900016784668,40.18000030517578,39.79999923706055,40.08000183105469,40.059967041015625,988700,0.0,False
2026-06-05,39.47999954223633,39.47999954223633,37.85499954223633,37.97999954223633,37.96101379394531,1453700,0.0,False
2026-06-08,38.474998474121094,38.630001068115234,38.244998931884766,38.31999969482422,38.300846099853516,937100,0.0,False
2026-06-09,38.2400016784668,38.459999084472656,36.76300048828125,37.619998931884766,37.6011962890625,1660400,0.0,False
2026-06-10,36.810001373291016,37.130001068115234,36.209999084472656,36.2400016784668,36.221885681152344,1401100,0.0,False
2026-06-11,36.4900016784668,37.314998626708984,36.209999084472656,37.2599983215332,37.24137496948242,1216900,0.0,False
2026-06-12,37.22999954223633,37.310001373291016,36.849998474121094,37.119998931884766,37.101444244384766,765400,0.0,False
2026-06-15,38.224998474121094,38.38999938964844,38.150001525878906,38.25,38.23088073730469,611700,0.0,False
2026-06-16,38.189998626708984,38.310001373291016,37.86000061035156,37.880001068115234,37.86106872558594,496200,0.0,False
2026-06-17,38.16999816894531,38.33000183105469,37.56999969482422,37.59000015258789,37.57121276855469,1034900,0.0,False
2026-06-18,38.2599983215332,38.45000076293945,38.06999969482422,38.369998931884766,38.3508186340332,1677700,0.0,False
2026-06-22,38.41999816894531,38.630001068115234,38.250999450683594,38.33000183105469,38.31084442138672,1060900,0.0,False
2026-06-23,36.619998931884766,36.97999954223633,36.5,36.63999938964844,36.62168502807617,1185300,0.0,False
2026-06-24,36.59000015258789,36.869998931884766,36.38999938964844,36.58000183105469,36.56171798706055,702300,0.0,False
2026-06-25,36.880001068115234,36.939998626708984,36.29999923706055,36.61000061035156,36.59170150756836,969900,0.0,False
2026-06-26,35.900001525878906,36.36000061035156,35.79999923706055,36.0099983215332,35.992000579833984,599300,0.0,False
2026-06-29,36.380001068115234,36.88999938964844,36.209999084472656,36.86000061035156,36.86000061035156,1351900,0.0,False
2026-06-30,37.5,38.029998779296875,37.435001373291016,37.939998626708984,37.939998626708984,966200,0.0,False
2026-07-01,37.900001525878906,38.43000030517578,37.869998931884766,38.060001373291016,38.060001373291016,670500,0.0,False
2026-07-02,37.970001220703125,38.130001068115234,37.099998474121094,37.38999938964844,37.38999938964844,845400,0.0,False
2026-07-06,37.790000915527344,38.43000030517578,37.75,38.25,38.25,874200,0.0,False
2026-07-07,37.290000915527344,37.290000915527344,36.5099983215332,36.59000015258789,36.59000015258789,1334100,0.0,False
2026-07-08,35.83000183105469,36.025001525878906,35.55500030517578,35.9900016784668,35.9900016784668,1170500,0.0,False
2026-07-09,36.4900016784668,36.70000076293945,36.244998931884766,36.630001068115234,36.630001068115234,542800,0.0,False
2026-07-10,36.880001068115234,37.0,36.54999923706055,36.90999984741211,36.90999984741211,671100,0.0,False
2026-07-13,36.2400016784668,36.31999969482422,35.779998779296875,35.869998931884766,35.869998931884766,975900,0.0,False
2026-07-14,36.0,36.220001220703125,35.80099868774414,35.880001068115234,35.880001068115234,476700,0.0,False
2026-07-15,36.27000045776367,36.334999084472656,35.69499969482422,36.029998779296875,36.029998779296875,578400,0.0,False
2026-07-16,35.689998626708984,35.790000915527344,35.3849983215332,35.529998779296875,35.529998779296875,679200,0.0,False
2026-07-17,34.20500183105469,34.595001220703125,33.935001373291016,34.400001525878906,34.400001525878906,1189000,0.0,False
2026-07-20,34.560001373291016,34.66999816894531,34.209999084472656,34.25,34.25,657900,0.0,False
2026-07-21,34.720001220703125,34.994998931884766,34.630001068115234,34.88999938964844,34.88999938964844,703700,0.0,False
2026-07-22,34.900001525878906,35.119998931884766,34.869998931884766,34.88999938964844,34.88999938964844,591500,0.0,False
2026-07-23,34.54999923706055,34.685001373291016,34.099998474121094,34.310001373291016,34.310001373291016,718500,0.0,False
2026-07-24,34.18000030517578,34.22999954223633,33.775001525878906,33.83000183105469,33.83000183105469,1202000,0.0,False
2026-07-27,34.47999954223633,34.630001068115234,34.06999969482422,34.34000015258789,34.34000015258789,548300,0.0,False
2026-07-28,33.689998626708984,34.07500076293945,33.48400115966797,33.97999954223633,33.97999954223633,1076000,0.0,False
2026-07-29,34.18000030517578,34.494998931884766,33.61000061035156,33.68000030517578,33.68000030517578,1062100,0.0,False
2026-07-30,34.209999084472656,34.900001525878906,34.125,34.900001525878906,34.900001525878906,875500,0.0,False
2026-07-31,35.380001068115234,35.529998779296875,34.81999969482422,35.220001220703125,35.220001220703125,906400,0.0,False
2026-08-03,35.154998779296875,35.959999084472656,35.06999969482422,35.93000030517578,35.93000030517578,827700,0.0,False
2026-08-04,36.58000183105469,37.15999984741211,36.41999816894531,37.09000015258789,37.09000015258789,1011500,0.0,False
2026-08-05,37.755001068115234,37.76499938964844,37.279998779296875,37.29999923706055,37.29999923706055,698900,0.0,False
2026-08-06,37.150001525878906,37.2400016784668,36.79999923706055,36.939998626708984,36.939998626708984,798000,0.0,False
2026-08-07,37.380001068115234,37.650001525878906,37.209999084472656,37.61000061035156,37.61000061035156,686800,0.0,False
2026-08-10,37.61000061035156,37.650001525878906,37.334999084472656,37.41999816894531,37.41999816894531,468300,0.0,False
2026-08-11,37.560001373291016,37.71500015258789,37.380001068115234,37.47999954223633,37.47999954223633,396800,0.0,False
2026-08-12,38.11000061035156,38.150001525878906,37.75,37.810001373291016,37.810001373291016,409600,0.0,False
2026-08-13,37.69499969482422,37.900001525878906,37.630001068115234,37.81999969482422,37.81999969482422,729700,0.0,False
2026-08-14,37.81999969482422,37.90999984741211,37.64400100708008,37.7400016784668,37.7400016784668,429300,0.0,False
2026-08-17,37.900001525878906,38.025001525878906,37.790000915527344,37.81999969482422,37.81999969482422,454900,0.0,False
2026-08-18,36.92399978637695,37.040000915527344,36.54499816894531,36.54999923706055,36.54999923706055,713000,0.0,False
2026-08-19,36.540000915527344,36.540000915527344,36.150001525878906,36.380001068115234,36.380001068115234,795800,0.0,False
2026-08-20,36.0,36.084999084472656,35.66400146484375,35.810001373291016,35.810001373291016,724200,0.0,False
2026-08-21,36.060001373291016,36.15999984741211,35.89400100708008,36.040000915527344,36.040000915527344,685100,0.0,False
2026-08-24,35.72999954223633,35.72999954223633,35.2400016784668,35.25,35.25,682900,0.0,False
2026-08-25,35.69499969482422,35.900001525878906,35.6349983215332,35.849998474121094,35.849998474121094,632200,0.0,False
2026-08-26,35.779998779296875,35.8650016784668,35.54999923706055,35.630001068115234,35.630001068115234,407300,0.0,False
2026-08-27,36.060001373291016,36.29999923706055,36.0099983215332,36.13999938964844,36.13999938964844,677400,0.0,False
2026-08-28,36.27000045776367,36.310001373291016,35.68000030517578,35.75,35.75,496500,0.0,False
2026-08-31,35.95000076293945,36.06999969482422,35.744998931884766,35.88999938964844,35.88999938964844,544800,0.0,False
2026-09-01,35.33000183105469,35.40999984741211,35.04999923706055,35.150001525878906,35.150001525878906,838000,0.0,False
2026-09-02,34.959999084472656,35.20000076293945,34.83000183105469,35.189998626708984,35.189998626708984,564400,0.0,False
2026-09-03,35.52000045776367,35.869998931884766,35.40999984741211,35.810001373291016,35.810001373291016,602000,0.0,False
2026-09-04,35.83000183105469,35.959999084472656,35.709999084472656,35.95000076293945,35.95000076293945,774700,0.0,False
