Date,Open,High,Low,Close,Adj_Close,Volume,Capital_Gains,Repaired?
2020-01-16,25.319000244140625,25.319000244140625,25.319000244140625,25.319000244140625,23.90337076825166,100,0.0,True
2020-01-17,25.34000015258789,25.34000015258789,25.34000015258789,25.34000015258789,23.923193834065625,0,0.0,True
2020-01-21,25.26300048828125,25.26300048828125,25.26300048828125,25.26300048828125,23.85049724198516,100,0.0,True
2020-01-22,25.308000564575195,25.308000564575195,25.308000564575195,25.308000564575195,23.892985811881427,100,0.0,True
2020-01-23,25.3439998626709,25.3439998626709,25.3439998626709,25.3439998626709,23.92697363181631,100,0.0,True
2020-01-24,25.059999465942383,25.059999465942383,25.059999465942383,25.059999465942383,23.658852767576757,100,0.0,True
2020-01-27,24.625,24.625,24.625,24.625,23.248177362466958,200,0.0,True
2020-01-28,24.950000762939453,24.950000762939453,24.950000762939453,24.950000762939453,23.555003203874428,0,0.0,True
2020-01-29,25.023000717163086,25.023000717163086,25.023000717163086,25.023000717163086,23.623923793181866,0,0.0,True
2020-01-30,25.020999908447266,25.020999908447266,25.020999908447266,25.020999908447266,23.62203579179535,100,0.0,True
2020-01-31,24.558000564575195,24.558000564575195,24.558000564575195,24.558000564575195,23.184920777319054,100,0.0,True
2020-02-03,24.763999938964844,24.763999938964844,24.763999938964844,24.763999938964844,23.379401997529303,100,0.0,True
2020-02-04,25.273000717163086,25.273000717163086,25.273000717163086,25.273000717163086,23.859942941384215,100,0.0,True
2020-02-05,25.357999801635742,25.357999801635742,25.357999801635742,25.357999801635742,23.940191539010726,100,0.0,True
2020-02-06,25.509000778198242,25.509000778198242,25.509000778198242,25.509000778198242,24.08274987485864,100,0.0,True
2020-02-07,25.329999923706055,25.329999923706055,25.277000427246094,25.277000427246094,23.86372084164607,200,0.0,True
2020-02-10,25.360000610351562,25.5049991607666,25.360000610351562,25.5049991607666,24.078971974596783,600,0.0,True
2020-02-11,25.520999908447266,25.520999908447266,25.520999908447266,25.520999908447266,24.094077883177714,100,0.0,True
2020-02-12,25.724000930786133,25.724000930786133,25.724000930786133,25.724000930786133,24.285724255074946,100,0.0,True
2020-02-13,25.68899917602539,25.68899917602539,25.68899917602539,25.68899917602539,24.252681384577734,100,0.0,True
2020-02-14,25.739999771118164,25.77400016784668,25.739999771118164,25.77400016784668,24.33293757215957,100,0.0,True
2020-02-18,25.750999450683594,25.750999450683594,25.750999450683594,25.750999450683594,24.311217017514938,100,0.0,True
2020-02-19,25.899999618530273,25.899999618530273,25.899999618530273,25.899999618530273,24.45188735197634,100,0.0,True
2020-02-20,25.75200080871582,25.75200080871582,25.75200080871582,25.75200080871582,24.312161966952612,100,0.0,True
2020-02-21,25.579999923706055,25.579999923706055,25.27400016784668,25.27400016784668,23.860887890821886,400,0.0,True
2020-02-24,24.454999923706055,24.454999923706055,24.454999923706055,24.454999923706055,23.08767637223627,100,0.0,True
2020-02-25,23.740999221801758,23.740999221801758,23.740999221801758,23.740999221801758,22.41359536263112,100,0.0,True
2020-02-26,23.959999084472656,23.959999084472656,23.70599937438965,23.70599937438965,22.3805581846004,600,0.0,True
2020-02-27,22.784000396728516,22.784000396728516,22.784000396728516,22.784000396728516,21.51010795339849,100,0.0,True
2020-02-28,22.424999237060547,22.493999481201172,22.424999237060547,22.493999481201172,21.236321187510573,200,0.0,True
2020-03-02,22.700000762939453,23.61199951171875,22.700000762939453,23.61199951171875,22.291810734501336,100,0.0,True
2020-03-03,22.95599937438965,22.95599937438965,22.95599937438965,22.95599937438965,21.67249504752686,0,0.0,True
2020-03-04,23.836000442504883,23.836000442504883,23.836000442504883,23.836000442504883,22.503285864679025,100,0.0,True
2020-03-05,23.145999908447266,23.145999908447266,23.145999908447266,23.145999908447266,21.851862769200853,0,0.0,True
2020-03-06,22.77899932861328,22.77899932861328,22.77899932861328,22.77899932861328,21.505383206210134,0,0.0,True
2020-03-09,21.479999542236328,21.479999542236328,21.229000091552734,21.229000091552734,20.04205120493375,100,0.0,True
2020-03-10,22.10300064086914,22.10300064086914,22.10300064086914,22.10300064086914,20.867189402859363,100,0.0,True
2020-03-11,21.520000457763672,21.53700065612793,21.195999145507812,21.195999145507812,20.010896335823052,400,0.0,True
2020-03-12,19.5,19.5,19.29400062561035,19.29400062561035,18.215243833210373,200,0.0,True
2020-03-13,19.510000228881836,20.599000930786133,19.472000122070312,20.599000930786133,19.447277638495102,400,0.0,True
2020-03-16,18.81999969482422,19.030000686645508,18.57699966430664,18.57699966430664,17.538324180314547,400,0.0,True
2020-03-17,19.363000869750977,19.363000869750977,19.363000869750977,19.363000869750977,18.280384624767127,100,0.0,True
2020-03-18,18.490999221801758,18.490999221801758,18.490999221801758,18.490999221801758,17.457134428228024,100,0.0,True
2020-03-19,18.90999984741211,18.920000076293945,18.847000122070312,18.847000122070312,17.793230932337345,900,0.0,True
2020-03-20,18.639999389648438,18.75,18.020999908447266,18.020999908447266,17.01341235764335,300,0.0,True
2020-03-23,17.784000396728516,17.784000396728516,17.784000396728516,17.784000396728516,16.789664269708915,100,0.0,True
2020-03-24,19.3799991607666,19.3799991607666,19.3799991607666,19.3799991607666,18.296433585296896,100,0.0,True
2020-03-25,19.548999786376953,19.548999786376953,19.548999786376953,19.548999786376953,18.51425581561316,0,0.0,True
2020-03-26,20.665000915527344,20.665000915527344,20.665000915527344,20.665000915527344,19.571187454115233,0,0.0,True
2020-03-27,19.952999114990234,19.952999114990234,19.952999114990234,19.952999114990234,18.896874950872743,100,0.0,True
2020-03-30,20.625,20.625,20.625,20.625,19.533305987099823,100,0.0,True
2020-03-31,20.266000747680664,20.266000747680664,20.266000747680664,20.266000747680664,19.193308245954654,100,0.0,True
2020-04-01,19.75,19.75,19.49799919128418,19.49799919128418,18.465953339939738,100,0.0,True
2020-04-02,19.49799919128418,19.49799919128418,19.49799919128418,19.49799919128418,18.465953339939738,0,0.0,True
2020-04-03,19.82200050354004,19.82200050354004,19.82200050354004,19.82200050354004,18.772811438657328,0,0.0,True
2020-04-06,19.55699920654297,19.55699920654297,19.55699920654297,19.55699920654297,18.52182869353635,0,0.0,True
2020-04-07,21.009000778198242,21.009000778198242,21.009000778198242,21.009000778198242,19.896978696385204,0,0.0,True
2020-04-08,20.95199966430664,20.95199966430664,20.95199966430664,20.95199966430664,19.842995139152766,0,0.0,True
2020-04-09,21.54599952697754,21.54599952697754,21.54599952697754,21.54599952697754,20.405558832690865,0,0.0,True
2020-04-13,21.889999389648438,21.889999389648438,21.71500015258789,21.71500015258789,20.56560632309102,300,0.0,True
2020-04-14,21.71500015258789,21.71500015258789,21.71500015258789,21.71500015258789,20.56560632309102,0,0.0,True
2020-04-15,22.488000869750977,22.488000869750977,22.488000869750977,22.488000869750977,21.2976859762943,0,0.0,True
2020-04-16,22.066999435424805,22.066999435424805,22.066999435424805,22.066999435424805,20.898974238261843,0,0.0,True
2020-04-17,22.437000274658203,22.437000274658203,22.437000274658203,22.437000274658203,21.249392988065026,0,0.0,True
2020-04-20,22.639999389648438,22.639999389648438,22.631999969482422,22.631999969482422,21.434075575953717,100,0.0,True
2020-04-21,22.631999969482422,22.631999969482422,22.631999969482422,22.631999969482422,21.434075575953717,0,0.0,True
2020-04-22,21.79199981689453,21.79199981689453,21.79199981689453,21.79199981689453,20.63853820378649,0,0.0,True
2020-04-23,22.358999252319336,22.358999252319336,22.358999252319336,22.358999252319336,21.17551805542072,0,0.0,True
2020-04-24,22.28499984741211,22.28499984741211,22.28499984741211,22.28499984741211,21.105441895415407,0,0.0,True
2020-04-27,22.624000549316406,22.624000549316406,22.624000549316406,22.624000549316406,21.426491313097547,0,0.0,True
2020-04-28,22.976999282836914,22.976999282836914,22.976999282836914,22.976999282836914,21.7608079726837,0,0.0,True
2020-04-29,22.7189998626709,22.7189998626709,22.7189998626709,22.7189998626709,21.516470233447713,0,0.0,True
2020-04-30,23.334999084472656,23.334999084472656,23.334999084472656,23.334999084472656,22.099858866902366,0,0.0,True
2020-05-01,23.165000915527344,23.165000915527344,23.165000915527344,23.165000915527344,21.938864529575707,0,0.0,True
2020-05-04,22.399999618530273,22.399999618530273,22.399999618530273,22.399999618530273,21.214352061829125,0,0.0,True
2020-05-05,22.631000518798828,22.631000518798828,22.631000518798828,22.631000518798828,21.433123036560723,0,0.0,True
2020-05-06,22.98200035095215,22.98200035095215,22.98200035095215,22.98200035095215,21.765546002293874,0,0.0,True
2020-05-07,23.329999923706055,23.341999053955078,23.329999923706055,23.341999053955078,22.106490590365542,800,0.0,True
2020-05-08,23.341999053955078,23.341999053955078,23.341999053955078,23.341999053955078,22.106490590365542,0,0.0,True
2020-05-11,23.760000228881836,23.892000198364258,23.760000228881836,23.892000198364258,22.627379736715728,2400,0.0,True
2020-05-12,23.445999145507812,23.445999145507812,23.445999145507812,23.445999145507812,22.204983543098905,0,0.0,True
2020-05-13,23.038999557495117,23.038999557495117,23.038999557495117,23.038999557495117,21.81952576454865,100,0.0,True
2020-05-14,23.27400016784668,23.27400016784668,23.27400016784668,23.27400016784668,22.042095511919243,100,0.0,True
2020-05-15,23.454999923706055,23.454999923706055,23.454999923706055,23.454999923706055,22.213507062926254,100,0.0,True
2020-05-18,23.94700050354004,23.94700050354004,23.94700050354004,23.94700050354004,22.679465805117502,100,0.0,True
2020-05-19,23.84000015258789,23.84000015258789,23.84000015258789,23.84000015258789,22.578128516626972,100,0.0,True
2020-05-20,24.128000259399414,24.128000259399414,24.128000259399414,24.128000259399414,22.85088684356867,0,0.0,True
2020-05-21,23.945999145507812,23.945999145507812,23.945999145507812,23.945999145507812,22.67851706070217,0,0.0,True
2020-05-22,23.979000091552734,23.979000091552734,23.979000091552734,23.979000091552734,22.709770599232062,100,0.0,True
2020-05-26,24.05699920654297,24.05699920654297,24.05699920654297,24.05699920654297,22.78364173689871,100,0.0,True
2020-05-27,23.829999923706055,24.29400062561035,23.829999923706055,24.29400062561035,23.008105178122303,100,0.0,True
2020-05-28,24.479999542236328,24.479999542236328,24.368000030517578,24.368000030517578,23.07818513310528,200,0.0,True
2020-05-29,24.3799991607666,24.746999740600586,24.3799991607666,24.746999740600586,23.437117915291658,200,0.0,True
2020-06-01,24.940000534057617,24.940000534057617,24.908000946044922,24.908000946044922,23.589603912701616,1000,0.0,True
2020-06-02,24.790000915527344,24.996999740600586,24.790000915527344,24.996999740600586,23.673894161537444,200,0.0,True
2020-06-03,25.280000686645508,25.280000686645508,25.280000686645508,25.280000686645508,23.94191256138014,0,0.0,True
2020-06-04,24.989999771118164,25.10300064086914,24.989999771118164,25.10300064086914,23.774286500590303,600,0.0,True
2020-06-05,25.61199951171875,25.61199951171875,25.61199951171875,25.61199951171875,24.256337845554427,100,0.0,True
2020-06-08,25.610000610351562,25.85099983215332,25.610000610351562,25.85099983215332,24.482687390675704,1200,0.0,True
2020-06-09,25.79599952697754,25.79599952697754,25.79599952697754,25.79599952697754,24.43059752729627,100,0.0,True
2020-06-10,25.809999465942383,25.916000366210938,25.809999465942383,25.916000366210938,24.544247620808992,300,0.0,True
2020-06-11,25.0,25.0,24.47800064086914,24.47800064086914,23.18236296237532,2400,0.0,True
2020-06-12,24.763999938964844,24.763999938964844,24.763999938964844,24.763999938964844,23.45322569797518,0,0.0,True
2020-06-15,24.858999252319336,24.858999252319336,24.858999252319336,24.858999252319336,23.598463288051992,100,0.0,True
2020-06-16,25.420000076293945,25.420000076293945,25.420000076293945,25.420000076293945,24.13102009322194,0,0.0,True
2020-06-17,25.579999923706055,25.579999923706055,25.464000701904297,25.464000701904297,24.172787617362555,600,0.0,True
2020-06-18,25.50200080871582,25.50200080871582,25.50200080871582,25.50200080871582,24.20885698254468,0,0.0,True
2020-06-19,25.466999053955078,25.466999053955078,25.466999053955078,25.466999053955078,24.175631953119723,100,0.0,True
2020-06-22,25.722999572753906,25.722999572753906,25.722999572753906,25.722999572753906,24.41865283510723,100,0.0,True
2020-06-23,25.884000778198242,25.884000778198242,25.884000778198242,25.884000778198242,24.57148986795086,100,0.0,True
2020-06-24,25.360000610351562,25.360000610351562,25.292999267578125,25.292999267578125,24.010457447899107,300,0.0,True
2020-06-25,25.55699920654297,25.55699920654297,25.55699920654297,25.55699920654297,24.26107208018694,100,0.0,True
2020-06-26,25.121999740600586,25.121999740600586,25.121999740600586,25.121999740600586,23.848134868390982,100,0.0,True
2020-06-29,25.285999298095703,25.285999298095703,25.285999298095703,25.285999298095703,24.003810544525287,100,0.0,True
2020-06-30,25.792999267578125,25.792999267578125,25.792999267578125,25.792999267578125,24.48510289395714,0,0.0,True
2020-07-01,26.04199981689453,26.04199981689453,26.04199981689453,26.04199981689453,24.721476872570825,100,0.0,True
2020-07-02,26.239999771118164,26.25,26.145999908447266,26.145999908447266,24.82020321643036,19100,0.0,True
2020-07-06,26.600000381469727,26.600000381469727,26.600000381469727,26.600000381469727,25.251183649517117,100,0.0,True
2020-07-07,26.363000869750977,26.363000869750977,26.363000869750977,26.363000869750977,25.02620219384275,0,0.0,True
2020-07-08,26.67300033569336,26.67300033569336,26.67300033569336,26.67300033569336,25.32048183910186,100,0.0,True
2020-07-09,26.7810001373291,26.7810001373291,26.7810001373291,26.7810001373291,25.423006955600385,0,0.0,True
2020-07-10,26.670000076293945,26.7450008392334,26.639999389648438,26.7450008392334,25.388835079248928,500,0.0,True
2020-07-13,27.15999984741211,27.15999984741211,26.20400047302246,26.20400047302246,24.875262649829786,3100,0.0,True
2020-07-14,26.437999725341797,26.437999725341797,26.437999725341797,26.437999725341797,25.097399769746985,0,0.0,True
2020-07-15,26.566999435424805,26.566999435424805,26.566999435424805,26.566999435424805,25.219852313945164,100,0.0,True
2020-07-16,26.31999969482422,26.34600067138672,26.149999618530273,26.34600067138672,25.010065948826767,9600,0.0,True
2020-07-17,26.350000381469727,26.47800064086914,26.350000381469727,26.47800064086914,25.135370418737438,1500,0.0,True
2020-07-20,27.150999069213867,27.150999069213867,27.150999069213867,27.150999069213867,25.774245420578417,100,0.0,True
2020-07-21,26.947999954223633,26.947999954223633,26.947999954223633,26.947999954223633,25.58153645493601,100,0.0,True
2020-07-22,27.09000015258789,27.09000015258789,27.09000015258789,27.09000015258789,25.716339753932992,100,0.0,True
2020-07-23,26.496999740600586,26.496999740600586,26.496999740600586,26.496999740600586,25.153404152584084,100,0.0,True
2020-07-24,26.332000732421875,26.332000732421875,26.332000732421875,26.332000732421875,24.99676834710146,100,0.0,True
2020-07-27,26.770000457763672,26.770000457763672,26.746999740600586,26.746999740600586,25.3907268756131,500,0.0,True
2020-07-28,26.454999923706055,26.454999923706055,26.454999923706055,26.454999923706055,25.11354170722946,100,0.0,True
2020-07-29,26.81999969482422,26.81999969482422,26.790000915527344,26.790000915527344,25.431545655338383,500,0.0,True
2020-07-30,26.878000259399414,26.878000259399414,26.878000259399414,26.878000259399414,25.515092088552592,0,0.0,True
2020-07-31,27.0,27.27899932861328,27.0,27.27899932861328,25.895753015338922,500,0.0,True
2020-08-03,27.65999984741211,27.736000061035156,27.65999984741211,27.736000061035156,26.329579681671678,2000,0.0,True
2020-08-04,27.649999618530273,27.711999893188477,27.649999618530273,27.711999893188477,26.30680602072603,100,0.0,True
2020-08-05,27.856000900268555,27.856000900268555,27.856000900268555,27.856000900268555,26.44349542362069,0,0.0,True
2020-08-06,28.04199981689453,28.04199981689453,28.04199981689453,28.04199981689453,26.620060554291793,100,0.0,True
2020-08-07,27.610000610351562,27.704999923706055,27.600000381469727,27.704999923706055,26.300153424885714,800,0.0,True
2020-08-10,27.51099967956543,27.51099967956543,27.51099967956543,27.51099967956543,26.115986953958966,100,0.0,True
2020-08-11,27.17799949645996,27.17799949645996,27.17799949645996,27.17799949645996,25.799874802214216,100,0.0,True
2020-08-12,27.687999725341797,27.687999725341797,27.687999725341797,27.687999725341797,26.28400769242558,0,0.0,True
2020-08-13,27.920000076293945,27.958999633789062,27.920000076293945,27.958999633789062,26.541273023064893,1000,0.0,True
2020-08-14,27.878000259399414,27.878000259399414,27.878000259399414,27.878000259399414,26.464381083179827,100,0.0,True
2020-08-17,28.124000549316406,28.124000549316406,28.124000549316406,28.124000549316406,26.697908828547515,100,0.0,True
2020-08-18,28.28700065612793,28.28700065612793,28.28700065612793,28.28700065612793,26.852641452732975,0,0.0,True
2020-08-19,28.219999313354492,28.219999313354492,28.209999084472656,28.214000701904297,26.783345160637065,700,0.0,True
2020-08-20,28.214000701904297,28.459999084472656,28.214000701904297,28.459999084472656,27.0168634185606,200,0.0,True
2020-08-21,28.590999603271484,28.590999603271484,28.590999603271484,28.590999603271484,27.14122673401126,100,0.0,True
2020-08-24,28.722999572753906,28.722999572753906,28.722999572753906,28.722999572753906,27.266529306433096,100,0.0,True
2020-08-25,28.881000518798828,28.881000518798828,28.881000518798828,28.881000518798828,27.416516311053066,100,0.0,True
2020-08-26,29.26300048828125,29.26300048828125,29.26300048828125,29.26300048828125,27.77914729897041,100,0.0,True
2020-08-27,29.218000411987305,29.218000411987305,29.218000411987305,29.218000411987305,27.736432927903298,200,0.0,True
2020-08-28,29.334999084472656,29.334999084472656,29.334999084472656,29.334999084472656,27.84749674413982,100,0.0,True
2020-08-31,29.496000289916992,29.496000289916992,29.496000289916992,29.496000289916992,28.000333776983446,100,0.0,True
2020-09-01,29.719999313354492,29.81399917602539,29.719999313354492,29.81399917602539,28.30220907003171,500,0.0,True
2020-09-02,30.040000915527344,30.190000534057617,30.010000228881836,30.14900016784668,28.620222505584785,1000,0.0,True
2020-09-03,29.25,29.25,28.540000915527344,28.645000457763672,27.192493087238184,400,0.0,True
2020-09-04,27.420000076293945,28.5,27.420000076293945,28.257999420166016,26.825108889800017,7000,0.0,True
2020-09-08,27.31599998474121,27.31599998474121,27.31599998474121,27.31599998474121,25.930873636105716,100,0.0,True
2020-09-09,27.969999313354492,28.08099937438965,27.969999313354492,28.08099937438965,26.657084356355742,200,0.0,True
2020-09-10,27.51099967956543,27.51099967956543,27.51099967956543,27.51099967956543,26.115986953958966,100,0.0,True
2020-09-11,27.209999084472656,27.323999404907227,27.200000762939453,27.323999404907227,25.93847307887253,5000,0.0,True
2020-09-14,28.03499984741211,28.03499984741211,28.03499984741211,28.03499984741211,26.613419343384464,0,0.0,True
2020-09-15,28.308000564575195,28.308000564575195,28.308000564575195,28.308000564575195,26.87257267541029,100,0.0,True
2020-09-16,27.985000610351562,27.985000610351562,27.985000610351562,27.985000610351562,26.565953660285363,100,0.0,True
2020-09-17,27.690000534057617,27.690000534057617,27.690000534057617,27.690000534057617,26.285910873722738,100,0.0,True
2020-09-18,27.260000228881836,27.475000381469727,27.260000228881836,27.475000381469727,26.08181507760751,500,0.0,True
2020-09-21,27.570999145507812,27.570999145507812,27.570999145507812,27.570999145507812,26.17294956865555,100,0.0,True
2020-09-22,28.06999969482422,28.06999969482422,28.06999969482422,28.06999969482422,26.64664437280942,300,0.0,True
2020-09-23,27.26799964904785,27.26799964904785,27.26799964904785,27.26799964904785,25.946311605232008,30000,0.0,True
2020-09-24,27.405000686645508,27.405000686645508,27.405000686645508,27.405000686645508,26.076676677854064,100,0.0,True
2020-09-25,27.954999923706055,27.954999923706055,27.954999923706055,27.954999923706055,26.600017379773472,100,0.0,True
2020-09-28,28.316999435424805,28.316999435424805,28.316999435424805,28.316999435424805,26.944474219670703,100,0.0,True
2020-09-29,28.253999710083008,28.253999710083008,28.253999710083008,28.253999710083008,26.88452875253231,100,0.0,True
2020-09-30,28.493999481201172,28.493999481201172,28.493999481201172,28.493999481201172,27.112893430791758,100,0.0,True
2020-10-01,28.735000610351562,28.735000610351562,28.735000610351562,28.735000610351562,27.34221634091069,100,0.0,True
2020-10-02,28.18199920654297,28.18199920654297,28.18199920654297,28.18199920654297,26.81601991830113,0,0.0,True
2020-10-05,28.695999145507812,28.695999145507812,28.695999145507812,28.695999145507812,27.30510145938287,100,0.0,True
2020-10-06,28.65999984741211,28.65999984741211,28.297000885009766,28.297000885009766,26.925440509210297,900,0.0,True
2020-10-07,28.774999618530273,28.774999618530273,28.774999618530273,28.774999618530273,27.38027427438735,0,0.0,True
2020-10-08,28.854000091552734,28.854000091552734,28.854000091552734,28.854000091552734,27.45544329441417,0,0.0,True
2020-10-09,29.32699966430664,29.32699966430664,29.32699966430664,29.32699966430664,27.905518157603915,100,0.0,True
2020-10-12,29.94300079345703,29.94300079345703,29.94300079345703,29.94300079345703,28.491663842329526,100,0.0,True
2020-10-13,29.988000869750977,29.988000869750977,29.988000869750977,29.988000869750977,28.534476882815834,0,0.0,True
2020-10-14,29.746999740600586,29.746999740600586,29.746999740600586,29.746999740600586,28.305157767674565,0,0.0,True
2020-10-15,29.583999633789062,29.583999633789062,29.583999633789062,29.583999633789062,28.150058928144784,100,0.0,True
2020-10-16,29.506999969482422,29.506999969482422,29.506999969482422,29.506999969482422,28.076798781881614,100,0.0,True
2020-10-19,28.968000411987305,28.968000411987305,28.968000411987305,28.968000411987305,27.563915140908005,0,0.0,True
2020-10-20,29.084999084472656,29.084999084472656,29.084999084472656,29.084999084472656,27.67524270809199,0,0.0,True
2020-10-21,28.9060001373291,28.9060001373291,28.9060001373291,28.9060001373291,27.50492600814027,0,0.0,True
2020-10-22,28.7810001373291,28.7810001373291,28.7810001373291,28.7810001373291,27.38597812581233,0,0.0,True
2020-10-23,28.9060001373291,28.9060001373291,28.9060001373291,28.9060001373291,27.50492600814027,0,0.0,True
2020-10-26,28.40999984741211,28.493000030517578,28.40999984741211,28.493000030517578,27.111942788887593,1900,0.0,True
2020-10-27,28.639999389648438,28.639999389648438,28.628000259399414,28.628000259399414,27.24039709025717,100,0.0,True
2020-10-28,28.0,28.0,27.628999710083008,27.628999710083008,26.28982159820274,400,0.0,True
2020-10-29,27.920000076293945,27.972999572753906,27.920000076293945,27.972999572753906,26.61714601144789,900,0.0,True
2020-10-30,27.110000610351562,27.110000610351562,27.110000610351562,27.110000610351562,25.79597925764486,200,0.0,True
2020-11-02,27.368000030517578,27.368000030517578,27.368000030517578,27.368000030517578,26.041474465067555,0,0.0,True
2020-11-03,27.986000061035156,27.986000061035156,27.986000061035156,27.986000061035156,26.62951763862383,100,0.0,True
2020-11-04,29.17300033569336,29.17300033569336,29.17300033569336,29.17300033569336,27.758982685166927,100,0.0,True
2020-11-05,29.799999237060547,29.825000762939453,29.799999237060547,29.825000762939453,28.379378043286053,500,0.0,True
2020-11-06,29.92799949645996,29.92799949645996,29.92799949645996,29.92799949645996,28.47739093134526,100,0.0,True
2020-11-09,30.0,30.0,29.163000106811523,29.163000106811523,27.74946677868114,200,0.0,True
2020-11-10,28.6200008392334,28.76300048828125,28.6200008392334,28.76300048828125,27.36885139162674,200,0.0,True
2020-11-11,29.3439998626709,29.3439998626709,29.3439998626709,29.3439998626709,27.92169045490768,100,0.0,True
2020-11-12,29.12299919128418,29.12299919128418,29.12299919128418,29.12299919128418,27.711408845204478,100,0.0,True
2020-11-13,29.3700008392334,29.3700008392334,29.3700008392334,29.3700008392334,27.946435606748388,100,0.0,True
2020-11-16,29.489999771118164,29.510000228881836,29.469999313354492,29.510000228881836,28.079646912616443,7100,0.0,True
2020-11-17,29.5,29.55500030517578,29.5,29.55500030517578,28.122471338035737,300,0.0,True
2020-11-18,29.26300048828125,29.26300048828125,29.26300048828125,29.26300048828125,27.844616356094868,0,0.0,True
2020-11-19,29.510000228881836,29.510000228881836,29.510000228881836,29.510000228881836,28.079646912616443,100,0.0,True
2020-11-20,29.410999298095703,29.410999298095703,29.410999298095703,29.410999298095703,27.985446079618043,100,0.0,True
2020-11-23,29.364999771118164,29.399999618530273,29.225000381469727,29.385000228881836,27.960708517732655,400,0.0,True
2020-11-24,29.586999893188477,29.586999893188477,29.586999893188477,29.586999893188477,28.152922238790257,0,0.0,True
2020-11-25,29.709999084472656,29.77199935913086,29.700000762939453,29.77199935913086,28.32894848263345,25200,0.0,True
2020-11-27,29.97100067138672,29.97100067138672,29.97100067138672,29.97100067138672,28.51830079053441,0,0.0,True
2020-11-30,29.760000228881836,30.02199935913086,29.760000228881836,30.02199935913086,28.566830964867513,33800,0.0,True
2020-12-01,30.170000076293945,30.319000244140625,30.170000076293945,30.319000244140625,28.8494391563292,400,0.0,True
2020-12-02,30.17799949645996,30.17799949645996,30.17799949645996,30.17799949645996,28.71526961860166,100,0.0,True
2020-12-03,30.204999923706055,30.204999923706055,30.204999923706055,30.204999923706055,28.740963514857704,0,0.0,True
2020-12-04,30.42099952697754,30.42099952697754,30.42099952697754,30.42099952697754,28.946486222573593,100,0.0,True
2020-12-07,30.492000579833984,30.492000579833984,30.492000579833984,30.492000579833984,29.014048209878275,100,0.0,True
2020-12-08,30.697999954223633,30.697999954223633,30.697999954223633,30.697999954223633,29.2100626010637,100,0.0,True
2020-12-09,30.29800033569336,30.29800033569336,30.29800033569336,30.29800033569336,28.829452906475797,100,0.0,True
2020-12-10,30.466999053955078,30.466999053955078,30.466999053955078,30.466999053955078,28.990261289897052,100,0.0,True
2020-12-11,30.341999053955078,30.341999053955078,30.341999053955078,30.341999053955078,28.871320997524435,100,0.0,True
2020-12-14,30.48200035095215,30.48200035095215,30.48200035095215,30.48200035095215,29.05433000026448,100,0.0,True
2020-12-15,30.82200050354004,30.82200050354004,30.82200050354004,30.82200050354004,29.37840211765387,100,0.0,True
2020-12-16,31.128000259399414,31.128000259399414,31.128000259399414,31.128000259399414,29.670074613259644,100,0.0,True
2020-12-17,31.405000686645508,31.405000686645508,31.405000686645508,31.405000686645508,29.934098799113787,100,0.0,True
2020-12-18,31.40999984741211,31.479999542236328,31.350000381469727,31.479999542236328,30.005582895831456,300,0.0,True
2020-12-21,31.3799991607666,31.422000885009766,31.3799991607666,31.422000885009766,29.95030145623884,500,0.0,True
2020-12-22,31.6200008392334,31.68899917602539,31.6200008392334,31.68899917602539,30.20479645318538,200,0.0,True
2020-12-23,31.559999465942383,31.559999465942383,31.559999465942383,31.559999465942383,30.081837279469415,0,0.0,True
2020-12-24,31.593000411987305,31.593000411987305,31.593000411987305,31.593000411987305,30.11329574679302,0,0.0,True
2020-12-28,31.753000259399414,31.753000259399414,31.753000259399414,31.753000259399414,30.265798821602452,0,0.0,True
2020-12-29,31.642000198364258,31.642000198364258,31.642000198364258,31.642000198364258,30.159996741893366,100,0.0,True
2020-12-30,31.658000946044922,31.658000946044922,31.658000946044922,31.658000946044922,30.175248757114257,100,0.0,True
2020-12-31,31.725000381469727,31.725000381469727,31.725000381469727,31.725000381469727,30.23911064119914,100,0.0,True
2021-01-04,31.5,31.5,31.209999084472656,31.264999389648438,29.800652204630733,3300,0.0,True
2021-01-05,31.465999603271484,31.465999603271484,31.465999603271484,31.465999603271484,29.992243549351876,0,0.0,True
2021-01-06,31.23200035095215,31.23200035095215,31.23200035095215,31.23200035095215,29.76920322475128,200,0.0,True
2021-01-07,31.94300079345703,31.94300079345703,31.94300079345703,31.94300079345703,30.446898950578845,0,0.0,True
2021-01-08,32.09000015258789,32.189998626708984,32.09000015258789,32.189998626708984,30.68232987724369,700,0.0,True
2021-01-11,32.051998138427734,32.051998138427734,32.051998138427734,32.051998138427734,30.550794054013114,100,0.0,True
2021-01-12,32.15299987792969,32.15299987792969,32.15299987792969,32.15299987792969,30.64706314983694,100,0.0,True
2021-01-13,32.19200134277344,32.19200134277344,32.19200134277344,32.19200134277344,30.684242545985,100,0.0,True
2021-01-14,31.97599983215332,31.97599983215332,31.97599983215332,31.97599983215332,30.47835172543596,200,0.0,True
2021-01-15,31.847999572753906,31.847999572753906,31.847999572753906,31.847999572753906,30.35635457855714,100,0.0,True
2021-01-19,32.20899963378906,32.20899963378906,32.20899963378906,32.20899963378906,30.700447100598886,100,0.0,True
2021-01-20,32.73500061035156,32.73500061035156,32.73500061035156,32.73500061035156,31.201811086881523,100,0.0,True
2021-01-21,32.89400100708008,32.89400100708008,32.89400100708008,32.89400100708008,31.35336162229796,700,0.0,True
2021-01-22,32.970001220703125,33.01300048828125,32.970001220703125,33.01300048828125,31.46678211966217,100,0.0,True
2021-01-25,33.130001068115234,33.28900146484375,33.12200164794922,33.28900146484375,31.72985945858981,600,0.0,True
2021-01-26,33.3650016784668,33.3650016784668,33.327999114990234,33.327999114990234,31.767042649715535,100,0.0,True
2021-01-27,32.7859992980957,32.7859992980957,32.77000045776367,32.77000045776367,31.235167043035794,1800,0.0,True
2021-01-28,32.66400146484375,32.66400146484375,32.66400146484375,32.66400146484375,31.13412576280285,100,0.0,True
2021-01-29,32.119998931884766,32.119998931884766,31.809999465942383,32.007999420166016,30.50885196090008,600,0.0,True
2021-02-01,32.527000427246094,32.527000427246094,32.527000427246094,32.527000427246094,31.00355196640942,100,0.0,True
2021-02-02,32.832000732421875,32.832000732421875,32.832000732421875,32.832000732421875,31.294266230155706,100,0.0,True
2021-02-03,32.775001525878906,32.775001525878906,32.775001525878906,32.775001525878906,31.239927842511936,100,0.0,True
2021-02-04,33.08000183105469,33.10100173950195,33.08000183105469,33.10100173950195,31.550668203377068,7200,0.0,True
2021-02-05,33.22999954223633,33.237998962402344,33.22999954223633,33.237998962402344,31.68124389725933,500,0.0,True
2021-02-08,33.42499923706055,33.42499923706055,33.42499923706055,33.42499923706055,31.85948640805674,100,0.0,True
2021-02-09,33.42399978637695,33.42399978637695,33.42399978637695,33.42399978637695,31.858537663641403,100,0.0,True
2021-02-10,33.58100128173828,33.58100128173828,33.3650016784668,33.3650016784668,31.802297992189306,800,0.0,True
2021-02-11,33.54800033569336,33.54800033569336,33.54800033569336,33.54800033569336,31.976728447925908,1600,0.0,True
2021-02-12,33.744998931884766,33.744998931884766,33.744998931884766,33.744998931884766,32.16449635265326,1600,0.0,True
2021-02-16,33.540000915527344,33.540000915527344,33.529998779296875,33.529998779296875,31.959556174008384,100,0.0,True
2021-02-17,33.38999938964844,33.38999938964844,33.38999938964844,33.38999938964844,31.826128554413636,100,0.0,True
2021-02-18,33.19499969482422,33.19499969482422,33.19499969482422,33.19499969482422,31.64026193349461,100,0.0,True
2021-02-19,33.125999450683594,33.125999450683594,33.125999450683594,33.125999450683594,31.574493073134906,100,0.0,True
2021-02-22,32.391998291015625,32.391998291015625,32.391998291015625,32.391998291015625,30.874869966380167,100,0.0,True
2021-02-23,31.565000534057617,32.20399856567383,31.565000534057617,32.20399856567383,30.69567301870093,200,0.0,True
2021-02-24,32.39099884033203,32.39099884033203,32.39099884033203,32.39099884033203,30.87391552949834,100,0.0,True
2021-02-25,31.506000518798828,31.506000518798828,31.506000518798828,31.506000518798828,30.030373587404103,100,0.0,True
2021-02-26,31.770999908447266,31.770999908447266,31.770999908447266,31.770999908447266,30.282954018120503,100,0.0,True
2021-03-01,32.5620002746582,32.5620002746582,32.5620002746582,32.5620002746582,31.036911717541354,100,0.0,True
2021-03-02,32.23500061035156,32.23500061035156,32.23500061035156,32.23500061035156,30.725226407238548,100,0.0,True
2021-03-03,32.23500061035156,32.23500061035156,31.38800048828125,31.38800048828125,29.917896141988734,400,0.0,True
2021-03-04,31.25,31.43000030517578,30.700000762939453,30.700000762939453,29.262112617177692,26300,0.0,True
2021-03-05,31.152999877929688,31.152999877929688,31.152999877929688,31.152999877929688,29.69390327799514,800,0.0,True
2021-03-08,31.149999618530273,31.149999618530273,30.617000579833984,30.617000579833984,29.18300820531607,1500,0.0,True
2021-03-09,31.479999542236328,31.527000427246094,31.479999542236328,31.527000427246094,30.050384504612303,1200,0.0,True
2021-03-10,31.520000457763672,31.520000457763672,31.520000457763672,31.520000457763672,30.04370913890602,100,0.0,True
2021-03-11,32.082000732421875,32.082000732421875,32.082000732421875,32.082000732421875,30.579391108180076,100,0.0,True
2021-03-12,31.974000930786133,31.974000930786133,31.974000930786133,31.974000930786133,30.476448544138805,100,0.0,True
2021-03-15,32.3650016784668,32.3650016784668,32.3650016784668,32.3650016784668,30.849134325369846,100,0.0,True
2021-03-16,32.45000076293945,32.45000076293945,32.41999816894531,32.41999816894531,30.901554351805817,1000,0.0,True
2021-03-17,32.358001708984375,32.358001708984375,32.358001708984375,32.358001708984375,30.842466549618887,1000,0.0,True
2021-03-18,31.65999984741211,31.65999984741211,31.65999984741211,31.65999984741211,30.177151938411413,100,0.0,True
2021-03-19,31.90999984741211,31.90999984741211,31.90999984741211,31.90999984741211,30.415448073210563,1000,0.0,True
2021-03-22,32.40999984741211,32.40999984741211,32.37699890136719,32.37699890136719,30.86057618301876,200,0.0,True
2021-03-23,32.191001892089844,32.191001892089844,32.191001892089844,32.191001892089844,30.683286211614345,100,0.0,True
2021-03-24,31.7549991607666,31.7549991607666,31.71299934387207,31.71299934387207,30.227670681039058,200,0.0,True
2021-03-25,31.69099998474121,31.69099998474121,31.69099998474121,31.69099998474121,30.27639629672172,100,0.0,True
2021-03-26,32.20800018310547,32.20800018310547,32.20800018310547,32.20800018310547,30.770316434321657,100,0.0,True
2021-03-29,32.17100143432617,32.17100143432617,32.17100143432617,32.17100143432617,30.734970012384018,100,0.0,True
2021-03-30,31.965999603271484,31.965999603271484,31.965999603271484,31.965999603271484,30.53912260021569,100,0.0,True
2021-03-31,32.369998931884766,32.369998931884766,32.369998931884766,32.369998931884766,30.925087008283732,100,0.0,True
2021-04-01,32.67900085449219,32.82400131225586,32.67900085449219,32.82400131225586,31.35881310770846,100,0.0,True
2021-04-05,33.345001220703125,33.345001220703125,33.345001220703125,33.345001220703125,31.856571865212835,100,0.0,True
2021-04-06,33.29999923706055,33.29999923706055,33.290000915527344,33.290000915527344,31.804017117069886,100,0.0,True
2021-04-07,33.28499984741211,33.28499984741211,33.28499984741211,33.28499984741211,31.79923544521661,100,0.0,True
2021-04-08,33.5,33.61399841308594,33.5,33.61399841308594,32.11356016248287,300,0.0,True
2021-04-09,33.933998107910156,33.933998107910156,33.933998107910156,33.933998107910156,32.4192759729244,100,0.0,True
2021-04-12,33.88100051879883,33.970001220703125,33.88100051879883,33.970001220703125,32.453666060491386,200,0.0,True
2021-04-13,34.263999938964844,34.263999938964844,34.263999938964844,34.263999938964844,32.7345437421395,100,0.0,True
2021-04-14,34.2400016784668,34.2400016784668,33.91699981689453,33.91699981689453,32.403033468533906,200,0.0,True
2021-04-15,34.415000915527344,34.415000915527344,34.415000915527344,34.415000915527344,32.87879463802437,0,0.0,True
2021-04-16,34.439998626708984,34.534000396728516,34.439998626708984,34.534000396728516,32.992492168757856,100,0.0,True
2021-04-19,34.277000427246094,34.277000427246094,34.277000427246094,34.277000427246094,32.74696090904738,100,0.0,True
2021-04-20,34.07699966430664,34.07699966430664,34.07699966430664,34.07699966430664,32.55589516873233,100,0.0,True
2021-04-21,34.18000030517578,34.35200119018555,34.18000030517578,34.35200119018555,32.8186214722263,100,0.0,True
2021-04-22,34.31999969482422,34.31999969482422,34.10599899291992,34.10599899291992,32.58358712072707,200,0.0,True
2021-04-23,34.507999420166016,34.507999420166016,34.507999420166016,34.507999420166016,32.9676578349421,100,0.0,True
2021-04-26,34.47999954223633,34.67900085449219,34.47999954223633,34.67900085449219,33.131020238329434,200,0.0,True
2021-04-27,34.68000030517578,34.68000030517578,34.659000396728516,34.659000396728516,33.11190873082697,3100,0.0,True
2021-04-28,34.483001708984375,34.483001708984375,34.483001708984375,34.483001708984375,32.943764655586364,600,0.0,True
2021-04-29,34.38800048828125,34.38800048828125,34.38800048828125,34.38800048828125,32.853003969837964,600,0.0,True
2021-04-30,34.08700180053711,34.08700180053711,34.08700180053711,34.08700180053711,32.565435742572916,100,0.0,True
2021-05-03,34.112998962402344,34.112998962402344,34.112998962402344,34.112998962402344,32.59027387136633,100,0.0,True
2021-05-04,33.5890007019043,33.5890007019043,33.5890007019043,33.5890007019043,32.089674573082455,600,0.0,True
2021-05-05,33.558998107910156,33.558998107910156,33.558998107910156,33.558998107910156,32.061003516851095,100,0.0,True
2021-05-06,33.72200012207031,33.72200012207031,33.72200012207031,33.72200012207031,32.21674181011681,600,0.0,True
2021-05-07,34.04999923706055,34.07600021362305,34.04999923706055,34.07600021362305,32.55493503938401,300,0.0,True
2021-05-10,33.790000915527344,33.83000183105469,33.54800033569336,33.54800033569336,32.05049522370687,500,0.0,True
2021-05-11,33.1870002746582,33.42599868774414,33.1870002746582,33.42599868774414,31.933951459727382,200,0.0,True
2021-05-12,32.55400085449219,32.55400085449219,32.55400085449219,32.55400085449219,31.100872271045432,100,0.0,True
2021-05-13,32.900001525878906,32.904998779296875,32.84400177001953,32.84400177001953,31.37793030767742,800,0.0,True
2021-05-14,33.483001708984375,33.483001708984375,33.483001708984375,33.483001708984375,31.988405594189825,700,0.0,True
2021-05-17,33.31800079345703,33.31800079345703,33.31800079345703,33.31800079345703,31.830773607071105,700,0.0,True
2021-05-18,33.17300033569336,33.17300033569336,33.17300033569336,33.17300033569336,31.692243640010695,0,0.0,True
2021-05-19,33.06399917602539,33.06399917602539,33.06399917602539,33.06399917602539,31.588111350472595,700,0.0,True
2021-05-20,33.62200164794922,33.62200164794922,33.62200164794922,33.62200164794922,32.12120704247045,700,0.0,True
2021-05-21,33.48400115966797,33.48400115966797,33.48400115966797,33.48400115966797,31.989365723538143,700,0.0,True
2021-05-24,33.87099838256836,33.87099838256836,33.87099838256836,33.87099838256836,32.35908383223803,700,0.0,True
2021-05-25,33.83399963378906,33.83399963378906,33.83399963378906,33.83399963378906,32.32374120527805,700,0.0,True
2021-05-26,33.952999114990234,33.952999114990234,33.952999114990234,33.952999114990234,32.43742735107855,700,0.0,True
2021-05-27,33.893001556396484,33.893001556396484,33.893001556396484,33.893001556396484,32.38010421350414,0,0.0,True
2021-05-28,33.92100143432617,33.92100143432617,33.92100143432617,33.92100143432617,32.406851216061206,700,0.0,True
2021-06-01,33.7599983215332,33.7599983215332,33.7599983215332,33.7599983215332,32.2530445664251,700,0.0,True
2021-06-02,33.888999938964844,33.888999938964844,33.888999938964844,33.888999938964844,32.3762902609545,700,0.0,True
2021-06-03,33.69599914550781,33.69599914550781,33.69599914550781,33.69599914550781,32.19189609136807,700,0.0,True
2021-06-04,34.099998474121094,34.125999450683594,34.099998474121094,34.125999450683594,32.60271380814017,3200,0.0,True
2021-06-07,34.31999969482422,34.31999969482422,34.31999969482422,34.31999969482422,32.78804533720895,800,0.0,True
2021-06-08,34.448001861572266,34.448001861572266,34.39899826049805,34.39899826049805,32.86351605795985,100,0.0,True
2021-06-09,34.35100173950195,34.35100173950195,34.35100173950195,34.35100173950195,32.81766513785564,100,0.0,True
2021-06-10,34.6510009765625,34.6510009765625,34.6510009765625,34.6510009765625,33.13900487132887,0,0.0,True
2021-06-11,34.66999816894531,34.70600128173828,34.66999816894531,34.70600128173828,33.19160705669259,300,0.0,True
2021-06-14,34.90800094604492,34.90800094604492,34.90800094604492,34.90800094604492,33.38479418952032,100,0.0,True
2021-06-15,34.659000396728516,34.659000396728516,34.659000396728516,34.659000396728516,33.146647956338796,100,0.0,True
2021-06-16,34.558998107910156,34.558998107910156,34.558998107910156,34.558998107910156,33.051014519273245,100,0.0,True
2021-06-17,34.91899871826172,34.91899871826172,34.91899871826172,34.91899871826172,33.39530627764221,100,0.0,True
2021-06-18,34.68899917602539,34.68899917602539,34.68899917602539,34.68899917602539,33.175345577413786,100,0.0,True
2021-06-21,34.970001220703125,34.970001220703125,34.970001220703125,34.970001220703125,33.44407933054564,100,0.0,True
2021-06-22,35.323001861572266,35.323001861572266,35.323001861572266,35.323001861572266,33.78168433827534,100,0.0,True
2021-06-23,35.194000244140625,35.194000244140625,35.194000244140625,35.194000244140625,33.65830202455013,100,0.0,True
2021-06-24,35.4900016784668,35.4900016784668,35.36199951171875,35.36199951171875,33.81897378877558,200,0.0,True
2021-06-25,35.40399932861328,35.40399932861328,35.40399932861328,35.40399932861328,33.859147422298435,0,0.0,True
2021-06-28,35.5,35.731998443603516,35.5,35.731998443603516,34.17282130089578,300,0.0,True
2021-06-29,35.89099884033203,35.89099884033203,35.89099884033203,35.89099884033203,34.32488605578532,700,0.0,True
2021-06-30,35.763999938964844,35.763999938964844,35.763999938964844,35.763999938964844,34.20343159071208,700,0.0,True
2021-07-01,35.84700012207031,35.84700012207031,35.84700012207031,35.84700012207031,34.28281113845414,0,0.0,True
2021-07-02,36.060001373291016,36.268001556396484,36.060001373291016,36.268001556396484,34.68544308841075,100,0.0,True
2021-07-06,36.48099899291992,36.48099899291992,36.48099899291992,36.48099899291992,34.88914610433804,200,0.0,True
2021-07-07,36.667999267578125,36.667999267578125,36.667999267578125,36.667999267578125,35.067976836672955,100,0.0,True
2021-07-08,36.38999938964844,36.38999938964844,36.38999938964844,36.38999938964844,34.802115881630726,100,0.0,True
2021-07-09,36.72100067138672,36.72100067138672,36.72100067138672,36.72100067138672,35.11867773822834,100,0.0,True
2021-07-12,36.68000030517578,36.685001373291016,36.68000030517578,36.685001373291016,35.08424590590708,200,0.0,True
2021-07-13,36.86000061035156,36.86000061035156,36.595001220703125,36.595001220703125,34.99816822259276,500,0.0,True
2021-07-14,36.65299987792969,36.65299987792969,36.65299987792969,36.65299987792969,35.053639411068445,100,0.0,True
2021-07-15,36.41999816894531,36.41999816894531,36.41999816894531,36.41999816894531,34.83080970772805,500,0.0,True
2021-07-16,36.25400161743164,36.25400161743164,36.25400161743164,36.25400161743164,34.67205440722157,100,0.0,True
2021-07-19,35.849998474121094,35.882999420166016,35.849998474121094,35.882999420166016,34.3172429707754,100,0.0,True
2021-07-20,36.52199935913086,36.52199935913086,36.52199935913086,36.52199935913086,34.92835960851257,100,0.0,True
2021-07-21,36.70800018310547,36.70800018310547,36.70800018310547,36.70800018310547,35.1062378014545,100,0.0,True
2021-07-22,36.970001220703125,36.970001220703125,36.970001220703125,36.970001220703125,35.35680879149922,100,0.0,True
2021-07-23,37.130001068115234,37.42399978637695,37.130001068115234,37.42399978637695,35.791003570665126,1100,0.0,True
2021-07-26,37.369998931884766,37.380001068115234,37.369998931884766,37.380001068115234,35.74892485835628,200,0.0,True
2021-07-27,37.33000183105469,37.33000183105469,36.95000076293945,36.95000076293945,35.33768969404143,300,0.0,True
2021-07-28,37.130001068115234,37.130001068115234,37.029998779296875,37.111000061035156,35.491651937761645,1200,0.0,True
2021-07-29,37.2599983215332,37.27000045776367,37.1879997253418,37.1879997253418,35.56529727425744,2000,0.0,True
2021-07-30,36.92900085449219,36.92900085449219,36.92900085449219,36.92900085449219,35.31760287728001,100,0.0,True
2021-08-02,36.88999938964844,36.9900016784668,36.88999938964844,36.9900016784668,35.37593547891233,1300,0.0,True
2021-08-03,37.28900146484375,37.28900146484375,37.28900146484375,37.28900146484375,35.66188325071599,600,0.0,True
2021-08-04,37.2400016784668,37.38199996948242,37.2400016784668,37.38199996948242,35.75082993714227,200,0.0,True
2021-08-05,37.47999954223633,37.56999969482422,37.47999954223633,37.56999969482422,35.930628388780825,2300,0.0,True
2021-08-06,37.439998626708984,37.44599914550781,37.33000183105469,37.44599914550781,35.81203533686422,4500,0.0,True
2021-08-09,37.5,37.5,37.439998626708984,37.448001861572266,35.813959390538514,1500,0.0,True
2021-08-10,37.36000061035156,37.36000061035156,37.2599983215332,37.27299880981445,35.6465819007855,1700,0.0,True
2021-08-11,37.327999114990234,37.327999114990234,37.327999114990234,37.327999114990234,35.69919167610453,100,0.0,True
2021-08-12,37.54499816894531,37.564998626708984,37.54499816894531,37.560001373291016,35.92105745511895,1500,0.0,True
2021-08-13,37.56100082397461,37.56100082397461,37.56100082397461,37.56100082397461,35.92202896940025,100,0.0,True
2021-08-16,37.62200164794922,37.62200164794922,37.62200164794922,37.62200164794922,35.98035398107725,100,0.0,True
2021-08-17,37.266998291015625,37.266998291015625,37.266998291015625,37.266998291015625,35.64085148451689,100,0.0,True
2021-08-18,36.89899826049805,36.89899826049805,36.89899826049805,36.89899826049805,35.28890525620502,0,0.0,True
2021-08-19,36.65999984741211,36.979000091552734,36.65999984741211,36.979000091552734,35.36541959581278,300,0.0,True
2021-08-20,37.51499938964844,37.51499938964844,37.51499938964844,37.51499938964844,35.87803379337244,100,0.0,True
2021-08-23,37.856998443603516,37.856998443603516,37.856998443603516,37.856998443603516,36.205100148136616,0,0.0,True
2021-08-24,37.970001220703125,37.98500061035156,37.970001220703125,37.98500061035156,36.32751094758052,900,0.0,True
2021-08-25,38.10599899291992,38.10599899291992,38.10599899291992,38.10599899291992,36.44324258634048,1200,0.0,True
2021-08-26,37.99300003051758,37.99300003051758,37.99300003051758,37.99300003051758,36.335169212501086,1200,0.0,True
2021-08-27,38.2400016784668,38.34299850463867,38.2400016784668,38.34299850463867,36.66990142214116,200,0.0,True
2021-08-30,38.7400016784668,38.7400016784668,38.72100067138672,38.72100067138672,37.031414789137244,100,0.0,True
2021-08-31,38.54899978637695,38.54899978637695,38.54899978637695,38.54899978637695,36.86690250751853,100,0.0,True
2021-09-01,38.52000045776367,38.52000045776367,38.52000045776367,38.52000045776367,36.839180195702504,100,0.0,True
2021-09-02,38.62799835205078,38.62799835205078,38.62799835205078,38.62799835205078,36.94245671777797,100,0.0,True
2021-09-03,38.76100158691406,38.76100158691406,38.76100158691406,38.76100158691406,37.0696643689858,100,0.0,True
2021-09-07,38.67399978637695,38.67399978637695,38.67399978637695,38.67399978637695,36.98645948376111,100,0.0,True
2021-09-08,38.52000045776367,38.542999267578125,38.52000045776367,38.542999267578125,36.861164501294596,100,0.0,True
2021-09-09,38.5,38.5,38.39899826049805,38.39899826049805,36.72344855694254,100,0.0,True
2021-09-10,38.14699935913086,38.14699935913086,38.14699935913086,38.14699935913086,36.4824485005597,100,0.0,True
2021-09-13,38.02399826049805,38.02399826049805,38.02399826049805,38.02399826049805,36.36481557799141,100,0.0,True
2021-09-14,37.858001708984375,37.858001708984375,37.858001708984375,37.858001708984375,36.206067867440254,100,0.0,True
2021-09-15,38.14400100708008,38.14400100708008,38.14400100708008,38.14400100708008,36.479575702470065,100,0.0,True
2021-09-16,38.25199890136719,38.25199890136719,38.25199890136719,38.25199890136719,36.58286740445618,200,0.0,True
2021-09-17,37.95000076293945,37.95000076293945,37.819000244140625,37.819000244140625,36.16876323702937,200,0.0,True
2021-09-20,37.290000915527344,37.290000915527344,37.11199951171875,37.11199951171875,35.49261206710996,300,0.0,True
2021-09-21,37.2140007019043,37.2140007019043,37.2140007019043,37.2140007019043,35.59016576287215,100,0.0,True
2021-09-22,37.369998931884766,37.448001861572266,37.369998931884766,37.448001861572266,35.813959390538514,100,0.0,True
2021-09-23,37.775001525878906,37.775001525878906,37.775001525878906,37.775001525878906,36.12667693476521,100,0.0,True
2021-09-24,37.62799835205078,37.62799835205078,37.62799835205078,37.62799835205078,36.088313505586804,100,0.0,True
2021-09-27,37.292999267578125,37.292999267578125,37.292999267578125,37.292999267578125,35.767023106823174,100,0.0,True
2021-09-28,36.301998138427734,36.301998138427734,36.301998138427734,36.301998138427734,34.81658233647572,100,0.0,True
2021-09-29,36.30500030517578,36.30500030517578,36.30500030517578,36.30500030517578,34.81945892954301,100,0.0,True
2021-09-30,36.00899887084961,36.00899887084961,36.00899887084961,36.00899887084961,34.535560445676474,100,0.0,True
2021-10-01,36.22200012207031,36.22200012207031,36.22200012207031,36.22200012207031,34.73985547811892,100,0.0,True
2021-10-04,35.426998138427734,35.426998138427734,35.426998138427734,35.426998138427734,33.977376156359554,100,0.0,True
2021-10-05,35.88600158691406,35.88600158691406,35.88600158691406,35.88600158691406,34.41760495000697,100,0.0,True
2021-10-06,36.016998291015625,36.016998291015625,36.016998291015625,36.016998291015625,34.543237685485344,100,0.0,True
2021-10-07,36.41299819946289,36.41299819946289,36.41299819946289,36.41299819946289,34.923031459876064,0,0.0,True
2021-10-08,36.279998779296875,36.279998779296875,36.24100112915039,36.24100112915039,34.75806757591565,800,0.0,True
2021-10-11,36.10200119018555,36.10200119018555,36.10200119018555,36.10200119018555,34.624761395606065,100,0.0,True
2021-10-12,36.119998931884766,36.119998931884766,36.119998931884766,36.119998931884766,34.64202474898746,100,0.0,True
2021-10-13,36.38800048828125,36.38800048828125,36.38800048828125,36.38800048828125,34.89905858598944,100,0.0,True
2021-10-14,36.7599983215332,37.03099822998047,36.7599983215332,37.03099822998047,35.515742455955774,600,0.0,True
2021-10-15,37.29100036621094,37.29100036621094,37.29100036621094,37.29100036621094,35.7651066431042,100,0.0,True
2021-10-18,37.67499923706055,37.67499923706055,37.67499923706055,37.67499923706055,36.13338645527044,100,0.0,True
2021-10-19,37.861000061035156,37.861000061035156,37.861000061035156,37.861000061035156,36.31178835512962,100,0.0,True
2021-10-20,37.84400177001953,37.84400177001953,37.84400177001953,37.84400177001953,36.295477541141224,100,0.0,True
2021-10-21,38.25,38.25,38.25,38.25,36.684865019059785,100,0.0,True
2021-10-22,38.13600158691406,38.13600158691406,38.13600158691406,38.13600158691406,36.57553550761449,100,0.0,True
2021-10-25,38.13999938964844,38.28900146484375,38.13999938964844,38.28900146484375,36.72227211386753,400,0.0,True
2021-10-26,38.308998107910156,38.308998107910156,38.308998107910156,38.308998107910156,36.741455725945556,100,0.0,True
2021-10-27,38.191001892089844,38.191001892089844,38.191001892089844,38.191001892089844,36.62829328706232,100,0.0,True
2021-10-28,38.67900085449219,38.67900085449219,38.67900085449219,38.67900085449219,37.09631270212367,100,0.0,True
2021-10-29,39.00699996948242,39.00699996948242,39.00699996948242,39.00699996948242,37.41088978540441,100,0.0,True
2021-11-01,38.95199966430664,38.95199966430664,38.95199966430664,38.95199966430664,37.35813580093424,100,0.0,True
2021-11-02,39.125,39.125,39.125,39.125,37.52405981424297,100,0.0,True
2021-11-03,39.62900161743164,39.62900161743164,39.62900161743164,39.62900161743164,38.00744129887739,100,0.0,True
2021-11-04,40.053001403808594,40.053001403808594,40.053001403808594,40.053001403808594,38.414088335199686,100,0.0,True
2021-11-05,40.04800033569336,40.04800033569336,40.04800033569336,40.04800033569336,38.409295278413424,100,0.0,True
2021-11-08,39.9900016784668,39.9900016784668,39.9900016784668,39.9900016784668,38.35367608580896,100,0.0,True
2021-11-09,40.05799865722656,40.05799865722656,40.05799865722656,40.05799865722656,38.418885186963614,100,0.0,True
2021-11-10,39.41400146484375,39.41400146484375,39.41400146484375,39.41400146484375,37.80123359769363,100,0.0,True
2021-11-11,39.46200180053711,39.46200180053711,39.46200180053711,39.46200180053711,37.84727047170324,100,0.0,True
2021-11-12,39.95600128173828,39.95600128173828,39.95600128173828,39.95600128173828,38.32105825280981,100,0.0,True
2021-11-15,40.18000030517578,40.18000030517578,39.76900100708008,39.76900100708008,38.141715198490616,100,0.0,True
2021-11-16,40.25199890136719,40.25199890136719,40.25199890136719,40.25199890136719,38.60494535174337,100,0.0,True
2021-11-17,40.1609992980957,40.1609992980957,40.1609992980957,40.1609992980957,38.51768363539871,100,0.0,True
2021-11-18,40.459999084472656,40.5,40.459999084472656,40.5,38.842799371644965,100,0.0,True
2021-11-19,40.6879997253418,40.6879997253418,40.6879997253418,40.6879997253418,39.023102555312484,100,0.0,True
2021-11-22,41.119998931884766,41.119998931884766,40.42300033569336,40.42300033569336,38.76894910635546,200,0.0,True
2021-11-23,40.11199951171875,40.11199951171875,40.11199951171875,40.11199951171875,38.47068283706312,100,0.0,True
2021-11-24,40.3390007019043,40.3390007019043,40.3390007019043,40.3390007019043,38.68839311553838,100,0.0,True
2021-11-26,39.5620002746582,39.5620002746582,39.5620002746582,39.5620002746582,37.94318473711573,100,0.0,True
2021-11-29,40.263999938964844,40.263999938964844,40.263999938964844,40.263999938964844,38.616455518990186,100,0.0,True
2021-11-30,39.55400085449219,39.55400085449219,39.55400085449219,39.55400085449219,37.93550749730685,100,0.0,True
2021-12-01,39.000999450683594,39.000999450683594,39.000999450683594,39.000999450683594,37.40512900931451,100,0.0,True
2021-12-02,39.28200149536133,39.28200149536133,39.28200149536133,39.28200149536133,37.67464073286694,100,0.0,True
2021-12-03,38.67599868774414,38.67599868774414,38.67599868774414,38.67599868774414,37.09343990403404,100,0.0,True
2021-12-06,38.941001892089844,38.941001892089844,38.941001892089844,38.941001892089844,37.34759714796873,100,0.0,True
2021-12-07,40.11800003051758,40.11800003051758,40.11800003051758,40.11800003051758,38.47642084328706,0,0.0,True
2021-12-08,40.244998931884766,40.35599899291992,40.244998931884766,40.35599899291992,38.70469633957146,300,0.0,True
2021-12-09,39.83100128173828,39.83100128173828,39.83100128173828,39.83100128173828,38.201171113510696,100,0.0,True
2021-12-10,40.077999114990234,40.077999114990234,40.077999114990234,40.077999114990234,38.43806500406398,100,0.0,True
2021-12-13,39.75,39.75,39.67599868774414,39.67599868774414,38.103860296318835,200,0.0,True
2021-12-14,39.310001373291016,39.310001373291016,39.10900115966797,39.10900115966797,37.55933033662738,300,0.0,True
2021-12-15,39.040000915527344,40.02199935913086,39.040000915527344,40.02199935913086,38.43614854034501,600,0.0,True
2021-12-16,39.073001861572266,39.073001861572266,39.073001861572266,39.073001861572266,37.52475429515499,100,0.0,True
2021-12-17,38.97700119018555,38.97700119018555,38.97700119018555,38.97700119018555,37.43255910785061,100,0.0,True
2021-12-20,38.433998107910156,38.433998107910156,38.433998107910156,38.433998107910156,36.91107604749642,100,0.0,True
2021-12-21,39.2400016784668,39.2400016784668,39.2400016784668,39.2400016784668,37.685130051122854,100,0.0,True
2021-12-22,39.683998107910156,39.683998107910156,39.683998107910156,39.683998107910156,38.111537536127706,100,0.0,True
2021-12-23,40.099998474121094,40.099998474121094,40.042999267578125,40.042999267578125,38.45632264159264,200,0.0,True
2021-12-27,40.65800094604492,40.65800094604492,40.65800094604492,40.65800094604492,39.04694260498096,1300,0.0,True
2021-12-28,40.46900177001953,40.46900177001953,40.46900177001953,40.46900177001953,38.86545159330546,100,0.0,True
2021-12-29,40.59700012207031,40.59700012207031,40.59700012207031,40.59700012207031,38.98837471473364,100,0.0,True
2021-12-30,40.44599914550781,40.44599914550781,40.44599914550781,40.44599914550781,38.8433458484282,100,0.0,True
2021-12-31,40.29899978637695,40.29899978637695,40.29899978637695,40.29899978637695,38.702172679426674,100,0.0,True
2022-01-03,40.25,40.41299819946289,40.25,40.41299819946289,38.81165019500076,500,0.0,True
2022-01-04,40.053001403808594,40.053001403808594,40.053001403808594,40.053001403808594,38.46591634512049,100,0.0,True
2022-01-05,38.840999603271484,38.840999603271484,38.840999603271484,38.840999603271484,37.30194356670291,100,0.0,True
2022-01-06,38.93000030517578,38.93000030517578,38.694000244140625,38.694000244140625,37.16077419267904,100,0.0,True
2022-01-07,38.3380012512207,38.3380012512207,38.3380012512207,38.3380012512207,36.81887706521438,100,0.0,True
2022-01-10,37.93000030517578,38.35200119018555,37.68000030517578,38.35200119018555,36.83231887609082,2300,0.0,True
2022-01-11,38.36000061035156,38.702999114990234,38.11000061035156,38.702999114990234,37.16940017690325,1300,0.0,True
2022-01-12,38.82600021362305,38.82600021362305,38.82600021362305,38.82600021362305,37.28754162647816,100,0.0,True
2022-01-13,37.95100021362305,37.95100021362305,37.95100021362305,37.95100021362305,36.44721213297424,100,0.0,True
2022-01-14,38.005001068115234,38.005001068115234,38.005001068115234,38.005001068115234,36.49906670773866,0,0.0,True
2022-01-18,37.08000183105469,37.08000183105469,37.08000183105469,37.08000183105469,35.61073454179656,100,0.0,True
2022-01-19,37.369998931884766,37.369998931884766,36.722999572753906,36.722999572753906,35.267865900050595,300,0.0,True
2022-01-20,37.23899841308594,37.23899841308594,36.10200119018555,36.10200119018555,34.67147377563939,100,0.0,True
2022-01-21,35.4640007019043,35.4640007019043,35.4640007019043,35.4640007019043,34.0587594523068,200,0.0,True
2022-01-24,34.766998291015625,35.845001220703125,34.68000030517578,35.845001220703125,34.424663608457045,900,0.0,True
2022-01-25,35.05099868774414,35.05099868774414,35.05099868774414,35.05099868774414,33.6621235670551,100,0.0,True
2022-01-26,34.97700119018555,34.97700119018555,34.97700119018555,34.97700119018555,33.59106261034667,100,0.0,True
2022-01-27,34.707000732421875,34.707000732421875,34.707000732421875,34.707000732421875,33.33175558172555,100,0.0,True
2022-01-28,35.2599983215332,35.7130012512207,35.2599983215332,35.7130012512207,34.29788858470261,400,0.0,True
2022-01-31,36.76599884033203,36.76599884033203,36.76599884033203,36.76599884033203,35.30916284696121,100,0.0,True
2022-02-01,36.83000183105469,37.042999267578125,36.83000183105469,37.042999267578125,35.57519078102053,200,0.0,True
2022-02-02,37.31700134277344,37.31700134277344,37.31700134277344,37.31700134277344,35.83834212201257,100,0.0,True
2022-02-03,36.10100173950195,36.10100173950195,36.10100173950195,36.10100173950195,34.67051364629108,100,0.0,True
2022-02-04,36.7400016784668,36.750999450683594,36.50600051879883,36.50600051879883,35.05947229173391,200,0.0,True
2022-02-07,36.143001556396484,36.143001556396484,36.143001556396484,36.143001556396484,34.71085425883103,0,0.0,True
2022-02-08,36.70399856567383,36.70399856567383,36.70399856567383,36.70399856567383,35.249619647454914,100,0.0,True
2022-02-09,37.358001708984375,37.358001708984375,37.358001708984375,37.358001708984375,35.8777036303159,100,0.0,True
2022-02-10,36.650001525878906,36.650001525878906,36.650001525878906,36.650001525878906,35.19776127771282,200,0.0,True
2022-02-11,35.766998291015625,35.766998291015625,35.766998291015625,35.766998291015625,34.349746954444704,100,0.0,True
2022-02-14,35.70000076293945,35.779998779296875,35.62900161743164,35.62900161743164,34.21722253953335,500,0.0,True
2022-02-15,36.38100051879883,36.38100051879883,36.38100051879883,36.38100051879883,34.93942196839535,100,0.0,True
2022-02-16,36.25,36.37900161743164,36.25,36.37900161743164,34.93750170969872,200,0.0,True
2022-02-17,35.36000061035156,35.36000061035156,35.36000061035156,35.36000061035156,33.958879435238224,100,0.0,True
2022-02-18,35.018001556396484,35.018001556396484,35.018001556396484,35.018001556396484,33.63043550358298,100,0.0,True
2022-02-22,34.446998596191406,34.446998596191406,34.446998596191406,34.446998596191406,33.08205743654294,100,0.0,True
2022-02-23,33.665000915527344,33.665000915527344,33.665000915527344,33.665000915527344,32.33105792220909,100,0.0,True
2022-02-24,32.61000061035156,34.72999954223633,32.61000061035156,34.72999954223633,33.35383855673684,1000,0.0,True
2022-02-25,34.88999938964844,35.310001373291016,34.88999938964844,35.30799865722656,33.908945119170426,500,0.0,True
2022-02-28,35.45500183105469,35.45500183105469,35.45500183105469,35.45500183105469,34.05011069821663,100,0.0,True
2022-03-01,35.018001556396484,35.018001556396484,35.018001556396484,35.018001556396484,33.63043550358298,100,0.0,True
2022-03-02,35.689998626708984,35.689998626708984,35.689998626708984,35.689998626708984,34.27580181471367,100,0.0,True
2022-03-03,35.178001403808594,35.178001403808594,35.178001403808594,35.178001403808594,33.78409035411262,0,0.0,True
2022-03-04,34.696998596191406,34.696998596191406,34.696998596191406,34.696998596191406,33.32213910833174,100,0.0,True
2022-03-07,33.41699981689453,33.41699981689453,33.41699981689453,33.41699981689453,32.092873739250955,100,0.0,True
2022-03-08,33.12300109863281,33.12300109863281,33.12300109863281,33.12300109863281,31.810516016314917,100,0.0,True
2022-03-09,33.84000015258789,34.25899887084961,33.84000015258789,34.25899887084961,32.901507579327436,1300,0.0,True
2022-03-10,34.104000091552734,34.104000091552734,34.104000091552734,34.104000091552734,32.752649580561716,100,0.0,True
2022-03-11,33.5099983215332,33.5099983215332,33.5099983215332,33.5099983215332,32.182177153577406,100,0.0,True
2022-03-14,32.979000091552734,32.979000091552734,32.979000091552734,32.979000091552734,31.67222323535834,0,0.0,True
2022-03-15,33.95500183105469,33.95500183105469,33.95500183105469,33.95500183105469,32.609556152863554,0,0.0,True
2022-03-16,34.96699905395508,34.96699905395508,34.96699905395508,34.96699905395508,33.58144613695285,100,0.0,True
2022-03-17,34.939998626708984,35.452999114990234,34.939998626708984,35.452999114990234,34.04820182445298,100,0.0,True
2022-03-18,36.27399826049805,36.27399826049805,36.27399826049805,36.27399826049805,34.8366539733265,100,0.0,True
2022-03-21,35.97999954223633,35.97999954223633,35.97999954223633,35.97999954223633,34.55431143030111,100,0.0,True
2022-03-22,36.54999923706055,36.54999923706055,36.51300048828125,36.51300048828125,35.066193197172126,200,0.0,True
2022-03-23,35.981998443603516,35.981998443603516,35.981998443603516,35.981998443603516,34.55623168899774,100,0.0,True
2022-03-24,36.41600036621094,36.41600036621094,36.41600036621094,36.41600036621094,35.033397000222905,100,0.0,True
2022-03-25,36.33700180053711,36.33700180053711,36.33700180053711,36.33700180053711,34.9574063675324,100,0.0,True
2022-03-28,36.8390007019043,36.8390007019043,36.8390007019043,36.8390007019043,35.44033624982512,100,0.0,True
2022-03-29,37.5369987487793,37.5369987487793,37.5369987487793,37.5369987487793,36.111830982154075,100,0.0,True
2022-03-30,37.03099822998047,37.03099822998047,37.03099822998047,37.03099822998047,35.625049197535105,100,0.0,True
2022-03-31,36.4640007019043,36.4640007019043,36.4640007019043,36.4640007019043,35.07957428840598,100,0.0,True
2022-04-01,36.29999923706055,36.415000915527344,36.29999923706055,36.415000915527344,35.03244446082991,100,0.0,True
2022-04-04,36.983001708984375,36.983001708984375,36.983001708984375,36.983001708984375,35.578871909352024,100,0.0,True
2022-04-05,36.63999938964844,36.66999816894531,36.29600143432617,36.29600143432617,34.91796136972052,200,0.0,True
2022-04-06,35.599998474121094,35.599998474121094,35.599998474121094,35.599998474121094,34.248390691065865,100,0.0,True
2022-04-07,35.867000579833984,35.867000579833984,35.867000579833984,35.867000579833984,34.505249959095416,100,0.0,True
2022-04-08,35.52299880981445,35.52299880981445,35.52299880981445,35.52299880981445,34.174305137161355,100,0.0,True
2022-04-11,34.85599899291992,34.85599899291992,34.85599899291992,34.85599899291992,33.53263133929514,100,0.0,True
2022-04-12,34.777000427246094,34.777000427246094,34.777000427246094,34.777000427246094,33.456625526694005,100,0.0,True
2022-04-13,35.36000061035156,35.36000061035156,35.36000061035156,35.36000061035156,34.017492865217484,100,0.0,True
2022-04-14,34.696998596191406,34.696998596191406,34.696998596191406,34.696998596191406,33.379659584744545,100,0.0,True
2022-04-18,34.720001220703125,34.720001220703125,34.5890007019043,34.5890007019043,33.275768276287934,100,0.0,True
2022-04-19,35.33000183105469,35.33000183105469,35.33000183105469,35.33000183105469,33.98864344503605,100,0.0,True
2022-04-20,35.29199981689453,35.29199981689453,35.29199981689453,35.29199981689453,33.952075040291454,0,0.0,True
2022-04-21,34.65800094604492,34.65800094604492,34.65800094604492,34.65800094604492,33.342150025539944,100,0.0,True
2022-04-22,33.61800003051758,33.61800003051758,33.61800003051758,33.61800003051758,32.34163072997356,100,0.0,True
2022-04-25,34.05500030517578,34.05500030517578,34.05500030517578,34.05500030517578,32.762034560318185,100,0.0,True
2022-04-26,33.31999969482422,33.31999969482422,32.93899917602539,32.93899917602539,31.688414507550412,200,0.0,True
2022-04-27,32.939998626708984,33.290000915527344,32.939998626708984,32.96900177001953,31.717267722709515,700,0.0,True
2022-04-28,33.97200012207031,33.97200012207031,33.97200012207031,33.97200012207031,32.682184435346116,100,0.0,True
2022-04-29,32.529998779296875,32.529998779296875,32.529998779296875,32.529998779296875,31.294941736179425,100,0.0,True
2022-05-02,33.04899978637695,33.04899978637695,33.04899978637695,33.04899978637695,31.794229869681313,100,0.0,True
2022-05-03,33.25,33.290000915527344,33.189998626708984,33.231998443603516,31.97028457585697,6600,0.0,True
2022-05-04,34.29199981689453,34.29199981689453,34.29199981689453,34.29199981689453,32.9900444081663,100,0.0,True
2022-05-05,32.630001068115234,32.63199996948242,32.630001068115234,32.63199996948242,31.39306657607964,100,0.0,True
2022-05-06,32.18000030517578,32.38999938964844,32.130001068115234,32.268001556396484,31.042886909869118,900,0.0,True
2022-05-09,31.43000030517578,31.43000030517578,31.18600082397461,31.18600082397461,30.001968179609037,200,0.0,True
2022-05-10,31.37299919128418,31.37299919128418,31.37299919128418,31.37299919128418,30.181861505689128,100,0.0,True
2022-05-11,30.322999954223633,30.322999954223633,30.322999954223633,30.322999954223633,29.171729531706593,100,0.0,True
2022-05-12,29.90999984741211,30.30900001525879,29.90999984741211,30.30900001525879,29.15826305347536,200,0.0,True
2022-05-13,30.709999084472656,31.246999740600586,30.709999084472656,31.246999740600586,30.06064802169737,300,0.0,True
2022-05-16,30.937000274658203,30.937000274658203,30.937000274658203,30.937000274658203,29.762417804692817,100,0.0,True
2022-05-17,31.676000595092773,31.676000595092773,31.676000595092773,31.676000595092773,30.473367022277802,100,0.0,True
2022-05-18,29.940000534057617,29.940000534057617,29.940000534057617,29.940000534057617,28.8032732530791,100,0.0,True
2022-05-19,29.913999557495117,29.913999557495117,29.913999557495117,29.913999557495117,28.7782624528021,200,0.0,True
2022-05-20,29.881999969482422,29.881999969482422,29.881999969482422,29.881999969482422,28.74747759401338,100,0.0,True
2022-05-23,30.40999984741211,30.40999984741211,30.347999572753906,30.347999572753906,29.19578020263528,200,0.0,True
2022-05-24,29.81999969482422,29.81999969482422,29.81999969482422,29.81999969482422,28.68782623764374,0,0.0,True
2022-05-25,30.299999237060547,30.32200050354004,30.299999237060547,30.32200050354004,29.170771299847107,100,0.0,True
2022-05-26,31.190000534057617,31.209999084472656,31.190000534057617,31.209999084472656,30.025053028722915,300,0.0,True
2022-05-27,31.68000030517578,32.13999938964844,31.670000076293945,32.13999938964844,30.919741782247748,105200,0.0,True
2022-05-31,31.950000762939453,32.029998779296875,31.937000274658203,31.937000274658203,30.7244560267733,80800,0.0,True
2022-06-01,31.84000015258789,31.84000015258789,31.746999740600586,31.746999740600586,30.541670927715273,101100,0.0,True
2022-06-02,32.56399917602539,32.56399917602539,32.56399917602539,32.56399917602539,31.32765064864244,100,0.0,True
2022-06-03,31.854000091552734,31.854000091552734,31.854000091552734,31.854000091552734,30.644605901801224,100,0.0,True
2022-06-06,32.0099983215332,32.0099983215332,31.969999313354492,31.996999740600586,30.782170047046826,300,0.0,True
2022-06-07,32.22999954223633,32.27799987792969,32.22999954223633,32.27799987792969,31.052505280751763,200,0.0,True
2022-06-08,31.895999908447266,31.895999908447266,31.895999908447266,31.895999908447266,30.68501102896142,100,0.0,True
2022-06-09,31.110000610351562,31.110000610351562,31.017000198364258,31.017000198364258,30.001167439322497,100,0.0,True
2022-06-10,30.15999984741211,30.15999984741211,29.902000427246094,29.902000427246094,28.922680327704064,100,0.0,True
2022-06-13,28.59000015258789,28.59000015258789,28.59000015258789,28.59000015258789,27.653653080176674,100,0.0,True
2022-06-14,28.639999389648438,28.639999389648438,28.639999389648438,28.639999389648438,27.70201058302619,500,0.0,True
2022-06-15,29.250999450683594,29.250999450683594,29.250999450683594,29.250999450683594,28.293004351714153,100,0.0,True
2022-06-16,28.01099967956543,28.01099967956543,28.01099967956543,28.01099967956543,27.093613046783364,100,0.0,True
2022-06-17,28.42099952697754,28.42099952697754,28.42099952697754,28.42099952697754,27.49018821239249,100,0.0,True
2022-06-21,29.02199935913086,29.02199935913086,29.02199935913086,29.02199935913086,28.071506685532885,100,0.0,True
2022-06-22,29.06399917602539,29.06399917602539,29.06399917602539,29.06399917602539,28.112126228930947,100,0.0,True
2022-06-23,29.516000747680664,29.516000747680664,29.516000747680664,29.516000747680664,28.549326630404625,0,0.0,True
2022-06-24,29.90999984741211,30.507999420166016,29.90999984741211,30.507999420166016,29.508837397362658,300,0.0,True
2022-06-27,30.305999755859375,30.305999755859375,30.305999755859375,30.305999755859375,29.313454869957845,100,0.0,True
2022-06-28,29.469999313354492,29.469999313354492,29.469999313354492,29.469999313354492,28.504834312303174,0,0.0,True
2022-06-29,29.639999389648438,29.639999389648438,29.548999786376953,29.548999786376953,28.58124429002525,700,0.0,True
2022-06-30,29.108999252319336,29.108999252319336,29.108999252319336,29.108999252319336,28.155658417684077,0,0.0,True
2022-07-01,29.0,29.461000442504883,29.0,29.461000442504883,28.49612673605925,200,0.0,True
2022-07-05,29.94300079345703,29.94300079345703,29.94300079345703,29.94300079345703,28.96234733170913,0,0.0,True
2022-07-06,30.0,30.149999618530273,30.0,30.108999252319336,29.122901451627076,300,0.0,True
2022-07-07,30.804000854492188,30.804000854492188,30.804000854492188,30.804000854492188,29.795143794555308,0,0.0,True
2022-07-08,30.889999389648438,30.889999389648438,30.847000122070312,30.847000122070312,29.83673485223467,300,0.0,True
2022-07-11,30.322999954223633,30.322999954223633,30.322999954223633,30.322999954223633,29.3298928156979,100,0.0,True
2022-07-12,29.913999557495117,29.913999557495117,29.913999557495117,29.913999557495117,28.934291061858907,0,0.0,True
2022-07-13,29.905000686645508,29.905000686645508,29.905000686645508,29.905000686645508,28.925587280592644,100,0.0,True
2022-07-14,29.94300079345703,29.94300079345703,29.94300079345703,29.94300079345703,28.96234733170913,100,0.0,True
2022-07-15,30.3700008392334,30.413000106811523,30.3700008392334,30.413000106811523,29.41695150073767,100,0.0,True
2022-07-18,30.190000534057617,30.190000534057617,30.190000534057617,30.190000534057617,29.20125445791175,100,0.0,True
2022-07-19,30.8799991607666,31.04599952697754,30.8799991607666,31.04599952697754,30.029214221728566,900,0.0,True
2022-07-20,31.482999801635742,31.482999801635742,31.482999801635742,31.482999801635742,30.45189883364765,100,0.0,True
2022-07-21,31.847000122070312,31.847000122070312,31.847000122070312,31.847000122070312,30.80398547613299,100,0.0,True
2022-07-22,31.4689998626709,31.4689998626709,31.4689998626709,31.4689998626709,30.43836784079617,100,0.0,True
2022-07-25,31.382999420166016,31.382999420166016,31.382999420166016,31.382999420166016,30.355176237993298,0,0.0,True
2022-07-26,30.804000854492188,30.804000854492188,30.804000854492188,30.804000854492188,29.795143794555308,0,0.0,True
2022-07-27,31.809999465942383,31.969999313354492,31.792999267578125,31.863000869750977,30.819461395035898,87900,0.0,True
2022-07-28,31.670000076293945,32.36000061035156,31.670000076293945,32.2760009765625,31.218930231111788,43200,0.0,True
2022-07-29,32.849998474121094,32.94200134277344,32.849998474121094,32.94200134277344,31.863129586611617,1000,0.0,True
2022-08-01,32.970001220703125,33.029998779296875,32.9109992980957,32.9109992980957,31.833134083176454,4900,0.0,True
2022-08-02,32.70500183105469,32.70500183105469,32.70500183105469,32.70500183105469,31.633882576045913,100,0.0,True
2022-08-03,33.10499954223633,33.48400115966797,33.10499954223633,33.4379997253418,32.34287548264648,2200,0.0,True
2022-08-04,33.33000183105469,33.34400177001953,33.2599983215332,33.34400177001953,32.251959202813964,24500,0.0,True
2022-08-05,33.369998931884766,33.369998931884766,33.369998931884766,33.369998931884766,32.27709713484262,200,0.0,True
2022-08-08,33.36000061035156,33.42100143432617,33.36000061035156,33.42100143432617,32.32643563941759,7500,0.0,True
2022-08-09,32.97600173950195,32.97600173950195,32.97600173950195,32.97600173950195,31.896016863024713,100,0.0,True
2022-08-10,33.7599983215332,33.8650016784668,33.7599983215332,33.8650016784668,32.75588669650683,600,0.0,True
2022-08-11,33.73699951171875,33.73699951171875,33.73699951171875,33.73699951171875,32.632083140261216,100,0.0,True
2022-08-12,33.9900016784668,34.32899856567383,33.9900016784668,34.32899856567383,33.204684549713534,600,0.0,True
2022-08-15,34.54600143432617,34.54600143432617,34.54600143432617,34.54600143432617,33.41458855913943,100,0.0,True
2022-08-16,34.689998626708984,34.83000183105469,34.64400100708008,34.64400100708008,33.509371921208846,400,0.0,True
2022-08-17,34.393001556396484,34.393001556396484,34.393001556396484,34.393001556396484,33.26659202030284,200,0.0,True
2022-08-18,34.4900016784668,34.50400161743164,34.4900016784668,34.50400161743164,33.37395952829722,200,0.0,True
2022-08-19,33.90399932861328,33.90399932861328,33.90399932861328,33.90399932861328,32.793612569438125,300,0.0,True
2022-08-22,33.125,33.125,33.125,33.125,32.040127344736106,100,0.0,True
2022-08-23,33.060001373291016,33.07600021362305,33.060001373291016,33.07600021362305,31.992728073746083,100,0.0,True
2022-08-24,33.125,33.125,33.125,33.125,32.040127344736106,100,0.0,True
2022-08-25,33.34000015258789,33.624000549316406,33.34000015258789,33.624000549316406,32.522783988637215,89200,0.0,True
2022-08-26,33.58000183105469,33.58000183105469,32.40800094604492,32.40800094604492,31.346612254527283,46500,0.0,True
2022-08-29,32.0880012512207,32.0880012512207,32.0880012512207,32.0880012512207,31.037093876469097,100,0.0,True
2022-08-30,31.760000228881836,31.760000228881836,31.649999618530273,31.649999618530273,30.613437750268712,400,0.0,True
2022-08-31,31.5,31.50200080871582,31.43199920654297,31.43199920654297,30.402575508983325,300,0.0,True
2022-09-01,31.149999618530273,31.33099937438965,31.149999618530273,31.33099937438965,30.304883296536506,200,0.0,True
2022-09-02,31.290000915527344,31.290000915527344,31.010000228881836,31.010000228881836,29.99439150670819,7700,0.0,True
2022-09-06,30.850000381469727,30.856000900268555,30.850000381469727,30.856000900268555,29.845436736012104,200,0.0,True
2022-09-07,31.030000686645508,31.459999084472656,31.030000686645508,31.430999755859375,30.401607789679687,300,0.0,True
2022-09-08,31.5,31.606000900268555,31.5,31.606000900268555,30.57088087077454,2000,0.0,True
2022-09-09,31.799999237060547,32.284000396728516,31.799999237060547,32.284000396728516,31.226671985540904,200,0.0,True
2022-09-12,32.683998107910156,32.683998107910156,32.683998107910156,32.683998107910156,31.613569958113636,100,0.0,True
2022-09-13,31.110000610351562,31.132999420166016,31.110000610351562,31.132999420166016,30.113367851368587,300,0.0,True
2022-09-14,31.200000762939453,31.23900032043457,31.200000762939453,31.23900032043457,30.215892967867116,400,0.0,True
2022-09-15,30.860000610351562,30.860000610351562,30.860000610351562,30.860000610351562,29.84930761322666,300,0.0,True
2022-09-16,30.628999710083008,30.628999710083008,30.628999710083008,30.628999710083008,29.625874508438116,0,0.0,True
2022-09-19,30.780000686645508,30.860000610351562,30.780000686645508,30.860000610351562,29.84930761322666,2800,0.0,True
2022-09-20,30.43000030517578,30.56999969482422,30.43000030517578,30.54800033569336,29.54752909210876,200,0.0,True
2022-09-21,30.920000076293945,30.920000076293945,30.177000045776367,30.177000045776367,29.18867600445327,200,0.0,True
2022-09-22,29.940000534057617,29.940000534057617,29.799999237060547,29.799999237060547,28.82402419093126,800,0.0,True
2022-09-23,29.280000686645508,29.309999465942383,29.239999771118164,29.309999465942383,28.350075123274085,2900,0.0,True
2022-09-26,29.139999389648438,29.15999984741211,29.010000228881836,29.010000228881836,28.161745561852854,1400,0.0,True
2022-09-27,29.059999465942383,29.149999618530273,29.059999465942383,29.110000610351562,28.258822987918542,2700,0.0,True
2022-09-28,29.6299991607666,29.790000915527344,29.6299991607666,29.739999771118164,28.870398817952733,9000,0.0,True
2022-09-29,28.780000686645508,28.959999084472656,28.780000686645508,28.940000534057617,28.093794589337886,5400,0.0,True
2022-09-30,29.18000030517578,29.18000030517578,28.489999771118164,28.489999771118164,27.656949018275544,400,0.0,True
2022-10-03,29.280000686645508,29.309999465942383,29.18000030517578,29.190000534057617,28.336485308268855,2500,0.0,True
2022-10-04,30.059999465942383,30.118000030517578,30.059999465942383,30.118000030517578,29.237346592959845,1800,0.0,True
2022-10-05,29.950000762939453,30.17799949645996,29.950000762939453,30.17799949645996,29.29559191010596,800,0.0,True
2022-10-06,30.170000076293945,30.170000076293945,30.0049991607666,30.0049991607666,29.1276489686814,800,0.0,True
2022-10-07,29.01300048828125,29.01300048828125,29.01300048828125,29.01300048828125,28.164660104696758,100,0.0,True
2022-10-10,28.812999725341797,28.812999725341797,28.812999725341797,28.812999725341797,27.970503355076552,100,0.0,True
2022-10-11,28.54199981689453,28.54199981689453,28.54199981689453,28.54199981689453,27.707429811126573,100,0.0,True
2022-10-12,28.530000686645508,28.530000686645508,28.43000030517578,28.43000030517578,27.598701803640598,1200,0.0,True
2022-10-13,29.06999969482422,29.06999969482422,29.06999969482422,29.06999969482422,28.219990878998967,200,0.0,True
2022-10-14,28.309999465942383,28.309999465942383,28.18000030517578,28.209999084472656,27.385139435749178,2100,0.0,True
2022-10-17,29.040000915527344,29.1299991607666,29.040000915527344,29.059999465942383,28.21028142865245,2300,0.0,True
2022-10-18,29.3799991607666,29.389999389648438,29.3700008392334,29.389999389648438,28.530630672956075,1600,0.0,True
2022-10-19,29.170000076293945,29.170000076293945,29.027000427246094,29.027000427246094,28.178248022213154,500,0.0,True
2022-10-20,28.8439998626709,28.8439998626709,28.8439998626709,28.8439998626709,28.000601322908572,100,0.0,True
2022-10-21,29.579999923706055,29.579999923706055,29.56999969482422,29.56999969482422,28.705366624394415,600,0.0,True
2022-10-24,29.940000534057617,29.940000534057617,29.940000534057617,29.940000534057617,29.064553670084106,300,0.0,True
2022-10-25,30.540000915527344,30.540000915527344,30.531999588012695,30.531999588012695,29.639238522272496,300,0.0,True
2022-10-26,30.1200008392334,30.549999237060547,30.06999969482422,30.06999969482422,29.190744267278696,800,0.0,True
2022-10-27,30.100000381469727,30.100000381469727,29.854000091552734,29.854000091552734,28.981066059023647,600,0.0,True
2022-10-28,30.66699981689453,30.66699981689453,30.66699981689453,30.66699981689453,29.77029428082891,100,0.0,True
2022-10-31,30.378000259399414,30.378000259399414,30.378000259399414,30.378000259399414,29.48974296725967,100,0.0,True
2022-11-01,30.20199966430664,30.20199966430664,30.20199966430664,30.20199966430664,29.3188911754577,100,0.0,True
2022-11-02,29.8799991607666,29.8799991607666,29.1560001373291,29.1560001373291,28.303472797592935,300,0.0,True
2022-11-03,28.780000686645508,28.780000686645508,28.579999923706055,28.68000030517578,27.841392522571567,4900,0.0,True
2022-11-04,28.816999435424805,28.816999435424805,28.816999435424805,28.816999435424805,27.974389412201756,100,0.0,True
2022-11-07,29.14900016784668,29.14900016784668,29.14900016784668,29.14900016784668,28.29668168506798,100,0.0,True
2022-11-08,29.378999710083008,29.378999710083008,29.378999710083008,29.378999710083008,28.519951605817088,100,0.0,True
2022-11-09,28.700000762939453,28.722000122070312,28.700000762939453,28.722000122070312,27.882169557542575,300,0.0,True
2022-11-10,30.770000457763672,30.770000457763672,30.770000457763672,30.770000457763672,29.87028245476084,100,0.0,True
2022-11-11,31.20400047302246,31.20400047302246,31.20400047302246,31.20400047302246,30.291595182255353,100,0.0,True
2022-11-14,30.913000106811523,30.913000106811523,30.913000106811523,30.913000106811523,30.00910273761234,100,0.0,True
2022-11-15,31.290000915527344,31.290000915527344,31.290000915527344,31.290000915527344,30.37507899833815,100,0.0,True
2022-11-16,31.100000381469727,31.100000381469727,30.915000915527344,30.915000915527344,30.011043868686112,300,0.0,True
2022-11-17,30.76300048828125,30.76300048828125,30.76300048828125,30.76300048828125,29.863487547258224,100,0.0,True
2022-11-18,30.861000061035156,30.861000061035156,30.861000061035156,30.861000061035156,29.958621944761312,100,0.0,True
2022-11-21,30.687000274658203,30.687000274658203,30.687000274658203,30.687000274658203,29.789711284033114,0,0.0,True
2022-11-22,31.166000366210938,31.166000366210938,31.166000366210938,31.166000366210938,30.254704204409553,100,0.0,True
2022-11-23,31.40399932861328,31.40399932861328,31.40399932861328,31.40399932861328,30.485744341920235,100,0.0,True
2022-11-25,31.322999954223633,31.322999954223633,31.322999954223633,31.322999954223633,30.407112404777447,0,0.0,True
2022-11-28,30.808000564575195,30.808000564575195,30.808000564575195,30.808000564575195,29.90716963762898,100,0.0,True
2022-11-29,30.617000579833984,30.617000579833984,30.617000579833984,30.617000579833984,29.721758414029313,100,0.0,True
2022-11-30,31.63599967956543,31.63599967956543,31.63599967956543,31.63599967956543,30.710959188720775,100,0.0,True
2022-12-01,31.714000701904297,31.714000701904297,31.714000701904297,31.714000701904297,30.786680377997317,100,0.0,True
2022-12-02,31.617000579833984,31.617000579833984,31.617000579833984,31.617000579833984,30.692519392264366,100,0.0,True
2022-12-05,31.280000686645508,31.280000686645508,30.9950008392334,30.9950008392334,30.088708086525255,100,0.0,True
2022-12-06,30.58099937438965,30.58099937438965,30.481000900268555,30.481000900268555,29.58973303868043,500,0.0,True
2022-12-07,30.469999313354492,30.489999771118164,30.469999313354492,30.489999771118164,29.598469077256812,600,0.0,True
2022-12-08,30.829999923706055,30.829999923706055,30.780000686645508,30.829999923706055,29.92852587441812,1200,0.0,True
2022-12-09,30.57699966430664,30.57699966430664,30.57699966430664,30.57699966430664,29.68292251013208,0,0.0,True
2022-12-12,30.75,30.947999954223633,30.75,30.947999954223633,30.043079172614238,100,0.0,True
2022-12-13,31.06999969482422,31.06999969482422,31.059999465942383,31.059999465942383,30.344960158128995,600,0.0,True
2022-12-14,30.905000686645508,30.905000686645508,30.905000686645508,30.905000686645508,30.19353106199772,100,0.0,True
2022-12-15,30.010000228881836,30.020000457763672,30.010000228881836,30.020000457763672,29.328909916483617,600,0.0,True
2022-12-16,29.68400001525879,29.68400001525879,29.68400001525879,29.68400001525879,29.000642451289625,100,0.0,True
2022-12-19,29.34000015258789,29.34000015258789,29.260000228881836,29.280000686645508,28.60594579962286,1300,0.0,True
2022-12-20,29.280000686645508,29.280000686645508,29.229999542236328,29.229999542236328,28.557093052188538,600,0.0,True
2022-12-21,29.600000381469727,29.639999389648438,29.600000381469727,29.639999389648438,28.957656739319724,900,0.0,True
2022-12-22,29.100000381469727,29.100000381469727,29.100000381469727,29.100000381469727,28.430088432285594,300,0.0,True
2022-12-23,29.20199966430664,29.20199966430664,29.20199966430664,29.20199966430664,28.529740750694494,100,0.0,True
2022-12-27,28.92300033569336,28.92300033569336,28.92300033569336,28.92300033569336,28.257158890214047,100,0.0,True
2022-12-28,28.513999938964844,28.513999938964844,28.513999938964844,28.513999938964844,27.857578102297147,0,0.0,True
2022-12-29,29.16900062561035,29.16900062561035,29.16900062561035,29.16900062561035,28.497496722994992,100,0.0,True
2022-12-30,29.020000457763672,29.020000457763672,29.020000457763672,29.020000457763672,28.351928969861643,400,0.0,True
2023-01-03,28.753000259399414,28.753000259399414,28.753000259399414,28.753000259399414,28.09107169286588,100,0.0,True
2023-01-04,28.860000610351562,28.889999389648438,28.860000610351562,28.889999389648438,28.224916760003374,1100,0.0,True
2023-01-05,28.4060001373291,28.4060001373291,28.4060001373291,28.4060001373291,27.75206254340149,100,0.0,True
2023-01-06,29.139999389648438,29.139999389648438,29.139999389648438,29.139999389648438,28.469169112241982,300,0.0,True
2023-01-09,29.180999755859375,29.180999755859375,29.180999755859375,29.180999755859375,28.509219408990845,100,0.0,True
2023-01-10,29.391000747680664,29.391000747680664,29.391000747680664,29.391000747680664,28.71438538880657,100,0.0,True
2023-01-11,29.860000610351562,29.950000762939453,29.860000610351562,29.950000762939453,29.2605168290711,200,0.0,True
2023-01-12,29.989999771118164,30.04599952697754,29.989999771118164,30.04599952697754,29.354305906993247,500,0.0,True
2023-01-13,30.250999450683594,30.250999450683594,30.250999450683594,30.250999450683594,29.554587750558838,100,0.0,True
2023-01-17,30.31599998474121,30.31599998474121,30.31599998474121,30.31599998474121,29.61809480423239,0,0.0,True
2023-01-18,30.003999710083008,30.003999710083008,30.003999710083008,30.003999710083008,29.31327460851893,100,0.0,True
2023-01-19,29.6299991607666,29.6299991607666,29.6299991607666,29.6299991607666,28.947882774352966,100,0.0,True
2023-01-20,30.280000686645508,30.280000686645508,30.280000686645508,30.280000686645508,29.58292105377834,300,0.0,True
2023-01-23,30.81999969482422,30.81999969482422,30.81999969482422,30.81999969482422,30.11048936081247,300,0.0,True
2023-01-24,30.79199981689453,30.79199981689453,30.79199981689453,30.79199981689453,30.08313136685193,0,0.0,True
2023-01-25,30.75,30.75,30.75,30.75,30.042101965866447,100,0.0,True
2023-01-26,31.17099952697754,31.17099952697754,31.17099952697754,31.17099952697754,30.45340733726803,0,0.0,True
2023-01-27,31.415000915527344,31.415000915527344,31.415000915527344,31.415000915527344,30.691790756553388,100,0.0,True
2023-01-30,30.910999298095703,30.910999298095703,30.910999298095703,30.910999298095703,30.199390507506816,100,0.0,True
2023-01-31,31.50200080871582,31.50200080871582,31.50200080871582,31.50200080871582,30.776786871234226,0,0.0,True
2023-02-01,32.2400016784668,32.2400016784668,32.15999984741211,32.15999984741211,31.41963711217545,800,0.0,True
2023-02-02,32.68000030517578,32.88800048828125,32.68000030517578,32.88800048828125,32.13088423550685,500,0.0,True
2023-02-03,32.625,32.625,32.625,32.625,31.873937682991087,100,0.0,True
2023-02-06,32.2599983215332,32.2599983215332,32.2599983215332,32.2599983215332,31.517335017088765,100,0.0,True
2023-02-07,32.74599838256836,32.74599838256836,32.74599838256836,32.74599838256836,31.992143647186236,100,0.0,True
2023-02-08,32.5,32.5,32.39099884033203,32.39099884033203,31.645326331183657,100,0.0,True
2023-02-09,32.17100143432617,32.17100143432617,32.17100143432617,32.17100143432617,31.430388283890004,100,0.0,True
2023-02-10,31.950000762939453,32.138999938964844,31.950000762939453,32.138999938964844,31.399123360427122,100,0.0,True
2023-02-13,32.62799835205078,32.62799835205078,32.62799835205078,32.62799835205078,31.876863610767973,100,0.0,True
2023-02-14,32.832000732421875,32.832000732421875,32.832000732421875,32.832000732421875,32.07616445260811,100,0.0,True
2023-02-15,32.97200012207031,32.97200012207031,32.97200012207031,32.97200012207031,32.2129544224108,100,0.0,True
2023-02-16,32.779998779296875,32.779998779296875,32.52000045776367,32.52000045776367,31.771351846849978,100,0.0,True
2023-02-17,32.263999938964844,32.263999938964844,32.263999938964844,32.263999938964844,31.521249536546428,100,0.0,True
2023-02-21,31.47800064086914,31.47800064086914,31.47800064086914,31.47800064086914,30.75333960175369,100,0.0,True
2023-02-22,31.549999237060547,31.549999237060547,31.49799919128418,31.49799919128418,30.772879941731887,100,0.0,True
2023-02-23,31.753000259399414,31.753000259399414,31.753000259399414,31.753000259399414,31.022012635242966,200,0.0,True
2023-02-24,31.333999633789062,31.333999633789062,31.333999633789062,31.333999633789062,30.612657882359308,100,0.0,True
2023-02-27,31.469999313354492,31.469999313354492,31.469999313354492,31.469999313354492,30.745521947771348,300,0.0,True
2023-02-28,31.459999084472656,31.459999084472656,31.459999084472656,31.459999084472656,30.73575367527108,400,0.0,True
2023-03-01,31.170000076293945,31.170000076293945,31.170000076293945,31.170000076293945,30.452432028009067,300,0.0,True
2023-03-02,31.440000534057617,31.440000534057617,31.42300033569336,31.42300033569336,30.69960841053573,300,0.0,True
2023-03-03,31.941999435424805,31.941999435424805,31.941999435424805,31.941999435424805,31.206659170843874,100,0.0,True
2023-03-06,31.988000869750977,31.988000869750977,31.988000869750977,31.988000869750977,31.25160309128702,100,0.0,True
2023-03-07,31.799999237060547,31.799999237060547,31.621999740600586,31.621999740600586,30.894023218636907,100,0.0,True
2023-03-08,31.75200080871582,31.75200080871582,31.75200080871582,31.75200080871582,31.021037325984004,0,0.0,True
2023-03-09,31.24799919128418,31.24799919128418,31.24799919128418,31.24799919128418,30.52863328195977,100,0.0,True
2023-03-10,30.674999237060547,30.674999237060547,30.674999237060547,30.674999237060547,29.96882663969263,100,0.0,True
2023-03-13,30.792999267578125,30.792999267578125,30.792999267578125,30.792999267578125,30.084116163555045,0,0.0,True
2023-03-14,31.299999237060547,31.299999237060547,31.299999237060547,31.299999237060547,30.579440442889673,300,0.0,True
2023-03-15,31.165000915527344,31.165000915527344,31.165000915527344,31.165000915527344,30.447549789247766,100,0.0,True
2023-03-16,31.719999313354492,31.85700035095215,31.719999313354492,31.85700035095215,31.12361936714745,200,0.0,True
2023-03-17,31.591999053955078,31.591999053955078,31.591999053955078,31.591999053955078,30.864716503647273,100,0.0,True
2023-03-20,31.819000244140625,31.819000244140625,31.819000244140625,31.819000244140625,31.08649499817548,100,0.0,True
2023-03-21,32.250999450683594,32.250999450683594,32.250999450683594,32.250999450683594,31.508545848825122,0,0.0,True
2023-03-22,31.83300018310547,31.83300018310547,31.83300018310547,31.83300018310547,31.100164507711593,100,0.0,True
2023-03-23,31.908000946044922,31.908000946044922,31.908000946044922,31.908000946044922,31.226413927059934,0,0.0,True
2023-03-24,31.908000946044922,31.908000946044922,31.908000946044922,31.908000946044922,31.226413927059934,100,0.0,True
2023-03-27,32.0,32.0,31.927000045776367,31.927000045776367,31.245007420111627,400,0.0,True
2023-03-28,31.82900047302246,31.82900047302246,31.82900047302246,31.82900047302246,31.14910074465446,100,0.0,True
2023-03-29,32.2760009765625,32.2760009765625,32.2760009765625,32.2760009765625,31.586555409631448,100,0.0,True
2023-03-30,32.486000061035156,32.486000061035156,32.486000061035156,32.486000061035156,31.792072424880846,100,0.0,True
2023-03-31,32.900001525878906,33.07600021362305,32.900001525878906,33.07600021362305,32.369463096141764,200,0.0,True
2023-04-03,33.06999969482422,33.13600158691406,32.900001525878906,33.13600158691406,32.428178990517885,168300,0.0,True
2023-04-04,32.880001068115234,32.88999938964844,32.816001892089844,32.88999938964844,32.18743319763835,4000,0.0,True
2023-04-05,32.608001708984375,32.608001708984375,32.608001708984375,32.608001708984375,31.911462422106332,100,0.0,True
2023-04-06,32.69300079345703,32.69300079345703,32.69300079345703,32.69300079345703,31.994644537465053,100,0.0,True
2023-04-10,32.75,32.81100082397461,32.75,32.81100082397461,32.110129502677026,11800,0.0,True
2023-04-11,32.784000396728516,32.784000396728516,32.784000396728516,32.784000396728516,32.08369748326585,0,0.0,True
2023-04-12,32.606998443603516,32.606998443603516,32.606998443603516,32.606998443603516,31.910479522892047,100,0.0,True
2023-04-13,33.185001373291016,33.185001373291016,33.185001373291016,33.185001373291016,32.47613991820179,100,0.0,True
2023-04-14,33.084999084472656,33.084999084472656,33.084999084472656,33.084999084472656,32.37827123929372,100,0.0,True
2023-04-17,33.119998931884766,33.145999908447266,33.029998779296875,33.145999908447266,32.4379624429288,5100,0.0,True
2023-04-18,33.18000030517578,33.23899841308594,33.16999816894531,33.23899841308594,32.52898498213583,700,0.0,True
2023-04-19,33.06999969482422,33.220001220703125,33.06999969482422,33.20100021362305,32.49179420105478,300,0.0,True
2023-04-20,33.13999938964844,33.13999938964844,33.05099868774414,33.05099868774414,32.34499687515916,200,0.0,True
2023-04-21,32.97999954223633,33.10100173950195,32.97999954223633,33.10100173950195,32.39392552214671,100,0.0,True
2023-04-24,33.150001525878906,33.150001525878906,33.04899978637695,33.04899978637695,32.34303866668591,13800,0.0,True
2023-04-25,32.75,32.78200149536133,32.33399963378906,32.33399963378906,31.64331309553432,1100,0.0,True
2023-04-26,32.45899963378906,32.45899963378906,32.45899963378906,32.45899963378906,31.765640405469675,100,0.0,True
2023-04-27,32.709999084472656,32.99599838256836,32.709999084472656,32.99599838256836,32.2911727069885,200,0.0,True
2023-04-28,33.060001373291016,33.21200180053711,33.060001373291016,33.21200180053711,32.50256055267998,200,0.0,True
2023-05-01,33.209999084472656,33.2599983215332,33.119998931884766,33.25299835205078,32.54267726153791,1400,0.0,True
2023-05-02,32.939998626708984,32.939998626708984,32.939998626708984,32.939998626708984,32.23637322955888,300,0.0,True
2023-05-03,33.060001373291016,33.060001373291016,32.792999267578125,32.792999267578125,32.09251321637313,200,0.0,True
2023-05-04,32.551998138427734,32.551998138427734,32.551998138427734,32.551998138427734,31.856659149699045,100,0.0,True
2023-05-05,33.1879997253418,33.1879997253418,33.1879997253418,33.1879997253418,32.479073435934,0,0.0,True
2023-05-08,33.119998931884766,33.20199966430664,33.099998474121094,33.20199966430664,32.49276951031374,400,0.0,True
2023-05-09,33.0989990234375,33.0989990234375,33.0989990234375,33.0989990234375,32.391978698606444,200,0.0,True
2023-05-10,33.3120002746582,33.3120002746582,33.3120002746582,33.3120002746582,32.60042164163273,0,0.0,True
2023-05-11,33.22999954223633,33.22999954223633,33.21200180053711,33.21200180053711,32.50256055267998,200,0.0,True
2023-05-12,33.14099884033203,33.14099884033203,33.14099884033203,33.14099884033203,32.433074511701,100,0.0,True
2023-05-15,33.05500030517578,33.3120002746582,33.05500030517578,33.3120002746582,32.60042164163273,200,0.0,True
2023-05-16,33.1349983215332,33.1349983215332,33.1349983215332,33.1349983215332,32.42719988628126,100,0.0,True
2023-05-17,33.46900177001953,33.46900177001953,33.46900177001953,33.46900177001953,32.754076492162376,100,0.0,True
2023-05-18,33.72999954223633,33.948001861572266,33.720001220703125,33.948001861572266,33.22283213289003,1200,0.0,True
2023-05-19,33.84000015258789,33.84400177001953,33.84000015258789,33.84400177001953,33.12105842196844,200,0.0,True
2023-05-22,33.88999938964844,33.88999938964844,33.81800079345703,33.81800079345703,33.09561689172688,300,0.0,True
2023-05-23,33.650001525878906,33.650001525878906,33.349998474121094,33.349998474121094,32.637604832758456,1300,0.0,True
2023-05-24,33.220001220703125,33.220001220703125,33.16999816894531,33.20600128173828,32.49668213228258,400,0.0,True
2023-05-25,33.86000061035156,33.86000061035156,33.832000732421875,33.832000732421875,33.10931296610662,300,0.0,True
2023-05-26,34.46699905395508,34.46699905395508,34.46699905395508,34.46699905395508,33.730755738060274,100,0.0,True
2023-05-30,34.88999938964844,34.88999938964844,34.54999923706055,34.56100082397461,33.82273840661562,3600,0.0,True
2023-05-31,34.279998779296875,34.38999938964844,34.279998779296875,34.345001220703125,33.611361945857126,1100,0.0,True
2023-06-01,34.18000030517578,34.63800048828125,34.18000030517578,34.63800048828125,33.89809527803668,155300,0.0,True
2023-06-02,34.84000015258789,35.14699935913086,34.84000015258789,35.14699935913086,34.396227840840695,4000,0.0,True
2023-06-05,35.04999923706055,35.310001373291016,35.04999923706055,35.073001861572266,34.323808282129505,10900,0.0,True
2023-06-06,35.132999420166016,35.132999420166016,35.132999420166016,35.132999420166016,34.38252038152796,200,0.0,True
2023-06-07,34.67100143432617,34.67100143432617,34.67100143432617,34.67100143432617,34.06225083175523,100,0.0,True
2023-06-08,34.869998931884766,34.92300033569336,34.86899948120117,34.92300033569336,34.30981999446984,700,0.0,True
2023-06-09,34.970001220703125,34.970001220703125,34.94300079345703,34.94300079345703,34.32947038880021,1100,0.0,True
2023-06-12,35.43000030517578,35.43000030517578,35.42100143432617,35.42100143432617,34.799079899501656,700,0.0,True
2023-06-13,35.66999816894531,35.770999908447266,35.66999816894531,35.770999908447266,35.14293144046191,100,0.0,True
2023-06-14,35.84299850463867,35.84299850463867,35.84299850463867,35.84299850463867,35.21366602909146,100,0.0,True
2023-06-15,36.39699935913086,36.39699935913086,36.39699935913086,36.39699935913086,35.75793793030194,300,0.0,True
2023-06-16,36.31999969482422,36.31999969482422,36.17900085449219,36.17900085449219,35.54377216096237,1900,0.0,True
2023-06-20,36.060001373291016,36.060001373291016,36.060001373291016,36.060001373291016,35.426867874105056,200,0.0,True
2023-06-21,35.77799987792969,35.77799987792969,35.77799987792969,35.77799987792969,35.14980793998424,100,0.0,True
2023-06-22,36.03300094604492,36.03300094604492,36.03300094604492,36.03300094604492,35.400337185274694,100,0.0,True
2023-06-23,35.715999603271484,35.715999603271484,35.715999603271484,35.715999603271484,35.08890234349754,0,0.0,True
2023-06-26,35.619998931884766,35.624000549316406,35.49700164794922,35.49700164794922,34.87374987996601,600,0.0,True
2023-06-27,36.06399917602539,36.06399917602539,36.06399917602539,36.06399917602539,35.43078808602922,0,0.0,True
2023-06-28,36.05400085449219,36.05400085449219,36.05400085449219,36.05400085449219,35.42096668384169,100,0.0,True
2023-06-29,36.16299819946289,36.16299819946289,36.16299819946289,36.16299819946289,35.5280571584668,100,0.0,True
2023-06-30,36.792999267578125,36.792999267578125,36.792999267578125,36.792999267578125,36.14699145018631,100,0.0,True
2023-07-03,36.720001220703125,36.742000579833984,36.65299987792969,36.742000579833984,36.09687877016843,200,0.0,True
2023-07-05,36.67399978637695,36.67399978637695,36.67399978637695,36.67399978637695,36.030083368351335,200,0.0,True
2023-07-06,36.18000030517578,36.45000076293945,36.18000030517578,36.45000076293945,35.810016408748396,1500,0.0,True
2023-07-07,36.310001373291016,36.310001373291016,36.310001373291016,36.310001373291016,35.672471238391104,100,0.0,True
2023-07-10,36.400001525878906,36.43600082397461,36.400001525878906,36.43600082397461,35.796248229793086,200,0.0,True
2023-07-11,36.5890007019043,36.5890007019043,36.5890007019043,36.5890007019043,35.9465786798914,100,0.0,True
2023-07-12,36.959999084472656,36.974998474121094,36.83599853515625,36.83599853515625,36.18923334653459,500,0.0,True
2023-07-13,37.04999923706055,37.25299835205078,37.04999923706055,37.25299835205078,36.59891636498595,5300,0.0,True
2023-07-14,37.263999938964844,37.263999938964844,37.263999938964844,37.263999938964844,36.609720666387766,100,0.0,True
2023-07-17,37.4900016784668,37.584999084472656,37.45000076293945,37.584999084472656,36.92508710502206,5000,0.0,True
2023-07-18,37.5,37.93299865722656,37.5,37.93299865722656,37.26697284755374,13400,0.0,True
2023-07-19,38.005001068115234,38.005001068115234,38.005001068115234,38.005001068115234,37.337718821116276,100,0.0,True
2023-07-20,37.387001037597656,37.387001037597656,37.387001037597656,37.387001037597656,36.73056414005754,100,0.0,True
2023-07-21,37.279998779296875,37.279998779296875,37.25,37.25600051879883,36.60186506262881,400,0.0,True
2023-07-24,37.27000045776367,37.27000045776367,37.24800109863281,37.24800109863281,36.59400566389219,200,0.0,True
2023-07-25,37.560001373291016,37.560001373291016,37.560001373291016,37.560001373291016,36.90052221462026,400,0.0,True
2023-07-26,37.32400131225586,37.32400131225586,37.32400131225586,37.32400131225586,36.66866805440122,100,0.0,True
2023-07-27,37.599998474121094,37.599998474121094,37.02000045776367,37.02000045776367,36.37001090240977,500,0.0,True
2023-07-28,37.54100036621094,37.54100036621094,37.54100036621094,37.54100036621094,36.881858514481834,300,0.0,True
2023-07-31,37.59400177001953,37.59400177001953,37.59400177001953,37.59400177001953,36.9339256079953,100,0.0,True
2023-08-01,37.60900115966797,37.60900115966797,37.60900115966797,37.60900115966797,36.94865771127659,0,0.0,True
2023-08-02,36.90999984741211,36.90999984741211,36.86000061035156,36.90299987792969,36.25506102904804,900,0.0,True
2023-08-03,36.92900085449219,36.92900085449219,36.92900085449219,36.92900085449219,36.28060502368646,100,0.0,True
2023-08-04,36.65800094604492,36.65800094604492,36.65800094604492,36.65800094604492,36.0143645708781,100,0.0,True
2023-08-07,36.8489990234375,36.8489990234375,36.8489990234375,36.8489990234375,36.20200344636497,100,0.0,True
2023-08-08,36.650001525878906,36.650001525878906,36.62699890136719,36.62699890136719,35.98390608016826,1400,0.0,True
2023-08-09,36.28200149536133,36.28200149536133,36.28200149536133,36.28200149536133,35.64496144532411,100,0.0,True
2023-08-10,36.327999114990234,36.327999114990234,36.327999114990234,36.327999114990234,35.690148244337585,500,0.0,True
2023-08-11,36.244998931884766,36.244998931884766,36.19300079345703,36.19300079345703,35.55752516000704,500,0.0,True
2023-08-14,36.56100082397461,36.56100082397461,36.56100082397461,36.56100082397461,35.91907268180207,100,0.0,True
2023-08-15,36.40999984741211,36.40999984741211,36.290000915527344,36.290000915527344,35.652824639038386,13400,0.0,True
2023-08-16,35.94900131225586,35.94900131225586,35.94900131225586,35.94900131225586,35.31781539602904,100,0.0,True
2023-08-17,35.57899856567383,35.57899856567383,35.57899856567383,35.57899856567383,34.954305870783095,100,0.0,True
2023-08-18,35.564998626708984,35.564998626708984,35.564998626708984,35.564998626708984,34.94054907676077,100,0.0,True
2023-08-21,36.04800033569336,36.04800033569336,36.04800033569336,36.04800033569336,35.41507308353364,0,0.0,True
2023-08-22,36.06999969482422,36.150001525878906,35.981998443603516,35.981998443603516,35.350232095212135,14600,0.0,True
2023-08-23,36.52000045776367,36.52000045776367,36.494998931884766,36.50600051879883,35.865024609949394,1800,0.0,True
2023-08-24,36.2400016784668,36.25,35.915000915527344,35.915000915527344,35.284412002654,500,0.0,True
2023-08-25,36.1150016784668,36.1150016784668,36.1150016784668,36.1150016784668,35.48089317609177,100,0.0,True
2023-08-28,36.3129997253418,36.3129997253418,36.3129997253418,36.3129997253418,35.675416141056296,100,0.0,True
2023-08-29,36.29999923706055,37.0,36.29999923706055,36.98899841308594,36.33955241169993,13600,0.0,True
2023-08-30,37.25,37.25,37.19200134277344,37.19200134277344,36.53898987273587,5400,0.0,True
2023-08-31,37.38999938964844,37.400001525878906,37.34400177001953,37.34400177001953,36.68832224370926,800,0.0,True
2023-09-01,37.310001373291016,37.361000061035156,37.310001373291016,37.361000061035156,36.705027735374436,400,0.0,True
2023-09-05,37.34000015258789,37.34000015258789,37.327999114990234,37.327999114990234,36.6725958562807,400,0.0,True
2023-09-06,36.880001068115234,36.979000091552734,36.880001068115234,36.979000091552734,36.329727214534735,100,0.0,True
2023-09-07,36.79600143432617,36.79600143432617,36.79600143432617,36.79600143432617,36.14993255787384,200,0.0,True
2023-09-08,37.0099983215332,37.0099983215332,36.85499954223633,36.85499954223633,36.207885661740036,200,0.0,True
2023-09-11,37.060001373291016,37.23699951171875,37.029998779296875,37.23699951171875,36.58319377253506,13600,0.0,True
2023-09-12,37.08000183105469,37.09000015258789,36.880001068115234,36.900001525878906,36.252112331405186,3600,0.0,True
2023-09-13,37.04999923706055,37.04999923706055,37.04999923706055,37.04999923706055,36.39948269892767,100,0.0,True
2023-09-14,37.29999923706055,37.29999923706055,37.29999923706055,37.29999923706055,36.64508985819137,100,0.0,True
2023-09-15,36.750999450683594,36.750999450683594,36.750999450683594,36.750999450683594,36.10573624802998,100,0.0,True
2023-09-18,36.82500076293945,36.82500076293945,36.82500076293945,36.82500076293945,36.17842904513278,100,0.0,True
2023-09-19,36.78900146484375,36.78900146484375,36.78900146484375,36.78900146484375,36.143067443284494,100,0.0,True
2023-09-20,36.86000061035156,36.86000061035156,36.34000015258789,36.349998474121094,35.711768232074185,8100,0.0,True
2023-09-21,35.70800018310547,35.70800018310547,35.70800018310547,35.70800018310547,35.08104294476092,0,0.0,True
2023-09-22,35.77000045776367,35.83000183105469,35.71799850463867,35.71799850463867,35.09086055197078,1700,0.0,True
2023-09-25,35.779998779296875,35.97999954223633,35.779998779296875,35.95500183105469,35.32371658629241,1600,0.0,True
2023-09-26,35.393001556396484,35.393001556396484,35.393001556396484,35.393001556396484,34.82581551712574,100,0.0,True
2023-09-27,35.375,35.48699951171875,35.375,35.48699951171875,34.918302917710044,300,0.0,True
2023-09-28,35.75199890136719,35.75199890136719,35.75199890136719,35.75199890136719,35.17905583282012,100,0.0,True
2023-09-29,35.71200180053711,35.71200180053711,35.71200180053711,35.71200180053711,35.13970570944978,100,0.0,True
2023-10-02,35.81999969482422,35.97800064086914,35.810001373291016,35.97800064086914,35.40143772879648,29000,0.0,True
2023-10-03,35.939998626708984,35.939998626708984,35.2760009765625,35.2760009765625,34.71068727981393,10300,0.0,True
2023-10-04,35.45000076293945,35.76300048828125,35.45000076293945,35.76300048828125,35.1898829040879,1000,0.0,True
2023-10-05,35.82099914550781,35.82099914550781,35.779998779296875,35.779998779296875,35.20660357566373,300,0.0,True
2023-10-06,36.38600158691406,36.38600158691406,36.38600158691406,36.38600158691406,35.80290462061106,100,0.0,True
2023-10-09,36.61000061035156,36.67100143432617,36.60900115966797,36.67100143432617,36.08333449489514,200,0.0,True
2023-10-10,36.91999816894531,36.91999816894531,36.84199905395508,36.84199905395508,36.25158862448792,1900,0.0,True
2023-10-11,37.0099983215332,37.12200164794922,36.88999938964844,37.12200164794922,36.52710779767824,5700,0.0,True
2023-10-12,37.224998474121094,37.290000915527344,36.933998107910156,36.933998107910156,36.342117816598986,900,0.0,True
2023-10-13,36.54999923706055,36.56700134277344,36.54999923706055,36.56700134277344,35.98100292225734,300,0.0,True
2023-10-16,37.09000015258789,37.13999938964844,37.060001373291016,37.060001373291016,36.466107326750006,15300,0.0,True
2023-10-17,36.97999954223633,37.00400161743164,36.939998626708984,37.00400161743164,36.41100045612981,400,0.0,True
2023-10-18,36.47800064086914,36.47800064086914,36.47800064086914,36.47800064086914,35.89343001774446,200,0.0,True
2023-10-19,36.13999938964844,36.13999938964844,36.13999938964844,36.13999938964844,35.560838175505374,100,0.0,True
2023-10-20,35.95000076293945,35.95000076293945,35.62300109863281,35.62300109863281,35.052132804936896,1800,0.0,True
2023-10-23,35.6510009765625,35.654998779296875,35.6510009765625,35.654998779296875,35.0836159396153,2100,0.0,True
2023-10-24,35.986000061035156,35.986000061035156,35.986000061035156,35.986000061035156,35.409308512466076,100,0.0,True
2023-10-25,35.29100036621094,35.29100036621094,35.29100036621094,35.29100036621094,34.725442152961186,100,0.0,True
2023-10-26,35.130001068115234,35.130001068115234,34.70399856567383,34.70399856567383,34.14785793783954,300,0.0,True
2023-10-27,34.849998474121094,34.90999984741211,34.80500030517578,34.80500030517578,34.247237017856826,14000,0.0,True
2023-10-30,35.20100021362305,35.20100021362305,35.20100021362305,35.20100021362305,34.63688634923402,100,0.0,True
2023-10-31,35.04999923706055,35.41999816894531,35.04999923706055,35.37900161743164,34.812043543192765,900,0.0,True
2023-11-01,35.5369987487793,35.96699905395508,35.5369987487793,35.96699905395508,35.39061445250636,1000,0.0,True
2023-11-02,36.555999755859375,36.555999755859375,36.555999755859375,36.555999755859375,35.9701720560119,100,0.0,True
2023-11-03,36.97700119018555,36.97700119018555,36.97700119018555,36.97700119018555,36.38442043258984,200,0.0,True
2023-11-06,37.13999938964844,37.13999938964844,37.11600112915039,37.11600112915039,36.52119901745955,300,0.0,True
2023-11-07,37.54999923706055,37.54999923706055,37.45100021362305,37.45100021362305,36.85084216205578,800,0.0,True
2023-11-08,37.529998779296875,37.54899978637695,37.529998779296875,37.54899978637695,36.94725736451956,700,0.0,True
2023-11-09,37.59000015258789,37.65999984741211,37.292999267578125,37.292999267578125,36.69536192727103,4700,0.0,True
2023-11-10,37.599998474121094,38.04999923706055,37.48400115966797,38.04199981689453,37.43236556398988,5700,0.0,True
2023-11-13,38.0099983215332,38.189998626708984,37.86399841308594,38.06399917602539,37.45401211657012,99200,0.0,True
2023-11-14,38.72999954223633,38.970001220703125,38.71799850463867,38.86000061035156,38.237257556092295,103800,0.0,True
2023-11-15,38.900001525878906,38.900001525878906,38.75,38.75600051879883,38.134922188476835,1600,0.0,True
2023-11-16,38.84000015258789,38.869998931884766,38.72999954223633,38.80799865722656,38.1860860773069,6100,0.0,True
2023-11-17,38.810001373291016,38.939998626708984,38.790000915527344,38.91999816894531,38.296292228591966,9500,0.0,True
2023-11-20,39.15999984741211,39.31999969482422,39.15999984741211,39.26100158691406,38.631825178518575,500,0.0,True
2023-11-21,39.04999923706055,39.13999938964844,39.042999267578125,39.0890007019043,38.462580559756184,6500,0.0,True
2023-11-22,39.22999954223633,39.40999984741211,39.150001525878906,39.26599884033203,38.63674346956766,5100,0.0,True
2023-11-24,39.22999954223633,39.249000549316406,39.20800018310547,39.249000549316406,38.620026592969495,400,0.0,True
2023-11-27,39.25,39.459999084472656,39.22100067138672,39.279998779296875,38.65052682843361,45400,0.0,True
2023-11-28,39.23500061035156,39.380001068115234,39.20000076293945,39.31399917602539,38.68397576154059,44000,0.0,True
2023-11-29,39.75,39.7599983215332,39.38999938964844,39.38999938964844,38.75875579635712,7000,0.0,True
2023-11-30,39.400001525878906,39.400001525878906,39.125,39.400001525878906,38.76860376338828,110300,0.0,True
2023-12-01,39.28499984741211,39.720001220703125,39.27000045776367,39.689998626708984,39.05394433876612,44300,0.0,True
2023-12-04,39.41999816894531,39.44900131225586,39.290000915527344,39.44900131225586,38.81681136462017,8700,0.0,True
2023-12-05,39.569000244140625,39.66999816894531,39.439998626708984,39.599998474121094,38.965388535038954,35400,0.0,True
2023-12-06,39.619998931884766,39.630001068115234,39.34000015258789,39.34000015258789,38.70956150093328,21000,0.0,True
2023-12-07,39.630001068115234,39.720001220703125,39.52000045776367,39.68000030517578,39.04411534662327,9000,0.0,True
2023-12-08,39.61000061035156,39.970001220703125,39.61000061035156,39.917999267578125,39.27829582814871,19200,0.0,True
2023-12-11,39.80699920654297,39.97999954223633,39.742000579833984,39.97999954223633,39.33930768400993,12100,0.0,True
2023-12-12,39.92399978637695,40.33000183105469,39.92399978637695,40.33000183105469,39.683698111798094,8800,0.0,True
2023-12-13,40.52000045776367,40.959999084472656,40.435001373291016,40.849998474121094,40.19536356494241,14400,0.0,True
2023-12-14,40.85900115966797,40.88999938964844,40.56999969482422,40.77000045776367,40.11664434331342,11000,0.0,True
2023-12-15,40.84000015258789,40.970001220703125,40.81999969482422,40.90999984741211,40.25440203241974,17400,0.0,True
2023-12-18,41.029998779296875,41.27000045776367,41.029998779296875,41.209999084472656,40.5495943698064,17100,0.0,True
2023-12-19,41.369998931884766,41.38999938964844,41.290000915527344,41.356998443603516,40.69423235341272,16400,0.0,True
2023-12-20,41.41999816894531,41.44900131225586,40.79800033569336,40.79800033569336,40.205439230633246,10400,0.0,True
2023-12-21,41.0099983215332,41.17100143432617,40.93000030517578,41.17100143432617,40.57302835686512,4500,0.0,True
2023-12-22,41.28099822998047,41.31999969482422,41.152000427246094,41.18000030517578,40.581889629704335,6700,0.0,True
2023-12-26,41.34000015258789,41.34000015258789,41.220001220703125,41.27000045776367,40.67059343756029,3000,0.0,True
2023-12-27,41.18000030517578,41.222999572753906,41.18000030517578,41.222999572753906,40.62426435027076,900,0.0,True
2023-12-28,41.22999954223633,41.31999969482422,41.209999084472656,41.209999084472656,40.61146009564143,118700,0.0,True
2023-12-29,41.301998138427734,41.301998138427734,40.904998779296875,41.099998474121094,40.50305276376783,8200,0.0,True
2024-01-02,40.79999923706055,40.79999923706055,40.220001220703125,40.40999984741211,39.82308005134347,20600,0.0,True
2024-01-03,40.040000915527344,40.2599983215332,40.03799819946289,40.03799819946289,39.456477619303534,6700,0.0,True
2024-01-04,40.04999923706055,40.16999816894531,39.86000061035156,39.869998931884766,39.29092551380562,20400,0.0,True
2024-01-05,40.040000915527344,40.18000030517578,39.90999984741211,39.90999984741211,39.330343946773866,3700,0.0,True
2024-01-08,40.28499984741211,40.83100128173828,40.28499984741211,40.83100128173828,40.23796598416852,900,0.0,True
2024-01-09,40.5099983215332,41.0,40.5099983215332,40.91999816894531,40.32567171289955,5200,0.0,True
2024-01-10,41.099998474121094,41.400001525878906,40.97999954223633,41.35300064086914,40.7523827961173,7600,0.0,True
2024-01-11,41.54999923706055,41.54999923706055,41.125,41.513999938964844,40.91103563222692,6400,0.0,True
2024-01-12,41.4900016784668,41.61000061035156,41.4900016784668,41.56999969482422,40.966233582310984,10800,0.0,True
2024-01-16,41.380001068115234,41.630001068115234,41.380001068115234,41.630001068115234,41.02535553929687,2800,0.0,True
2024-01-17,41.209999084472656,41.45000076293945,41.189998626708984,41.43000030517578,40.82826716943329,5200,0.0,True
2024-01-18,41.8489990234375,42.02000045776367,41.61000061035156,42.02000045776367,41.40969569692586,11400,0.0,True
2024-01-19,42.279998779296875,42.66999816894531,42.2400016784668,42.66999816894531,42.05025377135964,15400,0.0,True
2024-01-22,43.060001373291016,43.08000183105469,42.97999954223633,42.9900016784668,42.365605030083294,38700,0.0,True
2024-01-23,43.2400016784668,43.2400016784668,42.91999816894531,43.119998931884766,42.49370829601919,15200,0.0,True
2024-01-24,43.3849983215332,43.59000015258789,43.119998931884766,43.16999816894531,42.5429936709069,19500,0.0,True
2024-01-25,43.369998931884766,43.459999084472656,43.06999969482422,43.27000045776367,42.64154165081636,171600,0.0,True
2024-01-26,43.189998626708984,43.400001525878906,43.130001068115234,43.189998626708984,42.56269719492453,56800,0.0,True
2024-01-29,43.27000045776367,43.61000061035156,43.21500015258789,43.61000061035156,42.97659643355764,18000,0.0,True
2024-01-30,43.709999084472656,43.709999084472656,43.459999084472656,43.52000045776367,42.88790780561232,7600,0.0,True
2024-01-31,43.16999816894531,43.279998779296875,42.72999954223633,42.790000915527344,42.168509070264385,14900,0.0,True
2024-02-01,42.9900016784668,43.400001525878906,42.91999816894531,43.400001525878906,42.769648711729914,22800,0.0,True
2024-02-02,43.52000045776367,44.310001373291016,43.52000045776367,44.2400016784668,43.59744718899612,11200,0.0,True
2024-02-05,44.25,44.25,43.98500061035156,44.16999816894531,43.52846208506844,126900,0.0,True
2024-02-06,44.380001068115234,44.380001068115234,43.83000183105469,44.0989990234375,43.458494081926474,11400,0.0,True
2024-02-07,44.654998779296875,44.71900177001953,44.56999969482422,44.70000076293945,44.05076865557514,25900,0.0,True
2024-02-08,44.790000915527344,45.00899887084961,44.790000915527344,44.93000030517578,44.277431286353476,8600,0.0,True
2024-02-09,45.130001068115234,45.54999923706055,45.130001068115234,45.470001220703125,44.809585823891325,14700,0.0,True
2024-02-12,45.5099983215332,45.619998931884766,45.21200180053711,45.2599983215332,44.60262671713062,11000,0.0,True
2024-02-13,44.34000015258789,44.790000915527344,44.180999755859375,44.59000015258789,43.94237270863453,9600,0.0,True
2024-02-14,45.02000045776367,45.220001220703125,44.790000915527344,45.220001220703125,44.563215874117695,15100,0.0,True
2024-02-15,45.2400016784668,45.29999923706055,45.08599853515625,45.29999923706055,44.64205274005419,4700,0.0,True
2024-02-16,44.880001068115234,45.349998474121094,44.880001068115234,44.97999954223633,44.32670148133054,12200,0.0,True
2024-02-20,44.529998779296875,44.529998779296875,44.369998931884766,44.479000091552734,43.832986272524316,3000,0.0,True
2024-02-21,44.0620002746582,44.189998626708984,43.86000061035156,44.189998626708984,43.548169404063735,4200,0.0,True
2024-02-22,45.130001068115234,45.77000045776367,45.130001068115234,45.720001220703125,45.05595956864261,10800,0.0,True
2024-02-23,46.09000015258789,46.16899871826172,45.68000030517578,45.86000061035156,45.19392218654266,16400,0.0,True
2024-02-26,45.90999984741211,46.08000183105469,45.869998931884766,45.880001068115234,45.21363330051561,15700,0.0,True
2024-02-27,45.7400016784668,45.970001220703125,45.7400016784668,45.970001220703125,45.30232192846093,10000,0.0,True
2024-02-28,45.85499954223633,45.97999954223633,45.790000915527344,45.970001220703125,45.30232192846093,16500,0.0,True
2024-02-29,46.310001373291016,46.310001373291016,46.0,46.20000076293945,45.528992149194586,52200,0.0,True
2024-03-01,46.189998626708984,46.88999938964844,46.189998626708984,46.88999938964844,46.20896106664129,36800,0.0,True
2024-03-04,47.02000045776367,47.130001068115234,46.900001525878906,46.93000030517578,46.24837949960954,38100,0.0,True
2024-03-05,46.58000183105469,46.58000183105469,46.0,46.279998779296875,45.60782522015342,40900,0.0,True
2024-03-06,46.70000076293945,46.880001068115234,46.470001220703125,46.650001525878906,45.97245426380946,34800,0.0,True
2024-03-07,46.97999954223633,47.33000183105469,46.83000183105469,47.30500030517578,46.61793442426998,40700,0.0,True
2024-03-08,47.470001220703125,47.58000183105469,46.5099983215332,46.59000015258789,45.91331333193527,37300,0.0,True
2024-03-11,46.369998931884766,46.369998931884766,46.08000183105469,46.25,45.578250959238666,47000,0.0,True
2024-03-12,46.619998931884766,47.04999923706055,46.380001068115234,47.04999923706055,46.36664238846961,26100,0.0,True
2024-03-13,46.915000915527344,47.0890007019043,46.84000015258789,46.939998626708984,46.258235056596014,21900,0.0,True
2024-03-14,46.75,46.97999954223633,46.650001525878906,46.849998474121094,46.16953883869538,15200,0.0,True
2024-03-15,46.630001068115234,46.630001068115234,46.27000045776367,46.35499954223633,45.68173241010785,23600,0.0,True
2024-03-18,46.97999954223633,46.97999954223633,46.630001068115234,46.66999816894531,45.99215399284943,29300,0.0,True
2024-03-19,46.560001373291016,47.08000183105469,46.40999984741211,47.06999969482422,46.38635350244256,14900,0.0,True
2024-03-20,47.060001373291016,47.59000015258789,47.025001525878906,47.59000015258789,46.8987931310298,14700,0.0,True
2024-03-21,47.84000015258789,48.0,47.7599983215332,47.810001373291016,47.149292016498954,30500,0.0,True
2024-03-22,47.810001373291016,47.959999084472656,47.6349983215332,47.900001525878906,47.23803377413153,72200,0.0,True
2024-03-25,47.81999969482422,47.84000015258789,47.619998931884766,47.65999984741211,47.001359992282595,21400,0.0,True
2024-03-26,47.880001068115234,47.88999938964844,47.45000076293945,47.45000076293945,46.79426426632608,22300,0.0,True
2024-03-27,47.66600036621094,47.66600036621094,47.2599983215332,47.560001373291016,46.90273990779758,82300,0.0,True
2024-03-28,47.43000030517578,47.65999984741211,47.43000030517578,47.599998474121094,46.94218870058712,15800,0.0,True
2024-04-01,47.79999923706055,47.79999923706055,47.4900016784668,47.61000061035156,46.952048052551255,97600,0.0,True
2024-04-02,47.09000015258789,47.209999084472656,46.89899826049805,47.209999084472656,46.55757530456651,109400,0.0,True
2024-04-03,47.310001373291016,47.566001892089844,47.25,47.36000061035156,46.70549973882754,19300,0.0,True
2024-04-04,47.68000030517578,47.79999923706055,46.68000030517578,46.689998626708984,46.04475997319081,29400,0.0,True
2024-04-05,46.904998779296875,47.459999084472656,46.904998779296875,47.34000015258789,46.685777239921606,17500,0.0,True
2024-04-08,47.244998931884766,47.400001525878906,47.209999084472656,47.30500030517578,46.651265713069456,41100,0.0,True
2024-04-09,47.400001525878906,47.400001525878906,46.880001068115234,47.22999954223633,46.57730539342777,13600,0.0,True
2024-04-10,46.90999984741211,46.970001220703125,46.720001220703125,46.79999923706055,46.153243204617624,11700,0.0,True
2024-04-11,47.060001373291016,47.59000015258789,46.90999984741211,47.540000915527344,46.88301740889164,13200,0.0,True
2024-04-12,47.130001068115234,47.130001068115234,46.619998931884766,46.790000915527344,46.14338005767582,19700,0.0,True
2024-04-15,47.10499954223633,47.16400146484375,45.939998626708984,45.959999084472656,45.32484512088092,15100,0.0,True
2024-04-16,46.018001556396484,46.08000183105469,45.79999923706055,45.880001068115234,45.245958920234834,19000,0.0,True
2024-04-17,46.310001373291016,46.310001373291016,45.4379997253418,45.5,44.87120867115602,18100,0.0,True
2024-04-18,45.77000045776367,45.78799819946289,45.18000030517578,45.22999954223633,44.60494165350403,10800,0.0,True
2024-04-19,45.02000045776367,45.04499816894531,44.22999954223633,44.369998931884766,43.75682107086139,50500,0.0,True
2024-04-22,44.599998474121094,45.04899978637695,44.39500045776367,44.79999923706055,44.18087946469388,114700,0.0,True
2024-04-23,45.029998779296875,45.54999923706055,45.029998779296875,45.459999084472656,44.83175987836648,34400,0.0,True
2024-04-24,45.65999984741211,45.74599838256836,45.2400016784668,45.36000061035156,44.733135998903805,10500,0.0,True
2024-04-25,44.560001373291016,45.25,44.560001373291016,45.16999816894531,44.54576277185323,12300,0.0,True
2024-04-26,45.65999984741211,45.91999816894531,45.540000915527344,45.7400016784668,45.10789383793794,24300,0.0,True
2024-04-29,45.880001068115234,45.939998626708984,45.77000045776367,45.939998626708984,45.30512262197499,10000,0.0,True
2024-04-30,45.81999969482422,45.869998931884766,45.119998931884766,45.13999938964844,44.51618092098315,7600,0.0,True
2024-05-01,45.0,45.66699981689453,44.900001525878906,45.040000915527344,44.4175646314758,11800,0.0,True
2024-05-02,45.319000244140625,45.70000076293945,45.319000244140625,45.60300064086914,44.97278504323922,5300,0.0,True
2024-05-03,46.47999954223633,46.56999969482422,46.34000015258789,46.470001220703125,45.82780110029249,16300,0.0,True
2024-05-06,46.68000030517578,47.189998626708984,46.68000030517578,47.189998626708984,46.53784521570525,15000,0.0,True
2024-05-07,47.5099983215332,47.5099983215332,47.099998474121094,47.143001556396484,46.49150094850507,13600,0.0,True
2024-05-08,47.040000915527344,47.16999816894531,46.97999954223633,47.099998474121094,46.44908827816203,16800,0.0,True
2024-05-09,47.16999816894531,47.38999938964844,47.099998474121094,47.38999938964844,46.735089179652945,18800,0.0,True
2024-05-10,47.665000915527344,47.790000915527344,47.494998931884766,47.619998931884766,46.961903609537735,9900,0.0,True
2024-05-13,47.84000015258789,47.84000015258789,47.560001373291016,47.59000015258789,46.93232555364532,10200,0.0,True
2024-05-14,47.59000015258789,47.959999084472656,47.59000015258789,47.959999084472656,47.29720506582701,4300,0.0,True
2024-05-15,48.20000076293945,48.7599983215332,48.20000076293945,48.75,48.07629120983236,11700,0.0,True
2024-05-16,48.81999969482422,48.86000061035156,48.54999923706055,48.54999923706055,47.87905483583999,28900,0.0,True
2024-05-17,48.65999984741211,48.65999984741211,48.37900161743164,48.4900016784668,47.81988733912217,9000,0.0,True
2024-05-20,48.689998626708984,48.900001525878906,48.5,48.880001068115234,48.204493145187456,19100,0.0,True
2024-05-21,48.70000076293945,48.869998931884766,48.69200134277344,48.84000015258789,48.165051942353244,8900,0.0,True
2024-05-22,49.02000045776367,49.02000045776367,48.47999954223633,48.63999938964844,47.967807978405546,11200,0.0,True
2024-05-23,49.064998626708984,49.15999984741211,48.45000076293945,48.66999816894531,47.99739741923094,75700,0.0,True
2024-05-24,48.939998626708984,49.279998779296875,48.939998626708984,49.27000045776367,48.589110336185726,16800,0.0,True
2024-05-28,49.7599983215332,49.7599983215332,49.40999984741211,49.59000015258789,48.90468170361374,24800,0.0,True
2024-05-29,49.369998931884766,49.5099983215332,49.36000061035156,49.380001068115234,48.697589772634885,16800,0.0,True
2024-05-30,49.16999816894531,49.16999816894531,48.689998626708984,48.77000045776367,48.09601750371596,18200,0.0,True
2024-05-31,49.06999969482422,49.06999969482422,48.0,48.84000015258789,48.165051942353244,233500,0.0,True
2024-06-03,49.08000183105469,53.720001220703125,48.2400016784668,48.70000076293945,48.02699445001167,20700,0.0,True
2024-06-04,48.66999816894531,48.762001037597656,48.40999984741211,48.69300079345703,48.020080000712724,8600,0.0,True
2024-06-05,49.07500076293945,49.67100143432617,49.0,49.67100143432617,48.9845621884071,23900,0.0,True
2024-06-06,49.849998474121094,49.88999938964844,49.619998931884766,49.7599983215332,49.07233243175837,28900,0.0,True
2024-06-07,49.81999969482422,49.95000076293945,49.45000076293945,49.70000076293945,49.01316493504056,14000,0.0,True
2024-06-10,49.709999084472656,50.0099983215332,49.54999923706055,50.0099983215332,49.318876950504425,15500,0.0,True
2024-06-11,49.79999923706055,50.150001525878906,49.63999938964844,50.150001525878906,49.4925692830859,17000,0.0,True
2024-06-12,51.040000915527344,51.040000915527344,50.70000076293945,50.849998474121094,50.18339563162167,12700,0.0,True
2024-06-13,51.25,51.25,50.8849983215332,51.18000030517578,50.509065434606484,85600,0.0,True
2024-06-14,51.31999969482422,51.459999084472656,51.25,51.42499923706055,50.75085484634289,48100,0.0,True
2024-06-17,51.5,52.310001373291016,51.5,52.20000076293945,51.515698439185265,30500,0.0,True
2024-06-18,52.34000015258789,52.4900016784668,52.25,52.41999816894531,51.732812906167695,69000,0.0,True
2024-06-20,52.7400016784668,52.7400016784668,51.720001220703125,51.939998626708984,51.259112409547335,23300,0.0,True
2024-06-21,51.68000030517578,51.86000061035156,51.4900016784668,51.75,51.07159876832329,31300,0.0,True
2024-06-24,51.7400016784668,51.7400016784668,51.220001220703125,51.220001220703125,50.54854838219497,16800,0.0,True
2024-06-25,51.5,51.79999923706055,51.40999984741211,51.790000915527344,51.111074125956456,44200,0.0,True
2024-06-26,51.7599983215332,52.310001373291016,51.630001068115234,52.310001373291016,51.62425757016531,30800,0.0,True
2024-06-27,52.310001373291016,52.310001373291016,51.83000183105469,52.02000045776367,51.33805553485835,40900,0.0,True
2024-06-28,52.099998474121094,52.62799835205078,51.84000015258789,51.90999984741211,51.229503993833625,196600,0.0,True
2024-07-01,52.119998931884766,52.26900100708008,51.7400016784668,52.220001220703125,51.53543991297951,190900,0.0,True
2024-07-02,52.220001220703125,52.849998474121094,52.189998626708984,52.849998474121094,52.15717489821309,65000,0.0,True
2024-07-03,52.790000915527344,53.33000183105469,52.790000915527344,53.290000915527344,52.59141521711093,32900,0.0,True
2024-07-05,53.56999969482422,53.7400016784668,53.349998474121094,53.72999954223633,53.02564415107578,52900,0.0,True
2024-07-08,53.91999816894531,53.91999816894531,53.66600036621094,53.8650016784668,53.158874431832146,114300,0.0,True
2024-07-09,54.06999969482422,54.11000061035156,53.790000915527344,53.9119987487793,53.205256648808934,32500,0.0,True
2024-07-10,54.20000076293945,54.349998474121094,53.81999969482422,54.349998474121094,53.63750839941223,68700,0.0,True
2024-07-11,54.33000183105469,54.40999984741211,53.21500015258789,53.35599899291992,52.65654082875704,31800,0.0,True
2024-07-12,53.560001373291016,54.119998931884766,53.43000030517578,53.70000076293945,52.99603573536208,27800,0.0,True
2024-07-15,54.130001068115234,54.43000030517578,53.77299880981445,53.970001220703125,53.262492501897135,41600,0.0,True
2024-07-16,54.290000915527344,54.290000915527344,53.766998291015625,54.09000015258789,53.38092995972963,96700,0.0,True
2024-07-17,53.18000030517578,53.18000030517578,52.279998779296875,52.279998779296875,51.5946491544516,31500,0.0,True
2024-07-18,52.709999084472656,52.709999084472656,51.470001220703125,51.81999969482422,51.14068254167017,27000,0.0,True
2024-07-19,51.75,51.869998931884766,51.21500015258789,51.2599983215332,50.588023739828145,47800,0.0,True
2024-07-22,52.0,52.32400131225586,51.72800064086914,52.257999420166016,51.572934292273466,24200,0.0,True
2024-07-23,52.380001068115234,52.527000427246094,52.16999816894531,52.20000076293945,51.515698439185265,28700,0.0,True
2024-07-24,51.650001525878906,51.650001525878906,50.0,50.09000015258789,49.43336004161381,33400,0.0,True
2024-07-25,50.04999923706055,50.65999984741211,49.61000061035156,49.61000061035156,48.959655750015784,27700,0.0,True
2024-07-26,50.029998779296875,50.560001373291016,49.9900016784668,50.189998626708984,49.532044640719064,22800,0.0,True
2024-07-29,50.529998779296875,50.70000076293945,50.099998474121094,50.290000915527344,49.630729239824326,91800,0.0,True
2024-07-30,50.560001373291016,50.63999938964844,49.314998626708984,49.71099853515625,49.059319453357666,36500,0.0,True
2024-07-31,50.7400016784668,51.369998931884766,50.70000076293945,51.220001220703125,50.54854838219497,194200,0.0,True
2024-08-01,51.38999938964844,51.52299880981445,49.54399871826172,49.91999816894531,49.26558028422868,71300,0.0,True
2024-08-02,48.79999923706055,49.0,48.13999938964844,48.470001220703125,47.83460046751515,66300,0.0,True
2024-08-05,45.83000183105469,47.755001068115234,45.74399948120117,47.20000076293945,46.58124458024023,49500,0.0,True
2024-08-06,47.4900016784668,48.500999450683594,47.21200180053711,47.70000076293945,47.07468655065484,131700,0.0,True
2024-08-07,48.349998474121094,48.56999969482422,47.029998779296875,47.040000915527344,46.423343149707556,31300,0.0,True
2024-08-08,47.97999954223633,48.790000915527344,47.58000183105469,48.7599983215332,48.120791117889134,55400,0.0,True
2024-08-09,48.68000030517578,49.209999084472656,48.68000030517578,49.189998626708984,48.545153109934525,15000,0.0,True
2024-08-12,49.36000061035156,49.459999084472656,48.970001220703125,49.189998626708984,48.545153109934525,19100,0.0,True
2024-08-13,49.689998626708984,50.34000015258789,49.689998626708984,50.290000915527344,49.630729239824326,20900,0.0,True
2024-08-14,50.540000915527344,50.63999938964844,50.11000061035156,50.41999816894531,49.75903363957628,36000,0.0,True
2024-08-15,51.11000061035156,51.75,51.11000061035156,51.689998626708984,51.01237814191821,34300,0.0,True
2024-08-16,51.400001525878906,51.733001708984375,51.400001525878906,51.70000076293945,51.02225646877066,40900,0.0,True
2024-08-19,51.720001220703125,52.2400016784668,51.5,52.2400016784668,51.55518138677376,23200,0.0,True
2024-08-20,52.310001373291016,52.5260009765625,52.029998779296875,52.130001068115234,51.446618460816055,17900,0.0,True
2024-08-21,52.33000183105469,52.45199966430664,52.189998626708984,52.45199966430664,51.764390915287635,27900,0.0,True
2024-08-22,52.665000915527344,53.25,51.56999969482422,51.56999969482422,50.89395206901871,20500,0.0,True
2024-08-23,52.119998931884766,52.41999816894531,51.81999969482422,52.26100158691406,51.575898169826964,50000,0.0,True
2024-08-26,52.369998931884766,52.369998931884766,51.724998474121094,51.869998931884766,51.190024841222794,32300,0.0,True
2024-08-27,51.63999938964844,52.060001373291016,51.48699951171875,52.0,51.318317856041766,46200,0.0,True
2024-08-28,51.83000183105469,51.83000183105469,51.244998931884766,51.45000076293945,50.77553358607452,15800,0.0,True
2024-08-29,51.65999984741211,52.209999084472656,51.400001525878906,51.47999954223633,50.80513820681057,13100,0.0,True
2024-08-30,51.790000915527344,52.099998474121094,51.5099983215332,52.099998474121094,51.417010045102344,14100,0.0,True
2024-09-03,51.84000015258789,51.84000015258789,50.18000030517578,50.310001373291016,49.650470713618574,67300,0.0,True
2024-09-04,50.0,50.5,49.86000061035156,50.310001373291016,49.650470713618574,14200,0.0,True
2024-09-05,50.31999969482422,50.5,49.939998626708984,50.10499954223633,49.448160454493,10300,0.0,True
2024-09-06,50.25,50.290000915527344,48.779998779296875,48.91999816894531,48.27869634339947,25800,0.0,True
2024-09-09,49.41999816894531,49.720001220703125,49.13999938964844,49.560001373291016,48.91030965548549,35800,0.0,True
2024-09-10,49.720001220703125,50.04999923706055,49.29999923706055,50.04999923706055,49.39388088900298,135900,0.0,True
2024-09-11,50.060001373291016,51.130001068115234,49.51499938964844,51.02000045776367,50.35116400407381,13800,0.0,True
2024-09-12,51.130001068115234,51.59000015258789,51.040000915527344,51.54999923706055,50.874221980157444,17400,0.0,True
2024-09-13,51.529998779296875,51.88999938964844,51.529998779296875,51.8120002746582,51.132785193156934,15200,0.0,True
2024-09-16,51.59000015258789,51.7599983215332,51.4900016784668,51.7599983215332,51.08146191526509,16400,0.0,True
2024-09-17,52.09000015258789,52.16999816894531,51.70399856567383,51.84000015258789,51.16041642550909,21100,0.0,True
2024-09-18,51.849998474121094,52.400001525878906,51.59000015258789,51.59000015258789,50.91369354281295,32000,0.0,True
2024-09-19,52.88999938964844,53.29999923706055,52.65999984741211,53.029998779296875,52.33481780254001,38100,0.0,True
2024-09-20,53.02000045776367,53.02000045776367,52.5099983215332,52.869998931884766,52.176916372007334,54300,0.0,True
2024-09-23,52.97999954223633,53.11000061035156,52.91999816894531,53.11000061035156,52.41377610776167,20700,0.0,True
2024-09-24,53.439998626708984,53.439998626708984,52.803001403808594,53.310001373291016,52.61114910094985,82800,0.0,True
2024-09-25,53.279998779296875,53.5,53.196998596191406,53.310001373291016,52.68230113712215,75300,0.0,True
2024-09-26,54.279998779296875,54.279998779296875,53.229000091552734,53.619998931884766,52.98864691385546,118200,0.0,True
2024-09-27,53.7400016784668,53.7400016784668,53.22999954223633,53.31999969482422,52.69218325895226,27100,0.0,True
2024-09-30,53.189998626708984,53.43899917602539,52.79999923706055,53.400001525878906,52.77123643861545,49100,0.0,True
2024-10-01,53.560001373291016,53.560001373291016,52.29999923706055,52.7400016784668,52.11900880787308,13400,0.0,True
2024-10-02,52.66999816894531,53.06999969482422,52.45000076293945,52.849998474121094,52.227715942981916,292800,0.0,True
2024-10-03,52.540000915527344,53.15999984741211,52.540000915527344,52.790000915527344,52.16842321200127,46800,0.0,True
2024-10-04,53.54999923706055,53.54999923706055,53.040000915527344,53.54999923706055,52.919472061044715,47900,0.0,True
2024-10-07,53.459999084472656,53.459999084472656,52.849998474121094,53.0,52.37595536038884,76700,0.0,True
2024-10-08,53.27000045776367,53.68899917602539,53.14799880981445,53.63999938964844,53.00841495249334,64600,0.0,True
2024-10-09,53.54999923706055,54.11000061035156,53.45800018310547,54.029998779296875,53.393817703867505,39600,0.0,True
2024-10-10,53.959999084472656,54.119998931884766,53.625,53.970001220703125,53.33452497288687,73100,0.0,True
2024-10-11,53.70000076293945,54.119998931884766,53.66699981689453,53.99800109863281,53.36219415501563,31600,0.0,True
2024-10-14,54.380001068115234,54.630001068115234,54.34199905395508,54.599998474121094,53.95711003311658,79500,0.0,True
2024-10-15,54.790000915527344,54.790000915527344,53.25899887084961,53.43000030517578,52.80089418903876,38700,0.0,True
2024-10-16,53.47999954223633,53.47999954223633,53.099998474121094,53.349998474121094,52.72182962444258,29700,0.0,True
2024-10-17,53.88999938964844,53.88999938964844,53.34000015258789,53.369998931884766,52.7415938681028,22100,0.0,True
2024-10-18,53.619998931884766,53.619998931884766,53.3849983215332,53.459999084472656,52.8305291695961,19700,0.0,True
2024-10-21,53.41999816894531,53.4900016784668,53.150001525878906,53.470001220703125,52.840415086403866,18500,0.0,True
2024-10-22,53.279998779296875,53.323001861572266,53.082000732421875,53.27000045776367,52.642765059846404,22500,0.0,True
2024-10-23,53.11000061035156,53.11000061035156,52.20000076293945,52.54999923706055,51.931244698123386,23000,0.0,True
2024-10-24,53.130001068115234,53.2400016784668,52.869998931884766,53.18000030517578,52.55383355333076,109200,0.0,True
2024-10-25,53.45000076293945,53.91999816894531,53.45000076293945,53.52000045776367,52.889821900576734,37300,0.0,True
2024-10-28,53.93000030517578,53.93000030517578,53.4900016784668,53.529998779296875,52.89971161236216,20900,0.0,True
2024-10-29,53.599998474121094,54.16999816894531,53.55500030517578,54.060001373291016,53.42346406935783,30100,0.0,True
2024-10-30,53.720001220703125,54.0099983215332,53.540000915527344,53.689998626708984,53.057825561643874,18300,0.0,True
2024-10-31,53.290000915527344,53.290000915527344,52.2400016784668,52.2400016784668,51.62489892139008,24900,0.0,True
2024-11-01,52.599998474121094,52.834999084472656,52.4900016784668,52.4900016784668,51.87195196714275,95600,0.0,True
2024-11-04,52.52000045776367,52.66999816894531,52.25,52.349998474121094,51.73359846654359,30800,0.0,True
2024-11-05,52.63999938964844,53.119998931884766,52.63999938964844,53.119998931884766,52.4945332323948,14700,0.0,True
2024-11-06,54.68000030517578,54.959999084472656,54.220001220703125,54.900001525878906,54.25357748299744,46800,0.0,True
2024-11-07,55.40999984741211,55.70000076293945,55.220001220703125,55.65999984741211,55.004626332040885,24600,0.0,True
2024-11-08,55.72999954223633,56.27000045776367,55.72999954223633,56.13999938964844,55.47898335979666,66500,0.0,True
2024-11-11,56.43000030517578,56.47999954223633,56.09000015258789,56.409000396728516,55.74481016003993,25800,0.0,True
2024-11-12,56.470001220703125,56.470001220703125,55.928001403808594,56.20000076293945,55.53826850082198,48900,0.0,True
2024-11-13,56.41999816894531,56.41999816894531,55.900001525878906,55.97999954223633,55.320865615537286,32600,0.0,True
2024-11-14,55.97999954223633,55.97999954223633,55.349998474121094,55.459999084472656,54.80698769041641,26000,0.0,True
2024-11-15,54.79999923706055,54.86000061035156,54.130001068115234,54.310001373291016,53.67052850004348,28400,0.0,True
2024-11-18,54.529998779296875,54.79499816894531,54.310001373291016,54.595001220703125,53.952172767179185,19700,0.0,True
2024-11-19,54.25,54.94499969482422,54.244998931884766,54.88600158691406,54.23974858439956,18200,0.0,True
2024-11-20,55.040000915527344,55.040000915527344,54.45500183105469,54.9900016784668,54.34251657946841,16500,0.0,True
2024-11-21,55.29999923706055,55.61000061035156,54.70500183105469,55.40999984741211,54.75757328628821,39200,0.0,True
2024-11-22,55.439998626708984,55.770999908447266,55.439998626708984,55.77000045776367,55.11333726212738,20900,0.0,True
2024-11-25,56.29999923706055,56.29999923706055,55.66999816894531,55.86000061035156,55.20227256362068,40400,0.0,True
2024-11-26,56.08000183105469,56.220001220703125,55.970001220703125,56.189998626708984,55.52838637899187,55100,0.0,True
2024-11-27,56.029998779296875,56.029998779296875,55.340999603271484,55.59000015258789,54.93545906918546,27400,0.0,True
2024-11-29,55.779998779296875,56.125,55.779998779296875,56.05099868774414,55.391027162539984,6700,0.0,True
2024-12-02,56.13999938964844,56.689998626708984,56.13999938964844,56.630001068115234,55.963203534494234,40900,0.0,True
2024-12-03,56.59000015258789,56.880001068115234,56.470001220703125,56.880001068115234,56.21026417020222,59500,0.0,True
2024-12-04,57.400001525878906,57.66999816894531,57.375,57.66999816894531,56.99095558975833,46100,0.0,True
2024-12-05,57.650001525878906,57.650001525878906,57.327999114990234,57.334999084472656,56.65990450844975,42600,0.0,True
2024-12-06,57.65999984741211,58.08000183105469,57.63999938964844,58.08000183105469,57.39613396972569,40900,0.0,True
2024-12-09,58.09000015258789,58.09000015258789,57.415000915527344,57.529998779296875,56.85260588413683,47800,0.0,True
2024-12-10,57.619998931884766,57.66999816894531,57.04499816894531,57.16400146484375,56.49092174314598,43500,0.0,True
2024-12-11,57.66999816894531,58.310001373291016,57.66999816894531,58.21799850463867,57.53250269700797,70600,0.0,True
2024-12-12,57.849998474121094,57.849998474121094,57.4900016784668,57.4900016784668,56.81308119179406,87100,0.0,True
2024-12-13,58.189998626708984,58.34000015258789,57.715999603271484,58.09000015258789,57.4060160915558,33000,0.0,True
2024-12-16,58.36000061035156,58.95000076293945,58.36000061035156,58.869998931884766,58.17682538928179,57700,0.0,True
2024-12-17,58.540000915527344,58.63999938964844,58.2400016784668,58.5,57.881978394862315,68200,0.0,True
2024-12-18,58.630001068115234,58.630001068115234,56.069000244140625,56.279998779296875,55.68543393955075,64100,0.0,True
2024-12-19,56.790000915527344,56.970001220703125,56.07500076293945,56.130001068115234,55.53701615819374,114200,0.0,True
2024-12-20,55.900001525878906,57.349998474121094,55.61000061035156,56.68000030517578,56.08121595482865,65000,0.0,True
2024-12-23,56.970001220703125,57.41999816894531,56.529998779296875,57.41999816894531,56.81338858498463,50700,0.0,True
2024-12-24,57.790000915527344,58.189998626708984,57.67900085449219,58.189998626708984,57.575253120362866,32600,0.0,True
2024-12-26,58.06999969482422,58.290000915527344,57.75,58.189998626708984,57.575253120362866,78800,0.0,True
2024-12-27,57.869998931884766,57.869998931884766,56.941001892089844,57.380001068115234,56.77381835290993,35200,0.0,True
2024-12-30,56.529998779296875,57.0,56.25,56.650001525878906,56.34572982788086,52300,0.0,False
2024-12-31,56.97999954223633,56.97999954223633,56.130001068115234,56.25,55.9478759765625,51300,0.0,False
2025-01-02,56.619998931884766,56.869998931884766,55.67900085449219,56.099998474121094,55.79868698120117,63700,0.0,False
2025-01-03,56.36000061035156,57.060001373291016,56.36000061035156,57.02000045776367,56.71373748779297,24400,0.0,False
2025-01-06,57.61000061035156,58.0099983215332,57.415000915527344,57.68000030517578,57.37019729614258,65100,0.0,False
2025-01-07,57.7400016784668,57.797000885009766,56.560001373291016,56.79999923706055,56.49491882324219,106100,0.0,False
2025-01-08,56.61000061035156,57.0099983215332,56.39099884033203,56.790000915527344,56.48497009277344,28100,0.0,False
2025-01-10,56.369998931884766,56.380001068115234,55.66699981689453,55.93000030517578,55.62959289550781,49600,0.0,False
2025-01-13,55.33000183105469,55.970001220703125,55.23899841308594,55.970001220703125,55.66938018798828,47500,0.0,False
2025-01-14,56.34000015258789,56.388999938964844,55.57099914550781,55.86000061035156,55.559967041015625,40600,0.0,False
2025-01-15,56.84000015258789,57.279998779296875,56.84000015258789,57.15999984741211,56.85298156738281,34800,0.0,False
2025-01-16,57.61000061035156,57.75199890136719,57.2400016784668,57.25,56.9425048828125,71800,0.0,False
2025-01-17,58.220001220703125,58.220001220703125,57.762001037597656,57.869998931884766,57.559173583984375,190200,0.0,False
2025-01-21,58.400001525878906,58.459999084472656,57.849998474121094,58.38999938964844,58.07637405395508,136800,0.0,False
2025-01-22,58.939998626708984,59.349998474121094,58.90999984741211,58.959999084472656,58.6433219909668,59700,0.0,False
2025-01-23,58.7599983215332,59.20000076293945,58.672000885009766,59.20000076293945,58.88203430175781,119500,0.0,False
2025-01-24,59.369998931884766,59.470001220703125,58.83000183105469,59.029998779296875,58.71294021606445,211500,0.0,False
2025-01-27,57.279998779296875,57.58000183105469,56.5099983215332,56.9900016784668,56.683902740478516,73300,0.0,False
2025-01-28,57.369998931884766,58.130001068115234,56.88999938964844,58.0,57.68846893310547,39900,0.0,False
2025-01-29,58.0,58.0,57.404998779296875,57.810001373291016,57.4995002746582,47500,0.0,False
2025-01-30,58.25,58.744998931884766,58.07500076293945,58.59000015258789,58.275306701660156,115000,0.0,False
2025-01-31,58.93000030517578,59.29999923706055,58.189998626708984,58.279998779296875,57.966976165771484,37000,0.0,False
2025-02-03,56.970001220703125,58.130001068115234,56.970001220703125,57.779998779296875,57.469661712646484,566900,0.0,False
2025-02-04,57.779998779296875,58.27899932861328,57.75,58.25,57.937129974365234,68600,0.0,False
2025-02-05,58.27000045776367,58.59000015258789,57.90999984741211,58.59000015258789,58.275306701660156,44200,0.0,False
2025-02-06,58.560001373291016,58.790000915527344,58.39400100708008,58.720001220703125,58.40460968017578,62200,0.0,False
2025-02-07,58.900001525878906,59.20199966430664,58.1349983215332,58.13999938964844,57.82772445678711,43900,0.0,False
2025-02-10,58.560001373291016,58.84700012207031,58.5,58.77000045776367,58.454341888427734,70600,0.0,False
2025-02-11,58.5,58.7599983215332,58.349998474121094,58.52000045776367,58.2056770324707,52500,0.0,False
2025-02-12,57.959999084472656,58.560001373291016,57.89500045776367,58.41999816894531,58.10621643066406,112900,0.0,False
2025-02-13,58.709999084472656,59.130001068115234,58.54399871826172,59.08000183105469,58.76267623901367,68700,0.0,False
2025-02-14,59.08000183105469,59.08000183105469,58.849998474121094,58.959999084472656,58.6433219909668,32900,0.0,False
2025-02-18,59.20000076293945,59.25,58.900001525878906,59.16999816894531,58.85219192504883,82100,0.0,False
2025-02-19,59.150001525878906,59.33000183105469,58.869998931884766,59.224998474121094,58.906898498535156,167800,0.0,False
2025-02-20,59.099998474121094,59.130001068115234,58.470001220703125,58.83000183105469,58.51402282714844,115800,0.0,False
2025-02-21,59.0,59.0,57.209999084472656,57.2400016784668,56.93255615234375,51800,0.0,False
2025-02-24,57.5099983215332,57.59000015258789,56.52000045776367,56.709999084472656,56.405399322509766,123900,0.0,False
2025-02-25,56.66999816894531,56.66999816894531,55.5,56.02000045776367,55.7191162109375,101600,0.0,False
2025-02-26,56.43000030517578,57.0099983215332,56.209999084472656,56.52000045776367,56.21642303466797,164100,0.0,False
2025-02-27,56.849998474121094,56.959999084472656,54.91999816894531,54.97999954223633,54.6846923828125,128400,0.0,False
2025-02-28,54.790000915527344,55.779998779296875,54.5,55.779998779296875,55.48039627075195,85200,0.0,False
2025-03-03,56.130001068115234,56.21500015258789,54.25,54.54999923706055,54.25700759887695,47300,0.0,False
2025-03-04,54.029998779296875,55.05699920654297,53.04999923706055,54.09000015258789,53.79948043823242,85400,0.0,False
2025-03-05,54.2599983215332,55.0,53.779998779296875,54.900001525878906,54.60512924194336,44300,0.0,False
2025-03-06,53.90999984741211,54.481998443603516,53.0,53.2400016784668,52.95404815673828,62800,0.0,False
2025-03-07,53.13999938964844,53.63999938964844,52.05799865722656,53.560001373291016,53.27231979370117,55600,0.0,False
2025-03-10,52.61000061035156,52.61000061035156,50.880001068115234,51.439998626708984,51.1637077331543,127100,0.0,False
2025-03-11,51.369998931884766,52.0099983215332,50.74300003051758,51.290000915527344,51.01451873779297,97300,0.0,False
2025-03-12,52.189998626708984,52.492000579833984,51.46099853515625,52.099998474121094,51.82016372680664,48300,0.0,False
2025-03-13,51.810001373291016,51.810001373291016,50.59000015258789,50.75,50.477413177490234,82300,0.0,False
2025-03-14,51.369998931884766,52.279998779296875,51.369998931884766,52.189998626708984,51.9096794128418,67400,0.0,False
2025-03-17,52.150001525878906,52.904998779296875,52.111000061035156,52.61000061035156,52.327430725097656,72400,0.0,False
2025-03-18,52.09000015258789,52.25,51.380001068115234,51.65999984741211,51.43141174316406,72100,0.0,False
2025-03-19,51.81999969482422,52.9900016784668,51.81100082397461,52.47999954223633,52.247779846191406,40300,0.0,False
2025-03-20,52.150001525878906,52.98500061035156,51.90999984741211,52.439998626708984,52.20795822143555,45900,0.0,False
2025-03-21,51.79999923706055,52.5099983215332,51.79999923706055,52.5099983215332,52.277645111083984,81600,0.0,False
2025-03-24,53.52000045776367,53.970001220703125,53.380001068115234,53.900001525878906,53.6614990234375,34200,0.0,False
2025-03-25,54.16999816894531,54.189998626708984,53.8849983215332,54.18000030517578,53.94025802612305,35400,0.0,False
2025-03-26,54.040000915527344,54.10499954223633,52.75,52.90999984741211,52.675872802734375,65800,0.0,False
2025-03-27,52.630001068115234,52.9900016784668,52.39500045776367,52.560001373291016,52.327430725097656,28900,0.0,False
2025-03-28,52.31999969482422,52.33599853515625,50.915000915527344,51.06999969482422,50.84402084350586,118100,0.0,False
2025-03-31,50.20000076293945,51.11000061035156,49.51499938964844,51.016998291015625,50.79125213623047,79700,0.0,False
2025-04-01,51.0,51.46699905395508,50.4370002746582,51.400001525878906,51.17256164550781,73600,0.0,False
2025-04-02,50.66999816894531,52.25,50.66999816894531,51.959999084472656,51.73008346557617,30400,0.0,False
2025-04-03,49.720001220703125,50.970001220703125,48.619998931884766,48.619998931884766,48.40486145019531,139000,0.0,False
2025-04-04,46.90999984741211,46.94499969482422,45.310001373291016,45.470001220703125,45.268795013427734,202900,0.0,False
2025-04-07,43.56999969482422,47.4900016784668,43.02000045776367,45.75,45.54756164550781,189200,0.0,False
2025-04-08,47.619998931884766,48.0,44.38999938964844,45.130001068115234,44.93030548095703,106200,0.0,False
2025-04-09,44.81999969482422,50.810001373291016,44.81999969482422,50.47999954223633,50.256629943847656,97200,0.0,False
2025-04-10,49.40999984741211,49.40999984741211,46.790000915527344,48.290000915527344,48.07632064819336,111600,0.0,False
2025-04-11,48.16999816894531,49.189998626708984,47.65700149536133,49.029998779296875,48.813045501708984,69200,0.0,False
2025-04-14,50.25,50.310001373291016,48.90999984741211,49.2599983215332,49.04202651977539,62200,0.0,False
2025-04-15,49.20000076293945,49.80799865722656,49.20000076293945,49.40999984741211,49.191368103027344,91500,0.0,False
2025-04-16,48.41999816894531,48.95000076293945,47.349998474121094,48.060001373291016,47.84733963012695,84100,0.0,False
2025-04-17,48.540000915527344,48.63999938964844,47.983001708984375,48.22999954223633,48.01658630371094,38900,0.0,False
2025-04-21,47.58000183105469,47.58000183105469,46.27000045776367,46.88999938964844,46.68251419067383,46200,0.0,False
2025-04-22,47.540000915527344,48.369998931884766,47.31999969482422,48.209999084472656,47.99666976928711,81500,0.0,False
2025-04-23,49.970001220703125,50.400001525878906,49.23400115966797,49.40999984741211,49.191368103027344,71700,0.0,False
2025-04-24,49.79999923706055,51.08000183105469,49.79999923706055,51.06999969482422,50.84402084350586,37300,0.0,False
2025-04-25,51.11000061035156,51.90999984741211,51.11000061035156,51.77000045776367,51.540924072265625,43500,0.0,False
2025-04-28,51.88999938964844,52.18899917602539,51.20500183105469,51.810001373291016,51.58074188232422,34600,0.0,False
2025-04-29,51.650001525878906,52.28799819946289,51.630001068115234,52.189998626708984,51.95906448364258,47200,0.0,False
2025-04-30,51.119998931884766,52.279998779296875,50.63999938964844,52.130001068115234,51.89933395385742,29500,0.0,False
2025-05-01,52.939998626708984,53.277000427246094,52.529998779296875,52.529998779296875,52.29755783081055,35900,0.0,False
2025-05-02,53.33000183105469,53.96900177001953,53.308998107910156,53.72999954223633,53.49224853515625,34400,0.0,False
2025-05-05,53.220001220703125,53.959999084472656,53.220001220703125,53.5099983215332,53.273223876953125,57000,0.0,False
2025-05-06,52.81999969482422,53.27399826049805,52.768001556396484,52.98500061035156,52.75054931640625,73100,0.0,False
2025-05-07,53.029998779296875,53.29999923706055,52.608001708984375,53.27000045776367,53.03428268432617,33000,0.0,False
2025-05-08,53.61000061035156,54.13999938964844,53.34000015258789,53.54999923706055,53.313045501708984,40100,0.0,False
2025-05-09,53.86000061035156,53.970001220703125,53.391998291015625,53.59000015258789,53.352867126464844,57200,0.0,False
2025-05-12,55.029998779296875,55.970001220703125,55.029998779296875,55.970001220703125,55.72233963012695,99100,0.0,False
2025-05-13,56.220001220703125,57.308998107910156,56.220001220703125,57.119998931884766,56.867252349853516,101000,0.0,False
2025-05-14,57.43000030517578,57.59000015258789,57.15599822998047,57.459999084472656,57.20574188232422,53800,0.0,False
2025-05-15,57.16999816894531,57.65999984741211,56.97999954223633,57.38999938964844,57.13605880737305,436300,0.0,False
2025-05-16,57.47999954223633,57.72999954223633,57.233001708984375,57.72999954223633,57.474552154541016,48500,0.0,False
2025-05-19,56.880001068115234,57.77000045776367,56.880001068115234,57.650001525878906,57.394901275634766,265700,0.0,False
2025-05-20,57.529998779296875,57.529998779296875,57.14899826049805,57.369998931884766,57.11613845825195,99200,0.0,False
2025-05-21,56.939998626708984,57.5099983215332,56.22999954223633,56.470001220703125,56.220130920410156,33500,0.0,False
2025-05-22,56.34000015258789,56.88999938964844,56.33599853515625,56.43000030517578,56.180301666259766,24600,0.0,False
2025-05-23,55.43000030517578,56.13999938964844,55.43000030517578,55.775001525878906,55.5281982421875,40600,0.0,False
2025-05-27,56.709999084472656,57.27000045776367,56.709999084472656,57.18000030517578,56.92698669433594,33500,0.0,False
2025-05-28,57.209999084472656,57.470001220703125,56.93000030517578,56.939998626708984,56.68804168701172,44700,0.0,False
2025-05-29,57.709999084472656,57.709999084472656,56.65999984741211,56.91999816894531,56.66813278198242,47300,0.0,False
2025-05-30,56.7400016784668,56.95000076293945,56.05799865722656,56.849998474121094,56.59844207763672,51300,0.0,False
2025-06-02,56.61000061035156,57.08000183105469,56.36000061035156,57.08000183105469,56.82742691040039,38400,0.0,False
2025-06-03,57.18000030517578,57.790000915527344,57.13999938964844,57.68000030517578,57.424774169921875,61300,0.0,False
2025-06-04,57.75,58.0,57.599998474121094,57.834999084472656,57.57908248901367,84500,0.0,False
2025-06-05,57.93000030517578,58.2599983215332,57.244998931884766,57.52000045776367,57.26548385620117,207600,0.0,False
2025-06-06,58.040000915527344,58.290000915527344,57.94599914550781,58.130001068115234,57.872779846191406,77700,0.0,False
2025-06-09,58.290000915527344,58.41999816894531,58.150001525878906,58.2599983215332,58.002201080322266,67900,0.0,False
2025-06-10,58.38999938964844,58.65999984741211,58.150001525878906,58.630001068115234,58.370567321777344,49700,0.0,False
2025-06-11,58.79999923706055,59.040000915527344,58.38999938964844,58.58000183105469,58.3207893371582,68600,0.0,False
2025-06-12,58.36000061035156,58.810001373291016,58.36000061035156,58.66999816894531,58.4103889465332,74900,0.0,False
2025-06-13,57.91999816894531,58.25,57.5099983215332,57.70600128173828,57.45065689086914,39100,0.0,False
2025-06-16,58.18000030517578,58.79999923706055,58.18000030517578,58.625,58.40708541870117,41400,0.0,False
2025-06-17,58.34000015258789,58.59600067138672,57.939998626708984,57.97999954223633,57.76448059082031,59600,0.0,False
2025-06-18,58.130001068115234,58.29999923706055,57.65999984741211,57.709999084472656,57.495487213134766,78200,0.0,False
2025-06-20,58.220001220703125,58.220001220703125,57.13999938964844,57.33000183105469,57.116905212402344,64100,0.0,False
2025-06-23,57.369998931884766,58.08000183105469,57.15999984741211,58.06999969482422,57.854148864746094,81100,0.0,False
2025-06-24,58.7599983215332,59.18000030517578,58.63399887084961,59.119998931884766,58.900245666503906,96400,0.0,False
2025-06-25,59.40999984741211,59.494998931884766,59.060001373291016,59.2599983215332,59.03972244262695,53100,0.0,False
2025-06-26,59.540000915527344,59.8390007019043,59.349998474121094,59.779998779296875,59.55779266357422,270100,0.0,False
2025-06-27,60.0,60.16999816894531,59.5,59.928001403808594,59.70524215698242,61200,0.0,False
2025-06-30,60.29999923706055,60.439998626708984,60.01900100708008,60.380001068115234,60.15556335449219,86700,0.0,False
2025-07-01,60.06999969482422,60.13999938964844,59.47999954223633,59.849998474121094,59.62752914428711,128000,0.0,False
2025-07-02,59.66999816894531,60.25,59.65999984741211,60.25,60.02605056762695,128500,0.0,False
2025-07-03,60.5,60.88999938964844,60.5,60.81999969482422,60.593929290771484,30600,0.0,False
2025-07-07,60.459999084472656,60.599998474121094,59.97999954223633,60.310001373291016,60.085819244384766,118500,0.0,False
2025-07-08,60.5099983215332,60.68000030517578,60.29999923706055,60.5099983215332,60.28507995605469,73900,0.0,False
2025-07-09,60.70000076293945,61.060001373291016,60.599998474121094,60.86000061035156,60.6337776184082,46100,0.0,False
2025-07-10,61.02000045776367,61.02000045776367,60.540000915527344,60.90999984741211,60.683597564697266,84700,0.0,False
2025-07-11,60.63999938964844,60.84000015258789,60.52299880981445,60.65999984741211,60.43452453613281,56100,0.0,False
2025-07-14,60.540000915527344,61.0099983215332,60.529998779296875,60.90999984741211,60.683597564697266,24900,0.0,False
2025-07-15,61.43000030517578,61.439998626708984,60.84000015258789,60.84000015258789,60.61385726928711,56700,0.0,False
2025-07-16,60.81999969482422,61.09000015258789,60.26900100708008,61.0099983215332,60.78321838378906,107500,0.0,False
2025-07-17,61.099998474121094,61.400001525878906,60.862998962402344,61.32600021362305,61.098045349121094,63400,0.0,False
2025-07-18,61.61000061035156,61.650001525878906,61.2599983215332,61.439998626708984,61.21162033081055,290200,0.0,False
2025-07-21,61.56999969482422,61.80799865722656,61.48500061035156,61.4900016784668,61.261444091796875,34200,0.0,False
2025-07-22,61.58000183105469,61.58000183105469,60.880001068115234,61.189998626708984,60.962554931640625,50400,0.0,False
2025-07-23,61.56999969482422,61.75,61.21699905395508,61.75,61.520469665527344,111200,0.0,False
2025-07-24,61.95000076293945,61.95000076293945,61.599998474121094,61.7400016784668,61.5105094909668,72400,0.0,False
2025-07-25,61.97999954223633,62.20899963378906,61.83000183105469,62.16999816894531,61.93891143798828,119500,0.0,False
2025-07-28,62.349998474121094,62.58399963378906,62.33300018310547,62.470001220703125,62.23780059814453,66000,0.0,False
2025-07-29,62.599998474121094,62.599998474121094,62.01499938964844,62.060001373291016,61.82931900024414,52300,0.0,False
2025-07-30,62.34000015258789,62.40999984741211,61.895999908447266,62.20000076293945,61.96880340576172,35800,0.0,False
2025-07-31,62.5099983215332,62.5099983215332,61.290000915527344,61.38999938964844,61.16181182861328,70400,0.0,False
2025-08-01,60.689998626708984,60.9010009765625,60.0099983215332,60.529998779296875,60.30500411987305,108800,0.0,False
2025-08-04,61.060001373291016,61.689998626708984,61.060001373291016,61.63999938964844,61.4108772277832,51000,0.0,False
2025-08-05,61.720001220703125,61.79999923706055,60.9370002746582,61.02000045776367,60.79317855834961,78000,0.0,False
2025-08-06,61.25,61.70000076293945,61.06999969482422,61.68000030517578,61.45073318481445,69100,0.0,False
2025-08-07,61.84000015258789,61.84000015258789,60.720001220703125,61.189998626708984,60.962554931640625,240800,0.0,False
2025-08-08,61.31999969482422,61.60499954223633,61.25299835205078,61.529998779296875,61.30128860473633,34700,0.0,False
2025-08-11,61.52000045776367,61.900001525878906,61.27000045776367,61.34000015258789,61.111995697021484,59900,0.0,False
2025-08-12,61.709999084472656,62.31999969482422,61.560001373291016,62.31999969482422,62.08835220336914,65700,0.0,False
2025-08-13,62.59000015258789,62.75,62.290000915527344,62.52000045776367,62.2876091003418,129800,0.0,False
2025-08-14,62.29999923706055,62.630001068115234,62.29999923706055,62.540000915527344,62.30753707885742,55600,0.0,False
2025-08-15,62.349998474121094,62.349998474121094,61.900001525878906,61.93000030517578,61.69980239868164,149400,0.0,False
2025-08-18,61.84000015258789,62.125,61.84000015258789,62.099998474121094,61.86916732788086,37300,0.0,False
2025-08-19,62.099998474121094,62.099998474121094,61.3380012512207,61.41999816894531,61.19169998168945,416400,0.0,False
2025-08-20,61.310001373291016,61.31999969482422,60.33000183105469,61.09000015258789,60.862918853759766,86500,0.0,False
2025-08-21,60.9900016784668,61.16999816894531,60.744998931884766,60.93000030517578,60.703521728515625,66500,0.0,False
2025-08-22,61.25,62.189998626708984,61.18000030517578,62.02000045776367,61.789466857910156,425900,0.0,False
2025-08-25,62.04999923706055,62.111000061035156,61.84000015258789,61.869998931884766,61.64002227783203,41900,0.0,False
2025-08-26,61.880001068115234,62.345001220703125,61.880001068115234,62.33000183105469,62.09832000732422,32200,0.0,False
2025-08-27,62.2400016784668,62.52000045776367,62.209999084472656,62.43000030517578,62.19794845581055,99000,0.0,False
2025-08-28,62.650001525878906,63.099998474121094,62.650001525878906,63.060001373291016,62.82560729980469,86600,0.0,False
2025-08-29,62.880001068115234,62.880001068115234,62.040000915527344,62.349998474121094,62.11824035644531,51600,0.0,False
2025-09-02,61.20000076293945,61.720001220703125,61.025001525878906,61.70000076293945,61.47066116333008,45500,0.0,False
2025-09-03,62.09000015258789,62.23400115966797,61.80099868774414,62.13999938964844,61.90901565551758,263300,0.0,False
2025-09-04,62.13999938964844,62.689998626708984,61.96500015258789,62.66999816894531,62.43705368041992,36400,0.0,False
2025-09-05,63.29999923706055,63.38999938964844,62.23500061035156,62.75,62.516754150390625,44400,0.0,False
2025-09-08,63.130001068115234,63.349998474121094,62.9900016784668,63.2599983215332,63.02485656738281,60600,0.0,False
2025-09-09,63.349998474121094,63.5,63.1349983215332,63.470001220703125,63.23408126831055,55000,0.0,False
2025-09-10,64.08999633789062,64.08999633789062,63.65999984741211,63.880001068115234,63.64255905151367,53400,0.0,False
2025-09-11,64.20999908447266,64.46099853515625,64.08000183105469,64.36000061035156,64.12076568603516,61600,0.0,False
2025-09-12,64.48999786376953,64.48999786376953,64.12999725341797,64.16999816894531,63.93147659301758,64100,0.0,False
2025-09-15,64.33999633789062,64.79000091552734,64.33999633789062,64.7699966430664,64.52923583984375,83600,0.0,False
2025-09-16,64.9000015258789,64.9000015258789,64.45999908447266,64.66500091552734,64.4833755493164,46000,0.0,False
2025-09-17,64.7699966430664,64.87000274658203,64.12999725341797,64.68000030517578,64.49833679199219,45600,0.0,False
2025-09-18,65.30999755859375,65.66000366210938,65.19999694824219,65.4800033569336,65.29608917236328,52400,0.0,False
2025-09-19,65.88999938964844,65.94999694824219,65.44999694824219,65.91000366210938,65.7248764038086,82800,0.0,False
2025-09-22,66.04000091552734,66.29000091552734,65.80000305175781,66.22000122070312,66.03401184082031,66500,0.0,False
2025-09-23,66.30000305175781,66.31999969482422,65.73400115966797,65.87000274658203,65.68499755859375,72400,0.0,False
2025-09-24,66.05999755859375,66.05999755859375,65.08999633789062,65.37000274658203,65.1864013671875,320100,0.0,False
2025-09-25,64.7300033569336,65.25,64.43199920654297,65.11000061035156,64.92713165283203,102400,0.0,False
2025-09-26,65.38999938964844,65.45899963378906,64.98500061035156,65.44000244140625,65.2562026977539,139200,0.0,False
2025-09-29,66.0199966430664,66.05000305175781,65.61100006103516,65.66999816894531,65.48554992675781,97200,0.0,False
2025-09-30,65.58000183105469,65.6989974975586,65.125,65.63999938964844,65.45564270019531,75900,0.0,False
2025-10-01,65.3499984741211,66.13999938964844,65.18000030517578,66.08000183105469,65.89440155029297,102100,0.0,False
2025-10-02,66.6500015258789,66.6500015258789,66.03399658203125,66.55000305175781,66.36308288574219,80800,0.0,False
2025-10-03,66.6500015258789,66.67900085449219,66.08999633789062,66.16999816894531,65.98414611816406,119900,0.0,False
2025-10-06,66.87000274658203,67.27999877929688,66.77100372314453,66.93000030517578,66.74201965332031,208600,0.0,False
2025-10-07,67.26000213623047,67.26000213623047,66.08000183105469,66.4000015258789,66.2135009765625,46300,0.0,False
2025-10-08,66.62000274658203,67.23999786376953,66.54000091552734,67.23999786376953,67.0511474609375,94600,0.0,False
2025-10-09,67.37000274658203,67.37000274658203,66.69999694824219,66.95999908447266,66.77192687988281,117000,0.0,False
2025-10-10,67.1500015258789,67.2249984741211,64.55000305175781,64.58999633789062,64.40858459472656,116900,0.0,False
2025-10-13,65.97000122070312,66.06999969482422,65.55999755859375,65.93000030517578,65.74482727050781,91900,0.0,False
2025-10-14,65.0,66.18000030517578,64.75199890136719,65.6500015258789,65.46560668945312,45400,0.0,False
2025-10-15,66.52999877929688,66.81999969482422,65.62999725341797,66.30999755859375,66.1237564086914,4546400,0.0,False
2025-10-16,66.73999786376953,66.83999633789062,65.37000274658203,65.83999633789062,65.65507507324219,507500,0.0,False
2025-10-17,65.55000305175781,66.1500015258789,65.23999786376953,65.98999786376953,65.80464935302734,138300,0.0,False
2025-10-20,66.51000213623047,67.12000274658203,66.41000366210938,67.0,66.81182098388672,116200,0.0,False
2025-10-21,67.0,67.16999816894531,66.66999816894531,67.04000091552734,66.8517074584961,226200,0.0,False
2025-10-22,67.16000366210938,67.16000366210938,65.73999786376953,66.4000015258789,66.2135009765625,110300,0.0,False
2025-10-23,66.33999633789062,67.44000244140625,66.33999633789062,67.33999633789062,67.15086364746094,110400,0.0,False
2025-10-24,68.12000274658203,68.30999755859375,67.87000274658203,68.08999633789062,67.89875793457031,126200,0.0,False
2025-10-27,68.98999786376953,69.26000213623047,68.84500122070312,69.22000122070312,69.02558135986328,102800,0.0,False
2025-10-28,69.3499984741211,69.41000366210938,69.04499816894531,69.19999694824219,69.0056381225586,140200,0.0,False
2025-10-29,69.66999816894531,69.66999816894531,69.0,69.5199966430664,69.32473754882812,101300,0.0,False
2025-10-30,69.08999633789062,69.49400329589844,68.69999694824219,68.69999694824219,68.50703430175781,100300,0.0,False
2025-10-31,69.55000305175781,69.55000305175781,68.44999694824219,68.8499984741211,68.6566162109375,329900,0.0,False
2025-11-03,69.55000305175781,69.55000305175781,68.77999877929688,69.16999816894531,68.97572326660156,280400,0.0,False
2025-11-04,68.11000061035156,68.58999633789062,67.69000244140625,67.72000122070312,67.52980041503906,170400,0.0,False
2025-11-05,67.7699966430664,68.54000091552734,67.66000366210938,68.19000244140625,67.99847412109375,96400,0.0,False
2025-11-06,68.16000366210938,68.16000366210938,66.74500274658203,66.94000244140625,66.75198364257812,146200,0.0,False
2025-11-07,66.4800033569336,66.8949966430664,65.5250015258789,66.86000061035156,66.67221069335938,146800,0.0,False
2025-11-10,67.88999938964844,68.44100189208984,67.64700317382812,68.30999755859375,68.11813354492188,113200,0.0,False
2025-11-11,68.16999816894531,68.22899627685547,67.6240005493164,68.02999877929688,67.83892822265625,69900,0.0,False
2025-11-12,68.54000091552734,68.54000091552734,67.90799713134766,68.16999816894531,67.9785385131836,84900,0.0,False
2025-11-13,67.73999786376953,67.81900024414062,66.3280029296875,66.52999877929688,66.3431396484375,138800,0.0,False
2025-11-14,65.45999908447266,66.99800109863281,65.2300033569336,66.33000183105469,66.1436996459961,148600,0.0,False
2025-11-17,66.26000213623047,66.80999755859375,65.16799926757812,65.58000183105469,65.39580535888672,183200,0.0,False
2025-11-18,65.02999877929688,65.40899658203125,64.31999969482422,64.8499984741211,64.66785430908203,109500,0.0,False
2025-11-19,64.88999938964844,65.94000244140625,64.79000091552734,65.33000183105469,65.1465072631836,3227100,0.0,False
2025-11-20,66.76000213623047,66.81999969482422,63.38999938964844,63.5,63.321651458740234,236500,0.0,False
2025-11-21,64.02999877929688,64.73999786376953,62.88999938964844,64.19000244140625,64.00971984863281,121100,0.0,False
2025-11-24,64.86000061035156,65.98999786376953,64.86000061035156,65.88999938964844,65.70494079589844,121200,0.0,False
2025-11-25,65.88999938964844,66.76000213623047,65.43499755859375,66.6500015258789,66.46279907226562,168400,0.0,False
2025-11-26,66.9800033569336,67.43000030517578,66.83599853515625,67.18000030517578,66.99131774902344,78800,0.0,False
2025-11-28,67.48999786376953,67.68000030517578,67.31999969482422,67.68000030517578,67.48989868164062,299900,0.0,False
2025-12-01,67.19999694824219,67.6500015258789,66.98999786376953,67.27999877929688,67.09102630615234,96100,0.0,False
2025-12-02,67.6500015258789,67.90899658203125,67.44000244140625,67.6050033569336,67.41512298583984,148500,0.0,False
2025-12-03,67.44999694824219,67.97000122070312,67.20999908447266,67.87999725341797,67.68934631347656,64500,0.0,False
2025-12-04,68.0999984741211,68.0999984741211,67.66000366210938,67.9800033569336,67.78907012939453,230700,0.0,False
2025-12-05,68.25,68.83999633789062,68.25,68.5199966430664,68.3275375366211,58300,0.0,False
2025-12-08,68.86000061035156,68.86000061035156,68.19499969482422,68.41000366210938,68.21786499023438,88400,0.0,False
2025-12-09,68.18000030517578,68.58399963378906,68.16500091552734,68.4000015258789,68.20789337158203,132000,0.0,False
2025-12-10,68.38999938964844,68.947998046875,68.0,68.68000030517578,68.48709869384766,126600,0.0,False
2025-12-11,68.5,69.16999816894531,67.9000015258789,69.1500015258789,68.95578002929688,96700,0.0,False
2025-12-12,68.79000091552734,68.80000305175781,67.45999908447266,67.73999786376953,67.54973602294922,132200,0.0,False
2025-12-15,68.13999938964844,68.23200225830078,67.2750015258789,67.44999694824219,67.26054382324219,95400,0.0,False
2025-12-16,67.06999969482422,67.5999984741211,66.8550033569336,67.29000091552734,67.16473388671875,74600,0.0,False
2025-12-17,67.48999786376953,67.48999786376953,65.98999786376953,65.98999786376953,65.86714935302734,2385200,0.0,False
2025-12-18,67.20999908447266,67.5,66.87000274658203,67.16999816894531,67.04495239257812,229300,0.0,False
2025-12-19,67.4000015258789,68.29000091552734,67.4000015258789,68.26000213623047,68.1329345703125,103000,0.0,False
2025-12-22,68.87000274658203,68.87000274658203,68.58000183105469,68.86000061035156,68.73180389404297,126300,0.0,False
2025-12-23,68.56999969482422,69.02999877929688,68.56999969482422,69.02999877929688,68.90149688720703,160600,0.0,False
2025-12-24,69.02999877929688,69.30899810791016,69.0199966430664,69.2699966430664,69.14104461669922,71100,0.0,False
2025-12-26,69.37999725341797,69.40499877929688,69.0999984741211,69.25,69.12107849121094,83200,0.0,False
2025-12-29,68.87999725341797,69.1500015258789,68.72000122070312,68.95999908447266,68.83162689208984,112200,0.0,False
2025-12-30,68.94999694824219,69.08499908447266,68.7699966430664,68.79000091552734,68.66194152832031,235000,0.0,False
2025-12-31,68.83000183105469,68.83000183105469,68.0999984741211,68.0999984741211,67.97322082519531,112600,0.0,False
2026-01-02,68.80000305175781,69.08000183105469,68.11000061035156,68.56999969482422,68.44235229492188,143900,0.0,False
2026-01-05,69.23999786376953,69.5,69.0999984741211,69.16000366210938,69.03125,189900,0.0,False
2026-01-06,69.44000244140625,70.22000122070312,69.31099700927734,70.19000244140625,70.05933380126953,388800,0.0,False
2026-01-07,70.19000244140625,70.48999786376953,69.98999786376953,70.12000274658203,69.98946380615234,377800,0.0,False
2026-01-08,70.11000061035156,70.11000061035156,69.12999725341797,69.28500366210938,69.15602111816406,694800,0.0,False
2026-01-09,69.72000122070312,70.1729965209961,69.44999694824219,70.05999755859375,69.92957305908203,585300,0.0,False
2026-01-12,69.4800033569336,70.30899810791016,69.4800033569336,70.1500015258789,70.0194091796875,220100,0.0,False
2026-01-13,70.27999877929688,70.27999877929688,69.55000305175781,69.7750015258789,69.64511108398438,270000,0.0,False
2026-01-14,69.4000015258789,69.4000015258789,68.2699966430664,68.83999633789062,68.71183776855469,283200,0.0,False
2026-01-15,69.8499984741211,70.0,69.30000305175781,69.37000274658203,69.24085998535156,313700,0.0,False
2026-01-16,69.76000213623047,69.80999755859375,69.24700164794922,69.5,69.37062072753906,181200,0.0,False
2026-01-20,68.41999816894531,68.86799621582031,68.0,68.11000061035156,67.98320007324219,221200,0.0,False
2026-01-21,68.4800033569336,69.51000213623047,68.12999725341797,69.0199966430664,68.89151000976562,174500,0.0,False
2026-01-22,69.91999816894531,69.91999816894531,69.25499725341797,69.43000030517578,69.30075073242188,223600,0.0,False
2026-01-23,69.48999786376953,69.86799621582031,69.24700164794922,69.52999877929688,69.40055847167969,169200,0.0,False
2026-01-26,69.63999938964844,70.37000274658203,69.55999755859375,70.16000366210938,70.02938842773438,279100,0.0,False
2026-01-27,70.66000366210938,71.0,70.48999786376953,70.88999938964844,70.75802612304688,180600,0.0,False
2026-01-28,71.16000366210938,71.28500366210938,70.79000091552734,71.0199966430664,70.88778686523438,214800,0.0,False
2026-01-29,71.47000122070312,71.5,69.75,71.4000015258789,71.26708221435547,221700,0.0,False
2026-01-30,70.66999816894531,70.94999694824219,69.3499984741211,69.55000305175781,69.42052459716797,228400,0.0,False
2026-02-02,69.36000061035156,70.26200103759766,69.36000061035156,69.95999908447266,69.82976531982422,133200,0.0,False
2026-02-03,70.30999755859375,70.30999755859375,67.72000122070312,68.44000244140625,68.3125991821289,253600,0.0,False
2026-02-04,68.30000305175781,68.30000305175781,66.2699966430664,67.02999877929688,66.90521240234375,199100,0.0,False
2026-02-05,66.2300033569336,67.08999633789062,65.81999969482422,66.27999877929688,66.1566162109375,300600,0.0,False
2026-02-06,67.0,68.43000030517578,66.98400115966797,68.33000183105469,68.20279693603516,660300,0.0,False
2026-02-09,68.2300033569336,69.07599639892578,68.0,68.79499816894531,68.66693115234375,178900,0.0,False
2026-02-10,69.01000213623047,69.0260009765625,68.37899780273438,68.43000030517578,68.30260467529297,355000,0.0,False
2026-02-11,69.22000122070312,69.23999786376953,68.00199890136719,68.63999938964844,68.51222229003906,164500,0.0,False
2026-02-12,68.91000366210938,69.18000030517578,67.2699966430664,67.36000061035156,67.2345962524414,319000,0.0,False
2026-02-13,67.45999908447266,67.98999786376953,66.90799713134766,67.43000030517578,67.30447387695312,295300,0.0,False
2026-02-17,67.0,67.81999969482422,66.58999633789062,67.55999755859375,67.4342269897461,248900,0.0,False
2026-02-18,67.63999938964844,68.41999816894531,67.30999755859375,67.9800033569336,67.85345458984375,165200,0.0,False
2026-02-19,67.69000244140625,67.9010009765625,67.3499984741211,67.87999725341797,67.75363159179688,139100,0.0,False
2026-02-20,67.66000366210938,68.69000244140625,67.66000366210938,68.4800033569336,68.35252380371094,201200,0.0,False
2026-02-23,68.18000030517578,68.31999969482422,66.79000091552734,67.13999938964844,67.01500701904297,170100,0.0,False
2026-02-24,67.2300033569336,67.97799682617188,66.69000244140625,67.77999877929688,67.65381622314453,142600,0.0,False
2026-02-25,68.2300033569336,68.83999633789062,68.2300033569336,68.7699966430664,68.64197540283203,195400,0.0,False
2026-02-26,68.66500091552734,68.69999694824219,67.38999938964844,68.3499984741211,68.22276306152344,124700,0.0,False
2026-02-27,67.08999633789062,67.97000122070312,67.08999633789062,67.95999908447266,67.83348083496094,116000,0.0,False
2026-03-02,66.86499786376953,68.1709976196289,66.86499786376953,67.91000366210938,67.78357696533203,166000,0.0,False
2026-03-03,66.51000213623047,67.20999908447266,65.66000366210938,67.0,66.87527465820312,309400,0.0,False
2026-03-04,67.33000183105469,68.06999969482422,67.13999938964844,67.87000274658203,67.74365234375,233100,0.0,False
2026-03-05,67.62999725341797,68.18499755859375,66.80999755859375,67.66999816894531,67.54402160644531,269900,0.0,False
2026-03-06,66.55000305175781,67.22000122070312,66.26000213623047,66.38999938964844,66.26641082763672,186700,0.0,False
2026-03-09,65.51000213623047,67.59500122070312,65.38400268554688,67.54000091552734,67.41426849365234,139600,0.0,False
2026-03-10,67.43000030517578,68.08799743652344,67.12000274658203,67.41000366210938,67.28450775146484,114000,0.0,False
2026-03-11,67.5999984741211,67.9800033569336,67.25,67.58999633789062,67.46416473388672,103800,0.0,False
2026-03-12,67.05000305175781,67.12999725341797,66.16999816894531,66.19999694824219,66.0767593383789,233800,0.0,False
2026-03-13,66.3499984741211,66.91799926757812,65.62999725341797,65.7300033569336,65.6076431274414,194600,0.0,False
2026-03-16,66.44999694824219,67.0,66.44999694824219,66.69999694824219,66.5758285522461,131000,0.0,False
2026-03-17,67.16000366210938,67.54000091552734,66.94999694824219,67.02999877929688,66.94536590576172,178900,0.0,False
2026-03-18,66.88999938964844,67.02999877929688,66.2300033569336,66.23999786376953,66.15636444091797,297500,0.0,False
2026-03-19,65.47000122070312,66.62000274658203,65.31999969482422,66.30999755859375,66.22626495361328,419000,0.0,False
2026-03-20,66.0999984741211,66.0999984741211,64.43000030517578,64.95999908447266,64.87797546386719,178000,0.0,False
2026-03-23,66.06999969482422,66.79000091552734,65.7699966430664,65.88999938964844,65.80680084228516,147100,0.0,False
2026-03-24,65.45999908447266,65.79000091552734,65.0,65.33000183105469,65.24751281738281,100500,0.0,False
2026-03-25,66.12000274658203,66.12000274658203,65.38999938964844,65.61000061035156,65.52716064453125,268900,0.0,False
2026-03-26,65.0,65.05999755859375,63.560001373291016,63.61000061035156,63.52968215942383,155900,0.0,False
2026-03-27,63.27000045776367,63.27000045776367,62.25899887084961,62.400001525878906,62.32120895385742,163200,0.0,False
2026-03-30,62.880001068115234,63.040000915527344,61.25,61.59000015258789,61.51223373413086,220500,0.0,False
2026-03-31,62.290000915527344,64.05599975585938,62.290000915527344,63.970001220703125,63.889225006103516,270900,0.0,False
2026-04-01,64.73999786376953,65.36000061035156,64.44999694824219,64.80000305175781,64.71817779541016,203900,0.0,False
2026-04-02,63.34000015258789,65.13999938964844,63.25,64.8949966430664,64.81305694580078,267800,0.0,False
2026-04-06,65.0199966430664,65.33000183105469,64.9000015258789,65.25,65.16761016845703,360400,0.0,False
2026-04-07,64.97000122070312,65.47000122070312,64.33000183105469,65.44999694824219,65.36734771728516,371800,0.0,False
2026-04-08,68.16999816894531,68.30000305175781,67.25,67.66000366210938,67.57456970214844,257300,0.0,False
2026-04-09,67.6500015258789,68.0,67.1500015258789,67.94999694824219,67.86419677734375,469800,0.0,False
2026-04-10,68.30000305175781,68.34300231933594,67.87999725341797,68.01000213623047,67.92412567138672,144900,0.0,False
2026-04-13,67.77999877929688,69.2699966430664,67.77999877929688,69.2699966430664,69.18253326416016,158000,0.0,False
2026-04-14,69.83000183105469,70.62000274658203,69.80000305175781,70.55999755859375,70.47090911865234,194100,0.0,False
2026-04-15,70.75,71.27999877929688,70.44999694824219,71.26000213623047,71.1700210571289,106200,0.0,False
2026-04-16,71.56999969482422,71.66999816894531,71.0,71.43000030517578,71.33981323242188,461700,0.0,False
2026-04-17,72.16000366210938,72.55999755859375,72.05999755859375,72.33000183105469,72.2386703491211,247300,0.0,False
2026-04-20,72.2300033569336,72.38999938964844,71.7699966430664,72.2699966430664,72.17874145507812,280300,0.0,False
2026-04-21,72.45999908447266,72.7699966430664,71.75,71.93000030517578,71.83917236328125,400400,0.0,False
2026-04-22,72.68000030517578,73.17400360107422,72.37999725341797,73.1449966430664,73.0526351928711,182800,0.0,False
2026-04-23,72.69000244140625,72.80999755859375,71.3499984741211,72.13999938964844,72.04891204833984,388100,0.0,False
2026-04-24,72.69999694824219,73.41000366210938,72.5,73.29000091552734,73.19745635986328,241400,0.0,False
2026-04-27,73.18000030517578,73.2699966430664,72.69999694824219,73.26000213623047,73.16749572753906,215000,0.0,False
2026-04-28,72.20500183105469,72.63600158691406,71.68000030517578,72.16999816894531,72.07887268066406,126100,0.0,False
2026-04-29,72.56999969482422,72.56999969482422,71.96499633789062,72.43000030517578,72.33853912353516,392900,0.0,False
2026-04-30,72.6500015258789,73.20999908447266,71.91999816894531,73.12999725341797,73.03765869140625,483100,0.0,False
2026-05-01,73.33999633789062,73.87000274658203,73.33999633789062,73.62000274658203,73.52704620361328,336700,0.0,False
2026-05-04,73.9000015258789,74.22000122070312,73.30999755859375,73.76000213623047,73.66686248779297,255500,0.0,False
2026-05-05,74.58000183105469,74.79499816894531,74.32499694824219,74.62000274658203,74.5257797241211,436100,0.0,False
2026-05-06,75.62000274658203,76.41999816894531,75.44000244140625,76.4000015258789,76.30353546142578,393300,0.0,False
2026-05-07,76.76000213623047,76.9800033569336,75.69000244140625,76.08999633789062,75.9939193725586,460900,0.0,False
2026-05-08,76.53500366210938,77.12000274658203,76.44000244140625,77.04000091552734,76.9427261352539,174000,0.0,False
2026-05-11,76.83999633789062,77.5469970703125,76.78600311279297,77.1500015258789,77.05258178710938,256600,0.0,False
2026-05-12,76.5,76.80999755859375,75.51499938964844,76.72000122070312,76.62313079833984,336500,0.0,False
2026-05-13,77.01000213623047,77.552001953125,76.25,77.30000305175781,77.202392578125,372800,0.0,False
2026-05-14,77.27999877929688,78.13999938964844,77.2229995727539,78.0199966430664,77.9214859008789,147000,0.0,False
2026-05-15,77.0199966430664,77.44000244140625,76.48999786376953,76.7699966430664,76.67306518554688,169800,0.0,False
2026-05-18,76.91000366210938,76.91000366210938,75.58499908447266,76.2300033569336,76.13375091552734,155800,0.0,False
2026-05-19,75.55999755859375,76.20500183105469,75.0999984741211,75.66999816894531,75.57445526123047,129000,0.0,False
2026-05-20,76.13999938964844,77.23999786376953,75.8949966430664,77.22000122070312,77.12249755859375,313300,0.0,False
2026-05-21,77.01000213623047,77.9739990234375,76.91000366210938,77.7300033569336,77.6318588256836,150700,0.0,False
2026-05-22,78.36000061035156,78.72000122070312,78.16400146484375,78.31999969482422,78.22109985351562,182700,0.0,False
2026-05-26,79.48999786376953,80.25,79.2699966430664,80.0999984741211,79.99885559082031,157500,0.0,False
2026-05-27,80.69999694824219,80.69999694824219,79.5199966430664,79.9000015258789,79.79911041259766,190900,0.0,False
2026-05-28,80.08999633789062,80.97000122070312,79.61000061035156,80.83000183105469,80.72793579101562,193400,0.0,False
2026-05-29,81.4800033569336,81.95999908447266,81.26000213623047,81.94000244140625,81.83653259277344,174200,0.0,False
2026-06-01,82.30999755859375,83.4000015258789,82.18000030517578,83.16000366210938,83.05500030517578,276700,0.0,False
2026-06-02,83.1500015258789,83.20999908447266,82.66000366210938,83.1500015258789,83.04501342773438,367300,0.0,False
2026-06-03,83.29000091552734,83.29000091552734,81.94999694824219,82.55000305175781,82.44577026367188,275500,0.0,False
2026-06-04,81.61000061035156,82.58999633789062,81.44000244140625,82.27999877929688,82.17610931396484,187600,0.0,False
2026-06-05,81.2699966430664,81.2699966430664,78.40499877929688,78.66000366210938,78.56068420410156,243400,0.0,False
2026-06-08,79.79000091552734,80.25,79.37000274658203,79.62999725341797,79.52944946289062,591100,0.0,False
2026-06-09,80.3499984741211,80.94000244140625,76.54000091552734,79.0,78.9002456665039,341000,0.0,False
2026-06-10,78.0999984741211,79.35800170898438,77.26000213623047,77.27999877929688,77.18241882324219,275400,0.0,False
2026-06-11,77.62000274658203,79.58499908447266,77.2699966430664,79.44000244140625,79.3396987915039,350300,0.0,False
2026-06-12,79.30000305175781,79.9749984741211,78.66000366210938,79.6050033569336,79.50448608398438,209500,0.0,False
2026-06-15,81.5,82.1500015258789,81.27999877929688,82.04000091552734,81.99099731445312,176600,0.0,False
2026-06-16,81.9800033569336,82.16899871826172,80.69000244140625,80.69999694824219,80.65179443359375,730400,0.0,False
2026-06-17,81.27999877929688,81.54000091552734,79.78500366210938,79.87000274658203,79.82229614257812,178000,0.0,False
2026-06-18,81.4000015258789,81.63999938964844,80.73500061035156,81.33000183105469,81.28142547607422,169500,0.0,False
2026-06-22,81.47000122070312,82.05999755859375,80.80999755859375,81.25,81.20146942138672,173800,0.0,False
2026-06-23,78.8499984741211,79.83000183105469,78.83000183105469,79.01000213623047,78.96280670166016,235700,0.0,False
2026-06-24,79.2699966430664,79.83499908447266,78.38999938964844,78.98999786376953,78.94281768798828,190700,0.0,False
2026-06-25,80.58000183105469,80.58000183105469,78.69499969482422,79.7300033569336,79.68238067626953,244100,0.0,False
2026-06-26,78.7750015258789,80.1500015258789,78.65499877929688,79.37999725341797,79.33258056640625,174300,0.0,False
2026-06-29,80.12999725341797,81.58999633789062,79.68000030517578,81.43000030517578,81.38136291503906,755600,0.0,False
2026-06-30,81.4000015258789,82.72699737548828,81.4000015258789,82.55000305175781,82.50069427490234,224600,0.0,False
2026-07-01,82.13999938964844,82.44000244140625,81.58499908447266,81.69999694824219,81.65119934082031,246600,0.0,False
2026-07-02,82.01000213623047,82.31999969482422,79.91000366210938,80.4800033569336,80.43193054199219,316700,0.0,False
2026-07-06,81.13999938964844,81.66999816894531,81.07499694824219,81.25,81.20146942138672,524000,0.0,False
2026-07-07,80.66000366210938,80.66000366210938,79.47000122070312,80.1500015258789,80.10212707519531,265000,0.0,False
2026-07-08,79.4800033569336,80.2300033569336,78.99500274658203,80.1500015258789,80.10212707519531,187400,0.0,False
2026-07-09,80.86000061035156,81.7249984741211,80.77999877929688,81.56999969482422,81.52127838134766,290800,0.0,False
2026-07-10,81.68000030517578,81.68000030517578,80.72000122070312,81.4800033569336,81.43133544921875,320000,0.0,False
2026-07-13,80.98999786376953,81.20999908447266,80.37999725341797,80.58999633789062,80.54186248779297,220600,0.0,False
2026-07-14,81.19000244140625,81.62999725341797,80.83999633789062,81.3499984741211,81.30140686035156,360800,0.0,False
2026-07-15,82.0,82.0,80.37000274658203,81.18000030517578,81.13150787353516,264600,0.0,False
2026-07-16,80.5199966430664,80.77300262451172,79.69000244140625,80.04000091552734,79.99219512939453,345300,0.0,False
2026-07-17,78.30000305175781,79.76000213623047,77.8949966430664,79.02999877929688,78.98279571533203,342300,0.0,False
2026-07-20,79.45999908447266,79.93000030517578,78.93000030517578,78.9800033569336,78.93283081054688,266900,0.0,False
2026-07-21,79.87000274658203,80.25,79.54000091552734,80.19999694824219,80.15209197998047,245300,0.0,False
2026-07-22,79.66999816894531,80.06999969482422,79.55000305175781,79.55000305175781,79.50248718261719,230200,0.0,False
2026-07-23,78.76000213623047,79.42900085449219,78.33499908447266,78.87999725341797,78.8328857421875,421800,0.0,False
2026-07-24,79.08999633789062,79.30899810791016,78.13999938964844,78.31999969482422,78.2732162475586,344300,0.0,False
2026-07-27,79.45999908447266,79.45999908447266,77.72000122070312,78.62000274658203,78.57304382324219,257700,0.0,False
2026-07-28,77.97000122070312,78.44999694824219,76.95999908447266,78.0999984741211,78.05335235595703,271200,0.0,False
2026-07-29,77.94000244140625,78.54000091552734,76.68000030517578,76.69000244140625,76.64419555664062,268300,0.0,False
2026-07-30,78.2699966430664,79.12000274658203,77.9800033569336,78.9800033569336,78.93283081054688,705700,0.0,False
2026-07-31,79.7699966430664,80.05999755859375,78.4209976196289,79.5,79.4525146484375,243900,0.0,False
2026-08-03,79.72000122070312,80.9000015258789,79.41000366210938,80.79000091552734,80.74174499511719,356300,0.0,False
2026-08-04,81.75,83.51000213623047,81.52999877929688,83.20999908447266,83.1603012084961,486900,0.0,False
2026-08-05,83.94999694824219,84.31999969482422,82.9800033569336,82.99500274658203,82.94542694091797,353100,0.0,False
2026-08-06,82.48999786376953,83.06999969482422,82.01000213623047,82.61000061035156,82.56066131591797,281900,0.0,False
2026-08-07,83.45999908447266,83.62999725341797,83.0250015258789,83.44000244140625,83.39016723632812,202000,0.0,False
2026-08-10,83.55000305175781,84.05000305175781,83.54000091552734,83.66000366210938,83.61003112792969,511300,0.0,False
2026-08-11,84.11000061035156,84.12999725341797,83.41000366210938,83.6500015258789,83.60003662109375,256800,0.0,False
2026-08-12,84.26000213623047,84.62000274658203,83.91999816894531,83.98999786376953,83.93983459472656,432700,0.0,False
2026-08-13,84.56999969482422,85.36000061035156,84.27999877929688,85.16000366210938,85.10913848876953,526700,0.0,False
2026-08-14,85.4800033569336,85.4800033569336,84.52999877929688,84.66999816894531,84.61942291259766,280900,0.0,False
2026-08-17,84.75,84.77999877929688,84.18000030517578,84.22000122070312,84.16969299316406,291500,0.0,False
2026-08-18,83.27999877929688,83.57499694824219,82.98999786376953,83.12000274658203,83.07035827636719,567300,0.0,False
2026-08-19,83.55999755859375,83.55999755859375,82.56999969482422,83.01000213623047,82.96041870117188,412900,0.0,False
2026-08-20,82.88999938964844,83.1500015258789,82.4000015258789,82.54000091552734,82.4906997680664,314100,0.0,False
2026-08-21,83.26000213623047,83.26000213623047,82.5999984741211,83.05999755859375,83.01038360595703,204700,0.0,False
2026-08-24,82.63500213623047,82.76100158691406,82.05000305175781,82.48999786376953,82.44072723388672,431800,0.0,False
2026-08-25,83.0,83.2509994506836,82.68000030517578,83.05999755859375,83.01038360595703,235800,0.0,False
2026-08-26,82.9800033569336,83.48999786376953,82.8949966430664,83.23500061035156,83.18528747558594,228800,0.0,False
2026-08-27,84.08000183105469,84.31999969482422,83.7699966430664,84.30000305175781,84.24964904785156,378200,0.0,False
2026-08-28,84.33999633789062,84.62999725341797,83.66000366210938,83.80999755859375,83.75994110107422,393400,0.0,False
2026-08-31,83.3499984741211,83.7699966430664,83.1760025024414,83.54000091552734,83.49010467529297,289300,0.0,False
2026-09-01,82.44999694824219,82.87000274658203,81.91999816894531,82.22000122070312,82.17089080810547,403800,0.0,False
2026-09-02,82.36000061035156,82.58000183105469,82.05000305175781,82.5199966430664,82.47071075439453,305700,0.0,False
2026-09-03,83.11000061035156,83.61299896240234,82.6500015258789,83.48999786376953,83.44013214111328,234900,0.0,False
2026-09-04,83.81999969482422,84.16000366210938,83.62999725341797,83.94999694824219,83.89985656738281,348800,0.0,False
2026-09-08,84.45999908447266,84.45999908447266,83.56500244140625,83.86000061035156,83.8099136352539,423500,0.0,False
2026-09-09,83.87000274658203,83.87000274658203,83.2699966430664,83.45999908447266,83.41014862060547,367100,0.0,False
2026-09-10,82.45999908447266,82.8499984741211,82.08100128173828,82.26000213623047,82.21086883544922,277200,0.0,False
2026-09-11,83.43000030517578,83.43000030517578,82.91999816894531,83.07499694824219,83.02537536621094,384600,0.0,False
2026-09-14,81.62000274658203,82.44000244140625,81.18199920654297,82.04000091552734,81.99099731445312,649600,0.0,False
2026-09-15,82.12999725341797,82.12999725341797,81.23100280761719,81.4000015258789,81.4000015258789,220100,0.0,False
2026-09-16,82.05999755859375,82.22000122070312,80.76000213623047,81.41000366210938,81.41000366210938,205000,0.0,False
2026-09-17,82.9000015258789,82.9000015258789,82.2699966430664,82.51000213623047,82.51000213623047,1009400,0.0,False
2026-09-18,82.88999938964844,83.0999984741211,82.45500183105469,83.05999755859375,83.05999755859375,294500,0.0,False
2026-09-21,84.06999969482422,85.62000274658203,83.93000030517578,85.4000015258789,85.4000015258789,365100,0.0,False
2026-09-22,85.33000183105469,85.83999633789062,85.27999877929688,85.66000366210938,85.66000366210938,606400,0.0,False
2026-09-23,85.68000030517578,85.68000030517578,84.55999755859375,85.08999633789062,85.08999633789062,501700,0.0,False
2026-09-24,84.2300033569336,85.4280014038086,84.2300033569336,85.3499984741211,85.3499984741211,726000,0.0,False
2026-09-25,85.66999816894531,85.8499984741211,85.19000244140625,85.6500015258789,85.6500015258789,421700,0.0,False
2026-09-28,85.18000030517578,85.18000030517578,84.06999969482422,84.7300033569336,84.7300033569336,377700,0.0,False
2026-09-29,85.56999969482422,85.56999969482422,84.80000305175781,85.33000183105469,85.33000183105469,454500,0.0,False
2026-09-30,85.52999877929688,85.94000244140625,85.26000213623047,85.26000213623047,85.26000213623047,432400,0.0,False
2026-10-01,85.75,86.1500015258789,85.0,86.0,86.0,436400,0.0,False
2026-10-02,87.0999984741211,87.13999938964844,86.34500122070312,86.63999938964844,86.63999938964844,880400,0.0,False
2026-10-05,86.9000015258789,87.5469970703125,86.72000122070312,87.37999725341797,87.37999725341797,661100,0.0,False
2026-10-06,88.1500015258789,88.1500015258789,87.5,87.58000183105469,87.58000183105469,643500,0.0,False
