Date,Open,High,Low,Close,Adj_Close,Volume,Capital_Gains,Repaired?
2009-11-11,104.0,108.0,100.19999694824219,101.76000213623047,71.86773681640625,339000,0.0,False
2009-11-12,102.19999694824219,102.36000061035156,98.87999725341797,99.36000061035156,70.1727294921875,919000,0.0,False
2009-11-13,100.0,102.0,98.5999984741211,101.72000122070312,71.83946228027344,456900,0.0,False
2009-11-16,104.0,107.23999786376953,104.0,106.0,74.86222076416016,830400,0.0,False
2009-11-17,105.4800033569336,107.72000122070312,104.19999694824219,107.72000122070312,76.07696533203125,744200,0.0,False
2009-11-18,109.08000183105469,110.63999938964844,107.0,108.19999694824219,76.41596221923828,915800,0.0,False
2009-11-19,107.31999969482422,108.08000183105469,103.08000183105469,107.68000030517578,76.04871368408203,868925,0.0,False
2009-11-20,105.91999816894531,107.27999877929688,104.5999984741211,107.04000091552734,75.5967025756836,560475,0.0,False
2009-11-23,111.5999984741211,113.27999877929688,109.44000244140625,110.4000015258789,77.96971130371094,775175,0.0,False
2009-11-24,110.87999725341797,111.91999816894531,107.5999984741211,108.87999725341797,76.89620971679688,688500,0.0,False
2009-11-25,111.55999755859375,113.55999755859375,110.5999984741211,113.19999694824219,79.94718933105469,670625,0.0,False
2009-11-27,105.80000305175781,110.68000030517578,103.5199966430664,108.36000061035156,76.52896881103516,753375,0.0,False
2009-11-30,107.95999908447266,109.87999725341797,107.0,108.87999725341797,76.89620971679688,616950,0.0,False
2009-12-01,112.55999755859375,115.63999938964844,112.0,114.4800033569336,80.85121154785156,757800,0.0,False
2009-12-02,116.55999755859375,118.76000213623047,116.04000091552734,117.31999969482422,82.85693359375,674600,0.0,False
2009-12-03,116.4000015258789,116.63999938964844,113.4000015258789,114.04000091552734,80.54045104980469,766500,0.0,False
2009-12-04,111.5199966430664,111.91999816894531,105.68000030517578,108.55999755859375,76.67020416259766,1146300,0.0,False
2009-12-07,105.0,109.04000091552734,104.04000091552734,106.5999984741211,75.28596496582031,666675,0.0,False
2009-12-08,104.5999984741211,105.12000274658203,101.36000061035156,101.91999816894531,71.98072814941406,781100,0.0,False
2009-12-09,102.87999725341797,105.95999908447266,101.63999938964844,104.31999969482422,73.67572021484375,777325,0.0,False
2009-12-10,105.5199966430664,106.0,103.44000244140625,104.55999755859375,73.84523010253906,374100,0.0,False
2009-12-11,105.04000091552734,105.44000244140625,101.31999969482422,102.12000274658203,72.12197875976562,394325,0.0,False
2009-12-14,103.04000091552734,105.23999786376953,101.76000213623047,105.19999694824219,74.29722595214844,361150,0.0,False
2009-12-15,104.4000015258789,105.27999877929688,103.08000183105469,103.55999755859375,73.13897705078125,535775,0.0,False
2009-12-16,104.91999816894531,106.23999786376953,104.4000015258789,105.23999786376953,74.32547760009766,386375,0.0,False
2009-12-17,102.44000244140625,102.91999816894531,99.23999786376953,99.31999969482422,70.14448547363281,513650,0.0,False
2009-12-18,100.12000274658203,101.19999694824219,98.4000015258789,100.27999877929688,70.82247924804688,379275,0.0,False
2009-12-21,101.4800033569336,101.55999755859375,97.91999816894531,98.63999938964844,69.66423034667969,396300,0.0,False
2009-12-22,99.36000061035156,99.80000305175781,97.44000244140625,99.27999877929688,70.1162338256836,334075,0.0,False
2009-12-23,100.36000061035156,104.27999877929688,100.0,103.76000213623047,73.28022766113281,457975,0.0,False
2009-12-24,105.72000122070312,105.72000122070312,104.0,104.5199966430664,73.81696319580078,161450,0.0,False
2009-12-28,106.31999969482422,106.31999969482422,103.76000213623047,104.4000015258789,73.73222351074219,159500,0.0,False
2009-12-29,105.08000183105469,105.4800033569336,103.72000122070312,103.80000305175781,73.3084716796875,163350,0.0,False
2009-12-30,102.5999984741211,102.95999908447266,101.4000015258789,102.16000366210938,72.15023040771484,151850,0.0,False
2009-12-31,103.16000366210938,104.04000091552734,102.63999938964844,102.95999908447266,72.7152099609375,153375,0.0,False
2010-01-04,106.83999633789062,107.72000122070312,106.19999694824219,107.12000274658203,75.65321350097656,368525,0.0,False
2010-01-05,108.0,109.27999877929688,106.91999816894531,108.27999877929688,76.47245788574219,501825,0.0,False
2010-01-06,110.04000091552734,112.12000274658203,109.4000015258789,111.31999969482422,78.61945343017578,379900,0.0,False
2010-01-07,111.08000183105469,111.80000305175781,109.36000061035156,111.04000091552734,78.42170715332031,354800,0.0,False
2010-01-08,111.87999725341797,113.0,109.87999725341797,112.83999633789062,79.69294738769531,226600,0.0,False
2010-01-11,116.87999725341797,117.0,113.68000030517578,113.91999816894531,80.45569610595703,510425,0.0,False
2010-01-12,112.63999938964844,113.12000274658203,108.72000122070312,108.76000213623047,76.81146240234375,484200,0.0,False
2010-01-13,110.31999969482422,111.12000274658203,107.83999633789062,110.72000122070312,78.19570922851562,419250,0.0,False
2010-01-14,111.0,111.19999694824219,109.23999786376953,110.4800033569336,78.02621459960938,274900,0.0,False
2010-01-15,109.76000213623047,109.76000213623047,107.55999755859375,109.04000091552734,77.00921630859375,271475,0.0,False
2010-01-19,108.83999633789062,109.4800033569336,108.04000091552734,108.80000305175781,76.8397216796875,351000,0.0,False
2010-01-20,105.4800033569336,106.08000183105469,102.55999755859375,103.08000183105469,72.79997253417969,529725,0.0,False
2010-01-21,102.63999938964844,102.63999938964844,97.12000274658203,97.12000274658203,68.59074401855469,723675,0.0,False
2010-01-22,96.4800033569336,98.4000015258789,94.12000274658203,96.4000015258789,68.0822525024414,774525,0.0,False
2010-01-25,97.04000091552734,98.0,95.80000305175781,95.80000305175781,67.65848541259766,337550,0.0,False
2010-01-26,94.12000274658203,97.4000015258789,92.91999816894531,95.31999969482422,67.31948852539062,448300,0.0,False
2010-01-27,95.27999877929688,95.72000122070312,91.95999908447266,93.0,65.6810073852539,571225,0.0,False
2010-01-28,94.36000061035156,94.83999633789062,90.04000091552734,91.72000122070312,64.7770004272461,550125,0.0,False
2010-01-29,91.5999984741211,92.44000244140625,88.19999694824219,88.68000030517578,62.63002014160156,474850,0.0,False
2010-02-01,89.80000305175781,95.19999694824219,89.5199966430664,95.19999694824219,67.2347412109375,611725,0.0,False
2010-02-02,96.5999984741211,96.83999633789062,94.95999908447266,95.63999938964844,67.54549407958984,495800,0.0,False
2010-02-03,95.83999633789062,97.0,94.4800033569336,94.5199966430664,66.75450134277344,378425,0.0,False
2010-02-04,92.19999694824219,92.63999938964844,87.5199966430664,87.76000213623047,61.980262756347656,781650,0.0,False
2010-02-05,87.68000030517578,91.72000122070312,84.72000122070312,91.72000122070312,64.7770004272461,908350,0.0,False
2010-02-08,91.63999938964844,93.19999694824219,88.87999725341797,88.87999725341797,62.77126693725586,505450,0.0,False
2010-02-09,91.5199966430664,94.4800033569336,91.4800033569336,93.63999938964844,66.13299560546875,577675,0.0,False
2010-02-10,93.5199966430664,94.12000274658203,91.19999694824219,93.36000061035156,65.93525695800781,449500,0.0,False
2010-02-11,94.4000015258789,98.36000061035156,93.27999877929688,98.36000061035156,69.46648406982422,585000,0.0,False
2010-02-12,96.36000061035156,97.5999984741211,94.5999984741211,97.23999786376953,68.67549133300781,489850,0.0,False
2010-02-16,100.0,101.5999984741211,99.63999938964844,100.95999908447266,71.30272674560547,653100,0.0,False
2010-02-17,101.5999984741211,101.87999725341797,99.4000015258789,100.23999786376953,70.79424285888672,557750,0.0,False
2010-02-18,100.12000274658203,101.16000366210938,99.31999969482422,100.12000274658203,70.70948791503906,388725,0.0,False
2010-02-19,98.4800033569336,100.23999786376953,97.4800033569336,98.87999725341797,69.83372497558594,455675,0.0,False
2010-02-22,99.83999633789062,99.91999816894531,97.68000030517578,97.68000030517578,68.98625183105469,225825,0.0,False
2010-02-23,96.95999908447266,97.36000061035156,93.08000183105469,93.23999786376953,65.85050201416016,389275,0.0,False
2010-02-24,93.27999877929688,94.91999816894531,92.76000213623047,93.27999877929688,65.87874603271484,329425,0.0,False
2010-02-25,91.76000213623047,95.36000061035156,90.23999786376953,95.36000061035156,67.34773254394531,559775,0.0,False
2010-02-26,95.87999725341797,96.72000122070312,94.4800033569336,96.72000122070312,68.30824279785156,352075,0.0,False
2010-03-01,97.16000366210938,98.76000213623047,96.08000183105469,98.76000213623047,69.74897766113281,270925,0.0,False
2010-03-02,99.5999984741211,102.27999877929688,99.5999984741211,100.72000122070312,71.13323974609375,519600,0.0,False
2010-03-03,102.4000015258789,103.76000213623047,101.76000213623047,102.5199966430664,72.40447235107422,597325,0.0,False
2010-03-04,102.4000015258789,102.95999908447266,100.08000183105469,101.4800033569336,71.66997528076172,295950,0.0,False
2010-03-05,102.72000122070312,103.91999816894531,102.4000015258789,103.36000061035156,72.99773406982422,262500,0.0,False
2010-03-08,103.80000305175781,104.36000061035156,101.87999725341797,102.95999908447266,72.7152099609375,262350,0.0,False
2010-03-09,101.44000244140625,103.27999877929688,101.19999694824219,102.0,72.03723907470703,270850,0.0,False
2010-03-10,103.16000366210938,103.87999725341797,100.55999755859375,101.55999755859375,71.72647094726562,357300,0.0,False
2010-03-11,101.12000274658203,103.19999694824219,100.19999694824219,103.12000274658203,72.8282241821289,226000,0.0,False
2010-03-12,103.72000122070312,104.31999969482422,102.04000091552734,103.08000183105469,72.79997253417969,271575,0.0,False
2010-03-15,103.19999694824219,103.23999786376953,101.5999984741211,102.80000305175781,72.60224151611328,198425,0.0,False
2010-03-16,104.36000061035156,106.87999725341797,104.23999786376953,106.83999633789062,75.45547485351562,623225,0.0,False
2010-03-17,107.31999969482422,107.95999908447266,106.5999984741211,106.91999816894531,75.51197814941406,363475,0.0,False
2010-03-18,107.0,107.68000030517578,104.72000122070312,106.0,74.86222076416016,324325,0.0,False
2010-03-19,104.36000061035156,106.0,102.72000122070312,104.36000061035156,73.70397186279297,386525,0.0,False
2010-03-22,101.87999725341797,103.95999908447266,101.4800033569336,103.72000122070312,73.25198364257812,294725,0.0,False
2010-03-23,103.5999984741211,105.87999725341797,102.76000213623047,105.76000213623047,74.69271850585938,367575,0.0,False
2010-03-24,103.36000061035156,103.36000061035156,100.0,100.72000122070312,71.13323974609375,559750,0.0,False
2010-03-25,101.72000122070312,102.68000030517578,98.95999908447266,99.68000030517578,70.39873504638672,529800,0.0,False
2010-03-26,100.23999786376953,102.08000183105469,99.4800033569336,102.0,72.03723907470703,397150,0.0,False
2010-03-29,103.4800033569336,104.36000061035156,102.63999938964844,103.5999984741211,73.16722106933594,233025,0.0,False
2010-03-30,104.08000183105469,104.12000274658203,101.95999908447266,102.4000015258789,72.31971740722656,136175,0.0,False
2010-03-31,103.44000244140625,103.91999816894531,102.4800033569336,102.87999725341797,72.65872192382812,191100,0.0,False
2010-04-01,105.0,106.36000061035156,104.44000244140625,106.31999969482422,75.08821868896484,402750,0.0,False
2010-04-05,107.55999755859375,109.31999969482422,107.19999694824219,109.23999786376953,77.15045166015625,374550,0.0,False
2010-04-06,109.44000244140625,110.36000061035156,108.95999908447266,109.5199966430664,77.34819793701172,397125,0.0,False
2010-04-07,109.80000305175781,112.19999694824219,109.80000305175781,111.19999694824219,78.53471374511719,795925,0.0,False
2010-04-08,111.19999694824219,111.72000122070312,110.12000274658203,111.55999755859375,78.78894805908203,340150,0.0,False
2010-04-09,112.44000244140625,114.0,111.95999908447266,113.19999694824219,79.94718933105469,548875,0.0,False
2010-04-12,113.12000274658203,114.08000183105469,111.44000244140625,111.80000305175781,78.95845031738281,462300,0.0,False
2010-04-13,111.5999984741211,111.5999984741211,108.95999908447266,110.87999725341797,78.30870056152344,328550,0.0,False
2010-04-14,112.5199966430664,113.5199966430664,111.55999755859375,113.04000091552734,79.83419036865234,311775,0.0,False
2010-04-15,112.80000305175781,113.68000030517578,111.91999816894531,112.31999969482422,79.3257064819336,215825,0.0,False
2010-04-16,110.72000122070312,111.31999969482422,106.80000305175781,108.95999908447266,76.95270538330078,684725,0.0,False
2010-04-19,107.87999725341797,108.5199966430664,106.5999984741211,108.31999969482422,76.5007095336914,398550,0.0,False
2010-04-20,110.19999694824219,111.16000366210938,109.5999984741211,109.83999633789062,77.57421112060547,259250,0.0,False
2010-04-21,110.5999984741211,111.12000274658203,109.44000244140625,110.83999633789062,78.28044891357422,341200,0.0,False
2010-04-22,109.23999786376953,111.16000366210938,108.5199966430664,111.16000366210938,78.50645446777344,249650,0.0,False
2010-04-23,110.83999633789062,114.16000366210938,109.68000030517578,114.16000366210938,80.62521362304688,432375,0.0,False
2010-04-26,113.83999633789062,114.5999984741211,112.80000305175781,113.0,79.80594635009766,347500,0.0,False
2010-04-27,111.63999938964844,114.27999877929688,110.5999984741211,112.36000061035156,79.35395050048828,600150,0.0,False
2010-04-28,113.12000274658203,115.44000244140625,111.76000213623047,114.87999725341797,81.1336898803711,805050,0.0,False
2010-04-29,115.12000274658203,116.80000305175781,114.5199966430664,116.0,81.92469787597656,442700,0.0,False
2010-04-30,116.91999816894531,118.5199966430664,116.5999984741211,116.72000122070312,82.43318939208984,726175,0.0,False
2010-05-03,117.80000305175781,118.5999984741211,115.0,115.72000122070312,81.72694396972656,450025,0.0,False
2010-05-04,114.95999908447266,115.31999969482422,107.91999816894531,110.31999969482422,77.9132080078125,1069850,0.0,False
2010-05-05,107.80000305175781,112.16000366210938,105.0,110.44000244140625,77.9979476928711,536950,0.0,False
2010-05-06,110.27999877929688,113.16000366210938,104.4000015258789,110.80000305175781,78.252197265625,1029175,0.0,False
2010-05-07,111.08000183105469,111.83999633789062,107.63999938964844,108.68000030517578,76.75495147705078,702700,0.0,False
2010-05-10,111.12000274658203,113.5199966430664,110.4000015258789,113.08000183105469,79.8624496459961,382375,0.0,False
2010-05-11,115.08000183105469,121.12000274658203,114.55999755859375,120.95999908447266,85.42767333984375,989625,0.0,False
2010-05-12,123.44000244140625,125.12000274658203,122.08000183105469,122.4000015258789,86.4446792602539,972775,0.0,False
2010-05-13,122.44000244140625,122.95999908447266,118.4000015258789,119.5199966430664,84.41067504882812,485325,0.0,False
2010-05-14,121.08000183105469,121.31999969482422,114.08000183105469,118.27999877929688,83.53492736816406,824025,0.0,False
2010-05-17,118.31999969482422,118.72000122070312,112.80000305175781,114.87999725341797,81.1336898803711,577050,0.0,False
2010-05-18,113.44000244140625,115.4800033569336,111.87999725341797,112.5199966430664,79.46695709228516,449775,0.0,False
2010-05-19,110.72000122070312,111.12000274658203,103.4000015258789,106.83999633789062,75.45547485351562,1100900,0.0,False
2010-05-20,103.5199966430664,104.36000061035156,100.0,100.0,70.62474060058594,960050,0.0,False
2010-05-21,98.36000061035156,104.5199966430664,97.0,102.80000305175781,72.60224151611328,774575,0.0,False
2010-05-24,104.63999938964844,106.55999755859375,104.12000274658203,104.68000030517578,73.92996215820312,435000,0.0,False
2010-05-25,102.23999786376953,106.5999984741211,100.80000305175781,106.55999755859375,75.2577133178711,637225,0.0,False
2010-05-26,109.31999969482422,110.23999786376953,106.08000183105469,106.63999938964844,75.31421661376953,374000,0.0,False
2010-05-27,108.5999984741211,110.80000305175781,108.36000061035156,110.5199966430664,78.0544662475586,272975,0.0,False
2010-05-28,110.36000061035156,110.4000015258789,108.16000366210938,108.5999984741211,76.6984634399414,270150,0.0,False
2010-06-01,109.44000244140625,111.68000030517578,107.27999877929688,107.4000015258789,75.85095977783203,375200,0.0,False
2010-06-02,106.91999816894531,110.31999969482422,106.36000061035156,110.27999877929688,77.88494873046875,297400,0.0,False
2010-06-03,110.76000213623047,110.76000213623047,106.4800033569336,108.08000183105469,76.33120727539062,369075,0.0,False
2010-06-04,107.31999969482422,107.95999908447266,105.0,105.44000244140625,74.46672058105469,283275,0.0,False
2010-06-07,105.19999694824219,109.55999755859375,104.5199966430664,108.23999786376953,76.44420623779297,425375,0.0,False
2010-06-08,109.68000030517578,112.63999938964844,109.68000030517578,111.27999877929688,78.59120178222656,653425,0.0,False
2010-06-09,111.04000091552734,112.19999694824219,108.68000030517578,109.23999786376953,77.15045166015625,348675,0.0,False
2010-06-10,110.0,111.31999969482422,109.68000030517578,110.76000213623047,78.22396087646484,230525,0.0,False
2010-06-11,110.16000366210938,112.23999786376953,110.16000366210938,112.19999694824219,79.24095153808594,277825,0.0,False
2010-06-14,112.83999633789062,113.83999633789062,109.95999908447266,110.0,77.68721008300781,347025,0.0,False
2010-06-15,111.27999877929688,113.95999908447266,111.16000366210938,113.91999816894531,80.45569610595703,302950,0.0,False
2010-06-16,112.95999908447266,114.68000030517578,112.19999694824219,114.4000015258789,80.7947006225586,263525,0.0,False
2010-06-17,116.19999694824219,117.80000305175781,115.76000213623047,116.95999908447266,82.60269165039062,457700,0.0,False
2010-06-18,119.27999877929688,121.44000244140625,118.44000244140625,121.4000015258789,85.73843383789062,511500,0.0,False
2010-06-21,122.04000091552734,122.5999984741211,114.27999877929688,115.0,81.21843719482422,572275,0.0,False
2010-06-22,115.5999984741211,117.36000061035156,113.55999755859375,113.91999816894531,80.45569610595703,401000,0.0,False
2010-06-23,113.12000274658203,115.36000061035156,111.31999969482422,114.4000015258789,80.7947006225586,316475,0.0,False
2010-06-24,114.23999786376953,116.36000061035156,113.08000183105469,114.4000015258789,80.7947006225586,307275,0.0,False
2010-06-25,116.5199966430664,119.0,115.72000122070312,118.4800033569336,83.67618560791016,341075,0.0,False
2010-06-28,118.4000015258789,120.27999877929688,116.23999786376953,116.76000213623047,82.46143341064453,363925,0.0,False
2010-06-29,114.23999786376953,114.23999786376953,110.5999984741211,111.5999984741211,78.81720733642578,609150,0.0,False
2010-06-30,111.83999633789062,112.87999725341797,108.87999725341797,109.04000091552734,77.00921630859375,446525,0.0,False
2010-07-01,109.16000366210938,110.23999786376953,101.76000213623047,103.5199966430664,73.11073303222656,560550,0.0,False
2010-07-02,105.44000244140625,107.68000030517578,104.31999969482422,104.83999633789062,74.04297637939453,409450,0.0,False
2010-07-06,105.72000122070312,105.80000305175781,101.5999984741211,102.68000030517578,72.51747131347656,416600,0.0,False
2010-07-07,101.87999725341797,104.83999633789062,101.44000244140625,104.83999633789062,74.04297637939453,311625,0.0,False
2010-07-08,105.27999877929688,105.63999938964844,102.5199966430664,103.87999725341797,73.36498260498047,249475,0.0,False
2010-07-09,105.04000091552734,107.5999984741211,104.76000213623047,107.27999877929688,75.7662124633789,222850,0.0,False
2010-07-12,106.83999633789062,107.80000305175781,104.91999816894531,105.5999984741211,74.5797348022461,161000,0.0,False
2010-07-13,108.55999755859375,108.83999633789062,106.4800033569336,106.76000213623047,75.39895629882812,275200,0.0,False
2010-07-14,106.44000244140625,108.4000015258789,105.68000030517578,106.83999633789062,75.45547485351562,209800,0.0,False
2010-07-15,107.5999984741211,107.72000122070312,104.87999725341797,107.23999786376953,75.73796844482422,174300,0.0,False
2010-07-16,105.0,105.08000183105469,103.31999969482422,104.04000091552734,73.47797393798828,254725,0.0,False
2010-07-19,103.04000091552734,103.27999877929688,100.4000015258789,101.5199966430664,71.69822692871094,327975,0.0,False
2010-07-20,101.27999877929688,104.68000030517578,100.91999816894531,104.55999755859375,73.84523010253906,236575,0.0,False
2010-07-21,105.5999984741211,106.0,102.44000244140625,103.04000091552734,72.771728515625,278325,0.0,False
2010-07-22,104.0,106.12000274658203,103.87999725341797,104.91999816894531,74.09947204589844,225725,0.0,False
2010-07-23,105.87999725341797,106.36000061035156,104.36000061035156,105.5199966430664,74.52320861816406,294900,0.0,False
2010-07-26,106.5199966430664,106.55999755859375,105.08000183105469,105.27999877929688,74.35372161865234,114850,0.0,False
2010-07-27,105.16000366210938,105.16000366210938,101.87999725341797,102.83999633789062,72.6304702758789,365975,0.0,False
2010-07-28,102.5199966430664,103.95999908447266,102.08000183105469,103.12000274658203,72.8282241821289,161700,0.0,False
2010-07-29,104.5199966430664,105.12000274658203,103.55999755859375,104.76000213623047,73.98646545410156,207175,0.0,False
2010-07-30,104.68000030517578,106.91999816894531,104.19999694824219,106.68000030517578,75.34247589111328,218350,0.0,False
2010-08-02,108.19999694824219,108.91999816894531,105.55999755859375,106.19999694824219,75.00345611572266,291525,0.0,False
2010-08-03,107.4000015258789,109.31999969482422,107.27999877929688,109.12000274658203,77.06571197509766,393350,0.0,False
2010-08-04,111.04000091552734,112.76000213623047,110.87999725341797,112.31999969482422,79.3257064819336,295500,0.0,False
2010-08-05,112.63999938964844,113.19999694824219,111.72000122070312,112.68000030517578,79.57994842529297,182000,0.0,False
2010-08-06,112.95999908447266,114.0,112.36000061035156,113.19999694824219,79.94718933105469,245725,0.0,False
2010-08-09,113.4800033569336,114.12000274658203,112.23999786376953,114.08000183105469,80.56871032714844,203050,0.0,False
2010-08-10,112.23999786376953,113.55999755859375,110.0,112.91999816894531,79.74945068359375,420075,0.0,False
2010-08-11,111.5999984741211,111.80000305175781,108.91999816894531,109.23999786376953,77.15045166015625,258075,0.0,False
2010-08-12,110.63999938964844,113.19999694824219,110.0,113.12000274658203,79.89070129394531,275350,0.0,False
2010-08-13,113.12000274658203,114.08000183105469,112.87999725341797,113.68000030517578,80.28619384765625,200450,0.0,False
2010-08-16,114.36000061035156,115.72000122070312,114.19999694824219,115.4800033569336,81.55743408203125,263900,0.0,False
2010-08-17,115.91999816894531,117.63999938964844,115.87999725341797,117.04000091552734,82.65918731689453,200425,0.0,False
2010-08-18,116.76000213623047,119.27999877929688,115.19999694824219,119.19999694824219,84.18467712402344,283425,0.0,False
2010-08-19,119.19999694824219,119.91999816894531,117.19999694824219,118.23999786376953,83.50668334960938,321325,0.0,False
2010-08-20,116.95999908447266,117.68000030517578,114.80000305175781,117.68000030517578,83.11117553710938,235275,0.0,False
2010-08-23,118.0,118.19999694824219,115.76000213623047,116.16000366210938,82.0376968383789,164625,0.0,False
2010-08-24,113.27999877929688,115.5199966430664,112.23999786376953,114.4000015258789,80.7947006225586,325475,0.0,False
2010-08-25,115.5999984741211,118.5999984741211,114.80000305175781,118.4800033569336,83.67618560791016,242975,0.0,False
2010-08-26,118.68000030517578,120.4000015258789,118.5199966430664,119.16000366210938,84.15642547607422,273925,0.0,False
2010-08-27,119.95999908447266,121.36000061035156,117.76000213623047,121.19999694824219,85.59718322753906,258900,0.0,False
2010-08-30,121.55999755859375,122.0,119.76000213623047,119.76000213623047,84.58018493652344,131875,0.0,False
2010-08-31,121.12000274658203,123.0,120.83999633789062,121.36000061035156,85.71017456054688,281325,0.0,False
2010-09-01,123.80000305175781,123.95999908447266,121.72000122070312,122.5999984741211,86.5859146118164,296675,0.0,False
2010-09-02,123.72000122070312,124.5999984741211,122.5199966430664,124.4800033569336,87.91368103027344,236900,0.0,False
2010-09-03,125.55999755859375,128.44000244140625,124.95999908447266,127.95999908447266,90.37141418457031,483925,0.0,False
2010-09-07,129.0399932861328,130.63999938964844,129.0399932861328,129.44000244140625,91.41665649414062,372200,0.0,False
2010-09-08,130.75999450683594,132.1999969482422,130.0,130.0800018310547,91.86865997314453,466475,0.0,False
2010-09-09,130.39999389648438,131.1999969482422,126.04000091552734,126.76000213623047,89.52391052246094,394000,0.0,False
2010-09-10,126.4000015258789,128.8800048828125,126.04000091552734,128.67999267578125,90.8799057006836,231600,0.0,False
2010-09-13,129.52000427246094,129.9199981689453,127.87999725341797,129.1999969482422,91.24714660644531,250450,0.0,False
2010-09-14,132.0800018310547,135.83999633789062,131.0,134.0399932861328,94.6653823852539,676825,0.0,False
2010-09-15,134.0,134.9199981689453,132.72000122070312,133.16000366210938,94.04389953613281,392850,0.0,False
2010-09-16,134.60000610351562,135.52000427246094,134.0399932861328,135.52000427246094,95.71063232421875,387000,0.0,False
2010-09-17,136.0,136.0,133.60000610351562,134.8000030517578,95.2021484375,333825,0.0,False
2010-09-20,135.60000610351562,138.16000366210938,135.47999572753906,137.0,96.75589752197266,367925,0.0,False
2010-09-21,136.16000366210938,137.0800018310547,132.47999572753906,136.75999450683594,96.58638000488281,643775,0.0,False
2010-09-22,138.55999755859375,139.27999877929688,135.9199981689453,137.0399932861328,96.78412628173828,671400,0.0,False
2010-09-23,136.44000244140625,138.0,135.36000061035156,135.83999633789062,95.93663024902344,266675,0.0,False
2010-09-24,138.0,138.36000061035156,134.9199981689453,135.0399932861328,95.37162780761719,436050,0.0,False
2010-09-27,136.8000030517578,137.0800018310547,133.72000122070312,134.0,94.63714599609375,445950,0.0,False
2010-09-28,133.55999755859375,136.75999450683594,130.36000061035156,136.55999755859375,96.44513702392578,692150,0.0,False
2010-09-29,137.1999969482422,137.63999938964844,135.27999877929688,136.27999877929688,96.24739074707031,402475,0.0,False
2010-09-30,137.67999267578125,137.67999267578125,131.55999755859375,133.60000610351562,94.35464477539062,552550,0.0,False
2010-10-01,134.9600067138672,137.0399932861328,134.9199981689453,136.75999450683594,96.58638000488281,594275,0.0,False
2010-10-04,135.44000244140625,135.8800048828125,132.83999633789062,133.36000061035156,94.18514251708984,321100,0.0,False
2010-10-05,136.47999572753906,139.0800018310547,136.27999877929688,138.63999938964844,97.91413879394531,570725,0.0,False
2010-10-06,139.39999389648438,142.1199951171875,139.24000549316406,141.63999938964844,100.03288269042969,703125,0.0,False
2010-10-07,142.9600067138672,143.1999969482422,136.32000732421875,137.39999389648438,97.03836822509766,858325,0.0,False
2010-10-08,137.24000549316406,140.60000610351562,136.55999755859375,140.36000061035156,99.12889099121094,516925,0.0,False
2010-10-11,139.75999450683594,141.83999633789062,139.0,141.55999755859375,99.97637176513672,376925,0.0,False
2010-10-12,140.0,140.9600067138672,137.83999633789062,140.75999450683594,99.41139221191406,580400,0.0,False
2010-10-13,142.9600067138672,146.1199951171875,142.47999572753906,145.39999389648438,102.68833923339844,514900,0.0,False
2010-10-14,145.9199981689453,147.0800018310547,144.60000610351562,145.36000061035156,102.66011047363281,520875,0.0,False
2010-10-15,144.36000061035156,144.8000030517578,140.8800048828125,142.60000610351562,100.71085357666016,478700,0.0,False
2010-10-18,140.67999267578125,145.75999450683594,139.1999969482422,142.52000427246094,100.65438079833984,299250,0.0,False
2010-10-19,137.24000549316406,137.24000549316406,132.44000244140625,133.55999755859375,94.32640075683594,994700,0.0,False
2010-10-20,134.83999633789062,138.63999938964844,134.8000030517578,138.32000732421875,97.68814849853516,495200,0.0,False
2010-10-21,138.1199951171875,139.0399932861328,132.60000610351562,133.8000030517578,94.49589538574219,628950,0.0,False
2010-10-22,133.83999633789062,135.9600067138672,132.47999572753906,135.75999450683594,95.88011932373047,382200,0.0,False
2010-10-25,139.63999938964844,140.75999450683594,138.1999969482422,140.0,98.87464141845703,596900,0.0,False
2010-10-26,138.32000732421875,141.75999450683594,138.0800018310547,141.1199951171875,99.66561889648438,371400,0.0,False
2010-10-27,139.47999572753906,139.52000427246094,135.55999755859375,138.36000061035156,97.71639251708984,468450,0.0,False
2010-10-28,140.8800048828125,142.27999877929688,138.63999938964844,142.1999969482422,100.4283676147461,524100,0.0,False
2010-10-29,142.32000732421875,144.8800048828125,141.9199981689453,144.72000122070312,102.2081298828125,442550,0.0,False
2010-11-01,145.63999938964844,147.16000366210938,144.0800018310547,145.1199951171875,102.49061584472656,447850,0.0,False
2010-11-02,146.9600067138672,148.0,146.0,147.0399932861328,103.84661865234375,379250,0.0,False
2010-11-03,147.9199981689453,148.8800048828125,143.72000122070312,148.1199951171875,104.60934448242188,827475,0.0,False
2010-11-04,154.63999938964844,160.0,153.1999969482422,159.72000122070312,112.80181121826172,1335350,0.0,False
2010-11-05,159.1999969482422,164.24000549316406,158.44000244140625,162.0399932861328,114.44031524658203,1111225,0.0,False
2010-11-08,161.75999450683594,167.75999450683594,160.63999938964844,167.27999877929688,118.14105987548828,917525,0.0,False
2010-11-09,170.47999572753906,173.24000549316406,155.39999389648438,158.27999877929688,111.78483581542969,1715925,0.0,False
2010-11-10,160.1199951171875,162.60000610351562,154.60000610351562,162.24000549316406,114.58159637451172,1012575,0.0,False
2010-11-11,163.27999877929688,163.32000732421875,159.1999969482422,163.0,115.11832427978516,562175,0.0,False
2010-11-12,159.8000030517578,161.27999877929688,154.55999755859375,156.72000122070312,110.68309783935547,832975,0.0,False
2010-11-15,157.67999267578125,158.0,153.8000030517578,154.0,108.7620849609375,494300,0.0,False
2010-11-16,151.9600067138672,152.0,145.32000732421875,147.52000427246094,104.18561553955078,1489375,0.0,False
2010-11-17,148.0,153.1999969482422,147.72000122070312,151.32000732421875,106.86935424804688,677650,0.0,False
2010-11-18,155.75999450683594,157.32000732421875,154.8000030517578,155.27999877929688,109.66608428955078,731225,0.0,False
2010-11-19,154.36000061035156,156.67999267578125,152.0,156.55999755859375,110.5700912475586,475225,0.0,False
2010-11-22,155.75999450683594,159.55999755859375,155.32000732421875,159.39999389648438,112.57583618164062,497825,0.0,False
2010-11-23,158.27999877929688,159.0,156.39999389648438,158.0,111.58708953857422,557925,0.0,False
2010-11-24,159.1199951171875,159.60000610351562,157.27999877929688,158.55999755859375,111.98258209228516,308200,0.0,False
2010-11-26,154.44000244140625,156.27999877929688,154.0,155.60000610351562,109.89208221435547,178425,0.0,False
2010-11-29,155.0800018310547,157.83999633789062,152.44000244140625,157.52000427246094,111.24808502197266,404625,0.0,False
2010-11-30,158.27999877929688,163.27999877929688,157.60000610351562,161.8000030517578,114.27082824707031,723575,0.0,False
2010-12-01,164.32000732421875,165.72000122070312,162.39999389648438,165.0800018310547,116.58728790283203,620125,0.0,False
2010-12-02,166.0399932861328,169.44000244140625,166.0399932861328,167.47999572753906,118.28229522705078,579775,0.0,False
2010-12-03,169.0,172.0,168.44000244140625,171.83999633789062,121.36153411865234,697025,0.0,False
2010-12-06,172.1199951171875,175.8800048828125,172.1199951171875,175.75999450683594,124.13002014160156,755875,0.0,False
2010-12-07,179.24000549316406,179.44000244140625,169.27999877929688,169.52000427246094,119.7230453491211,1073050,0.0,False
2010-12-08,168.36000061035156,168.8000030517578,162.72000122070312,166.0399932861328,117.26531982421875,895750,0.0,False
2010-12-09,168.47999572753906,169.72000122070312,165.1999969482422,165.44000244140625,116.841552734375,1253300,0.0,False
2010-12-10,164.72000122070312,166.44000244140625,161.55999755859375,166.24000549316406,117.40654754638672,861850,0.0,False
2010-12-13,170.0800018310547,170.8800048828125,167.75999450683594,168.1999969482422,118.79080200195312,782025,0.0,False
2010-12-14,169.39999389648438,171.1199951171875,167.0,168.83999633789062,119.24279022216797,642000,0.0,False
2010-12-15,168.0399932861328,168.24000549316406,163.9199981689453,164.36000061035156,116.07879638671875,560350,0.0,False
2010-12-16,164.0,164.24000549316406,160.8000030517578,162.8800048828125,115.03355407714844,778975,0.0,False
2010-12-17,162.0,167.72000122070312,162.0,167.24000549316406,118.1128158569336,794800,0.0,False
2010-12-20,167.8800048828125,168.0800018310547,163.75999450683594,167.1999969482422,118.08456420898438,486425,0.0,False
2010-12-21,167.0800018310547,168.55999755859375,165.47999572753906,168.55999755859375,119.04505920410156,515475,0.0,False
2010-12-22,168.47999572753906,168.67999267578125,162.52000427246094,162.83999633789062,115.00531005859375,587600,0.0,False
2010-12-23,150.60000610351562,155.1199951171875,150.0800018310547,152.83999633789062,116.3111801147461,926175,0.0,False
2010-12-27,153.36000061035156,153.36000061035156,151.1999969482422,151.75999450683594,115.48930358886719,367575,0.0,False
2010-12-28,155.63999938964844,159.9600067138672,154.47999572753906,159.9199981689453,121.69908142089844,551325,0.0,False
2010-12-29,160.52000427246094,160.9600067138672,158.44000244140625,158.8000030517578,120.84674835205078,416025,0.0,False
2010-12-30,159.44000244140625,160.0399932861328,156.60000610351562,157.16000366210938,119.59872436523438,322775,0.0,False
2010-12-31,158.8000030517578,161.0399932861328,158.0800018310547,159.55999755859375,121.42510223388672,427125,0.0,False
2011-01-03,161.0399932861328,163.1999969482422,159.32000732421875,159.8800048828125,121.66860961914062,591050,0.0,False
2011-01-04,157.47999572753906,159.0800018310547,148.83999633789062,151.9600067138672,115.64151000976562,1332575,0.0,False
2011-01-05,150.24000549316406,151.44000244140625,147.0,150.67999267578125,114.6674575805664,900125,0.0,False
2011-01-06,150.67999267578125,150.72000122070312,144.47999572753906,144.47999572753906,109.9492416381836,829350,0.0,False
2011-01-07,144.72000122070312,147.1999969482422,143.0800018310547,144.72000122070312,110.13188934326172,711525,0.0,False
2011-01-10,144.9199981689453,147.27999877929688,142.83999633789062,146.8000030517578,111.71476745605469,587800,0.0,False
2011-01-11,149.16000366210938,151.83999633789062,148.47999572753906,151.39999389648438,115.21533966064453,798375,0.0,False
2011-01-12,152.36000061035156,153.0,150.0800018310547,151.72000122070312,115.45886993408203,596125,0.0,False
2011-01-13,151.8800048828125,152.52000427246094,145.0800018310547,145.8000030517578,110.95374298095703,681525,0.0,False
2011-01-14,143.75999450683594,144.72000122070312,141.44000244140625,142.60000610351562,108.51854705810547,847525,0.0,False
2011-01-18,143.75999450683594,146.1999969482422,143.47999572753906,144.83999633789062,110.22320556640625,491375,0.0,False
2011-01-19,146.63999938964844,146.8000030517578,142.27999877929688,143.0399932861328,108.85340118408203,450225,0.0,False
2011-01-20,139.27999877929688,139.47999572753906,134.75999450683594,138.27999877929688,105.23104095458984,1221875,0.0,False
2011-01-21,138.72000122070312,139.0,135.27999877929688,135.63999938964844,103.22199249267578,660075,0.0,False
2011-01-24,135.27999877929688,137.55999755859375,132.9199981689453,134.0,101.97394561767578,601050,0.0,False
2011-01-25,132.63999938964844,133.27999877929688,130.0399932861328,133.24000549316406,101.39561462402344,1256150,0.0,False
2011-01-26,133.0,139.9199981689453,132.47999572753906,139.47999572753906,106.14423370361328,1015625,0.0,False
2011-01-27,139.55999755859375,139.8800048828125,134.8800048828125,135.67999267578125,103.25244140625,883300,0.0,False
2011-01-28,134.52000427246094,140.83999633789062,134.39999389648438,138.52000427246094,105.4136734008789,1337375,0.0,False
2011-01-31,138.72000122070312,139.0399932861328,136.32000732421875,136.39999389648438,103.80036926269531,539750,0.0,False
2011-02-01,138.9600067138672,142.72000122070312,138.0800018310547,142.47999572753906,108.42723846435547,911800,0.0,False
2011-02-02,142.36000061035156,142.39999389648438,139.72000122070312,141.72000122070312,107.84886932373047,531150,0.0,False
2011-02-03,144.24000549316406,150.44000244140625,141.39999389648438,150.0,114.14994812011719,1097225,0.0,False
2011-02-04,151.27999877929688,152.1199951171875,148.67999267578125,150.0800018310547,114.21082305908203,727900,0.0,False
2011-02-07,150.67999267578125,152.32000732421875,149.55999755859375,150.1199951171875,114.24125671386719,385650,0.0,False
2011-02-08,152.24000549316406,154.0,151.32000732421875,153.0800018310547,116.49382781982422,811700,0.0,False
2011-02-09,153.39999389648438,153.8000030517578,147.9600067138672,148.63999938964844,113.11500549316406,914575,0.0,False
2011-02-10,146.60000610351562,148.27999877929688,143.44000244140625,147.32000732421875,112.11048889160156,689075,0.0,False
2011-02-11,147.27999877929688,149.55999755859375,146.0399932861328,146.1999969482422,111.25814056396484,523475,0.0,False
2011-02-14,147.60000610351562,149.67999267578125,147.60000610351562,149.27999877929688,113.60201263427734,384675,0.0,False
2011-02-15,151.60000610351562,152.55999755859375,151.0800018310547,151.75999450683594,115.48930358886719,449925,0.0,False
2011-02-16,152.32000732421875,154.24000549316406,150.39999389648438,153.9600067138672,117.16350555419922,708775,0.0,False
2011-02-17,154.75999450683594,155.36000061035156,153.63999938964844,154.72000122070312,117.74188232421875,710500,0.0,False
2011-02-18,154.8800048828125,157.63999938964844,154.8800048828125,155.9600067138672,118.68553161621094,745525,0.0,False
2011-02-22,158.8000030517578,158.8000030517578,151.83999633789062,152.27999877929688,115.88501739501953,955425,0.0,False
2011-02-23,152.0399932861328,154.52000427246094,151.1199951171875,153.0,116.43294525146484,868200,0.0,False
2011-02-24,152.60000610351562,153.39999389648438,146.9199981689453,147.1999969482422,112.01918029785156,931050,0.0,False
2011-02-25,148.39999389648438,151.47999572753906,148.39999389648438,151.44000244140625,115.24580383300781,456775,0.0,False
2011-02-28,152.1999969482422,154.9600067138672,151.67999267578125,154.0,117.19395446777344,395000,0.0,False
2011-03-01,155.8800048828125,158.67999267578125,155.1199951171875,158.32000732421875,120.4814682006836,835600,0.0,False
2011-03-02,159.52000427246094,159.72000122070312,157.60000610351562,158.75999450683594,120.81629943847656,623050,0.0,False
2011-03-03,156.9600067138672,157.47999572753906,154.39999389648438,156.63999938964844,119.2029800415039,960975,0.0,False
2011-03-04,157.16000366210938,160.24000549316406,157.16000366210938,159.8000030517578,121.60775756835938,452300,0.0,False
2011-03-07,162.24000549316406,163.16000366210938,156.75999450683594,158.63999938964844,120.72499084472656,533825,0.0,False
2011-03-08,157.16000366210938,157.32000732421875,153.39999389648438,156.44000244140625,119.05078887939453,361325,0.0,False
2011-03-09,157.9199981689453,158.0,153.63999938964844,154.0399932861328,117.22437286376953,451050,0.0,False
2011-03-10,151.27999877929688,151.27999877929688,145.44000244140625,146.1999969482422,111.25814056396484,1041600,0.0,False
2011-03-11,143.9600067138672,151.32000732421875,143.27999877929688,150.67999267578125,114.6674575805664,622175,0.0,False
2011-03-14,148.44000244140625,150.24000549316406,146.1199951171875,148.39999389648438,112.93234252929688,456525,0.0,False
2011-03-15,137.44000244140625,144.24000549316406,136.27999877929688,142.52000427246094,108.45767974853516,1225625,0.0,False
2011-03-16,143.47999572753906,145.55999755859375,138.55999755859375,140.1199951171875,106.63127136230469,707675,0.0,False
2011-03-17,141.9199981689453,143.9199981689453,141.16000366210938,142.63999938964844,108.54900360107422,604550,0.0,False
2011-03-18,146.1999969482422,148.8800048828125,145.0800018310547,147.60000610351562,112.32355499267578,909525,0.0,False
2011-03-21,151.39999389648438,152.9199981689453,150.1999969482422,152.8800048828125,116.34162139892578,519725,0.0,False
2011-03-22,151.55999755859375,152.9199981689453,150.36000061035156,152.27999877929688,115.88501739501953,405275,0.0,False
2011-03-23,153.27999877929688,158.44000244140625,152.39999389648438,157.47999572753906,119.84224700927734,671925,0.0,False
2011-03-24,158.75999450683594,160.8000030517578,155.67999267578125,156.32000732421875,118.95948028564453,1008375,0.0,False
2011-03-25,157.16000366210938,158.0399932861328,153.8000030517578,154.47999572753906,117.55924224853516,777600,0.0,False
2011-03-28,152.16000366210938,154.47999572753906,152.0,152.0,115.67195129394531,453475,0.0,False
2011-03-29,152.1999969482422,154.75999450683594,150.75999450683594,152.63999938964844,116.15898132324219,373775,0.0,False
2011-03-30,155.32000732421875,156.52000427246094,153.27999877929688,156.24000549316406,118.89859771728516,497225,0.0,False
2011-03-31,158.1999969482422,158.60000610351562,156.63999938964844,156.8800048828125,119.3856201171875,417175,0.0,False
2011-04-01,156.39999389648438,157.0399932861328,154.39999389648438,156.0,118.7159423828125,409525,0.0,False
2011-04-04,158.0,158.55999755859375,156.9600067138672,157.60000610351562,119.93354034423828,339925,0.0,False
2011-04-05,156.9600067138672,166.83999633789062,156.9600067138672,166.63999938964844,126.81299591064453,1095550,0.0,False
2011-04-06,168.47999572753906,169.9600067138672,165.83999633789062,166.32000732421875,126.56947326660156,940075,0.0,False
2011-04-07,165.9600067138672,169.44000244140625,164.8000030517578,166.67999267578125,126.84341430664062,701850,0.0,False
2011-04-08,169.36000061035156,171.8800048828125,168.16000366210938,169.39999389648438,128.913330078125,926400,0.0,False
2011-04-11,169.72000122070312,170.0,161.0399932861328,162.9199981689453,123.98208618164062,743275,0.0,False
2011-04-12,162.1999969482422,162.8800048828125,156.44000244140625,157.75999450683594,120.05533599853516,812675,0.0,False
2011-04-13,159.8000030517578,161.55999755859375,157.8800048828125,159.36000061035156,121.27291107177734,613375,0.0,False
2011-04-14,160.1199951171875,164.63999938964844,158.9199981689453,164.0,124.8039321899414,659375,0.0,False
2011-04-15,164.36000061035156,164.8000030517578,161.83999633789062,162.32000732421875,123.52547454833984,688500,0.0,False
2011-04-18,161.0800018310547,162.60000610351562,156.24000549316406,160.0800018310547,121.8208236694336,858775,0.0,False
2011-04-19,160.55999755859375,162.9199981689453,159.47999572753906,162.67999267578125,123.7994155883789,403550,0.0,False
2011-04-20,165.44000244140625,168.47999572753906,165.1999969482422,166.1199951171875,126.41727447509766,784050,0.0,False
2011-04-21,167.39999389648438,168.32000732421875,165.83999633789062,167.39999389648438,127.3913345336914,389375,0.0,False
2011-04-25,169.0800018310547,169.16000366210938,161.9600067138672,162.24000549316406,123.464599609375,778225,0.0,False
2011-04-26,161.1199951171875,161.83999633789062,158.72000122070312,160.60000610351562,122.216552734375,548625,0.0,False
2011-04-27,161.67999267578125,166.72000122070312,158.1199951171875,166.52000427246094,126.7216567993164,801450,0.0,False
2011-04-28,166.83999633789062,169.60000610351562,165.0,166.24000549316406,126.50858306884766,850000,0.0,False
2011-04-29,166.36000061035156,168.27999877929688,164.32000732421875,166.60000610351562,126.78256225585938,681125,0.0,False
2011-05-02,162.32000732421875,165.52000427246094,158.24000549316406,158.9600067138672,120.96849822998047,874025,0.0,False
2011-05-03,158.0,158.0,150.24000549316406,151.67999267578125,115.42842102050781,1382000,0.0,False
2011-05-04,152.44000244140625,153.36000061035156,148.0800018310547,151.75999450683594,115.48930358886719,1046725,0.0,False
2011-05-05,148.32000732421875,151.67999267578125,141.55999755859375,143.16000366210938,108.9447250366211,1285550,0.0,False
2011-05-06,146.60000610351562,150.52000427246094,146.1199951171875,147.44000244140625,112.2018051147461,805225,0.0,False
2011-05-09,149.67999267578125,151.0800018310547,146.9600067138672,150.8000030517578,114.75875091552734,606625,0.0,False
2011-05-10,150.9199981689453,152.32000732421875,149.55999755859375,150.1999969482422,114.30216979980469,595000,0.0,False
2011-05-11,148.8800048828125,149.83999633789062,141.67999267578125,143.27999877929688,109.03605651855469,1112575,0.0,False
2011-05-12,139.52000427246094,144.27999877929688,137.52000427246094,141.44000244140625,107.63579559326172,1168125,0.0,False
2011-05-13,142.16000366210938,143.55999755859375,137.39999389648438,138.75999450683594,105.59630584716797,677675,0.0,False
2011-05-16,138.0399932861328,142.39999389648438,137.32000732421875,138.8000030517578,105.62674713134766,607750,0.0,False
2011-05-17,136.9600067138672,139.0,134.0,137.8800048828125,104.92662811279297,887550,0.0,False
2011-05-18,139.39999389648438,142.44000244140625,138.8000030517578,141.55999755859375,107.72711181640625,629650,0.0,False
2011-05-19,142.0399932861328,143.36000061035156,139.83999633789062,141.8800048828125,107.97064208984375,394675,0.0,False
2011-05-20,141.39999389648438,145.27999877929688,139.0,144.60000610351562,110.04055786132812,1166450,0.0,False
2011-05-23,142.0399932861328,144.75999450683594,139.9600067138672,140.27999877929688,106.75303649902344,901975,0.0,False
2011-05-24,142.52000427246094,146.36000061035156,142.24000549316406,145.8800048828125,111.01465606689453,725000,0.0,False
2011-05-25,146.36000061035156,148.44000244140625,144.75999450683594,146.55999755859375,111.53209686279297,446275,0.0,False
2011-05-26,146.16000366210938,147.36000061035156,144.1199951171875,146.60000610351562,111.56256866455078,472000,0.0,False
2011-05-27,148.0399932861328,150.1999969482422,148.0399932861328,149.75999450683594,113.9673080444336,347675,0.0,False
2011-05-31,151.55999755859375,152.24000549316406,149.0399932861328,151.75999450683594,115.48930358886719,413400,0.0,False
2011-06-01,150.8800048828125,153.32000732421875,148.1999969482422,148.72000122070312,113.17587280273438,460750,0.0,False
2011-06-02,148.0399932861328,149.72000122070312,143.67999267578125,146.0399932861328,111.13639831542969,566675,0.0,False
2011-06-03,145.47999572753906,146.72000122070312,143.83999633789062,144.36000061035156,109.85791778564453,467150,0.0,False
2011-06-06,145.0800018310547,145.9199981689453,140.39999389648438,141.0800018310547,107.36186218261719,493225,0.0,False
2011-06-07,142.27999877929688,143.44000244140625,141.0800018310547,141.67999267578125,107.81844329833984,456200,0.0,False
2011-06-08,140.0,141.0800018310547,135.16000366210938,137.63999938964844,104.7439956665039,844975,0.0,False
2011-06-09,137.32000732421875,141.47999572753906,136.16000366210938,140.9199981689453,107.24007415771484,437825,0.0,False
2011-06-10,138.36000061035156,139.9600067138672,135.8800048828125,139.47999572753906,106.14423370361328,1076550,0.0,False
2011-06-13,138.1999969482422,138.1999969482422,133.0800018310547,133.47999572753906,101.57823181152344,884725,0.0,False
2011-06-14,135.0399932861328,138.0800018310547,134.52000427246094,137.0800018310547,104.31783294677734,463825,0.0,False
2011-06-15,135.75999450683594,138.27999877929688,133.1199951171875,134.8800048828125,102.6436538696289,659250,0.0,False
2011-06-16,133.72000122070312,134.75999450683594,128.60000610351562,130.39999389648438,99.23435974121094,854650,0.0,False
2011-06-17,131.1999969482422,134.0800018310547,129.8000030517578,130.55999755859375,99.35611724853516,739775,0.0,False
2011-06-20,130.16000366210938,131.24000549316406,129.27999877929688,130.55999755859375,99.35611724853516,553825,0.0,False
2011-06-21,131.8800048828125,136.63999938964844,131.47999572753906,135.9600067138672,103.46553039550781,647650,0.0,False
2011-06-22,136.55999755859375,141.44000244140625,136.55999755859375,138.63999938964844,105.50499725341797,787150,0.0,False
2011-06-23,134.27999877929688,136.39999389648438,131.9600067138672,136.36000061035156,103.7699203491211,680250,0.0,False
2011-06-24,135.8800048828125,136.0,131.63999938964844,131.9600067138672,100.42152404785156,633150,0.0,False
2011-06-27,130.8800048828125,131.1999969482422,128.24000549316406,129.1199951171875,98.2602767944336,618875,0.0,False
2011-06-28,130.1199951171875,131.9199981689453,128.8800048828125,131.72000122070312,100.23888397216797,443800,0.0,False
2011-06-29,132.60000610351562,136.36000061035156,132.60000610351562,135.8800048828125,103.40462493896484,703400,0.0,False
2011-06-30,136.72000122070312,138.0,135.52000427246094,137.9199981689453,104.95707702636719,576050,0.0,False
2011-07-01,135.44000244140625,136.0,133.60000610351562,135.63999938964844,103.22199249267578,519100,0.0,False
2011-07-05,138.27999877929688,141.9199981689453,137.75999450683594,141.0,107.30094146728516,741125,0.0,False
2011-07-06,143.0,145.16000366210938,142.47999572753906,144.44000244140625,109.91879272460938,782400,0.0,False
2011-07-07,146.16000366210938,147.32000732421875,144.8000030517578,145.1999969482422,110.4971694946289,586775,0.0,False
2011-07-08,145.27999877929688,146.8800048828125,144.44000244140625,145.67999267578125,110.86243438720703,445650,0.0,False
2011-07-11,145.1199951171875,145.63999938964844,140.55999755859375,142.0,108.06197357177734,681600,0.0,False
2011-07-12,140.83999633789062,146.16000366210938,140.0800018310547,145.16000366210938,110.46671295166016,1136700,0.0,False
2011-07-13,148.47999572753906,153.1999969482422,147.9600067138672,151.8800048828125,115.58063507080078,1497950,0.0,False
2011-07-14,154.32000732421875,154.8800048828125,149.1999969482422,150.44000244140625,114.48478698730469,1288350,0.0,False
2011-07-15,150.63999938964844,152.63999938964844,149.72000122070312,152.16000366210938,115.7937240600586,555350,0.0,False
2011-07-18,154.47999572753906,156.47999572753906,153.83999633789062,156.27999877929688,118.92900848388672,918525,0.0,False
2011-07-19,156.9199981689453,157.0,151.0,151.0,114.91094970703125,740175,0.0,False
2011-07-20,150.9199981689453,154.32000732421875,149.39999389648438,153.75999450683594,117.01131439208984,560400,0.0,False
2011-07-21,154.67999267578125,155.32000732421875,150.75999450683594,152.16000366210938,115.7937240600586,596200,0.0,False
2011-07-22,153.83999633789062,155.8800048828125,153.39999389648438,154.72000122070312,117.74188232421875,440675,0.0,False
2011-07-25,157.0,158.0,153.44000244140625,154.0800018310547,117.25482177734375,564650,0.0,False
2011-07-26,153.8000030517578,154.67999267578125,152.60000610351562,153.83999633789062,117.07220458984375,364700,0.0,False
2011-07-27,154.63999938964844,155.9199981689453,146.72000122070312,147.1999969482422,112.01918029785156,862150,0.0,False
2011-07-28,146.44000244140625,146.72000122070312,143.36000061035156,145.63999938964844,110.83198547363281,854500,0.0,False
2011-07-29,144.75999450683594,145.32000732421875,142.39999389648438,144.1999969482422,109.73616027832031,904825,0.0,False
2011-08-01,144.8000030517578,146.8800048828125,143.83999633789062,145.44000244140625,110.6798095703125,589150,0.0,False
2011-08-02,147.1199951171875,150.36000061035156,146.44000244140625,148.8800048828125,113.29765319824219,911125,0.0,False
2011-08-03,151.1199951171875,152.83999633789062,148.1999969482422,148.75999450683594,113.20631408691406,751225,0.0,False
2011-08-04,149.63999938964844,149.72000122070312,134.83999633789062,138.24000549316406,105.20059204101562,1680975,0.0,False
2011-08-05,137.24000549316406,138.44000244140625,126.4800033569336,130.9199981689453,99.63007354736328,1799700,0.0,False
2011-08-08,131.8800048828125,135.16000366210938,129.0,131.55999755859375,100.11711120605469,2146125,0.0,False
2011-08-09,132.1199951171875,136.39999389648438,128.83999633789062,135.72000122070312,103.28287506103516,1663975,0.0,False
2011-08-10,135.16000366210938,143.24000549316406,134.0,141.55999755859375,107.72711181640625,1501600,0.0,False
2011-08-11,140.0399932861328,144.39999389648438,139.16000366210938,143.32000732421875,109.06649017333984,1251725,0.0,False
2011-08-12,141.67999267578125,142.24000549316406,138.1199951171875,140.0,106.53996276855469,679575,0.0,False
2011-08-15,139.72000122070312,144.32000732421875,139.16000366210938,144.1199951171875,109.6752700805664,533750,0.0,False
2011-08-16,144.1199951171875,145.47999572753906,142.72000122070312,143.60000610351562,109.27954864501953,653500,0.0,False
2011-08-17,145.0,146.8800048828125,142.52000427246094,143.60000610351562,109.27954864501953,494750,0.0,False
2011-08-18,142.36000061035156,143.1999969482422,137.39999389648438,138.8800048828125,105.68765258789062,709450,0.0,False
2011-08-19,141.24000549316406,144.39999389648438,140.47999572753906,140.8000030517578,107.14876556396484,522275,0.0,False
2011-08-22,144.39999389648438,148.24000549316406,142.9600067138672,146.63999938964844,111.59300231933594,1169475,0.0,False
2011-08-23,145.0800018310547,147.0800018310547,141.36000061035156,142.8000030517578,108.67076873779297,898000,0.0,False
2011-08-24,142.0399932861328,142.0800018310547,135.0399932861328,137.0,104.2569580078125,897925,0.0,False
2011-08-25,136.0399932861328,142.1199951171875,135.39999389648438,138.9600067138672,105.74852752685547,1224475,0.0,False
2011-08-26,140.0800018310547,143.83999633789062,137.32000732421875,143.63999938964844,109.30999755859375,572500,0.0,False
2011-08-29,145.1999969482422,145.67999267578125,141.44000244140625,144.1999969482422,109.73616027832031,728525,0.0,False
2011-08-30,145.83999633789062,150.83999633789062,145.55999755859375,149.44000244140625,113.72379302978516,710400,0.0,False
2011-08-31,150.1999969482422,150.8000030517578,147.55999755859375,149.24000549316406,113.57160186767578,673350,0.0,False
2011-09-01,148.32000732421875,150.1999969482422,146.75999450683594,149.16000366210938,113.51069641113281,448175,0.0,False
2011-09-02,150.52000427246094,154.36000061035156,150.52000427246094,153.1199951171875,116.52426147460938,1052875,0.0,False
2011-09-06,154.0800018310547,155.9600067138672,149.32000732421875,151.44000244140625,115.24580383300781,973275,0.0,False
2011-09-07,147.55999755859375,152.72000122070312,146.9600067138672,152.47999572753906,116.0372085571289,689875,0.0,False
2011-09-08,155.16000366210938,156.9199981689453,154.67999267578125,156.72000122070312,119.26387023925781,965175,0.0,False
2011-09-09,154.0399932861328,156.47999572753906,151.1199951171875,153.0800018310547,116.49382781982422,1220425,0.0,False
2011-09-12,149.55999755859375,151.0399932861328,144.0399932861328,147.63999938964844,112.35400390625,1234775,0.0,False
2011-09-13,148.9600067138672,149.16000366210938,146.1199951171875,147.44000244140625,112.2018051147461,685100,0.0,False
2011-09-14,147.0399932861328,147.0399932861328,143.1999969482422,143.63999938964844,109.30999755859375,762850,0.0,False
2011-09-15,143.24000549316406,143.39999389648438,138.39999389648438,142.75999450683594,108.64032745361328,826875,0.0,False
2011-09-16,143.72000122070312,146.8800048828125,142.44000244140625,146.44000244140625,111.44078826904297,793425,0.0,False
2011-09-19,146.32000732421875,146.32000732421875,140.0,142.27999877929688,108.27503204345703,957650,0.0,False
2011-09-20,142.60000610351562,148.27999877929688,141.36000061035156,145.24000549316406,110.52760314941406,950175,0.0,False
2011-09-21,145.39999389648438,147.0,140.0399932861328,140.39999389648438,106.84435272216797,756900,0.0,False
2011-09-22,131.75999450683594,131.9600067138672,124.16000366210938,126.76000213623047,96.46431732177734,1616650,0.0,False
2011-09-23,120.80000305175781,124.36000061035156,114.80000305175781,118.76000213623047,90.3763198852539,1192500,0.0,False
2011-09-26,117.16000366210938,118.31999969482422,112.76000213623047,117.83999633789062,89.67620086669922,1689350,0.0,False
2011-09-27,124.31999969482422,125.68000030517578,119.87999725341797,120.27999877929688,91.53305053710938,1112125,0.0,False
2011-09-28,120.76000213623047,121.31999969482422,112.76000213623047,113.12000274658203,86.08428955078125,982875,0.0,False
2011-09-29,115.91999816894531,117.4000015258789,110.5199966430664,112.23999786376953,85.41460418701172,909925,0.0,False
2011-09-30,111.0,115.27999877929688,109.76000213623047,112.5999984741211,85.68856048583984,723875,0.0,False
2011-10-03,114.91999816894531,115.72000122070312,110.0,110.19999694824219,83.8621597290039,864800,0.0,False
2011-10-04,108.4000015258789,108.80000305175781,100.87999725341797,107.31999969482422,81.67047119140625,1408300,0.0,False
2011-10-05,107.27999877929688,113.4000015258789,105.63999938964844,112.87999725341797,85.90162658691406,910225,0.0,False
2011-10-06,113.0,118.4800033569336,113.0,118.16000366210938,89.91973114013672,813700,0.0,False
2011-10-07,118.91999816894531,120.83999633789062,113.4800033569336,116.19999694824219,88.42815399169922,670600,0.0,False
2011-10-10,119.31999969482422,123.63999938964844,118.80000305175781,123.5999984741211,94.05957794189453,673000,0.0,False
2011-10-11,120.08000183105469,122.80000305175781,119.36000061035156,122.63999938964844,93.3290023803711,465600,0.0,False
2011-10-12,124.44000244140625,126.36000061035156,123.83999633789062,124.0,94.36396026611328,569225,0.0,False
2011-10-13,123.19999694824219,123.4000015258789,118.72000122070312,122.04000091552734,92.87239837646484,499175,0.0,False
2011-10-14,124.23999786376953,126.12000274658203,122.5199966430664,124.16000366210938,94.48572540283203,602425,0.0,False
2011-10-17,124.08000183105469,124.4800033569336,118.4000015258789,118.68000030517578,90.31544494628906,508450,0.0,False
2011-10-18,117.12000274658203,122.80000305175781,113.4000015258789,121.87999725341797,92.7506332397461,765325,0.0,False
2011-10-19,122.0,122.0,113.04000091552734,113.44000244140625,86.32779693603516,663175,0.0,False
2011-10-20,113.4800033569336,115.16000366210938,110.63999938964844,112.76000213623047,85.81033325195312,822250,0.0,False
2011-10-21,115.68000030517578,117.19999694824219,113.76000213623047,114.63999938964844,87.2409896850586,479325,0.0,False
2011-10-24,116.55999755859375,121.68000030517578,116.55999755859375,121.4800033569336,92.44625091552734,733100,0.0,False
2011-10-25,120.91999816894531,125.83999633789062,117.72000122070312,124.31999969482422,94.60748291015625,1279125,0.0,False
2011-10-26,125.44000244140625,127.4000015258789,123.31999969482422,126.4800033569336,96.25123596191406,855475,0.0,False
2011-10-27,129.0800018310547,130.63999938964844,127.16000366210938,129.75999450683594,98.74730682373047,874000,0.0,False
2011-10-28,127.80000305175781,131.24000549316406,127.4800033569336,129.63999938964844,98.65599060058594,579125,0.0,False
2011-10-31,126.12000274658203,127.44000244140625,123.87999725341797,124.5199966430664,94.75967407226562,603075,0.0,False
2011-11-01,118.80000305175781,124.5199966430664,116.4000015258789,123.08000183105469,93.6638412475586,1048025,0.0,False
2011-11-02,125.80000305175781,127.63999938964844,123.36000061035156,125.5999984741211,95.5815658569336,734125,0.0,False
2011-11-03,128.32000732421875,130.36000061035156,124.63999938964844,130.0,98.9299545288086,782125,0.0,False
2011-11-04,128.44000244140625,129.44000244140625,125.55999755859375,128.75999450683594,97.986328125,463700,0.0,False
2011-11-07,129.8000030517578,133.39999389648438,129.36000061035156,133.1199951171875,101.30426788330078,905000,0.0,False
2011-11-08,132.8000030517578,133.8800048828125,131.1199951171875,131.8800048828125,100.36064910888672,802700,0.0,False
2011-11-09,129.83999633789062,132.1999969482422,125.23999786376953,125.76000213623047,95.70331573486328,945175,0.0,False
2011-11-10,127.68000030517578,128.0,122.12000274658203,126.44000244140625,96.2208023071289,814800,0.0,False
2011-11-11,127.5199966430664,130.44000244140625,126.95999908447266,129.36000061035156,98.44291687011719,426325,0.0,False
2011-11-14,128.83999633789062,129.1999969482422,126.19999694824219,127.5999984741211,97.10354614257812,415675,0.0,False
2011-11-15,126.91999816894531,128.47999572753906,125.12000274658203,126.80000305175781,96.49475860595703,568350,0.0,False
2011-11-16,125.80000305175781,127.63999938964844,123.80000305175781,124.4000015258789,94.66837310791016,804675,0.0,False
2011-11-17,123.4000015258789,124.55999755859375,117.12000274658203,118.16000366210938,89.91973114013672,1042200,0.0,False
2011-11-18,119.08000183105469,119.4800033569336,115.5199966430664,116.95999908447266,89.00651550292969,721400,0.0,False
2011-11-21,114.12000274658203,114.16000366210938,109.16000366210938,111.19999694824219,84.62316131591797,1051100,0.0,False
2011-11-22,112.83999633789062,115.0,111.87999725341797,113.04000091552734,86.02339935302734,782000,0.0,False
2011-11-23,111.95999908447266,111.95999908447266,107.0,109.04000091552734,82.97940826416016,754225,0.0,False
2011-11-25,107.83999633789062,110.4000015258789,107.44000244140625,107.87999725341797,82.09664154052734,281625,0.0,False
2011-11-28,113.55999755859375,114.80000305175781,111.44000244140625,112.19999694824219,85.38416290283203,530125,0.0,False
2011-11-29,112.27999877929688,115.19999694824219,111.5199966430664,112.23999786376953,85.41460418701172,521575,0.0,False
2011-11-30,117.31999969482422,120.5199966430664,117.0,120.16000366210938,91.44173431396484,739400,0.0,False
2011-12-01,119.91999816894531,122.27999877929688,119.16000366210938,120.23999786376953,91.50259399414062,609425,0.0,False
2011-12-02,122.44000244140625,123.04000091552734,118.27999877929688,118.5999984741211,90.25456237792969,546950,0.0,False
2011-12-05,119.4000015258789,121.72000122070312,117.5999984741211,118.68000030517578,90.31544494628906,485300,0.0,False
2011-12-06,118.0,120.83999633789062,116.08000183105469,120.27999877929688,91.53305053710938,459425,0.0,False
2011-12-07,120.5199966430664,120.80000305175781,118.08000183105469,119.5199966430664,90.95468139648438,429625,0.0,False
2011-12-08,117.44000244140625,117.83999633789062,113.5199966430664,114.0,86.75395965576172,742800,0.0,False
2011-12-09,114.87999725341797,116.36000061035156,114.08000183105469,115.95999908447266,88.24552154541016,376550,0.0,False
2011-12-12,112.08000183105469,112.08000183105469,109.76000213623047,110.76000213623047,84.288330078125,886300,0.0,False
2011-12-13,110.76000213623047,112.4800033569336,105.0,105.19999694824219,80.05716705322266,942875,0.0,False
2011-12-14,103.19999694824219,104.12000274658203,99.19999694824219,100.95999908447266,76.83052062988281,1571275,0.0,False
2011-12-15,102.5999984741211,103.19999694824219,98.19999694824219,98.55999755859375,75.0041275024414,1583050,0.0,False
2011-12-16,101.27999877929688,103.76000213623047,100.91999816894531,102.4800033569336,77.98725891113281,1175150,0.0,False
2011-12-19,102.63999938964844,103.0,99.36000061035156,99.36000061035156,75.6129379272461,957025,0.0,False
2011-12-20,102.04000091552734,107.55999755859375,102.0,106.83999633789062,81.30520629882812,1030675,0.0,False
2011-12-21,106.27999877929688,107.5199966430664,105.04000091552734,106.16000366210938,80.78773498535156,611250,0.0,False
2011-12-22,104.76000213623047,104.80000305175781,101.27999877929688,101.72000122070312,77.40888214111328,580450,0.0,False
2011-12-23,97.0,98.80000305175781,96.5999984741211,97.23999786376953,78.92173767089844,911550,0.0,False
2011-12-27,96.68000030517578,97.95999908447266,95.4800033569336,96.12000274658203,78.01274871826172,477375,0.0,False
2011-12-28,96.68000030517578,96.68000030517578,91.80000305175781,92.04000091552734,74.70132446289062,735975,0.0,False
2011-12-29,91.12000274658203,96.08000183105469,90.31999969482422,95.55999755859375,77.55823516845703,933475,0.0,False
2011-12-30,97.19999694824219,99.68000030517578,96.83999633789062,98.80000305175781,80.1878662109375,818725,0.0,False
2012-01-03,102.08000183105469,105.0,101.68000030517578,104.31999969482422,84.66799926757812,860975,0.0,False
2012-01-04,103.12000274658203,105.44000244140625,103.12000274658203,104.31999969482422,84.66799926757812,623875,0.0,False
2012-01-05,103.08000183105469,104.4800033569336,100.19999694824219,103.63999938964844,84.1160888671875,593125,0.0,False
2012-01-06,104.44000244140625,104.91999816894531,102.4000015258789,102.4800033569336,83.17463684082031,370425,0.0,False
2012-01-09,103.5199966430664,104.72000122070312,102.68000030517578,103.80000305175781,84.24595642089844,702300,0.0,False
2012-01-10,106.87999725341797,107.16000366210938,106.04000091552734,106.16000366210938,86.16138458251953,777525,0.0,False
2012-01-11,106.4800033569336,106.91999816894531,105.0,106.4000015258789,86.35617065429688,612500,0.0,False
2012-01-12,106.80000305175781,108.31999969482422,105.91999816894531,107.08000183105469,86.90806579589844,481800,0.0,False
2012-01-13,104.91999816894531,105.83999633789062,103.36000061035156,105.4800033569336,85.60948181152344,344250,0.0,False
2012-01-17,107.68000030517578,108.55999755859375,105.0,105.44000244140625,85.5770034790039,545350,0.0,False
2012-01-18,105.55999755859375,108.19999694824219,105.31999969482422,108.16000366210938,87.78461456298828,457025,0.0,False
2012-01-19,108.0,108.76000213623047,105.80000305175781,106.80000305175781,86.68081665039062,452875,0.0,False
2012-01-20,106.27999877929688,108.68000030517578,105.91999816894531,108.63999938964844,88.1741943359375,582300,0.0,False
2012-01-23,109.68000030517578,112.04000091552734,109.04000091552734,109.55999755859375,88.9208755493164,797375,0.0,False
2012-01-24,108.4000015258789,108.5999984741211,107.0,107.63999938964844,87.3625717163086,447000,0.0,False
2012-01-25,106.80000305175781,116.08000183105469,106.5999984741211,115.83999633789062,94.0178451538086,1239750,0.0,False
2012-01-26,117.5999984741211,119.95999908447266,116.4800033569336,117.4000015258789,95.2839584350586,1211900,0.0,False
2012-01-27,117.16000366210938,120.12000274658203,116.83999633789062,119.36000061035156,96.8747329711914,829625,0.0,False
2012-01-30,117.5999984741211,118.83999633789062,116.5999984741211,118.4000015258789,96.09559631347656,675300,0.0,False
2012-01-31,120.27999877929688,121.16000366210938,117.16000366210938,118.5999984741211,96.25790405273438,782900,0.0,False
2012-02-01,120.4000015258789,120.5199966430664,118.76000213623047,119.19999694824219,96.74488830566406,574625,0.0,False
2012-02-02,119.95999908447266,122.19999694824219,119.31999969482422,120.76000213623047,98.01099395751953,743800,0.0,False
2012-02-03,119.12000274658203,120.12000274658203,118.0,118.44000244140625,96.1280517578125,795400,0.0,False
2012-02-06,117.44000244140625,118.23999786376953,115.80000305175781,116.80000305175781,94.79701232910156,698500,0.0,False
2012-02-07,116.16000366210938,118.44000244140625,114.5999984741211,116.80000305175781,94.79701232910156,607050,0.0,False
2012-02-08,116.95999908447266,118.27999877929688,114.44000244140625,114.83999633789062,93.20623016357422,603725,0.0,False
2012-02-09,116.55999755859375,117.44000244140625,113.63999938964844,113.95999908447266,92.49199676513672,651775,0.0,False
2012-02-10,111.31999969482422,112.55999755859375,110.31999969482422,111.83999633789062,90.7713623046875,695675,0.0,False
2012-02-13,113.31999969482422,113.36000061035156,111.63999938964844,112.08000183105469,90.9661636352539,503700,0.0,False
2012-02-14,111.87999725341797,112.12000274658203,109.5999984741211,110.5999984741211,89.76496124267578,437050,0.0,False
2012-02-15,112.4000015258789,112.87999725341797,110.04000091552734,110.44000244140625,89.63510131835938,636900,0.0,False
2012-02-16,109.08000183105469,112.87999725341797,108.63999938964844,112.80000305175781,91.55052947998047,770675,0.0,False
2012-02-17,113.5199966430664,113.95999908447266,110.5199966430664,111.36000061035156,90.38179779052734,406825,0.0,False
2012-02-21,113.44000244140625,115.68000030517578,113.31999969482422,115.4000015258789,93.66073608398438,657400,0.0,False
2012-02-22,115.0,118.44000244140625,114.36000061035156,117.87999725341797,95.67353057861328,818800,0.0,False
2012-02-23,118.5999984741211,119.55999755859375,117.12000274658203,118.27999877929688,95.99819946289062,821700,0.0,False
2012-02-24,118.4800033569336,118.76000213623047,116.23999786376953,117.63999938964844,95.47875213623047,646975,0.0,False
2012-02-27,116.95999908447266,118.0,115.72000122070312,116.0,94.14768981933594,603625,0.0,False
2012-02-28,117.44000244140625,118.31999969482422,116.5199966430664,117.72000122070312,95.54368591308594,621600,0.0,False
2012-02-29,118.27999877929688,119.0,110.63999938964844,111.68000030517578,90.64151763916016,1343600,0.0,False
2012-03-01,112.80000305175781,114.23999786376953,111.76000213623047,113.23999786376953,91.90763092041016,687900,0.0,False
2012-03-02,112.4800033569336,112.83999633789062,110.63999938964844,110.83999633789062,89.95973205566406,510975,0.0,False
2012-03-05,110.23999786376953,110.36000061035156,106.23999786376953,106.5199966430664,86.45355224609375,855075,0.0,False
2012-03-06,103.4000015258789,103.63999938964844,100.5999984741211,103.44000244140625,83.95378875732422,1433500,0.0,False
2012-03-07,103.5999984741211,106.08000183105469,102.91999816894531,105.23999786376953,85.41468048095703,495375,0.0,False
2012-03-08,106.4000015258789,108.44000244140625,105.83999633789062,107.91999816894531,87.5898208618164,421875,0.0,False
2012-03-09,106.63999938964844,109.36000061035156,106.0,106.80000305175781,86.68081665039062,560000,0.0,False
2012-03-12,106.36000061035156,107.19999694824219,104.91999816894531,106.12000274658203,86.12891387939453,445700,0.0,False
2012-03-13,106.16000366210938,107.76000213623047,105.4000015258789,105.76000213623047,85.83673095703125,715900,0.0,False
2012-03-14,103.44000244140625,103.5999984741211,100.12000274658203,100.5199966430664,81.5838394165039,940500,0.0,False
2012-03-15,100.72000122070312,102.76000213623047,100.63999938964844,101.95999908447266,82.75257110595703,652225,0.0,False
2012-03-16,101.4000015258789,102.36000061035156,100.91999816894531,101.12000274658203,82.07083129882812,544625,0.0,False
2012-03-19,100.76000213623047,101.80000305175781,99.4000015258789,99.5199966430664,80.77223205566406,649200,0.0,False
2012-03-20,98.36000061035156,99.36000061035156,96.5999984741211,99.23999786376953,80.54497528076172,788900,0.0,False
2012-03-21,99.55999755859375,100.4000015258789,98.19999694824219,98.23999786376953,79.73336791992188,630925,0.0,False
2012-03-22,96.36000061035156,97.0,95.5999984741211,96.0,77.91532897949219,698700,0.0,False
2012-03-23,97.08000183105469,99.27999877929688,96.5199966430664,98.5999984741211,80.0255355834961,834525,0.0,False
2012-03-26,100.95999908447266,102.83999633789062,100.80000305175781,102.83999633789062,83.466796875,1229125,0.0,False
2012-03-27,103.08000183105469,103.16000366210938,99.4000015258789,99.55999755859375,80.80469512939453,859875,0.0,False
2012-03-28,98.4800033569336,99.16000366210938,95.04000091552734,95.95999908447266,77.88286590576172,846300,0.0,False
2012-03-29,95.72000122070312,96.91999816894531,93.5199966430664,96.5999984741211,78.40230560302734,652225,0.0,False
2012-03-30,99.04000091552734,99.04000091552734,96.4000015258789,98.19999694824219,79.70088195800781,778975,0.0,False
2012-04-02,98.08000183105469,100.55999755859375,97.68000030517578,99.83999633789062,81.03194427490234,641275,0.0,False
2012-04-03,100.04000091552734,100.04000091552734,94.0,95.31999969482422,77.36344146728516,979425,0.0,False
2012-04-04,92.91999816894531,93.0,89.55999755859375,91.31999969482422,74.1169662475586,1548725,0.0,False
2012-04-05,92.0,92.63999938964844,89.72000122070312,89.87999725341797,72.94823455810547,876550,0.0,False
2012-04-09,91.04000091552734,91.83999633789062,88.95999908447266,89.0,72.23401641845703,838025,0.0,False
2012-04-10,89.19999694824219,91.91999816894531,88.04000091552734,91.76000213623047,74.47408294677734,1340850,0.0,False
2012-04-11,91.80000305175781,92.91999816894531,90.55999755859375,90.68000030517578,73.59752655029297,603350,0.0,False
2012-04-12,91.12000274658203,95.4000015258789,91.04000091552734,94.87999725341797,77.00633239746094,1137675,0.0,False
2012-04-13,93.87999725341797,94.72000122070312,91.83999633789062,92.19999694824219,74.8311996459961,750375,0.0,False
2012-04-16,92.12000274658203,93.63999938964844,90.04000091552734,90.44000244140625,73.40274047851562,737550,0.0,False
2012-04-17,91.31999969482422,92.76000213623047,90.72000122070312,91.72000122070312,74.44161224365234,729000,0.0,False
2012-04-18,90.76000213623047,92.12000274658203,89.76000213623047,90.68000030517578,73.59752655029297,739800,0.0,False
2012-04-19,91.68000030517578,92.5199966430664,89.5199966430664,89.83999633789062,72.91576385498047,603675,0.0,False
2012-04-20,90.27999877929688,91.63999938964844,89.4800033569336,89.5999984741211,72.72098541259766,479300,0.0,False
2012-04-23,88.04000091552734,88.19999694824219,86.08000183105469,87.27999877929688,70.83802032470703,705875,0.0,False
2012-04-24,87.95999908447266,88.80000305175781,86.44000244140625,86.72000122070312,70.38351440429688,571250,0.0,False
2012-04-25,88.16000366210938,89.87999725341797,86.12000274658203,89.72000122070312,72.81839752197266,1112775,0.0,False
2012-04-26,89.80000305175781,91.68000030517578,89.5199966430664,91.27999877929688,74.08448791503906,646825,0.0,False
2012-04-27,92.4800033569336,94.0,92.44000244140625,92.91999816894531,75.4155502319336,775925,0.0,False
2012-04-30,92.16000366210938,93.55999755859375,91.63999938964844,93.19999694824219,75.64280700683594,628700,0.0,False
2012-05-01,92.5999984741211,95.72000122070312,92.5999984741211,93.4800033569336,75.87004852294922,1110075,0.0,False
2012-05-02,92.4000015258789,93.08000183105469,91.4800033569336,92.36000061035156,74.96105194091797,537800,0.0,False
2012-05-03,90.87999725341797,91.76000213623047,87.27999877929688,89.19999694824219,72.3963394165039,938100,0.0,False
2012-05-04,89.76000213623047,90.19999694824219,87.72000122070312,87.87999725341797,71.32499694824219,699825,0.0,False
2012-05-07,88.19999694824219,88.31999969482422,84.63999938964844,85.4000015258789,69.31220245361328,1029000,0.0,False
2012-05-08,83.4800033569336,83.5999984741211,79.87999725341797,81.5999984741211,66.22802734375,1734725,0.0,False
2012-05-09,79.55999755859375,84.87999725341797,78.4800033569336,82.08000183105469,66.61761474609375,2182650,0.0,False
2012-05-10,83.5199966430664,85.36000061035156,82.55999755859375,83.04000091552734,67.39677429199219,811300,0.0,False
2012-05-11,81.76000213623047,83.31999969482422,80.80000305175781,81.04000091552734,65.77352142333984,736800,0.0,False
2012-05-14,78.4000015258789,80.76000213623047,77.08000183105469,77.5999984741211,62.981563568115234,1476150,0.0,False
2012-05-15,77.08000183105469,78.31999969482422,71.5199966430664,72.12000274658203,58.53390884399414,2246250,0.0,False
2012-05-16,72.0,73.63999938964844,69.4800033569336,71.5199966430664,58.04692840576172,2579575,0.0,False
2012-05-17,73.23999786376953,76.83999633789062,72.23999786376953,74.36000061035156,60.35192108154297,2156675,0.0,False
2012-05-18,76.72000122070312,78.16000366210938,74.0,74.55999755859375,60.51424789428711,1579125,0.0,False
2012-05-21,74.4800033569336,77.80000305175781,74.4800033569336,77.5999984741211,62.981563568115234,835375,0.0,False
2012-05-22,77.12000274658203,77.31999969482422,73.68000030517578,74.16000366210938,60.189598083496094,1306650,0.0,False
2012-05-23,73.4000015258789,77.76000213623047,70.95999908447266,77.55999755859375,62.9490852355957,1759575,0.0,False
2012-05-24,78.36000061035156,79.12000274658203,76.44000244140625,78.0,63.30620574951172,1170175,0.0,False
2012-05-25,78.31999969482422,80.36000061035156,77.80000305175781,80.12000274658203,65.02684020996094,1157600,0.0,False
2012-05-29,81.4800033569336,82.31999969482422,78.72000122070312,79.5999984741211,64.60478973388672,1305800,0.0,False
2012-05-30,78.31999969482422,79.4800033569336,76.0,78.31999969482422,63.565921783447266,1324250,0.0,False
2012-05-31,78.4800033569336,79.63999938964844,75.87999725341797,77.27999877929688,62.72184753417969,960850,0.0,False
2012-06-01,78.87999725341797,82.95999908447266,78.83999633789062,82.63999938964844,67.07211303710938,2447050,0.0,False
2012-06-04,83.23999786376953,83.31999969482422,81.04000091552734,83.08000183105469,67.42923736572266,1155525,0.0,False
2012-06-05,83.27999877929688,85.5999984741211,83.27999877929688,85.36000061035156,69.27972412109375,1312275,0.0,False
2012-06-06,87.55999755859375,88.72000122070312,84.80000305175781,86.4800033569336,70.18873596191406,1601125,0.0,False
2012-06-07,87.23999786376953,87.4000015258789,82.19999694824219,83.4000015258789,67.68894958496094,1444075,0.0,False
2012-06-08,82.19999694824219,84.12000274658203,81.4000015258789,83.63999938964844,67.88374328613281,576050,0.0,False
2012-06-11,84.44000244140625,84.72000122070312,81.4000015258789,81.5199966430664,66.1631088256836,786850,0.0,False
2012-06-12,82.4000015258789,84.44000244140625,82.08000183105469,84.4000015258789,68.50057220458984,1122375,0.0,False
2012-06-13,84.91999816894531,85.91999816894531,83.04000091552734,83.16000366210938,67.4941635131836,933350,0.0,False
2012-06-14,83.63999938964844,84.19999694824219,82.12000274658203,82.83999633789062,67.23443603515625,560850,0.0,False
2012-06-15,82.31999969482422,83.0,81.76000213623047,82.12000274658203,66.65007781982422,803550,0.0,False
2012-06-18,81.31999969482422,85.36000061035156,81.31999969482422,84.5199966430664,68.59796142578125,745000,0.0,False
2012-06-19,85.68000030517578,85.95999908447266,84.19999694824219,84.63999938964844,68.69536590576172,648450,0.0,False
2012-06-20,82.95999908447266,85.95999908447266,81.55999755859375,83.80000305175781,68.01359558105469,1219550,0.0,False
2012-06-21,81.44000244140625,81.87999725341797,77.19999694824219,77.31999969482422,62.754310607910156,1738100,0.0,False
2012-06-22,77.0,78.68000030517578,76.36000061035156,77.83999633789062,63.17634963989258,763350,0.0,False
2012-06-25,76.5199966430664,78.16000366210938,76.4000015258789,77.12000274658203,62.59198760986328,776525,0.0,False
2012-06-26,77.36000061035156,77.36000061035156,75.0,76.0,61.68297576904297,727625,0.0,False
2012-06-27,76.68000030517578,77.08000183105469,74.95999908447266,75.72000122070312,61.455726623535156,519150,0.0,False
2012-06-28,74.95999908447266,75.36000061035156,72.0,72.76000213623047,59.05333709716797,916375,0.0,False
2012-06-29,76.83999633789062,77.19999694824219,76.04000091552734,76.83999633789062,62.36473083496094,720875,0.0,False
2012-07-02,76.63999938964844,77.27999877929688,76.08000183105469,76.5199966430664,62.10502243041992,295350,0.0,False
2012-07-03,78.55999755859375,80.5199966430664,78.04000091552734,80.4000015258789,65.25408172607422,641725,0.0,False
2012-07-05,79.44000244140625,80.83999633789062,79.19999694824219,79.5999984741211,64.60478973388672,835100,0.0,False
2012-07-06,77.04000091552734,77.83999633789062,76.4000015258789,77.19999694824219,62.65690612792969,858575,0.0,False
2012-07-09,76.68000030517578,77.31999969482422,76.04000091552734,76.87999725341797,62.39720153808594,424600,0.0,False
2012-07-10,77.76000213623047,77.95999908447266,73.4000015258789,73.76000213623047,59.86496353149414,697800,0.0,False
2012-07-11,73.95999908447266,74.5199966430664,72.4800033569336,73.68000030517578,59.80002212524414,796300,0.0,False
2012-07-12,71.95999908447266,73.08000183105469,70.5999984741211,72.31999969482422,58.696224212646484,810375,0.0,False
2012-07-13,73.91999816894531,74.83999633789062,73.55999755859375,74.04000091552734,60.092201232910156,452325,0.0,False
2012-07-16,74.23999786376953,75.91999816894531,73.83999633789062,75.19999694824219,61.03367233276367,623875,0.0,False
2012-07-17,75.4800033569336,75.5999984741211,73.31999969482422,74.5999984741211,60.54670715332031,461800,0.0,False
2012-07-18,74.12000274658203,75.19999694824219,73.68000030517578,74.27999877929688,60.286991119384766,275625,0.0,False
2012-07-19,75.4800033569336,76.36000061035156,75.08000183105469,75.23999786376953,61.06613540649414,438675,0.0,False
2012-07-20,75.23999786376953,75.4800033569336,74.27999877929688,74.4800033569336,60.449310302734375,348175,0.0,False
2012-07-23,72.87999725341797,73.0,71.27999877929688,71.72000122070312,58.209266662597656,597925,0.0,False
2012-07-24,72.68000030517578,72.87999725341797,71.31999969482422,72.08000183105469,58.50142288208008,428250,0.0,False
2012-07-25,74.36000061035156,75.63999938964844,73.0,74.95999908447266,60.83888626098633,690850,0.0,False
2012-07-26,74.0,78.0,74.0,78.0,63.30620574951172,845800,0.0,False
2012-07-27,79.12000274658203,79.31999969482422,77.55999755859375,78.5999984741211,63.79317855834961,782750,0.0,False
2012-07-30,78.19999694824219,79.16000366210938,77.63999938964844,78.55999755859375,63.760711669921875,416675,0.0,False
2012-07-31,78.4800033569336,78.83999633789062,76.87999725341797,76.87999725341797,62.39720153808594,488125,0.0,False
2012-08-01,76.27999877929688,77.68000030517578,75.19999694824219,76.36000061035156,61.97515869140625,533725,0.0,False
2012-08-02,76.16000366210938,77.95999908447266,75.72000122070312,76.08000183105469,61.74790954589844,466675,0.0,False
2012-08-03,77.44000244140625,78.68000030517578,76.72000122070312,77.87999725341797,63.20881652832031,558525,0.0,False
2012-08-06,78.36000061035156,81.0,78.36000061035156,79.83999633789062,64.79959106445312,628150,0.0,False
2012-08-07,80.19999694824219,80.68000030517578,79.63999938964844,79.91999816894531,64.86451721191406,544125,0.0,False
2012-08-08,79.87999725341797,81.0,79.27999877929688,79.36000061035156,64.41000366210938,569600,0.0,False
2012-08-09,79.5999984741211,81.55999755859375,79.23999786376953,81.36000061035156,66.03324127197266,520525,0.0,False
2012-08-10,81.0,81.80000305175781,80.5999984741211,81.5199966430664,66.1631088256836,401575,0.0,False
2012-08-13,82.04000091552734,82.27999877929688,80.0,80.4800033569336,65.31902313232422,624050,0.0,False
2012-08-14,80.16000366210938,80.5999984741211,79.19999694824219,79.36000061035156,64.41000366210938,454800,0.0,False
2012-08-15,79.12000274658203,79.80000305175781,78.91999816894531,79.63999938964844,64.63726806640625,418300,0.0,False
2012-08-16,80.4000015258789,82.27999877929688,79.83999633789062,82.23999786376953,66.74747467041016,751500,0.0,False
2012-08-17,82.44000244140625,82.72000122070312,81.08000183105469,82.31999969482422,66.81239318847656,743375,0.0,False
2012-08-20,82.0,83.16000366210938,81.5199966430664,83.0,67.36430358886719,655825,0.0,False
2012-08-21,85.04000091552734,87.0,84.91999816894531,85.83999633789062,69.66929626464844,1170025,0.0,False
2012-08-22,85.68000030517578,87.5999984741211,84.91999816894531,87.44000244140625,70.96788787841797,1285850,0.0,False
2012-08-23,88.87999725341797,89.4800033569336,87.87999725341797,88.08000183105469,71.48731994628906,1523550,0.0,False
2012-08-24,87.36000061035156,88.83999633789062,87.12000274658203,88.08000183105469,71.48731994628906,1044750,0.0,False
2012-08-27,88.31999969482422,88.4000015258789,86.55999755859375,86.72000122070312,70.38351440429688,948150,0.0,False
2012-08-28,87.36000061035156,87.36000061035156,85.23999786376953,85.4000015258789,69.31220245361328,733050,0.0,False
2012-08-29,85.5199966430664,85.80000305175781,84.12000274658203,84.12000274658203,68.2733154296875,543375,0.0,False
2012-08-30,84.27999877929688,84.27999877929688,81.4000015258789,82.23999786376953,66.74747467041016,697200,0.0,False
2012-08-31,82.68000030517578,86.91999816894531,81.68000030517578,86.72000122070312,70.38351440429688,1293850,0.0,False
2012-09-04,87.36000061035156,88.5199966430664,86.44000244140625,88.23999786376953,71.61717987060547,1138475,0.0,False
2012-09-05,88.19999694824219,88.23999786376953,86.55999755859375,88.12000274658203,71.51978302001953,731675,0.0,False
2012-09-06,89.63999938964844,91.31999969482422,89.55999755859375,91.12000274658203,73.95466613769531,1509500,0.0,False
2012-09-07,94.16000366210938,94.80000305175781,93.36000061035156,93.87999725341797,76.19470977783203,1453875,0.0,False
2012-09-10,93.76000213623047,94.12000274658203,91.68000030517578,91.91999816894531,74.60393524169922,871475,0.0,False
2012-09-11,93.31999969482422,94.0,92.87999725341797,93.08000183105469,75.54541015625,785900,0.0,False
2012-09-12,94.23999786376953,94.27999877929688,89.87999725341797,92.36000061035156,74.96105194091797,1516700,0.0,False
2012-09-13,92.19999694824219,96.76000213623047,90.04000091552734,96.19999694824219,78.07765197753906,2386425,0.0,False
2012-09-14,98.55999755859375,100.08000183105469,98.04000091552734,98.72000122070312,80.12295532226562,1925475,0.0,False
2012-09-17,99.4800033569336,99.63999938964844,97.23999786376953,97.44000244140625,79.0840835571289,901750,0.0,False
2012-09-18,97.63999938964844,99.76000213623047,97.44000244140625,98.80000305175781,80.1878662109375,1281800,0.0,False
2012-09-19,99.63999938964844,101.55999755859375,98.04000091552734,100.87999725341797,81.87604522705078,1538150,0.0,False
2012-09-20,99.80000305175781,100.0,98.08000183105469,99.83999633789062,81.03194427490234,1037775,0.0,False
2012-09-21,101.87999725341797,102.68000030517578,100.80000305175781,101.83999633789062,82.6551742553711,1258050,0.0,False
2012-09-24,99.19999694824219,100.08000183105469,97.31999969482422,97.44000244140625,79.0840835571289,1210600,0.0,False
2012-09-25,99.04000091552734,99.76000213623047,95.72000122070312,95.95999908447266,77.88286590576172,845125,0.0,False
2012-09-26,93.80000305175781,95.80000305175781,92.27999877929688,94.87999725341797,77.00633239746094,1555675,0.0,False
2012-09-27,96.63999938964844,100.0,96.4800033569336,99.91999816894531,81.09687805175781,1117425,0.0,False
2012-09-28,99.68000030517578,100.19999694824219,98.4800033569336,98.87999725341797,80.25279235839844,775800,0.0,False
2012-10-01,100.5199966430664,100.76000213623047,98.4800033569336,99.19999694824219,80.51251220703125,867900,0.0,False
2012-10-02,99.63999938964844,99.76000213623047,97.63999938964844,98.19999694824219,79.70088195800781,646250,0.0,False
2012-10-03,98.27999877929688,98.4000015258789,96.91999816894531,97.4800033569336,79.11653137207031,681925,0.0,False
2012-10-04,98.68000030517578,100.80000305175781,98.44000244140625,100.5999984741211,81.6487808227539,923850,0.0,False
2012-10-05,100.23999786376953,101.4800033569336,98.5199966430664,99.27999877929688,80.57744598388672,865775,0.0,False
2012-10-08,97.68000030517578,98.4800033569336,97.0,97.4800033569336,79.11653137207031,618775,0.0,False
2012-10-09,97.83999633789062,98.80000305175781,95.44000244140625,95.5199966430664,77.52574157714844,884650,0.0,False
2012-10-10,95.72000122070312,97.5999984741211,95.19999694824219,96.5199966430664,78.3373794555664,663225,0.0,False
2012-10-11,99.95999908447266,99.95999908447266,97.4000015258789,97.80000305175781,79.3762435913086,412775,0.0,False
2012-10-12,97.27999877929688,98.4000015258789,95.80000305175781,96.04000091552734,77.94779205322266,500200,0.0,False
2012-10-15,95.55999755859375,95.55999755859375,92.80000305175781,94.55999755859375,76.74661254882812,908550,0.0,False
2012-10-16,94.4800033569336,96.72000122070312,94.4800033569336,96.4000015258789,78.23997497558594,472650,0.0,False
2012-10-17,96.63999938964844,98.0,96.27999877929688,97.08000183105469,78.79188537597656,527175,0.0,False
2012-10-18,95.80000305175781,96.83999633789062,95.55999755859375,95.76000213623047,77.72054290771484,518950,0.0,False
2012-10-19,95.36000061035156,95.68000030517578,93.23999786376953,94.55999755859375,76.74661254882812,996225,0.0,False
2012-10-22,94.31999969482422,96.19999694824219,94.23999786376953,96.04000091552734,77.94779205322266,527850,0.0,False
2012-10-23,93.83999633789062,94.31999969482422,92.95999908447266,93.4800033569336,75.87004852294922,736525,0.0,False
2012-10-24,94.4000015258789,94.44000244140625,92.5199966430664,92.5999984741211,75.15583038330078,413675,0.0,False
2012-10-25,94.87999725341797,95.08000183105469,93.5999984741211,94.31999969482422,76.55181121826172,581425,0.0,False
2012-10-26,94.4000015258789,94.83999633789062,93.16000366210938,93.72000122070312,76.06484985351562,353600,0.0,False
2012-10-31,95.4000015258789,96.55999755859375,94.72000122070312,96.55999755859375,78.36983489990234,798075,0.0,False
2012-11-01,95.95999908447266,96.76000213623047,95.83999633789062,96.12000274658203,78.01274871826172,476550,0.0,False
2012-11-02,95.19999694824219,95.19999694824219,92.80000305175781,92.80000305175781,75.31816864013672,783175,0.0,False
2012-11-05,93.76000213623047,93.76000213623047,92.27999877929688,92.36000061035156,74.96105194091797,570975,0.0,False
2012-11-06,93.27999877929688,95.23999786376953,92.4000015258789,94.27999877929688,76.51936340332031,658275,0.0,False
2012-11-07,95.68000030517578,95.68000030517578,92.31999969482422,94.95999908447266,77.07123565673828,1114900,0.0,False
2012-11-08,95.19999694824219,96.4000015258789,94.08000183105469,95.76000213623047,77.72054290771484,913175,0.0,False
2012-11-09,96.12000274658203,96.83999633789062,95.68000030517578,95.76000213623047,77.72054290771484,684025,0.0,False
2012-11-12,96.16000366210938,96.4000015258789,94.91999816894531,95.12000274658203,77.20111846923828,420400,0.0,False
2012-11-13,93.91999816894531,94.08000183105469,92.68000030517578,92.91999816894531,75.4155502319336,459025,0.0,False
2012-11-14,93.12000274658203,93.44000244140625,87.87999725341797,88.31999969482422,71.68211364746094,1494575,0.0,False
2012-11-15,87.80000305175781,87.87999725341797,84.12000274658203,84.68000030517578,68.7278060913086,1628400,0.0,False
2012-11-16,84.55999755859375,86.4800033569336,83.83999633789062,86.04000091552734,69.83161926269531,867300,0.0,False
2012-11-19,88.5999984741211,89.36000061035156,87.83999633789062,88.80000305175781,72.07170104980469,669775,0.0,False
2012-11-20,89.0,89.08000183105469,87.36000061035156,88.08000183105469,71.48731994628906,591500,0.0,False
2012-11-21,88.31999969482422,89.0,87.44000244140625,88.4000015258789,71.74703979492188,341650,0.0,False
2012-11-23,88.63999938964844,90.23999786376953,87.4000015258789,90.12000274658203,73.14303588867188,436500,0.0,False
2012-11-26,89.0,89.91999816894531,88.4800033569336,89.27999877929688,72.46125793457031,452000,0.0,False
2012-11-27,88.83999633789062,89.23999786376953,87.36000061035156,87.4800033569336,71.0003433227539,557525,0.0,False
2012-11-28,84.91999816894531,87.16000366210938,84.76000213623047,87.12000274658203,70.70817565917969,714525,0.0,False
2012-11-29,87.31999969482422,88.19999694824219,86.55999755859375,87.5999984741211,71.09773254394531,438450,0.0,False
2012-11-30,87.5199966430664,87.5199966430664,85.5999984741211,86.23999786376953,69.99394226074219,391100,0.0,False
2012-12-03,86.4000015258789,86.87999725341797,84.95999908447266,85.04000091552734,69.0199966430664,344625,0.0,False
2012-12-04,84.12000274658203,85.31999969482422,83.5199966430664,84.87999725341797,68.89013671875,589750,0.0,False
2012-12-05,84.63999938964844,85.19999694824219,82.63999938964844,83.04000091552734,67.39677429199219,833750,0.0,False
2012-12-06,82.63999938964844,84.76000213623047,82.4000015258789,83.12000274658203,67.4616928100586,693325,0.0,False
2012-12-07,84.04000091552734,84.27999877929688,83.19999694824219,83.91999816894531,68.1109848022461,445075,0.0,False
2012-12-10,84.68000030517578,85.16000366210938,84.4000015258789,84.91999816894531,68.92259216308594,409525,0.0,False
2012-12-11,84.83999633789062,85.27999877929688,84.63999938964844,85.0,68.987548828125,426250,0.0,False
2012-12-12,85.4800033569336,87.63999938964844,85.44000244140625,86.63999938964844,70.31859588623047,1002125,0.0,False
2012-12-13,84.12000274658203,85.5199966430664,83.95999908447266,84.68000030517578,68.7278060913086,578375,0.0,False
2012-12-14,85.12000274658203,85.5199966430664,84.23999786376953,85.19999694824219,69.14986419677734,431050,0.0,False
2012-12-17,84.95999908447266,85.44000244140625,84.4000015258789,84.91999816894531,68.92259216308594,624550,0.0,False
2012-12-18,84.87999725341797,85.19999694824219,82.23999786376953,82.55999755859375,67.00718688964844,1045525,0.0,False
2012-12-19,82.5999984741211,83.0,81.5999984741211,81.83999633789062,66.42282104492188,584775,0.0,False
2012-12-20,80.83999633789062,81.36000061035156,79.4000015258789,80.83999633789062,65.6112060546875,1483600,0.0,False
2012-12-21,80.04000091552734,81.55999755859375,79.91999816894531,81.16000366210938,65.87092590332031,1283425,0.0,False
2012-12-24,78.4000015258789,78.5999984741211,76.04000091552734,77.08000183105469,64.96072387695312,728500,0.0,False
2012-12-26,77.72000122070312,78.0,76.83999633789062,77.12000274658203,64.99444580078125,434475,0.0,False
2012-12-27,76.63999938964844,77.91999816894531,76.44000244140625,77.5999984741211,65.39897918701172,602400,0.0,False
2012-12-28,77.23999786376953,77.91999816894531,76.76000213623047,77.04000091552734,64.92703247070312,525550,0.0,False
2012-12-31,77.5999984741211,79.5999984741211,77.4800033569336,79.16000366210938,66.71369934082031,686275,0.0,False
2013-01-02,81.63999938964844,83.0,81.55999755859375,82.16000366210938,69.24200439453125,712675,0.0,False
2013-01-03,82.5999984741211,82.5999984741211,79.08000183105469,79.55999755859375,67.05079650878906,718150,0.0,False
2013-01-04,78.4000015258789,80.68000030517578,78.0,80.44000244140625,67.79244995117188,1124000,0.0,False
2013-01-07,79.91999816894531,80.16000366210938,79.31999969482422,79.83999633789062,67.2867660522461,828625,0.0,False
2013-01-08,79.83999633789062,80.55999755859375,79.31999969482422,80.08000183105469,67.4890365600586,591525,0.0,False
2013-01-09,80.19999694824219,80.36000061035156,79.36000061035156,79.55999755859375,67.05079650878906,557225,0.0,False
2013-01-10,80.87999725341797,82.0,80.55999755859375,81.83999633789062,68.97232818603516,909675,0.0,False
2013-01-11,81.23999786376953,81.72000122070312,80.19999694824219,80.80000305175781,68.09584045410156,647525,0.0,False
2013-01-14,81.87999725341797,82.36000061035156,80.83999633789062,81.04000091552734,68.29810333251953,532650,0.0,False
2013-01-15,81.63999938964844,82.36000061035156,80.91999816894531,81.83999633789062,68.97232818603516,410950,0.0,False
2013-01-16,81.44000244140625,82.23999786376953,81.23999786376953,81.95999908447266,69.07344055175781,301475,0.0,False
2013-01-17,81.5999984741211,82.83999633789062,81.04000091552734,82.44000244140625,69.47798156738281,652450,0.0,False
2013-01-18,82.4000015258789,82.4000015258789,81.23999786376953,81.95999908447266,69.07344055175781,1057700,0.0,False
2013-01-22,81.72000122070312,82.36000061035156,80.87999725341797,81.91999816894531,69.03973388671875,825600,0.0,False
2013-01-23,81.87999725341797,82.68000030517578,79.87999725341797,80.23999786376953,67.62388610839844,950725,0.0,False
2013-01-24,79.55999755859375,79.55999755859375,76.63999938964844,77.31999969482422,65.16299438476562,1654525,0.0,False
2013-01-25,76.5999984741211,77.0,74.80000305175781,74.87999725341797,63.106632232666016,1336250,0.0,False
2013-01-28,74.95999908447266,75.4000015258789,74.04000091552734,74.12000274658203,62.466129302978516,595025,0.0,False
2013-01-29,74.72000122070312,75.91999816894531,74.63999938964844,75.83999633789062,63.91568374633789,790300,0.0,False
2013-01-30,76.76000213623047,77.44000244140625,76.19999694824219,76.4800033569336,64.45506286621094,831125,0.0,False
2013-01-31,75.83999633789062,76.23999786376953,75.23999786376953,75.5999984741211,63.71343231201172,547000,0.0,False
2013-02-01,76.68000030517578,77.19999694824219,75.87999725341797,76.5999984741211,64.55621337890625,484350,0.0,False
2013-02-04,75.76000213623047,76.68000030517578,75.23999786376953,75.4000015258789,63.54487991333008,705900,0.0,False
2013-02-05,75.4000015258789,76.19999694824219,74.27999877929688,74.68000030517578,62.93808364868164,964375,0.0,False
2013-02-06,74.5999984741211,74.91999816894531,73.83999633789062,74.23999786376953,62.567264556884766,717275,0.0,False
2013-02-07,73.80000305175781,75.16000366210938,73.5999984741211,74.19999694824219,62.53355407714844,545450,0.0,False
2013-02-08,74.0,74.63999938964844,73.87999725341797,74.04000091552734,62.39870834350586,457475,0.0,False
2013-02-11,73.16000366210938,73.16000366210938,72.04000091552734,72.16000366210938,60.81430435180664,909900,0.0,False
2013-02-12,72.0,72.5999984741211,71.4000015258789,71.91999816894531,60.61204147338867,935150,0.0,False
2013-02-13,72.44000244140625,72.4800033569336,70.95999908447266,71.23999786376953,60.038944244384766,671825,0.0,False
2013-02-14,71.44000244140625,71.63999938964844,70.55999755859375,70.80000305175781,59.66813278198242,678575,0.0,False
2013-02-15,69.80000305175781,70.08000183105469,68.27999877929688,68.87999725341797,58.05001449584961,1446900,0.0,False
2013-02-19,68.4000015258789,68.4000015258789,66.08000183105469,66.5199966430664,56.061065673828125,1789400,0.0,False
2013-02-20,65.4800033569336,65.4800033569336,62.959999084472656,63.279998779296875,53.33049774169922,2432800,0.0,False
2013-02-21,63.439998626708984,64.44000244140625,62.720001220703125,63.79999923706055,53.768741607666016,1801900,0.0,False
2013-02-22,64.0,64.87999725341797,63.599998474121094,64.83999633789062,54.64521789550781,837825,0.0,False
2013-02-25,65.5199966430664,66.76000213623047,65.5199966430664,66.4000015258789,55.95994567871094,993550,0.0,False
2013-02-26,66.4000015258789,67.23999786376953,65.12000274658203,66.55999755859375,56.094783782958984,1056800,0.0,False
2013-02-27,66.16000366210938,66.76000213623047,65.12000274658203,65.27999877929688,55.01603698730469,575425,0.0,False
2013-02-28,64.95999908447266,65.12000274658203,63.15999984741211,63.31999969482422,53.36421203613281,805850,0.0,False
2013-03-01,63.31999969482422,63.7599983215332,62.20000076293945,62.439998626708984,52.6225700378418,963675,0.0,False
2013-03-04,62.52000045776367,62.52000045776367,59.79999923706055,60.2400016784668,50.76848220825195,1374625,0.0,False
2013-03-05,61.36000061035156,61.91999816894531,60.79999923706055,60.84000015258789,51.27414321899414,844325,0.0,False
2013-03-06,61.0,63.959999084472656,60.119998931884766,63.7599983215332,53.73503494262695,2436225,0.0,False
2013-03-07,64.0,64.5999984741211,63.2400016784668,63.84000015258789,53.80244827270508,1610175,0.0,False
2013-03-08,63.040000915527344,65.72000122070312,62.79999923706055,64.4000015258789,54.27440643310547,1421750,0.0,False
2013-03-11,64.5999984741211,65.31999969482422,64.44000244140625,65.16000366210938,54.9149055480957,1049750,0.0,False
2013-03-12,65.83999633789062,67.55999755859375,65.80000305175781,67.55999755859375,56.937557220458984,1170675,0.0,False
2013-03-13,67.72000122070312,67.87999725341797,65.16000366210938,65.68000030517578,55.3531494140625,998075,0.0,False
2013-03-14,65.19999694824219,66.80000305175781,65.04000091552734,66.31999969482422,55.89252471923828,868150,0.0,False
2013-03-15,66.31999969482422,67.87999725341797,66.31999969482422,67.4000015258789,56.80271530151367,1367275,0.0,False
2013-03-18,68.5199966430664,68.80000305175781,67.4000015258789,67.80000305175781,57.13983154296875,956925,0.0,False
2013-03-19,68.0,68.36000061035156,67.23999786376953,67.4800033569336,56.87013626098633,546250,0.0,False
2013-03-20,67.16000366210938,67.63999938964844,66.87999725341797,67.31999969482422,56.73529052734375,508600,0.0,False
2013-03-21,67.72000122070312,68.72000122070312,67.4000015258789,68.4800033569336,57.71289825439453,816850,0.0,False
2013-03-22,68.19999694824219,68.83999633789062,67.72000122070312,68.0,57.308380126953125,563900,0.0,False
2013-03-25,67.12000274658203,67.87999725341797,62.08000183105469,67.04000091552734,56.49931335449219,940225,0.0,False
2013-03-26,66.5999984741211,66.91999816894531,66.16000366210938,66.83999633789062,56.33075714111328,420825,0.0,False
2013-03-27,66.31999969482422,67.68000030517578,66.27999877929688,67.5999984741211,56.97126770019531,615125,0.0,False
2013-03-28,67.04000091552734,67.31999969482422,66.23999786376953,66.95999908447266,56.431888580322266,514825,0.0,False
2013-04-01,66.5199966430664,66.95999908447266,64.76000213623047,65.55999755859375,55.252010345458984,619375,0.0,False
2013-04-02,64.44000244140625,64.83999633789062,62.599998474121094,62.68000030517578,52.82483673095703,994225,0.0,False
2013-04-03,62.20000076293945,62.7599983215332,57.7599983215332,58.68000030517578,49.45375061035156,2277825,0.0,False
2013-04-04,58.31999969482422,60.20000076293945,56.959999084472656,60.20000076293945,50.73476791381836,1317550,0.0,False
2013-04-05,61.31999969482422,62.599998474121094,60.68000030517578,61.599998474121094,51.91464614868164,999525,0.0,False
2013-04-08,61.36000061035156,61.959999084472656,60.63999938964844,60.79999923706055,51.24042892456055,431100,0.0,False
2013-04-09,60.79999923706055,63.52000045776367,60.79999923706055,62.91999816894531,53.027103424072266,783200,0.0,False
2013-04-10,62.08000183105469,62.68000030517578,60.47999954223633,60.599998474121094,51.07188034057617,869375,0.0,False
2013-04-11,60.20000076293945,61.119998931884766,59.79999923706055,60.119998931884766,50.66735076904297,820050,0.0,False
2013-04-12,58.439998626708984,58.7599983215332,55.0,55.959999084472656,47.16142272949219,2503025,0.0,False
2013-04-15,52.15999984741211,52.279998779296875,48.31999969482422,48.959999084472656,41.26203536987305,3349950,0.0,False
2013-04-16,51.119998931884766,51.560001373291016,48.15999984741211,48.52000045776367,40.89121627807617,1935200,0.0,False
2013-04-17,48.400001525878906,48.959999084472656,45.279998779296875,45.91999816894531,38.70001220703125,2165125,0.0,False
2013-04-18,46.0,47.15999984741211,45.119998931884766,47.040000915527344,39.64391326904297,1936000,0.0,False
2013-04-19,48.0,48.15999984741211,46.84000015258789,48.040000915527344,40.48667907714844,961750,0.0,False
2013-04-22,48.84000015258789,49.15999984741211,47.47999954223633,48.52000045776367,40.89121627807617,964325,0.0,False
2013-04-23,47.52000045776367,47.79999923706055,46.52000045776367,47.15999984741211,39.74504852294922,947425,0.0,False
2013-04-24,47.720001220703125,50.7599983215332,47.720001220703125,50.52000045776367,42.57675552368164,1503600,0.0,False
2013-04-25,51.720001220703125,52.68000030517578,50.560001373291016,51.400001525878906,43.318397521972656,1942175,0.0,False
2013-04-26,51.84000015258789,52.040000915527344,49.560001373291016,50.0,42.138511657714844,1243700,0.0,False
2013-04-29,50.880001068115234,51.0,50.20000076293945,50.560001373291016,42.61046600341797,715025,0.0,False
2013-04-30,50.20000076293945,51.279998779296875,49.119998931884766,51.279998779296875,43.21725845336914,931150,0.0,False
2013-05-01,49.599998474121094,50.040000915527344,47.720001220703125,49.599998474121094,41.8014030456543,1672975,0.0,False
2013-05-02,49.63999938964844,50.119998931884766,48.720001220703125,49.560001373291016,41.767696380615234,596875,0.0,False
2013-05-03,49.400001525878906,50.63999938964844,48.720001220703125,48.79999923706055,41.127193450927734,1065025,0.0,False
2013-05-06,48.91999816894531,49.2400016784668,48.599998474121094,49.0,41.29574203491211,494100,0.0,False
2013-05-07,47.91999816894531,48.20000076293945,46.720001220703125,46.79999923706055,39.44164276123047,973450,0.0,False
2013-05-08,47.720001220703125,49.400001525878906,47.47999954223633,49.31999969482422,41.565433502197266,1033500,0.0,False
2013-05-09,48.119998931884766,50.720001220703125,48.0,48.47999954223633,40.85749816894531,1052925,0.0,False
2013-05-10,47.119998931884766,49.040000915527344,46.47999954223633,48.7599983215332,41.09347152709961,972825,0.0,False
2013-05-13,47.7599983215332,48.119998931884766,47.119998931884766,47.63999938964844,40.14957046508789,568375,0.0,False
2013-05-14,46.84000015258789,48.040000915527344,46.84000015258789,47.400001525878906,39.94731521606445,459925,0.0,False
2013-05-15,46.400001525878906,46.560001373291016,43.560001373291016,43.720001220703125,36.845924377441406,1400025,0.0,False
2013-05-16,43.08000183105469,44.63999938964844,42.720001220703125,44.040000915527344,37.1156120300293,926350,0.0,False
2013-05-17,43.31999969482422,43.959999084472656,41.68000030517578,41.84000015258789,35.26150894165039,1343100,0.0,False
2013-05-20,41.959999084472656,45.79999923706055,41.599998474121094,45.08000183105469,37.99209213256836,1613475,0.0,False
2013-05-21,43.79999923706055,44.2400016784668,42.599998474121094,43.36000061035156,36.542518615722656,1283750,0.0,False
2013-05-22,44.47999954223633,46.20000076293945,43.599998474121094,44.08000183105469,37.149314880371094,1719950,0.0,False
2013-05-23,45.279998779296875,45.400001525878906,43.720001220703125,45.119998931884766,38.025787353515625,909000,0.0,False
2013-05-24,44.84000015258789,45.279998779296875,43.91999816894531,44.560001373291016,37.5538444519043,771875,0.0,False
2013-05-28,44.2400016784668,45.47999954223633,43.599998474121094,44.0,37.0818977355957,759575,0.0,False
2013-05-29,44.439998626708984,46.439998626708984,44.279998779296875,46.36000061035156,39.07082748413086,960650,0.0,False
2013-05-30,47.52000045776367,49.560001373291016,47.31999969482422,49.400001525878906,41.63285446166992,1789125,0.0,False
2013-05-31,48.84000015258789,48.959999084472656,47.0,48.08000183105469,40.52039337158203,1576550,0.0,False
2013-06-03,48.7599983215332,50.7599983215332,48.52000045776367,50.2400016784668,42.34077835083008,1318300,0.0,False
2013-06-04,49.400001525878906,50.20000076293945,48.79999923706055,49.119998931884766,41.39687728881836,637125,0.0,False
2013-06-05,49.31999969482422,50.040000915527344,48.47999954223633,48.880001068115234,41.19461441040039,753300,0.0,False
2013-06-06,48.959999084472656,50.36000061035156,48.52000045776367,50.0,42.138511657714844,779775,0.0,False
2013-06-07,48.79999923706055,49.15999984741211,46.79999923706055,47.119998931884766,39.71133041381836,943550,0.0,False
2013-06-10,47.439998626708984,47.84000015258789,46.439998626708984,47.36000061035156,39.91360092163086,532525,0.0,False
2013-06-11,46.2400016784668,46.91999816894531,45.47999954223633,45.599998474121094,38.43032455444336,660800,0.0,False
2013-06-12,46.0,46.84000015258789,45.20000076293945,45.31999969482422,38.19435119628906,955550,0.0,False
2013-06-13,45.20000076293945,45.84000015258789,44.599998474121094,45.560001373291016,38.396610260009766,462275,0.0,False
2013-06-14,46.119998931884766,46.119998931884766,44.959999084472656,45.119998931884766,38.025787353515625,364800,0.0,False
2013-06-17,45.040000915527344,45.439998626708984,44.0,44.400001525878906,37.41899871826172,503300,0.0,False
2013-06-18,43.880001068115234,44.119998931884766,42.599998474121094,42.7599983215332,36.0368537902832,972550,0.0,False
2013-06-19,42.880001068115234,43.52000045776367,41.08000183105469,41.31999969482422,34.823272705078125,731675,0.0,False
2013-06-20,38.7599983215332,39.0,37.040000915527344,37.279998779296875,31.418472290039062,1718400,0.0,False
2013-06-21,38.119998931884766,38.52000045776367,37.119998931884766,38.0,32.025272369384766,1068725,0.0,False
2013-06-24,37.2400016784668,37.400001525878906,34.79999923706055,35.20000076293945,29.66551399230957,1753400,0.0,False
2013-06-25,35.119998931884766,35.959999084472656,34.880001068115234,35.36000061035156,29.800357818603516,948575,0.0,False
2013-06-26,34.08000183105469,34.279998779296875,32.84000015258789,33.040000915527344,27.845130920410156,1475500,0.0,False
2013-06-27,33.63999938964844,34.36000061035156,33.36000061035156,33.79999923706055,28.485633850097656,2042325,0.0,False
2013-06-28,33.560001373291016,37.2400016784668,33.47999954223633,36.63999938964844,30.87909698486328,594050,0.0,False
2013-07-01,36.959999084472656,37.900001525878906,36.52000045776367,37.290000915527344,31.426902770996094,1517300,0.0,False
2013-07-02,37.0099983215332,37.849998474121094,35.34000015258789,35.84000015258789,30.204885482788086,1773100,0.0,False
2013-07-03,36.040000915527344,36.77000045776367,35.79999923706055,36.189998626708984,30.49985694885254,1159400,0.0,False
2013-07-05,34.9900016784668,35.0,33.939998626708984,34.2599983215332,28.873308181762695,1233200,0.0,False
2013-07-08,34.720001220703125,35.20000076293945,34.310001373291016,34.31999969482422,28.92387580871582,849200,0.0,False
2013-07-09,35.0,35.66999816894531,34.880001068115234,35.22999954223633,29.69078826904297,950500,0.0,False
2013-07-10,35.220001220703125,36.119998931884766,34.939998626708984,35.470001220703125,29.8930606842041,680400,0.0,False
2013-07-11,37.84000015258789,38.43000030517578,37.58000183105469,38.33000183105469,32.303382873535156,1154000,0.0,False
2013-07-12,37.72999954223633,38.2400016784668,37.540000915527344,38.0099983215332,32.03369903564453,788600,0.0,False
2013-07-15,38.099998474121094,38.189998626708984,37.380001068115234,37.619998931884766,31.70501136779785,696200,0.0,False
2013-07-16,37.86000061035156,39.22999954223633,37.650001525878906,39.18000030517578,33.019737243652344,1186700,0.0,False
2013-07-17,39.5,39.790000915527344,37.810001373291016,38.11000061035156,32.11797332763672,1109700,0.0,False
2013-07-18,38.5,38.68000030517578,37.810001373291016,37.95000076293945,31.983131408691406,764600,0.0,False
2013-07-19,38.59000015258789,39.279998779296875,38.22999954223633,39.279998779296875,33.1040153503418,563700,0.0,False
2013-07-22,41.0,42.95000076293945,40.66999816894531,42.77000045776367,36.0452880859375,1804200,0.0,False
2013-07-23,42.599998474121094,44.63999938964844,42.029998779296875,44.58000183105469,37.57069396972656,1605000,0.0,False
2013-07-24,44.0,44.619998931884766,41.540000915527344,42.13999938964844,35.51433563232422,1305900,0.0,False
2013-07-25,41.869998931884766,43.27000045776367,41.7599983215332,42.68000030517578,35.96942901611328,792600,0.0,False
2013-07-26,42.15999984741211,42.86000061035156,41.41999816894531,42.810001373291016,36.07899856567383,523100,0.0,False
2013-07-29,43.150001525878906,43.150001525878906,42.27000045776367,42.470001220703125,35.792457580566406,555600,0.0,False
2013-07-30,42.310001373291016,42.33000183105469,41.599998474121094,41.650001525878906,35.101383209228516,410000,0.0,False
2013-07-31,41.5,41.7599983215332,40.0099983215332,40.470001220703125,34.10691452026367,916100,0.0,False
2013-08-01,40.7400016784668,41.02000045776367,39.61000061035156,39.709999084472656,33.466400146484375,562200,0.0,False
2013-08-02,39.75,40.31999969482422,39.02000045776367,39.119998931884766,32.969173431396484,607800,0.0,False
2013-08-05,39.13999938964844,40.25,38.720001220703125,39.16999816894531,33.01130294799805,700800,0.0,False
2013-08-06,38.72999954223633,38.849998474121094,37.0,37.119998931884766,31.283632278442383,1212000,0.0,False
2013-08-07,36.939998626708984,37.86000061035156,35.560001373291016,37.29999923706055,31.435321807861328,634900,0.0,False
2013-08-08,38.09000015258789,41.02000045776367,37.7400016784668,40.75,34.34288787841797,1693200,0.0,False
2013-08-09,40.09000015258789,42.0,39.81999969482422,41.52000045776367,34.9918212890625,1310300,0.0,False
2013-08-12,43.4900016784668,45.63999938964844,43.349998474121094,45.150001525878906,38.05107879638672,2024200,0.0,False
2013-08-13,44.849998474121094,45.45000076293945,44.25,45.06999969482422,37.98365783691406,1434700,0.0,False
2013-08-14,45.25,47.290000915527344,44.939998626708984,47.13999938964844,39.72819137573242,1673900,0.0,False
2013-08-15,46.5,49.61000061035156,45.91999816894531,49.599998474121094,41.8014030456543,2087700,0.0,False
2013-08-16,49.88999938964844,51.15999984741211,48.45000076293945,48.849998474121094,41.16933059692383,1657000,0.0,False
2013-08-19,49.20000076293945,49.29999923706055,47.869998931884766,48.40999984741211,40.79851150512695,1784000,0.0,False
2013-08-20,48.630001068115234,49.88999938964844,48.43000030517578,49.77000045776367,41.944671630859375,1455400,0.0,False
2013-08-21,49.119998931884766,49.5099983215332,48.209999084472656,48.310001373291016,40.7142333984375,1229400,0.0,False
2013-08-22,48.7400016784668,49.709999084472656,48.5,48.619998931884766,40.97548294067383,636300,0.0,False
2013-08-23,48.95000076293945,51.279998779296875,48.95000076293945,51.2599983215332,43.20039749145508,1087100,0.0,False
2013-08-26,51.880001068115234,52.86000061035156,51.5,52.459999084472656,44.21171951293945,1149500,0.0,False
2013-08-27,53.52000045776367,54.560001373291016,49.619998931884766,49.72999954223633,41.91096115112305,2031800,0.0,False
2013-08-28,50.599998474121094,51.099998474121094,48.709999084472656,49.02000045776367,41.312599182128906,1506600,0.0,False
2013-08-29,48.34000015258789,49.810001373291016,46.97999954223633,49.0,41.29574203491211,1608200,0.0,False
2013-08-30,48.040000915527344,49.11000061035156,47.599998474121094,48.15999984741211,40.58781433105469,1051100,0.0,False
2013-09-03,48.779998779296875,48.91999816894531,48.13999938964844,48.619998931884766,40.97548294067383,754900,0.0,False
2013-09-04,47.97999954223633,48.439998626708984,47.52000045776367,48.25,40.66366195678711,554100,0.0,False
2013-09-05,47.939998626708984,48.0,45.31999969482422,46.06999969482422,38.8264274597168,1617900,0.0,False
2013-09-06,47.099998474121094,47.75,46.65999984741211,47.41999816894531,39.96416473388672,869300,0.0,False
2013-09-09,47.869998931884766,48.310001373291016,47.119998931884766,47.29999923706055,39.86302947998047,360300,0.0,False
2013-09-10,45.95000076293945,45.970001220703125,45.040000915527344,45.25,38.13535690307617,1122400,0.0,False
2013-09-11,45.08000183105469,45.58000183105469,44.27000045776367,45.470001220703125,38.320762634277344,685300,0.0,False
2013-09-12,43.720001220703125,43.720001220703125,42.150001525878906,42.2400016784668,35.598609924316406,1487600,0.0,False
2013-09-13,42.349998474121094,43.2400016784668,41.7599983215332,42.83000183105469,36.095848083496094,1222300,0.0,False
2013-09-16,42.790000915527344,43.58000183105469,42.369998931884766,42.400001525878906,35.73345184326172,836800,0.0,False
2013-09-17,42.68000030517578,42.7400016784668,42.130001068115234,42.72999954223633,36.011573791503906,520100,0.0,False
2013-09-18,42.02000045776367,47.83000183105469,41.34000015258789,47.54999923706055,40.07372283935547,2395800,0.0,False
2013-09-19,47.93000030517578,48.209999084472656,44.83000183105469,45.650001525878906,38.47245788574219,1577500,0.0,False
2013-09-20,44.630001068115234,44.7400016784668,41.459999084472656,41.47999954223633,34.95811462402344,2268300,0.0,False
2013-09-23,41.5,42.38999938964844,40.400001525878906,40.70000076293945,34.30074691772461,1439600,0.0,False
2013-09-24,40.08000183105469,41.4900016784668,39.75,40.7599983215332,34.35131072998047,1836900,0.0,False
2013-09-25,41.349998474121094,43.150001525878906,41.209999084472656,42.59000015258789,35.893585205078125,861800,0.0,False
2013-09-26,42.34000015258789,42.970001220703125,41.11000061035156,41.529998779296875,35.00025177001953,527400,0.0,False
2013-09-27,42.130001068115234,42.56999969482422,41.5,41.630001068115234,35.084529876708984,343600,0.0,False
2013-09-30,40.880001068115234,41.77000045776367,40.65999984741211,40.7400016784668,34.3344612121582,655200,0.0,False
2013-10-01,39.4900016784668,39.77000045776367,39.08000183105469,39.459999084472656,33.25571060180664,1007700,0.0,False
2013-10-02,39.91999816894531,41.04999923706055,39.90999984741211,40.209999084472656,33.887794494628906,761100,0.0,False
2013-10-03,40.130001068115234,40.5,39.599998474121094,39.720001220703125,33.47483444213867,404600,0.0,False
2013-10-04,39.02000045776367,39.29999923706055,38.0099983215332,38.70000076293945,32.61521530151367,1253900,0.0,False
2013-10-07,37.900001525878906,38.880001068115234,37.52000045776367,38.52000045776367,32.46351623535156,853300,0.0,False
2013-10-08,38.310001373291016,38.79999923706055,36.90999984741211,37.02000045776367,31.19935417175293,972100,0.0,False
2013-10-09,37.02000045776367,37.040000915527344,35.83000183105469,36.540000915527344,30.794824600219727,1245200,0.0,False
2013-10-10,36.529998779296875,36.95000076293945,36.0,36.11000061035156,30.43243408203125,630800,0.0,False
2013-10-11,35.90999984741211,35.90999984741211,34.900001525878906,35.02000045776367,29.51381492614746,1329200,0.0,False
2013-10-14,35.29999923706055,35.66999816894531,34.810001373291016,34.93000030517578,29.43796157836914,570900,0.0,False
2013-10-15,34.900001525878906,35.97999954223633,34.81999969482422,35.72999954223633,30.1121768951416,696100,0.0,False
2013-10-16,35.560001373291016,35.86000061035156,35.08000183105469,35.34000015258789,29.783498764038086,524800,0.0,False
2013-10-17,36.9900016784668,37.970001220703125,36.880001068115234,37.380001068115234,31.50275421142578,1538600,0.0,False
2013-10-18,37.380001068115234,37.720001220703125,36.75,36.88999938964844,31.089797973632812,739400,0.0,False
2013-10-21,37.150001525878906,38.41999816894531,37.150001525878906,38.349998474121094,32.32024002075195,1561700,0.0,False
2013-10-22,39.41999816894531,40.83000183105469,39.2599983215332,40.7599983215332,34.35131072998047,1721700,0.0,False
2013-10-23,40.09000015258789,40.5,39.45000076293945,39.5,33.289424896240234,965300,0.0,False
2013-10-24,40.13999938964844,41.439998626708984,39.95000076293945,41.13999938964844,34.671566009521484,1229500,0.0,False
2013-10-25,40.9900016784668,41.63999938964844,40.5,41.47999954223633,34.95811462402344,1023800,0.0,False
2013-10-28,41.38999938964844,41.91999816894531,40.97999954223633,41.11000061035156,34.64628982543945,824500,0.0,False
2013-10-29,41.029998779296875,41.099998474121094,39.2599983215332,39.2599983215332,33.087162017822266,1265300,0.0,False
2013-10-30,40.0,40.709999084472656,38.150001525878906,39.70000076293945,33.45798110961914,761300,0.0,False
2013-10-31,38.5,38.709999084472656,37.52000045776367,37.58000183105469,31.67129898071289,1599500,0.0,False
2013-11-01,37.2599983215332,37.4900016784668,36.2400016784668,36.400001525878906,30.67683982849121,1181700,0.0,False
2013-11-04,36.72999954223633,37.349998474121094,36.40999984741211,37.22999954223633,31.376338958740234,1007800,0.0,False
2013-11-05,37.060001373291016,37.34000015258789,36.31999969482422,36.619998931884766,30.862245559692383,533800,0.0,False
2013-11-06,37.08000183105469,37.380001068115234,36.869998931884766,37.150001525878906,31.30891227722168,500400,0.0,False
2013-11-07,36.40999984741211,36.63999938964844,35.630001068115234,35.7400016784668,30.120607376098633,999400,0.0,False
2013-11-08,35.099998474121094,36.13999938964844,34.349998474121094,36.0,30.339725494384766,1272700,0.0,False
2013-11-11,35.790000915527344,36.02000045776367,35.150001525878906,35.849998474121094,30.213314056396484,423700,0.0,False
2013-11-12,35.470001220703125,36.09000015258789,34.689998626708984,35.029998779296875,29.522241592407227,1272500,0.0,False
2013-11-13,35.369998931884766,35.5,35.0,35.40999984741211,29.842493057250977,773800,0.0,False
2013-11-14,35.81999969482422,36.709999084472656,35.7400016784668,36.41999816894531,30.69369125366211,1441600,0.0,False
2013-11-15,36.459999084472656,36.689998626708984,35.84000015258789,35.97999954223633,30.322877883911133,761500,0.0,False
2013-11-18,35.52000045776367,35.7599983215332,35.02000045776367,35.20000076293945,29.66551399230957,1606100,0.0,False
2013-11-19,35.45000076293945,35.45000076293945,34.90999984741211,35.0,29.496957778930664,500500,0.0,False
2013-11-20,34.310001373291016,34.93000030517578,33.02000045776367,33.380001068115234,28.131671905517578,2678500,0.0,False
2013-11-21,33.08000183105469,33.310001373291016,32.34000015258789,33.13999938964844,27.92940902709961,1716200,0.0,False
2013-11-22,33.13999938964844,33.619998931884766,32.439998626708984,32.5,27.390033721923828,944600,0.0,False
2013-11-25,31.979999542236328,32.66999816894531,31.40999984741211,32.150001525878906,27.095064163208008,1202600,0.0,False
2013-11-26,31.899999618530273,32.0,31.450000762939453,31.5,26.547264099121094,1367600,0.0,False
2013-11-27,31.469999313354492,31.959999084472656,31.280000686645508,31.399999618530273,26.46298599243164,739500,0.0,False
2013-11-29,31.889999389648438,32.869998931884766,31.639999389648438,32.5,27.390033721923828,890700,0.0,False
2013-12-02,31.729999542236328,32.209999084472656,30.1299991607666,30.260000228881836,25.502225875854492,1842400,0.0,False
2013-12-03,30.139999389648438,30.350000381469727,29.200000762939453,29.260000228881836,24.659454345703125,1433800,0.0,False
2013-12-04,29.540000915527344,30.56999969482422,29.100000381469727,30.229999542236328,25.47694206237793,1841300,0.0,False
2013-12-05,29.309999465942383,29.920000076293945,29.110000610351562,29.170000076293945,24.58361053466797,1358300,0.0,False
2013-12-06,29.59000015258789,29.969999313354492,28.8700008392334,28.889999389648438,24.347631454467773,1446000,0.0,False
2013-12-09,29.059999465942383,29.729999542236328,29.059999465942383,29.690000534057617,25.021848678588867,1554300,0.0,False
2013-12-10,31.030000686645508,31.25,30.75,30.899999618530273,26.041603088378906,2742400,0.0,False
2013-12-11,30.790000915527344,31.020000457763672,29.959999084472656,30.1200008392334,25.384241104125977,1229400,0.0,False
2013-12-12,29.149999618530273,29.969999313354492,28.959999084472656,29.899999618530273,25.198829650878906,1684500,0.0,False
2013-12-13,30.219999313354492,30.520000457763672,29.93000030517578,30.229999542236328,25.47694206237793,917800,0.0,False
2013-12-16,30.260000228881836,31.200000762939453,30.06999969482422,30.68000030517578,25.85619354248047,1536200,0.0,False
2013-12-17,30.190000534057617,30.68000030517578,29.8799991607666,30.059999465942383,25.333675384521484,1265400,0.0,False
2013-12-18,29.969999313354492,31.190000534057617,29.6200008392334,29.8799991607666,25.181974411010742,2254100,0.0,False
2013-12-19,29.18000030517578,29.440000534057617,28.850000381469727,29.020000457763672,24.457197189331055,1497300,0.0,False
2013-12-20,29.170000076293945,29.450000762939453,28.950000762939453,29.280000686645508,24.67631721496582,1405200,0.0,False
2013-12-23,29.190000534057617,29.440000534057617,28.81999969482422,28.850000381469727,24.313920974731445,1170100,0.0,False
2013-12-24,28.940000534057617,30.010000228881836,28.889999389648438,29.959999084472656,25.2493953704834,989400,0.0,False
2013-12-26,30.399999618530273,30.56999969482422,29.739999771118164,29.950000762939453,25.240968704223633,756900,0.0,False
2013-12-27,30.209999084472656,30.770000457763672,30.020000457763672,30.719999313354492,25.889902114868164,1177200,0.0,False
2013-12-30,30.440000534057617,30.729999542236328,30.059999465942383,30.100000381469727,25.36738395690918,1166500,0.0,False
2013-12-31,29.799999237060547,31.1200008392334,29.700000762939453,31.049999237060547,26.168014526367188,1532200,0.0,False
2014-01-02,31.979999542236328,32.779998779296875,31.979999542236328,32.70000076293945,27.5585880279541,2196200,0.0,False
2014-01-03,32.970001220703125,33.20000076293945,32.540000915527344,32.650001525878906,27.516447067260742,1068000,0.0,False
2014-01-06,32.880001068115234,33.400001525878906,32.560001373291016,32.790000915527344,27.634437561035156,734700,0.0,False
2014-01-07,32.279998779296875,32.58000183105469,31.850000381469727,32.459999084472656,27.356321334838867,1053900,0.0,False
2014-01-08,31.93000030517578,32.119998931884766,31.610000610351562,31.709999084472656,26.724245071411133,934500,0.0,False
2014-01-09,31.729999542236328,31.729999542236328,31.049999237060547,31.09000015258789,26.201730728149414,955800,0.0,False
2014-01-10,31.700000762939453,32.709999084472656,31.6200008392334,32.70000076293945,27.5585880279541,1509000,0.0,False
2014-01-13,32.709999084472656,34.689998626708984,32.70000076293945,34.5,29.075571060180664,3391200,0.0,False
2014-01-14,34.380001068115234,34.9900016784668,33.54999923706055,33.7599983215332,28.451921463012695,2681700,0.0,False
2014-01-15,33.43000030517578,34.18000030517578,33.20000076293945,34.06999969482422,28.713178634643555,1244800,0.0,False
2014-01-16,34.29999923706055,34.709999084472656,34.2400016784668,34.540000915527344,29.109289169311523,1804400,0.0,False
2014-01-17,35.2400016784668,36.689998626708984,35.18000030517578,36.58000183105469,30.828535079956055,4113600,0.0,False
2014-01-21,35.9900016784668,38.15999984741211,35.84000015258789,37.97999954223633,32.0084228515625,3463500,0.0,False
2014-01-22,37.880001068115234,37.880001068115234,36.099998474121094,36.25,30.550424575805664,3347000,0.0,False
2014-01-23,37.25,38.220001220703125,36.970001220703125,37.099998474121094,31.26677703857422,3788900,0.0,False
2014-01-24,37.650001525878906,37.849998474121094,35.13999938964844,36.2599983215332,30.558849334716797,2876200,0.0,False
2014-01-27,36.08000183105469,36.18000030517578,34.279998779296875,34.36000061035156,28.957584381103516,3044200,0.0,False
2014-01-28,34.880001068115234,35.33000183105469,34.29999923706055,35.29999923706055,29.749786376953125,1957600,0.0,False
2014-01-29,35.880001068115234,36.86000061035156,35.20000076293945,36.810001373291016,31.022375106811523,3209900,0.0,False
2014-01-30,35.779998779296875,35.95000076293945,35.209999084472656,35.45000076293945,29.876205444335938,2701600,0.0,False
2014-01-31,36.130001068115234,36.130001068115234,34.83000183105469,35.38999938964844,29.82564353942871,1672800,0.0,False
2014-02-03,35.79999923706055,36.7400016784668,35.31999969482422,35.38999938964844,29.82564353942871,2433500,0.0,False
2014-02-04,35.099998474121094,36.7400016784668,35.099998474121094,36.599998474121094,30.84539222717285,2737600,0.0,False
2014-02-05,37.220001220703125,37.29999923706055,36.0,36.040000915527344,30.373437881469727,1957100,0.0,False
2014-02-06,36.47999954223633,36.880001068115234,36.06999969482422,36.47999954223633,30.744258880615234,2188600,0.0,False
2014-02-07,36.84000015258789,38.38999938964844,36.58000183105469,38.349998474121094,32.32024002075195,3764300,0.0,False
2014-02-10,39.54999923706055,40.29999923706055,39.15999984741211,39.959999084472656,33.677101135253906,4395200,0.0,False
2014-02-11,40.61000061035156,42.0,40.34000015258789,41.83000183105469,35.25308609008789,5060600,0.0,False
2014-02-12,41.779998779296875,41.81999969482422,39.75,40.0,33.710811614990234,4284300,0.0,False
2014-02-13,40.33000183105469,42.650001525878906,40.0,42.5,35.81772994995117,6274800,0.0,False
2014-02-14,43.810001373291016,44.599998474121094,43.29999923706055,44.040000915527344,37.1156120300293,5838500,0.0,False
2014-02-18,44.09000015258789,44.27000045776367,43.0099983215332,43.47999954223633,36.643653869628906,4390500,0.0,False
2014-02-19,42.939998626708984,43.65999984741211,40.380001068115234,40.52000045776367,34.149051666259766,6030400,0.0,False
2014-02-20,40.86000061035156,43.470001220703125,40.790000915527344,43.130001068115234,36.34867858886719,6336200,0.0,False
2014-02-21,43.040000915527344,43.45000076293945,42.02000045776367,42.90999984741211,36.163272857666016,2820900,0.0,False
2014-02-24,43.77000045776367,44.209999084472656,43.54999923706055,43.779998779296875,36.896480560302734,3012300,0.0,False
2014-02-25,43.40999984741211,43.5099983215332,42.40999984741211,42.529998779296875,35.843013763427734,3133300,0.0,False
2014-02-26,41.93000030517578,42.20000076293945,40.630001068115234,41.16999816894531,34.69685745239258,3515000,0.0,False
2014-02-27,41.34000015258789,42.400001525878906,40.709999084472656,41.16999816894531,34.69685745239258,2692500,0.0,False
2014-02-28,41.27000045776367,41.65999984741211,40.810001373291016,41.34000015258789,34.84012222290039,2092100,0.0,False
2014-03-03,43.470001220703125,43.58000183105469,41.91999816894531,41.95000076293945,35.354217529296875,3432600,0.0,False
2014-03-04,41.0,42.15999984741211,40.959999084472656,41.880001068115234,35.29521942138672,1795000,0.0,False
2014-03-05,42.029998779296875,43.04999923706055,41.75,42.630001068115234,35.92729949951172,2785700,0.0,False
2014-03-06,43.41999816894531,43.650001525878906,43.04999923706055,43.54999923706055,36.702640533447266,3018600,0.0,False
2014-03-07,42.27000045776367,42.66999816894531,42.04999923706055,42.5,35.81772994995117,2766000,0.0,False
2014-03-10,42.25,42.349998474121094,41.20000076293945,41.380001068115234,34.873836517333984,2885200,0.0,False
2014-03-11,42.189998626708984,42.400001525878906,41.290000915527344,41.61000061035156,35.06767272949219,2280900,0.0,False
2014-03-12,42.79999923706055,43.290000915527344,42.369998931884766,43.25,36.44981384277344,4374600,0.0,False
2014-03-13,43.25,45.09000015258789,43.060001373291016,44.83000183105469,37.78138732910156,5089500,0.0,False
2014-03-14,45.849998474121094,46.0,44.25,44.619998931884766,37.60440444946289,4388200,0.0,False
2014-03-17,44.33000183105469,44.77000045776367,42.560001373291016,42.58000183105469,35.88515853881836,5490100,0.0,False
2014-03-18,41.72999954223633,42.779998779296875,41.11000061035156,41.599998474121094,35.059242248535156,3944600,0.0,False
2014-03-19,41.15999984741211,41.540000915527344,39.439998626708984,39.470001220703125,33.264137268066406,4910700,0.0,False
2014-03-20,38.939998626708984,40.790000915527344,38.77000045776367,39.900001525878906,33.62653350830078,4295100,0.0,False
2014-03-21,40.779998779296875,41.22999954223633,39.58000183105469,39.849998474121094,33.58439254760742,2444100,0.0,False
2014-03-24,38.849998474121094,38.959999084472656,36.88999938964844,37.18000030517578,31.334197998046875,7682200,0.0,False
2014-03-25,37.54999923706055,38.2599983215332,37.40999984741211,37.97999954223633,32.0084228515625,3856200,0.0,False
2014-03-26,38.0,38.29999923706055,35.849998474121094,35.849998474121094,30.213314056396484,6240800,0.0,False
2014-03-27,35.810001373291016,37.189998626708984,35.709999084472656,37.11000061035156,31.275205612182617,4116200,0.0,False
2014-03-28,36.70000076293945,37.95000076293945,36.470001220703125,37.290000915527344,31.426902770996094,3656500,0.0,False
2014-03-31,37.029998779296875,37.5,36.04999923706055,36.220001220703125,30.525136947631836,4494900,0.0,False
2014-04-01,36.47999954223633,37.060001373291016,35.810001373291016,35.810001373291016,30.179603576660156,2681400,0.0,False
2014-04-02,37.13999938964844,38.02000045776367,36.93000030517578,37.77000045776367,31.83143424987793,6942100,0.0,False
2014-04-03,37.150001525878906,37.20000076293945,36.560001373291016,36.869998931884766,31.072938919067383,3616200,0.0,False
2014-04-04,38.09000015258789,38.279998779296875,37.279998779296875,37.5,31.603883743286133,3386000,0.0,False
2014-04-07,37.119998931884766,38.04999923706055,36.599998474121094,36.65999984741211,30.895957946777344,3178600,0.0,False
2014-04-08,37.68000030517578,38.2400016784668,37.09000015258789,38.150001525878906,32.15169143676758,4253800,0.0,False
2014-04-09,37.7400016784668,39.0,37.40999984741211,38.400001525878906,32.36238098144531,2699400,0.0,False
2014-04-10,39.0,39.15999984741211,37.529998779296875,37.560001373291016,31.654449462890625,4492700,0.0,False
2014-04-11,37.5,38.06999969482422,36.349998474121094,36.540000915527344,30.794824600219727,4434900,0.0,False
2014-04-14,37.060001373291016,37.72999954223633,36.79999923706055,37.0,31.182504653930664,3946500,0.0,False
2014-04-15,35.41999816894531,35.81999969482422,34.91999816894531,35.630001068115234,30.027902603149414,5082800,0.0,False
2014-04-16,35.75,36.04999923706055,35.189998626708984,35.5,29.918338775634766,1471800,0.0,False
2014-04-17,35.38999938964844,35.72999954223633,34.529998779296875,34.65999984741211,29.210418701171875,3279100,0.0,False
2014-04-21,34.529998779296875,34.97999954223633,33.77000045776367,34.84000015258789,29.36211585998535,4549600,0.0,False
2014-04-22,34.72999954223633,35.83000183105469,34.29999923706055,35.790000915527344,30.162750244140625,3802800,0.0,False
2014-04-23,35.709999084472656,37.189998626708984,35.52000045776367,36.900001525878906,31.098222732543945,5465600,0.0,False
2014-04-24,36.279998779296875,37.369998931884766,35.779998779296875,35.86000061035156,30.22174644470215,3886600,0.0,False
2014-04-25,36.40999984741211,37.5099983215332,36.209999084472656,37.439998626708984,31.553316116333008,4553400,0.0,False
2014-04-28,37.2599983215332,37.369998931884766,36.0099983215332,36.150001525878906,30.466148376464844,5234000,0.0,False
2014-04-29,36.06999969482422,37.33000183105469,36.06999969482422,37.150001525878906,31.30891227722168,4394000,0.0,False
2014-04-30,36.7400016784668,37.09000015258789,36.290000915527344,36.5,30.7611141204834,3471200,0.0,False
2014-05-01,35.900001525878906,36.31999969482422,35.41999816894531,35.630001068115234,30.027902603149414,4569600,0.0,False
2014-05-02,35.709999084472656,36.849998474121094,35.709999084472656,36.619998931884766,30.862245559692383,4308500,0.0,False
2014-05-05,37.369998931884766,37.47999954223633,36.79999923706055,37.060001373291016,31.233064651489258,2662800,0.0,False
2014-05-06,37.02000045776367,37.09000015258789,36.68000030517578,36.72999954223633,30.9549560546875,2130600,0.0,False
2014-05-07,36.560001373291016,36.56999969482422,35.18000030517578,35.5,29.918338775634766,4947400,0.0,False
2014-05-08,35.34000015258789,35.959999084472656,35.189998626708984,35.33000183105469,29.775068283081055,2105600,0.0,False
2014-05-09,35.470001220703125,35.61000061035156,34.56999969482422,35.06999969482422,29.555952072143555,3622600,0.0,False
2014-05-12,35.720001220703125,35.77000045776367,35.2400016784668,35.459999084472656,29.884628295898438,3013900,0.0,False
2014-05-13,35.41999816894531,35.90999984741211,35.09000015258789,35.220001220703125,29.68236541748047,2231100,0.0,False
2014-05-14,35.86000061035156,36.040000915527344,35.5099983215332,35.86000061035156,30.22174644470215,3577300,0.0,False
2014-05-15,35.599998474121094,35.66999816894531,34.75,35.150001525878906,29.623374938964844,3858000,0.0,False
2014-05-16,35.0,35.2400016784668,34.70000076293945,35.119998931884766,29.59809112548828,2576300,0.0,False
2014-05-19,35.4900016784668,35.5,34.689998626708984,35.029998779296875,29.522241592407227,3280500,0.0,False
2014-05-20,34.7400016784668,35.150001525878906,34.58000183105469,34.810001373291016,29.336835861206055,1938700,0.0,False
2014-05-21,34.56999969482422,35.189998626708984,34.439998626708984,35.16999816894531,29.640230178833008,2215300,0.0,False
2014-05-22,35.540000915527344,35.56999969482422,35.029998779296875,35.290000915527344,29.741365432739258,1493500,0.0,False
2014-05-23,35.11000061035156,35.279998779296875,34.79999923706055,34.90999984741211,29.421110153198242,1828000,0.0,False
2014-05-27,34.22999954223633,34.290000915527344,33.04999923706055,33.22999954223633,28.0052547454834,6522600,0.0,False
2014-05-28,33.040000915527344,33.29999923706055,32.43000030517578,33.099998474121094,27.895694732666016,7590200,0.0,False
2014-05-29,32.93000030517578,33.810001373291016,32.91999816894531,33.400001525878906,28.148529052734375,4527700,0.0,False
2014-05-30,33.25,34.189998626708984,32.709999084472656,34.11000061035156,28.74689292907715,4610200,0.0,False
2014-06-02,33.63999938964844,34.27000045776367,33.18000030517578,33.369998931884766,28.123241424560547,4469500,0.0,False
2014-06-03,33.459999084472656,33.7400016784668,32.790000915527344,33.66999816894531,28.37607192993164,2463900,0.0,False
2014-06-04,33.630001068115234,33.86000061035156,33.40999984741211,33.529998779296875,28.258085250854492,1527300,0.0,False
2014-06-05,33.86000061035156,34.560001373291016,33.79999923706055,34.38999938964844,28.982868194580078,4078600,0.0,False
2014-06-06,34.40999984741211,34.970001220703125,34.0,34.90999984741211,29.421110153198242,3782800,0.0,False
2014-06-09,35.0,35.189998626708984,34.7599983215332,34.79999923706055,29.32840347290039,1487000,0.0,False
2014-06-10,35.279998779296875,36.380001068115234,35.099998474121094,36.380001068115234,30.659984588623047,6737100,0.0,False
2014-06-11,36.4900016784668,37.540000915527344,36.150001525878906,37.459999084472656,31.570173263549805,5416700,0.0,False
2014-06-12,37.630001068115234,39.709999084472656,37.61000061035156,39.630001068115234,33.39898681640625,9999600,0.0,False
2014-06-13,39.41999816894531,39.63999938964844,38.2400016784668,39.45000076293945,33.24728012084961,6481900,0.0,False
2014-06-16,39.689998626708984,39.709999084472656,38.58000183105469,38.68000030517578,32.59835433959961,5559700,0.0,False
2014-06-17,38.099998474121094,39.130001068115234,37.900001525878906,38.470001220703125,32.42136764526367,3814300,0.0,False
2014-06-18,38.58000183105469,40.38999938964844,38.43000030517578,40.22999954223633,33.9046516418457,8696600,0.0,False
2014-06-19,41.45000076293945,43.52000045776367,41.29999923706055,43.06999969482422,36.29811477661133,13952800,0.0,False
2014-06-20,42.47999954223633,42.869998931884766,40.779998779296875,41.2400016784668,34.75584411621094,12370100,0.0,False
2014-06-23,41.630001068115234,42.540000915527344,41.119998931884766,41.9900016784668,35.387916564941406,6531600,0.0,False
2014-06-24,42.400001525878906,42.84000015258789,39.83000183105469,40.0,33.710811614990234,9578600,0.0,False
2014-06-25,40.25,41.4900016784668,40.130001068115234,41.189998626708984,34.71371078491211,7973900,0.0,False
2014-06-26,40.720001220703125,41.41999816894531,40.470001220703125,41.279998779296875,34.789554595947266,2729000,0.0,False
2014-06-27,41.439998626708984,41.66999816894531,40.310001373291016,40.540000915527344,34.16590881347656,5666800,0.0,False
2014-06-30,40.29999923706055,42.43000030517578,39.93000030517578,42.2599983215332,35.61546325683594,9296100,0.0,False
2014-07-01,42.36000061035156,42.779998779296875,41.29999923706055,41.310001373291016,34.814842224121094,8088500,0.0,False
2014-07-02,41.459999084472656,42.61000061035156,41.459999084472656,41.54999923706055,35.01710510253906,7299700,0.0,False
2014-07-03,40.84000015258789,42.900001525878906,40.630001068115234,42.900001525878906,36.154842376708984,7632000,0.0,False
2014-07-07,41.970001220703125,42.689998626708984,41.689998626708984,42.02000045776367,35.4132080078125,7062100,0.0,False
2014-07-08,42.619998931884766,43.31999969482422,42.02000045776367,42.720001220703125,36.00314712524414,7819900,0.0,False
2014-07-09,43.09000015258789,45.25,43.09000015258789,45.029998779296875,37.949947357177734,11505400,0.0,False
2014-07-10,46.45000076293945,46.5,43.560001373291016,43.65999984741211,36.79534912109375,10261800,0.0,False
2014-07-11,43.7599983215332,45.560001373291016,43.709999084472656,45.529998779296875,38.3713264465332,8439000,0.0,False
2014-07-14,43.470001220703125,44.25,43.0099983215332,43.349998474121094,36.534088134765625,11505200,0.0,False
2014-07-15,43.65999984741211,44.09000015258789,41.439998626708984,41.470001220703125,34.94968795776367,12500800,0.0,False
2014-07-16,41.88999938964844,42.70000076293945,41.29999923706055,41.45000076293945,34.932823181152344,5428800,0.0,False
2014-07-17,42.119998931884766,44.68000030517578,41.7599983215332,44.4900016784668,37.494850158691406,18451200,0.0,False
2014-07-18,43.2400016784668,43.7599983215332,42.540000915527344,43.70000076293945,36.82906723022461,10153800,0.0,False
2014-07-21,44.040000915527344,44.38999938964844,43.15999984741211,44.13999938964844,37.199886322021484,5148900,0.0,False
2014-07-22,43.90999984741211,44.09000015258789,42.77000045776367,42.88999938964844,36.146419525146484,7591500,0.0,False
2014-07-23,42.959999084472656,43.619998931884766,41.81999969482422,42.33000183105469,35.674461364746094,7411200,0.0,False
2014-07-24,41.689998626708984,41.70000076293945,40.43000030517578,40.970001220703125,34.52830123901367,10525400,0.0,False
2014-07-25,41.20000076293945,43.0,41.0099983215332,42.88999938964844,36.146419525146484,11418500,0.0,False
2014-07-28,42.400001525878906,44.15999984741211,42.400001525878906,43.52000045776367,36.677364349365234,7682100,0.0,False
2014-07-29,43.91999816894531,43.91999816894531,42.439998626708984,42.5,35.81772994995117,9559700,0.0,False
2014-07-30,42.47999954223633,42.97999954223633,41.720001220703125,42.869998931884766,36.12955856323242,7749700,0.0,False
2014-07-31,41.86000061035156,42.36000061035156,41.470001220703125,41.599998474121094,35.059242248535156,9285700,0.0,False
2014-08-01,42.36000061035156,42.790000915527344,41.7599983215332,42.150001525878906,35.522769927978516,7742100,0.0,False
2014-08-04,41.7599983215332,42.150001525878906,40.619998931884766,40.68000030517578,34.28388977050781,9966100,0.0,False
2014-08-05,40.720001220703125,41.400001525878906,39.70000076293945,41.33000183105469,34.831695556640625,10563500,0.0,False
2014-08-06,42.47999954223633,42.7599983215332,41.650001525878906,42.41999816894531,35.750308990478516,9528900,0.0,False
2014-08-07,42.220001220703125,42.880001068115234,41.650001525878906,42.36000061035156,35.69974899291992,5227300,0.0,False
2014-08-08,42.5,42.72999954223633,41.63999938964844,41.83000183105469,35.25308609008789,5970200,0.0,False
2014-08-11,41.68000030517578,42.75,41.68000030517578,42.47999954223633,35.800880432128906,5522500,0.0,False
2014-08-12,42.939998626708984,43.349998474121094,42.459999084472656,42.61000061035156,35.910438537597656,5974900,0.0,False
2014-08-13,42.810001373291016,43.15999984741211,42.310001373291016,42.459999084472656,35.784027099609375,3194200,0.0,False
2014-08-14,42.77000045776367,42.95000076293945,41.95000076293945,41.9900016784668,35.387916564941406,5101700,0.0,False
2014-08-15,41.2599983215332,42.59000015258789,41.16999816894531,42.29999923706055,35.64917755126953,6672600,0.0,False
2014-08-18,41.869998931884766,42.529998779296875,41.86000061035156,42.34000015258789,35.682891845703125,2836200,0.0,False
2014-08-19,42.56999969482422,42.56999969482422,41.77000045776367,41.79999923706055,35.2277946472168,4757400,0.0,False
2014-08-20,41.9900016784668,42.310001373291016,41.5099983215332,41.5099983215332,34.9833869934082,3207600,0.0,False
2014-08-21,40.77000045776367,41.2599983215332,40.54999923706055,41.189998626708984,34.71371078491211,7641700,0.0,False
2014-08-22,41.189998626708984,41.540000915527344,40.849998474121094,40.939998626708984,34.503013610839844,3594000,0.0,False
2014-08-25,40.88999938964844,40.88999938964844,40.2400016784668,40.25,33.92150115966797,4306300,0.0,False
2014-08-26,40.810001373291016,41.279998779296875,40.38999938964844,41.130001068115234,34.66313934326172,6975600,0.0,False
2014-08-27,41.2599983215332,41.400001525878906,40.88999938964844,41.0099983215332,34.562007904052734,2662900,0.0,False
2014-08-28,41.56999969482422,41.91999816894531,41.310001373291016,41.63999938964844,35.092952728271484,4948900,0.0,False
2014-08-29,41.56999969482422,42.150001525878906,41.470001220703125,42.099998474121094,35.48061752319336,3269700,0.0,False
2014-09-02,40.9900016784668,41.25,40.13999938964844,40.15999984741211,33.84564971923828,11103800,0.0,False
2014-09-03,40.38999938964844,40.70000076293945,40.22999954223633,40.369998931884766,34.022640228271484,5797800,0.0,False
2014-09-04,40.65999984741211,40.7599983215332,37.810001373291016,38.15999984741211,32.16011428833008,15836500,0.0,False
2014-09-05,38.45000076293945,39.58000183105469,37.81999969482422,39.29999923706055,33.120872497558594,8694200,0.0,False
2014-09-08,38.79999923706055,38.79999923706055,37.119998931884766,37.2599983215332,31.401620864868164,12299700,0.0,False
2014-09-09,37.29999923706055,38.7400016784668,36.7599983215332,38.45000076293945,32.404518127441406,10882700,0.0,False
2014-09-10,37.79999923706055,38.34000015258789,37.189998626708984,37.599998474121094,31.68815803527832,9370100,0.0,False
2014-09-11,37.20000076293945,38.79999923706055,36.790000915527344,38.4900016784668,32.438228607177734,13181500,0.0,False
2014-09-12,37.72999954223633,38.220001220703125,37.43000030517578,37.4900016784668,31.595457077026367,8284700,0.0,False
2014-09-15,37.79999923706055,38.650001525878906,37.61000061035156,38.540000915527344,32.48036193847656,9976300,0.0,False
2014-09-16,38.560001373291016,39.619998931884766,37.900001525878906,39.119998931884766,32.969173431396484,7771500,0.0,False
2014-09-17,39.099998474121094,39.56999969482422,37.27000045776367,37.599998474121094,31.68815803527832,11353400,0.0,False
2014-09-18,37.5,38.029998779296875,37.279998779296875,37.68000030517578,31.755584716796875,7308900,0.0,False
2014-09-19,37.540000915527344,37.61000061035156,36.189998626708984,36.34000015258789,30.626272201538086,11207100,0.0,False
2014-09-22,36.02000045776367,36.099998474121094,34.220001220703125,34.58000183105469,29.142995834350586,13820400,0.0,False
2014-09-23,35.40999984741211,36.16999816894531,34.75,35.560001373291016,29.968908309936523,11294800,0.0,False
2014-09-24,35.16999816894531,35.83000183105469,34.650001525878906,35.04999923706055,29.539094924926758,6832800,0.0,False
2014-09-25,34.38999938964844,35.880001068115234,34.25,35.779998779296875,30.154312133789062,8508100,0.0,False
2014-09-26,35.36000061035156,35.59000015258789,34.599998474121094,34.790000915527344,29.319971084594727,7404600,0.0,False
2014-09-29,35.02000045776367,35.119998931884766,34.619998931884766,34.650001525878906,29.20199203491211,4047400,0.0,False
2014-09-30,34.33000183105469,34.849998474121094,33.5,33.619998931884766,28.333932876586914,10256700,0.0,False
2014-10-01,33.849998474121094,34.56999969482422,33.75,33.84000015258789,28.51934814453125,7117700,0.0,False
2014-10-02,34.040000915527344,34.16999816894531,33.38999938964844,33.66999816894531,28.37607192993164,5280800,0.0,False
2014-10-03,32.880001068115234,33.040000915527344,31.280000686645508,31.329999923706055,26.403989791870117,16595900,0.0,False
2014-10-06,31.65999984741211,33.15999984741211,31.360000610351562,32.869998931884766,27.70185661315918,12232900,0.0,False
2014-10-07,32.9900016784668,33.130001068115234,31.280000686645508,31.440000534057617,26.49669647216797,12841300,0.0,False
2014-10-08,32.08000183105469,34.81999969482422,30.389999389648438,34.459999084472656,29.041858673095703,25150800,0.0,False
2014-10-09,34.310001373291016,34.310001373291016,31.799999237060547,32.900001525878906,27.727140426635742,18435100,0.0,False
2014-10-10,32.650001525878906,33.83000183105469,31.920000076293945,32.5,27.390033721923828,9294400,0.0,False
2014-10-13,32.959999084472656,34.16999816894531,32.869998931884766,33.099998474121094,27.895694732666016,11323600,0.0,False
2014-10-14,33.2400016784668,33.779998779296875,32.7599983215332,33.04999923706055,27.853553771972656,6607200,0.0,False
2014-10-15,33.220001220703125,34.099998474121094,32.58000183105469,33.06999969482422,27.870410919189453,7103100,0.0,False
2014-10-16,32.68000030517578,33.83000183105469,32.68000030517578,33.279998779296875,28.047391891479492,4408000,0.0,False
2014-10-17,33.310001373291016,33.310001373291016,32.279998779296875,32.5,27.390033721923828,7225300,0.0,False
2014-10-20,32.81999969482422,33.029998779296875,32.5,32.84000015258789,27.67657470703125,4453600,0.0,False
2014-10-21,33.33000183105469,33.439998626708984,32.650001525878906,32.83000183105469,27.66814613342285,4208800,0.0,False
2014-10-22,32.43000030517578,32.54999923706055,31.049999237060547,31.09000015258789,26.201730728149414,13876600,0.0,False
2014-10-23,30.729999542236328,31.670000076293945,29.860000610351562,31.600000381469727,26.63153839111328,12707700,0.0,False
2014-10-24,31.600000381469727,31.600000381469727,30.729999542236328,30.950000762939453,26.083742141723633,6757300,0.0,False
2014-10-27,30.530000686645508,30.600000381469727,29.56999969482422,29.56999969482422,24.920717239379883,8489500,0.0,False
2014-10-28,30.290000915527344,30.979999542236328,29.75,30.81999969482422,25.974180221557617,11810600,0.0,False
2014-10-29,30.299999237060547,30.899999618530273,28.489999771118164,28.600000381469727,24.103229522705078,19283000,0.0,False
2014-10-30,28.270000457763672,28.420000076293945,26.110000610351562,26.15999984741211,22.0468692779541,24299000,0.0,False
2014-10-31,24.549999237060547,25.549999237060547,23.979999542236328,24.469999313354492,20.622591018676758,26052600,0.0,False
2014-11-03,24.610000610351562,26.329999923706055,24.399999618530273,25.90999984741211,21.836179733276367,22997400,0.0,False
2014-11-04,25.75,26.079999923706055,24.389999389648438,24.510000228881836,20.656299591064453,20896200,0.0,False
2014-11-05,23.3799991607666,24.280000686645508,22.34000015258789,22.709999084472656,19.139310836791992,31198600,0.0,False
2014-11-06,23.260000228881836,24.610000610351562,23.1299991607666,23.389999389648438,19.71239471435547,28702100,0.0,False
2014-11-07,24.15999984741211,26.219999313354492,24.09000015258789,26.040000915527344,21.945741653442383,40705600,0.0,False
2014-11-10,25.3700008392334,25.559999465942383,23.65999984741211,24.18000030517578,20.378183364868164,33851400,0.0,False
2014-11-11,24.829999923706055,26.440000534057617,24.68000030517578,25.729999542236328,21.684478759765625,30838700,0.0,False
2014-11-12,26.0,26.739999771118164,24.770000457763672,25.600000381469727,21.574918746948242,14866400,0.0,False
2014-11-13,26.049999237060547,26.15999984741211,24.520000457763672,24.670000076293945,20.791141510009766,18627000,0.0,False
2014-11-14,24.040000915527344,26.530000686645508,23.860000610351562,26.350000381469727,22.206995010375977,28446100,0.0,False
2014-11-17,26.040000915527344,27.6299991607666,25.670000076293945,27.5,23.176183700561523,22367700,0.0,False
2014-11-18,28.299999237060547,29.760000228881836,28.219999313354492,29.360000610351562,24.74373435974121,26602200,0.0,False
2014-11-19,29.3700008392334,29.479999542236328,27.149999618530273,27.260000228881836,22.97391700744629,39811900,0.0,False
2014-11-20,28.350000381469727,29.049999237060547,27.770000457763672,28.5,24.018953323364258,25874800,0.0,False
2014-11-21,29.610000610351562,29.780000686645508,28.420000076293945,28.799999237060547,24.27178382873535,17955900,0.0,False
2014-11-24,28.729999542236328,29.34000015258789,28.489999771118164,28.510000228881836,24.027379989624023,9112900,0.0,False
2014-11-25,28.690000534057617,29.360000610351562,28.56999969482422,29.309999465942383,24.70159149169922,16192300,0.0,False
2014-11-26,29.239999771118164,29.450000762939453,28.6200008392334,28.6200008392334,24.120084762573242,10323900,0.0,False
2014-11-28,27.06999969482422,27.110000610351562,25.100000381469727,25.200000762939453,21.23781394958496,28828300,0.0,False
2014-12-01,26.15999984741211,28.010000228881836,25.889999389648438,27.68000030517578,23.327880859375,31531500,0.0,False
2014-12-02,26.530000686645508,27.100000381469727,25.399999618530273,25.850000381469727,21.78561019897461,24310200,0.0,False
2014-12-03,26.40999984741211,27.239999771118164,26.25,26.31999969482422,22.181713104248047,21555900,0.0,False
2014-12-04,26.559999465942383,26.799999237060547,25.549999237060547,25.690000534057617,21.650766372680664,13892800,0.0,False
2014-12-05,24.84000015258789,25.399999618530273,24.559999465942383,24.670000076293945,20.791141510009766,16406100,0.0,False
2014-12-08,25.139999389648438,25.59000015258789,23.489999771118164,25.100000381469727,21.15353775024414,22101500,0.0,False
2014-12-09,26.079999923706055,26.790000915527344,25.889999389648438,26.100000381469727,21.99630355834961,21519000,0.0,False
2014-12-10,26.030000686645508,26.6299991607666,25.15999984741211,25.200000762939453,21.23781394958496,20672600,0.0,False
2014-12-11,24.75,25.6200008392334,24.549999237060547,24.610000610351562,20.740577697753906,16985800,0.0,False
2014-12-12,24.520000457763672,24.700000762939453,23.84000015258789,24.040000915527344,20.260196685791016,15330300,0.0,False
2014-12-15,23.459999084472656,23.920000076293945,21.979999542236328,22.059999465942383,18.591510772705078,33554900,0.0,False
2014-12-16,22.889999389648438,23.149999618530273,21.399999618530273,21.469999313354492,18.094274520874023,18161900,0.0,False
2014-12-17,21.610000610351562,23.31999969482422,21.469999313354492,23.0,19.383716583251953,29720000,0.0,False
2014-12-18,23.530000686645508,24.979999542236328,23.079999923706055,24.790000915527344,20.892274856567383,29892900,0.0,False
2014-12-19,24.579999923706055,24.719999313354492,23.770000457763672,24.149999618530273,20.352901458740234,22584400,0.0,False
2014-12-22,23.75,23.889999389648438,22.030000686645508,22.229999542236328,18.87389373779297,26310400,0.0,False
2014-12-23,22.3799991607666,23.329999923706055,21.600000381469727,21.84000015258789,18.542774200439453,18563500,0.0,False
2014-12-24,21.729999542236328,23.0,21.600000381469727,22.579999923706055,19.171052932739258,14858700,0.0,False
2014-12-26,23.59000015258789,23.670000076293945,23.06999969482422,23.450000762939453,19.909709930419922,12846800,0.0,False
2014-12-29,23.299999237060547,23.3700008392334,22.729999542236328,22.899999618530273,19.44274139404297,13936700,0.0,False
2014-12-30,23.469999313354492,24.209999084472656,23.350000381469727,24.1200008392334,20.478557586669922,22044400,0.0,False
2014-12-31,23.81999969482422,24.3700008392334,23.3799991607666,23.93000030517578,20.317243576049805,9126700,0.0,False
2015-01-02,23.350000381469727,25.010000228881836,23.260000228881836,24.959999084472656,21.191743850708008,17181700,0.0,False
2015-01-05,25.450000762939453,26.3700008392334,24.920000076293945,26.030000686645508,22.100202560424805,16481400,0.0,False
2015-01-06,26.5,28.06999969482422,26.34000015258789,27.729999542236328,23.543550491333008,28555900,0.0,False
2015-01-07,26.940000534057617,28.110000610351562,26.579999923706055,26.90999984741211,22.847347259521484,14134900,0.0,False
2015-01-08,27.079999923706055,27.65999984741211,25.90999984741211,26.31999969482422,22.346420288085938,15292100,0.0,False
2015-01-09,27.049999237060547,27.649999618530273,26.829999923706055,27.479999542236328,23.33129119873047,18461100,0.0,False
2015-01-12,27.850000381469727,29.270000457763672,27.68000030517578,28.940000534057617,24.570873260498047,19137800,0.0,False
2015-01-13,29.610000610351562,29.6299991607666,27.43000030517578,27.84000015258789,23.636943817138672,20518300,0.0,False
2015-01-14,28.5,28.649999618530273,26.530000686645508,27.25,23.136014938354492,16920200,0.0,False
2015-01-15,28.420000076293945,28.959999084472656,28.209999084472656,28.579999923706055,24.26522445678711,21063800,0.0,False
2015-01-16,28.799999237060547,29.489999771118164,28.610000610351562,28.889999389648438,24.528419494628906,12681800,0.0,False
2015-01-20,29.670000076293945,30.209999084472656,29.43000030517578,30.100000381469727,25.555744171142578,14868600,0.0,False
2015-01-21,30.579999923706055,30.739999771118164,28.940000534057617,29.649999618530273,25.17368507385254,15948000,0.0,False
2015-01-22,30.049999237060547,30.139999389648438,29.010000228881836,29.06999969482422,24.68124771118164,13757300,0.0,False
2015-01-23,28.700000762939453,28.940000534057617,27.530000686645508,27.6200008392334,23.450157165527344,18003300,0.0,False
2015-01-26,27.09000015258789,28.389999389648438,26.84000015258789,28.360000610351562,24.07843780517578,13277500,0.0,False
2015-01-27,28.56999969482422,29.5,28.3799991607666,29.420000076293945,24.978408813476562,14783600,0.0,False
2015-01-28,28.829999923706055,29.110000610351562,27.40999984741211,27.6299991607666,23.458646774291992,21107600,0.0,False
2015-01-29,26.950000762939453,27.290000915527344,25.950000762939453,26.59000015258789,22.57565689086914,19734500,0.0,False
2015-01-30,26.899999618530273,27.829999923706055,26.459999084472656,27.739999771118164,23.552038192749023,19067800,0.0,False
2015-02-02,26.979999542236328,28.229999542236328,26.889999389648438,27.549999237060547,23.390724182128906,15603400,0.0,False
2015-02-03,27.34000015258789,27.68000030517578,26.600000381469727,26.829999923706055,22.779422760009766,16334000,0.0,False
2015-02-04,27.25,27.81999969482422,26.950000762939453,27.549999237060547,23.390724182128906,11304700,0.0,False
2015-02-05,27.350000381469727,28.309999465942383,27.209999084472656,28.110000610351562,23.866180419921875,11893600,0.0,False
2015-02-06,26.920000076293945,27.530000686645508,26.639999389648438,26.639999389648438,22.618106842041016,20187100,0.0,False
2015-02-09,27.059999465942383,27.40999984741211,26.989999771118164,27.25,23.136014938354492,10322000,0.0,False
2015-02-10,27.030000686645508,27.049999237060547,26.649999618530273,26.719999313354492,22.68602752685547,9910200,0.0,False
2015-02-11,26.8700008392334,26.959999084472656,26.15999984741211,26.299999237060547,22.329437255859375,10190800,0.0,False
2015-02-12,26.690000534057617,26.93000030517578,26.469999313354492,26.6200008392334,22.60112953186035,9187100,0.0,False
2015-02-13,27.049999237060547,27.329999923706055,26.969999313354492,27.0,22.92375946044922,9006000,0.0,False
2015-02-17,26.329999923706055,26.549999237060547,26.079999923706055,26.149999618530273,22.20208168029785,12601300,0.0,False
2015-02-18,26.149999618530273,26.969999313354492,25.760000228881836,26.860000610351562,22.804895401000977,13788600,0.0,False
2015-02-19,26.75,27.040000915527344,26.190000534057617,26.25,22.2869873046875,11128100,0.0,False
2015-02-20,26.440000534057617,26.709999084472656,25.829999923706055,25.829999923706055,21.930395126342773,8497700,0.0,False
2015-02-23,25.520000457763672,26.309999465942383,25.520000457763672,25.75,21.862476348876953,7264600,0.0,False
2015-02-24,25.530000686645508,26.010000228881836,25.350000381469727,25.81999969482422,21.921905517578125,5923300,0.0,False
2015-02-25,26.15999984741211,26.479999542236328,26.020000457763672,26.170000076293945,22.219066619873047,11375500,0.0,False
2015-02-26,26.780000686645508,26.799999237060547,26.209999084472656,26.3700008392334,22.388870239257812,7674300,0.0,False
2015-02-27,26.6200008392334,26.8700008392334,26.43000030517578,26.56999969482422,22.558673858642578,6442900,0.0,False
2015-03-02,26.729999542236328,26.81999969482422,25.989999771118164,26.149999618530273,22.20208168029785,10394800,0.0,False
2015-03-03,26.219999313354492,26.520000457763672,25.690000534057617,25.860000610351562,21.955867767333984,8166100,0.0,False
2015-03-04,25.829999923706055,25.950000762939453,25.209999084472656,25.25,21.43796157836914,11332400,0.0,False
2015-03-05,25.40999984741211,25.760000228881836,25.1200008392334,25.260000228881836,21.446453094482422,5222200,0.0,False
2015-03-06,24.280000686645508,24.459999084472656,23.34000015258789,23.43000030517578,19.892730712890625,23216400,0.0,False
2015-03-09,23.600000381469727,23.600000381469727,22.170000076293945,22.18000030517578,18.83144187927246,21109400,0.0,False
2015-03-10,22.190000534057617,22.399999618530273,20.68000030517578,21.290000915527344,18.075807571411133,29643200,0.0,False
2015-03-11,21.239999771118164,22.440000534057617,20.700000762939453,22.399999618530273,19.018230438232422,31411800,0.0,False
2015-03-12,22.65999984741211,22.799999237060547,21.8799991607666,21.989999771118164,18.67012596130371,19475500,0.0,False
2015-03-13,22.31999969482422,22.43000030517578,21.540000915527344,22.40999984741211,19.026718139648438,15163200,0.0,False
2015-03-16,22.350000381469727,22.530000686645508,21.8700008392334,22.09000015258789,18.755027770996094,11483600,0.0,False
2015-03-17,21.6200008392334,22.389999389648438,21.510000228881836,21.610000610351562,18.347497940063477,12870600,0.0,False
2015-03-18,21.670000076293945,23.239999771118164,21.40999984741211,23.200000762939453,19.69744873046875,21488700,0.0,False
2015-03-19,22.850000381469727,23.479999542236328,22.649999618530273,23.219999313354492,19.714433670043945,13806600,0.0,False
2015-03-20,23.510000228881836,24.3700008392334,23.43000030517578,24.100000381469727,20.461576461791992,16225700,0.0,False
2015-03-23,24.360000610351562,24.84000015258789,24.25,24.790000915527344,21.047407150268555,13714700,0.0,False
2015-03-24,24.920000076293945,24.93000030517578,24.530000686645508,24.860000610351562,21.106840133666992,7482900,0.0,False
2015-03-25,25.06999969482422,25.239999771118164,24.510000228881836,24.530000686645508,20.826658248901367,10267500,0.0,False
2015-03-26,24.969999313354492,25.139999389648438,23.81999969482422,23.969999313354492,20.3512020111084,15289700,0.0,False
2015-03-27,23.860000610351562,24.040000915527344,23.3700008392334,23.579999923706055,20.020084381103516,10944600,0.0,False
2015-03-30,23.1200008392334,23.239999771118164,22.690000534057617,22.81999969482422,19.374818801879883,13022300,0.0,False
2015-03-31,22.989999771118164,23.15999984741211,22.43000030517578,22.700000762939453,19.272937774658203,11442600,0.0,False
2015-04-01,23.020000457763672,24.110000610351562,22.950000762939453,24.09000015258789,20.453088760375977,23133200,0.0,False
2015-04-02,23.90999984741211,24.139999389648438,23.3799991607666,23.700000762939453,20.12196922302246,12340900,0.0,False
2015-04-06,24.75,24.989999771118164,24.540000915527344,24.8700008392334,21.11532974243164,17404700,0.0,False
2015-04-07,24.65999984741211,24.790000915527344,24.18000030517578,24.299999237060547,20.631383895874023,12713400,0.0,False
2015-04-08,24.350000381469727,24.489999771118164,23.739999771118164,23.889999389648438,20.283279418945312,11246600,0.0,False
2015-04-09,23.729999542236328,23.760000228881836,23.459999084472656,23.6200008392334,20.05404281616211,7251200,0.0,False
2015-04-10,24.15999984741211,24.440000534057617,24.1299991607666,24.34000015258789,20.66534423828125,10466500,0.0,False
2015-04-13,24.329999923706055,24.420000076293945,23.780000686645508,23.8799991607666,20.274789810180664,9210700,0.0,False
2015-04-14,23.90999984741211,24.31999969482422,23.809999465942383,23.940000534057617,20.325733184814453,6013600,0.0,False
2015-04-15,24.170000076293945,25.079999923706055,24.049999237060547,25.020000457763672,21.2426815032959,15086900,0.0,False
2015-04-16,25.079999923706055,25.309999465942383,24.43000030517578,24.739999771118164,21.00495719909668,9122900,0.0,False
2015-04-17,24.719999313354492,25.040000915527344,24.559999465942383,24.6200008392334,20.903072357177734,6175500,0.0,False
2015-04-20,24.34000015258789,24.799999237060547,24.209999084472656,24.780000686645508,21.038915634155273,6870100,0.0,False
2015-04-21,24.690000534057617,25.219999313354492,24.610000610351562,25.059999465942383,21.276643753051758,7685500,0.0,False
2015-04-22,24.8799991607666,25.049999237060547,24.229999542236328,24.239999771118164,20.580442428588867,12175300,0.0,False
2015-04-23,24.309999465942383,25.0,24.25,24.860000610351562,21.106840133666992,10812000,0.0,False
2015-04-24,24.6200008392334,24.920000076293945,24.190000534057617,24.209999084472656,20.554967880249023,11070000,0.0,False
2015-04-27,24.43000030517578,25.229999542236328,24.3799991607666,24.93000030517578,21.166271209716797,14990400,0.0,False
2015-04-28,25.079999923706055,25.899999618530273,25.059999465942383,25.8700008392334,21.96435546875,15620800,0.0,False
2015-04-29,25.8700008392334,26.399999618530273,25.549999237060547,25.729999542236328,21.845491409301758,12850600,0.0,False
2015-04-30,25.170000076293945,25.170000076293945,24.729999542236328,24.940000534057617,21.174760818481445,15023400,0.0,False
2015-05-01,24.700000762939453,25.079999923706055,24.530000686645508,25.040000915527344,21.25966453552246,4896000,0.0,False
2015-05-04,25.600000381469727,25.780000686645508,25.34000015258789,25.700000762939453,21.820024490356445,10127500,0.0,False
2015-05-05,25.90999984741211,26.059999465942383,25.15999984741211,25.3799991607666,21.54833221435547,8383700,0.0,False
2015-05-06,25.530000686645508,25.56999969482422,24.829999923706055,24.979999542236328,21.208721160888672,8815800,0.0,False
2015-05-07,24.729999542236328,25.06999969482422,24.420000076293945,25.030000686645508,21.25117301940918,7356900,0.0,False
2015-05-08,25.25,25.459999084472656,24.860000610351562,25.280000686645508,21.463430404663086,7366500,0.0,False
2015-05-11,25.360000610351562,25.649999618530273,25.020000457763672,25.43000030517578,21.590782165527344,7770400,0.0,False
2015-05-12,25.540000915527344,25.940000534057617,25.5,25.8799991607666,21.97284507751465,9936300,0.0,False
2015-05-13,26.360000610351562,26.790000915527344,26.200000762939453,26.600000381469727,22.58414649963379,13516800,0.0,False
2015-05-14,26.860000610351562,27.290000915527344,26.479999542236328,26.510000228881836,22.507736206054688,9799600,0.0,False
2015-05-15,26.479999542236328,27.0,26.25,26.700000762939453,22.669052124023438,5814100,0.0,False
2015-05-18,26.920000076293945,27.040000915527344,26.579999923706055,26.709999084472656,22.67753791809082,5672900,0.0,False
2015-05-19,26.290000915527344,26.43000030517578,25.829999923706055,25.850000381469727,21.94737434387207,12160600,0.0,False
2015-05-20,26.0,26.440000534057617,25.979999542236328,26.270000457763672,22.30396842956543,8221200,0.0,False
2015-05-21,26.079999923706055,26.329999923706055,25.969999313354492,26.020000457763672,22.091711044311523,5131800,0.0,False
2015-05-22,26.049999237060547,26.280000686645508,25.899999618530273,26.030000686645508,22.100202560424805,3620000,0.0,False
2015-05-26,25.440000534057617,25.610000610351562,25.239999771118164,25.299999237060547,21.480409622192383,10747500,0.0,False
2015-05-27,25.309999465942383,25.559999465942383,25.139999389648438,25.520000457763672,21.66719627380371,4791800,0.0,False
2015-05-28,25.309999465942383,25.790000915527344,25.09000015258789,25.75,21.862476348876953,7884200,0.0,False
2015-05-29,25.729999542236328,25.969999313354492,25.559999465942383,25.68000030517578,21.803043365478516,4244400,0.0,False
2015-06-01,26.010000228881836,26.149999618530273,25.510000228881836,25.579999923706055,21.718135833740234,5347200,0.0,False
2015-06-02,25.850000381469727,26.149999618530273,25.690000534057617,26.030000686645508,22.100202560424805,9261900,0.0,False
2015-06-03,25.8799991607666,26.1200008392334,25.59000015258789,25.709999084472656,21.828508377075195,7506400,0.0,False
2015-06-04,25.450000762939453,25.520000457763672,25.209999084472656,25.229999542236328,21.420978546142578,7125100,0.0,False
2015-06-05,24.8700008392334,25.18000030517578,24.770000457763672,24.969999313354492,21.200231552124023,6993700,0.0,False
2015-06-08,25.139999389648438,25.459999084472656,24.950000762939453,25.40999984741211,21.573801040649414,6666300,0.0,False
2015-06-09,25.639999389648438,25.649999618530273,24.40999984741211,25.15999984741211,21.36154556274414,4758900,0.0,False
2015-06-10,25.549999237060547,25.739999771118164,25.360000610351562,25.520000457763672,21.66719627380371,6363700,0.0,False
2015-06-11,25.270000457763672,25.34000015258789,24.989999771118164,25.049999237060547,21.26815414428711,7447900,0.0,False
2015-06-12,24.959999084472656,25.139999389648438,24.709999084472656,24.809999465942383,21.06438446044922,5829800,0.0,False
2015-06-15,24.81999969482422,25.239999771118164,24.65999984741211,24.899999618530273,21.140798568725586,4888200,0.0,False
2015-06-16,24.68000030517578,24.920000076293945,24.579999923706055,24.709999084472656,20.979482650756836,4041800,0.0,False
2015-06-17,24.700000762939453,25.559999465942383,24.639999389648438,25.489999771118164,21.6417236328125,10404300,0.0,False
2015-06-18,25.940000534057617,26.010000228881836,25.729999542236328,25.889999389648438,21.981338500976562,10706300,0.0,False
2015-06-19,25.780000686645508,25.84000015258789,25.329999923706055,25.559999465942383,21.701156616210938,6732300,0.0,False
2015-06-22,25.200000762939453,25.469999313354492,25.040000915527344,25.06999969482422,21.285133361816406,9777400,0.0,False
2015-06-23,25.0,25.309999465942383,24.93000030517578,25.010000228881836,21.23419189453125,5726800,0.0,False
2015-06-24,24.899999618530273,25.170000076293945,24.8700008392334,25.030000686645508,21.25117301940918,3553800,0.0,False
2015-06-25,25.030000686645508,25.149999618530273,24.8700008392334,24.8700008392334,21.11532974243164,4753600,0.0,False
2015-06-26,24.809999465942383,24.969999313354492,24.75,24.860000610351562,21.106840133666992,3322200,0.0,False
2015-06-29,24.93000030517578,25.06999969482422,24.420000076293945,24.459999084472656,20.767227172851562,6309400,0.0,False
2015-06-30,24.290000915527344,24.59000015258789,24.079999923706055,24.149999618530273,20.504030227661133,6379700,0.0,False
2015-07-01,24.149999618530273,24.149999618530273,23.149999618530273,23.200000762939453,19.69744873046875,12840200,0.0,False
2015-07-02,23.309999465942383,23.8700008392334,23.299999237060547,23.84000015258789,20.240833282470703,8963100,0.0,False
2015-07-06,23.540000915527344,24.0,23.3700008392334,23.719999313354492,20.138944625854492,5102000,0.0,False
2015-07-07,23.1200008392334,23.229999542236328,22.3799991607666,22.510000228881836,19.111621856689453,14095700,0.0,False
2015-07-08,22.709999084472656,22.739999771118164,22.0,22.030000686645508,18.70408821105957,9138900,0.0,False
2015-07-09,22.600000381469727,22.770000457763672,22.200000762939453,22.229999542236328,18.87389373779297,8455400,0.0,False
2015-07-10,22.43000030517578,22.469999313354492,22.09000015258789,22.280000686645508,18.916345596313477,3786900,0.0,False
2015-07-13,22.0,22.889999389648438,21.81999969482422,22.829999923706055,19.38330841064453,9778700,0.0,False
2015-07-14,22.75,22.940000534057617,22.5,22.540000915527344,19.137096405029297,6641800,0.0,False
2015-07-15,22.270000457763672,22.3799991607666,21.989999771118164,22.1200008392334,18.780502319335938,8773900,0.0,False
2015-07-16,21.959999084472656,22.25,21.889999389648438,22.06999969482422,18.73805046081543,3896100,0.0,False
2015-07-17,21.899999618530273,21.940000534057617,20.940000534057617,21.100000381469727,17.91449546813965,13803200,0.0,False
2015-07-20,20.049999237060547,20.31999969482422,18.420000076293945,18.65999984741211,15.842864036560059,35206600,0.0,False
2015-07-21,18.969999313354492,19.690000534057617,18.959999084472656,19.389999389648438,16.46265411376953,14485300,0.0,False
2015-07-22,18.770000457763672,19.420000076293945,18.6200008392334,19.139999389648438,16.250398635864258,14785900,0.0,False
2015-07-23,19.350000381469727,19.43000030517578,18.3799991607666,18.549999237060547,15.749473571777344,17135800,0.0,False
2015-07-24,18.209999084472656,19.639999389648438,17.920000076293945,19.489999771118164,16.547555923461914,29853500,0.0,False
2015-07-27,19.479999542236328,20.18000030517578,18.690000534057617,18.809999465942383,15.97021484375,18819600,0.0,False
2015-07-28,19.049999237060547,19.350000381469727,18.979999542236328,19.25,16.34379005432129,12966000,0.0,False
2015-07-29,19.15999984741211,19.799999237060547,18.90999984741211,19.65999984741211,16.691892623901367,14973900,0.0,False
2015-07-30,19.280000686645508,19.540000915527344,18.860000610351562,18.979999542236328,16.114551544189453,14504500,0.0,False
2015-07-31,19.489999771118164,19.59000015258789,19.139999389648438,19.34000015258789,16.42020606994629,9433300,0.0,False
2015-08-03,19.1200008392334,19.260000228881836,18.6200008392334,18.739999771118164,15.910786628723145,11806300,0.0,False
2015-08-04,18.899999618530273,19.170000076293945,18.690000534057617,18.940000534057617,16.08059310913086,9602000,0.0,False
2015-08-05,19.110000610351562,19.18000030517578,18.40999984741211,18.479999542236328,15.690042495727539,11302100,0.0,False
2015-08-06,18.610000610351562,19.15999984741211,18.549999237060547,18.989999771118164,16.123046875,8945300,0.0,False
2015-08-07,18.940000534057617,19.559999465942383,18.770000457763672,18.8700008392334,16.02115821838379,8979500,0.0,False
2015-08-10,19.049999237060547,19.989999771118164,18.84000015258789,19.950000762939453,16.938112258911133,17511500,0.0,False
2015-08-11,20.149999618530273,20.649999618530273,19.709999084472656,20.610000610351562,17.49846649169922,12743100,0.0,False
2015-08-12,21.059999465942383,22.270000457763672,20.969999313354492,22.260000228881836,18.899368286132812,19287300,0.0,False
2015-08-13,21.5,21.81999969482422,20.700000762939453,20.8700008392334,17.71921730041504,24587500,0.0,False
2015-08-14,21.25,21.40999984741211,20.479999542236328,20.889999389648438,17.736196517944336,8075100,0.0,False
2015-08-17,21.25,21.56999969482422,21.09000015258789,21.440000534057617,18.20316505432129,11603100,0.0,False
2015-08-18,20.989999771118164,21.200000762939453,20.6200008392334,20.920000076293945,17.761669158935547,12545100,0.0,False
2015-08-19,21.040000915527344,21.700000762939453,21.040000915527344,21.6200008392334,18.355987548828125,13888400,0.0,False
2015-08-20,22.329999923706055,22.739999771118164,22.149999618530273,22.3700008392334,18.992759704589844,14759800,0.0,False
2015-08-21,22.719999313354492,22.719999313354492,21.260000228881836,21.399999618530273,18.169198989868164,16639800,0.0,False
2015-08-24,21.219999313354492,21.93000030517578,19.610000610351562,19.770000457763672,16.7852840423584,21932500,0.0,False
2015-08-25,20.389999389648438,20.43000030517578,19.1299991607666,19.299999237060547,16.386241912841797,13457100,0.0,False
2015-08-26,18.979999542236328,19.06999969482422,18.229999542236328,18.309999465942383,15.54570484161377,20652900,0.0,False
2015-08-27,18.469999313354492,19.649999618530273,18.299999237060547,19.5,16.556047439575195,20709500,0.0,False
2015-08-28,19.59000015258789,20.670000076293945,19.549999237060547,20.479999542236328,17.388092041015625,21282200,0.0,False
2015-08-31,20.1299991607666,20.399999618530273,19.56999969482422,20.329999923706055,17.260744094848633,10177400,0.0,False
2015-09-01,20.520000457763672,20.75,19.670000076293945,19.700000762939453,16.725854873657227,10377400,0.0,False
2015-09-02,19.829999923706055,20.15999984741211,19.280000686645508,19.6299991607666,16.66642189025879,9744300,0.0,False
2015-09-03,19.25,20.100000381469727,19.200000762939453,19.219999313354492,16.318321228027344,10484200,0.0,False
2015-09-04,19.110000610351562,19.520000457763672,18.860000610351562,19.450000762939453,16.513595581054688,11090500,0.0,False
2015-09-08,19.670000076293945,19.8700008392334,19.34000015258789,19.760000228881836,16.776792526245117,7749100,0.0,False
2015-09-09,19.31999969482422,19.59000015258789,18.8700008392334,19.020000457763672,16.148515701293945,12027400,0.0,False
2015-09-10,19.219999313354492,19.329999923706055,18.8799991607666,18.969999313354492,16.106060028076172,4938200,0.0,False
2015-09-11,18.790000915527344,19.34000015258789,18.389999389648438,19.190000534057617,16.292848587036133,9603300,0.0,False
2015-09-14,19.1200008392334,19.559999465942383,18.90999984741211,19.360000610351562,16.437183380126953,6991600,0.0,False
2015-09-15,19.309999465942383,19.59000015258789,19.18000030517578,19.290000915527344,16.377756118774414,4885800,0.0,False
2015-09-16,19.719999313354492,20.469999313354492,19.68000030517578,20.40999984741211,17.32866096496582,13576700,0.0,False
2015-09-17,20.270000457763672,21.219999313354492,20.059999465942383,21.170000076293945,17.97392463684082,14906000,0.0,False
2015-09-18,21.459999084472656,21.670000076293945,20.760000228881836,21.030000686645508,17.85506248474121,9027900,0.0,False
2015-09-21,20.780000686645508,20.90999984741211,20.299999237060547,20.3799991607666,17.303192138671875,8191800,0.0,False
2015-09-22,19.969999313354492,20.100000381469727,19.559999465942383,19.65999984741211,16.691892623901367,10829300,0.0,False
2015-09-23,20.020000457763672,20.06999969482422,19.5,19.56999969482422,16.615478515625,8268600,0.0,False
2015-09-24,19.989999771118164,20.850000381469727,19.899999618530273,20.56999969482422,17.464508056640625,18002900,0.0,False
2015-09-25,20.229999542236328,20.479999542236328,19.959999084472656,20.09000015258789,17.056970596313477,12281500,0.0,False
2015-09-28,19.600000381469727,19.850000381469727,19.149999618530273,19.25,16.34379005432129,11168600,0.0,False
2015-09-29,19.420000076293945,19.719999313354492,19.1200008392334,19.280000686645508,16.369260787963867,5839600,0.0,False
2015-09-30,19.059999465942383,19.6299991607666,19.020000457763672,19.59000015258789,16.632461547851562,10986100,0.0,False
2015-10-01,19.639999389648438,19.989999771118164,19.049999237060547,19.170000076293945,16.27586555480957,8070500,0.0,False
2015-10-02,19.850000381469727,20.5,19.809999465942383,20.459999084472656,17.371116638183594,16026700,0.0,False
2015-10-05,20.540000915527344,20.959999084472656,20.479999542236328,20.809999465942383,17.668272018432617,12396200,0.0,False
2015-10-06,21.350000381469727,21.649999618530273,21.059999465942383,21.3799991607666,18.152217864990234,11865600,0.0,False
2015-10-07,21.549999237060547,21.579999923706055,20.950000762939453,21.3700008392334,18.14373207092285,8032300,0.0,False
2015-10-08,21.0,21.8799991607666,20.8700008392334,20.969999313354492,17.80411720275879,9942400,0.0,False
2015-10-09,21.649999618530273,22.110000610351562,21.43000030517578,22.0,18.678619384765625,15670800,0.0,False
2015-10-12,22.56999969482422,22.56999969482422,21.469999313354492,21.780000686645508,18.491830825805664,14385500,0.0,False
2015-10-13,21.610000610351562,22.1200008392334,21.43000030517578,21.600000381469727,18.339006423950195,6453300,0.0,False
2015-10-14,22.100000381469727,23.34000015258789,22.040000915527344,23.219999313354492,19.714433670043945,21102000,0.0,False
2015-10-15,22.770000457763672,23.579999923706055,22.610000610351562,23.34000015258789,19.816314697265625,8536300,0.0,False
2015-10-16,23.25,23.420000076293945,22.489999771118164,22.540000915527344,19.137096405029297,12008200,0.0,False
2015-10-19,22.399999618530273,22.459999084472656,21.25,21.489999771118164,18.245609283447266,17092200,0.0,False
2015-10-20,21.719999313354492,22.68000030517578,21.690000534057617,22.31999969482422,18.950305938720703,18851900,0.0,False
2015-10-21,22.209999084472656,22.25,21.559999465942383,21.81999969482422,18.525793075561523,11542900,0.0,False
2015-10-22,21.670000076293945,22.299999237060547,21.6200008392334,21.93000030517578,18.619186401367188,7934300,0.0,False
2015-10-23,22.200000762939453,22.75,21.729999542236328,22.56999969482422,19.162565231323242,13164200,0.0,False
2015-10-26,22.600000381469727,22.600000381469727,21.93000030517578,22.0,18.678619384765625,9432100,0.0,False
2015-10-27,21.75,22.110000610351562,21.540000915527344,21.8799991607666,18.57673454284668,6136200,0.0,False
2015-10-28,22.389999389648438,22.81999969482422,21.260000228881836,21.559999465942383,18.305044174194336,14511800,0.0,False
2015-10-29,21.25,21.43000030517578,20.440000534057617,20.540000915527344,17.439037322998047,12423700,0.0,False
2015-10-30,20.510000228881836,20.90999984741211,20.389999389648438,20.459999084472656,17.371116638183594,7694500,0.0,False
2015-11-02,20.25,20.700000762939453,19.969999313354492,20.479999542236328,17.388092041015625,5138300,0.0,False
2015-11-03,20.139999389648438,20.56999969482422,19.959999084472656,20.389999389648438,17.311681747436523,5538100,0.0,False
2015-11-04,20.59000015258789,20.829999923706055,20.010000228881836,20.079999923706055,17.04848289489746,7514400,0.0,False
2015-11-05,20.1299991607666,20.1299991607666,19.540000915527344,19.670000076293945,16.700380325317383,9960800,0.0,False
2015-11-06,19.079999923706055,19.1299991607666,18.780000686645508,18.899999618530273,16.046630859375,12126800,0.0,False
2015-11-09,18.850000381469727,19.3700008392334,18.719999313354492,19.34000015258789,16.42020606994629,13103800,0.0,False
2015-11-10,19.06999969482422,19.290000915527344,18.829999923706055,18.899999618530273,16.046630859375,7961800,0.0,False
2015-11-11,18.989999771118164,19.3799991607666,18.90999984741211,19.260000228881836,16.352283477783203,8462200,0.0,False
2015-11-12,18.860000610351562,19.420000076293945,18.799999237060547,19.079999923706055,16.19945526123047,5900200,0.0,False
2015-11-13,19.049999237060547,19.440000534057617,18.899999618530273,19.25,16.34379005432129,7417000,0.0,False
2015-11-16,19.360000610351562,19.579999923706055,19.299999237060547,19.360000610351562,16.437183380126953,4345400,0.0,False
2015-11-17,19.200000762939453,19.290000915527344,18.40999984741211,18.6299991607666,15.81739330291748,12860200,0.0,False
2015-11-18,18.6299991607666,18.989999771118164,18.200000762939453,18.920000076293945,16.06361198425293,10756500,0.0,False
2015-11-19,19.209999084472656,19.610000610351562,19.020000457763672,19.450000762939453,16.513595581054688,7928500,0.0,False
2015-11-20,19.530000686645508,19.530000686645508,18.56999969482422,18.829999923706055,15.987197875976562,11119000,0.0,False
2015-11-23,18.670000076293945,18.81999969482422,18.56999969482422,18.649999618530273,15.834371566772461,5479600,0.0,False
2015-11-24,18.950000762939453,19.3700008392334,18.829999923706055,19.139999389648438,16.250398635864258,10764600,0.0,False
2015-11-25,18.93000030517578,19.309999465942383,18.809999465942383,19.1299991607666,16.24190902709961,5018100,0.0,False
2015-11-27,18.520000457763672,18.93000030517578,18.520000457763672,18.739999771118164,15.910786628723145,5638000,0.0,False
2015-11-30,18.690000534057617,19.020000457763672,18.690000534057617,18.93000030517578,16.07210350036621,5172300,0.0,False
2015-12-01,19.06999969482422,19.450000762939453,18.920000076293945,19.3799991607666,16.454160690307617,7312600,0.0,False
2015-12-02,18.920000076293945,19.1200008392334,18.719999313354492,18.950000762939453,16.089080810546875,7470300,0.0,False
2015-12-03,19.1299991607666,19.440000534057617,18.889999389648438,19.3799991607666,16.454160690307617,7269500,0.0,False
2015-12-04,19.65999984741211,20.239999771118164,19.6299991607666,20.149999618530273,17.107919692993164,9992000,0.0,False
2015-12-07,19.899999618530273,19.940000534057617,19.020000457763672,19.440000534057617,16.505107879638672,11904100,0.0,False
2015-12-08,19.5,19.65999984741211,19.100000381469727,19.309999465942383,16.394729614257812,6286300,0.0,False
2015-12-09,19.639999389648438,19.8700008392334,19.360000610351562,19.530000686645508,16.581518173217773,8108000,0.0,False
2015-12-10,19.360000610351562,19.68000030517578,19.280000686645508,19.459999084472656,16.522083282470703,4395600,0.0,False
2015-12-11,19.200000762939453,19.760000228881836,19.200000762939453,19.610000610351562,16.64944076538086,4428800,0.0,False
2015-12-14,19.530000686645508,19.600000381469727,18.81999969482422,18.889999389648438,16.03814125061035,7676900,0.0,False
2015-12-15,19.06999969482422,19.18000030517578,18.81999969482422,19.020000457763672,16.148515701293945,3440300,0.0,False
2015-12-16,19.3799991607666,19.899999618530273,19.219999313354492,19.860000610351562,16.861696243286133,10299400,0.0,False
2015-12-17,19.219999313354492,19.229999542236328,18.75,18.790000915527344,15.953234672546387,9149200,0.0,False
2015-12-18,19.139999389648438,19.43000030517578,19.059999465942383,19.299999237060547,16.386241912841797,6482100,0.0,False
2015-12-21,19.479999542236328,19.530000686645508,19.260000228881836,19.3799991607666,16.573524475097656,4438400,0.0,False
2015-12-22,19.290000915527344,19.549999237060547,19.149999618530273,19.309999465942383,16.513662338256836,3990000,0.0,False
2015-12-23,19.31999969482422,19.65999984741211,19.260000228881836,19.56999969482422,16.736011505126953,4824600,0.0,False
2015-12-24,19.739999771118164,20.1200008392334,19.719999313354492,20.059999465942383,17.15505599975586,3887500,0.0,False
2015-12-28,19.75,19.780000686645508,19.270000457763672,19.40999984741211,16.599185943603516,8054100,0.0,False
2015-12-29,19.690000534057617,19.780000686645508,19.479999542236328,19.639999389648438,16.79587745666504,3957700,0.0,False
2015-12-30,19.209999084472656,19.329999923706055,19.079999923706055,19.15999984741211,16.38538360595703,5397100,0.0,False
2015-12-31,19.190000534057617,19.350000381469727,19.06999969482422,19.209999084472656,16.428146362304688,3447800,0.0,False
2016-01-04,19.68000030517578,20.040000915527344,19.510000228881836,19.799999237060547,16.93270492553711,7439400,0.0,False
2016-01-05,19.8700008392334,19.959999084472656,19.68000030517578,19.84000015258789,16.966917037963867,2624600,0.0,False
2016-01-06,20.079999923706055,20.229999542236328,19.969999313354492,20.18000030517578,17.25767707824707,6326200,0.0,False
2016-01-07,20.530000686645508,20.920000076293945,20.260000228881836,20.649999618530273,17.659616470336914,9670300,0.0,False
2016-01-08,20.219999313354492,20.280000686645508,19.65999984741211,20.059999465942383,17.15505599975586,10448200,0.0,False
2016-01-11,20.079999923706055,20.149999618530273,19.170000076293945,19.329999923706055,16.53076934814453,7797000,0.0,False
2016-01-12,19.049999237060547,19.110000610351562,18.420000076293945,18.829999923706055,16.10317611694336,7127800,0.0,False
2016-01-13,18.6299991607666,19.149999618530273,18.5,18.729999542236328,16.017656326293945,6400000,0.0,False
2016-01-14,18.559999465942383,18.670000076293945,17.959999084472656,18.100000381469727,15.478888511657715,6856000,0.0,False
2016-01-15,18.610000610351562,18.670000076293945,17.8799991607666,17.950000762939453,15.35061264038086,5978900,0.0,False
2016-01-19,17.979999542236328,18.100000381469727,17.059999465942383,17.09000015258789,14.615148544311523,11783200,0.0,False
2016-01-20,17.360000610351562,17.479999542236328,16.8700008392334,17.440000534057617,14.91446590423584,6103900,0.0,False
2016-01-21,17.25,17.610000610351562,16.959999084472656,17.459999084472656,14.93156909942627,3884700,0.0,False
2016-01-22,17.280000686645508,17.950000762939453,17.280000686645508,17.700000762939453,15.136815071105957,7868000,0.0,False
2016-01-25,18.020000457763672,18.100000381469727,17.760000228881836,17.959999084472656,15.359162330627441,5457300,0.0,False
2016-01-26,18.09000015258789,18.829999923706055,18.09000015258789,18.760000228881836,16.043310165405273,8587600,0.0,False
2016-01-27,18.700000762939453,19.200000762939453,18.559999465942383,19.1200008392334,16.351181030273438,5821100,0.0,False
2016-01-28,18.81999969482422,19.100000381469727,18.709999084472656,18.719999313354492,16.009105682373047,4845800,0.0,False
2016-01-29,18.670000076293945,19.1200008392334,18.520000457763672,19.09000015258789,16.32552146911621,5548800,0.0,False
2016-02-01,19.25,19.700000762939453,19.200000762939453,19.68000030517578,16.83008575439453,5830800,0.0,False
2016-02-02,19.510000228881836,19.709999084472656,18.940000534057617,19.219999313354492,16.43669891357422,5763900,0.0,False
2016-02-03,19.3700008392334,20.309999465942383,19.34000015258789,20.110000610351562,17.197816848754883,10080100,0.0,False
2016-02-04,20.770000457763672,21.260000228881836,20.690000534057617,20.799999237060547,17.787893295288086,10114200,0.0,False
2016-02-05,20.479999542236328,21.81999969482422,20.25,21.799999237060547,18.64307975769043,11061000,0.0,False
2016-02-08,22.489999771118164,23.200000762939453,22.420000076293945,22.719999313354492,19.429853439331055,13659400,0.0,False
2016-02-09,23.1200008392334,23.149999618530273,21.709999084472656,21.760000228881836,18.608875274658203,12547300,0.0,False
2016-02-10,21.799999237060547,22.110000610351562,21.139999389648438,22.06999969482422,18.87398338317871,8659900,0.0,False
2016-02-11,23.729999542236328,24.31999969482422,23.1299991607666,24.010000228881836,20.53304100036621,18125100,0.0,False
2016-02-12,23.420000076293945,24.90999984741211,23.270000457763672,24.90999984741211,21.30271339416504,10830000,0.0,False
2016-02-16,23.649999618530273,24.270000457763672,22.75,22.770000457763672,19.472614288330078,17991800,0.0,False
2016-02-17,23.110000610351562,23.950000762939453,23.110000610351562,23.760000228881836,20.31924819946289,9975700,0.0,False
2016-02-18,23.450000762939453,25.56999969482422,23.3799991607666,25.530000686645508,21.832931518554688,15837800,0.0,False
2016-02-19,25.15999984741211,25.299999237060547,24.59000015258789,24.690000534057617,21.11457633972168,10272200,0.0,False
2016-02-22,23.93000030517578,24.719999313354492,23.770000457763672,24.350000381469727,20.823810577392578,7596100,0.0,False
2016-02-23,24.8700008392334,25.110000610351562,24.40999984741211,24.6299991607666,21.06325912475586,8043000,0.0,False
2016-02-24,25.59000015258789,26.15999984741211,24.809999465942383,25.25,21.59347915649414,13682300,0.0,False
2016-02-25,25.110000610351562,25.799999237060547,25.049999237060547,25.770000457763672,22.038177490234375,8413500,0.0,False
2016-02-26,25.15999984741211,25.68000030517578,24.760000228881836,24.899999618530273,21.29416275024414,9366200,0.0,False
2016-02-29,25.18000030517578,26.0,25.18000030517578,25.969999313354492,22.209211349487305,9882600,0.0,False
2016-03-01,26.170000076293945,26.239999771118164,24.969999313354492,25.0,21.379680633544922,13019500,0.0,False
2016-03-02,25.1299991607666,25.809999465942383,25.030000686645508,25.709999084472656,21.986860275268555,10166800,0.0,False
2016-03-03,25.860000610351562,27.520000457763672,25.75,27.3700008392334,23.406475067138672,16865100,0.0,False
2016-03-04,27.3700008392334,28.940000534057617,27.059999465942383,27.110000610351562,23.184125900268555,19959900,0.0,False
2016-03-07,27.530000686645508,28.700000762939453,27.459999084472656,28.389999389648438,24.278764724731445,15584100,0.0,False
2016-03-08,28.790000915527344,28.829999923706055,26.989999771118164,27.0,23.090055465698242,15504800,0.0,False
2016-03-09,26.170000076293945,27.229999542236328,25.8799991607666,26.84000015258789,22.953224182128906,9014100,0.0,False
2016-03-10,27.399999618530273,28.1299991607666,27.329999923706055,28.020000457763672,23.96234893798828,14030500,0.0,False
2016-03-11,27.84000015258789,28.200000762939453,27.030000686645508,27.149999618530273,23.218332290649414,13733300,0.0,False
2016-03-14,27.299999237060547,27.40999984741211,26.149999618530273,26.15999984741211,22.3716983795166,11084300,0.0,False
2016-03-15,26.0,26.56999969482422,25.399999618530273,26.450000762939453,22.619701385498047,9175800,0.0,False
2016-03-16,26.149999618530273,28.780000686645508,25.809999465942383,28.56999969482422,24.432697296142578,16102700,0.0,False
2016-03-17,29.110000610351562,29.5,27.780000686645508,27.799999237060547,23.774206161499023,13303300,0.0,False
2016-03-18,27.899999618530273,28.790000915527344,27.809999465942383,28.399999618530273,24.287315368652344,8254800,0.0,False
2016-03-21,28.25,29.059999465942383,28.09000015258789,28.469999313354492,24.347179412841797,6107900,0.0,False
2016-03-22,29.020000457763672,29.219999313354492,28.25,28.709999084472656,24.55242347717285,6605900,0.0,False
2016-03-23,27.59000015258789,27.979999542236328,26.75,26.780000686645508,22.901912689208984,19445900,0.0,False
2016-03-24,27.030000686645508,27.309999465942383,26.579999923706055,26.969999313354492,23.064395904541016,6597600,0.0,False
2016-03-28,27.190000534057617,27.309999465942383,26.329999923706055,26.889999389648438,22.995983123779297,6047000,0.0,False
2016-03-29,27.200000762939453,28.670000076293945,26.850000381469727,28.579999923706055,24.441251754760742,15790500,0.0,False
2016-03-30,28.309999465942383,28.75,27.68000030517578,28.1200008392334,24.047866821289062,8297900,0.0,False
2016-03-31,28.639999389648438,28.690000534057617,27.700000762939453,27.850000381469727,23.81696319580078,5525600,0.0,False
2016-04-01,27.040000915527344,28.389999389648438,26.899999618530273,28.280000686645508,24.184694290161133,7514200,0.0,False
2016-04-04,28.15999984741211,28.170000076293945,27.450000762939453,27.5,23.517648696899414,8857500,0.0,False
2016-04-05,28.299999237060547,28.3700008392334,27.520000457763672,28.309999465942383,24.210351943969727,9434000,0.0,False
2016-04-06,27.940000534057617,28.56999969482422,27.90999984741211,28.420000076293945,24.304418563842773,5074800,0.0,False
2016-04-07,29.040000915527344,29.350000381469727,28.8799991607666,29.18000030517578,24.954360961914062,8156300,0.0,False
2016-04-08,29.200000762939453,30.420000076293945,29.1299991607666,30.329999923706055,25.937829971313477,10428500,0.0,False
2016-04-11,31.059999465942383,32.630001068115234,30.950000762939453,32.43000030517578,27.733722686767578,17810700,0.0,False
2016-04-12,32.58000183105469,33.06999969482422,31.75,32.84000015258789,28.084348678588867,11530400,0.0,False
2016-04-13,32.349998474121094,33.0,31.969999313354492,32.099998474121094,27.45151138305664,10333900,0.0,False
2016-04-14,32.0,32.220001220703125,30.559999465942383,31.1299991607666,26.621978759765625,12050800,0.0,False
2016-04-15,31.479999542236328,32.599998474121094,30.950000762939453,32.47999954223633,27.77648162841797,10289000,0.0,False
2016-04-18,32.900001525878906,32.970001220703125,32.13999938964844,32.58000183105469,27.862001419067383,5907900,0.0,False
2016-04-19,34.06999969482422,35.189998626708984,33.869998931884766,35.02000045776367,29.94865608215332,17013800,0.0,False
2016-04-20,34.900001525878906,35.84000015258789,33.540000915527344,33.68000030517578,28.802705764770508,16775200,0.0,False
2016-04-21,35.18000030517578,35.369998931884766,34.04999923706055,34.619998931884766,29.606582641601562,15504300,0.0,False
2016-04-22,34.220001220703125,35.04999923706055,33.130001068115234,33.63999938964844,28.768497467041016,14909000,0.0,False
2016-04-25,33.88999938964844,34.279998779296875,33.060001373291016,33.29999923706055,28.477733612060547,7386100,0.0,False
2016-04-26,33.650001525878906,34.650001525878906,33.15999984741211,34.58000183105469,29.57237434387207,13775900,0.0,False
2016-04-27,34.900001525878906,35.2599983215332,33.38999938964844,34.810001373291016,29.76906967163086,8104600,0.0,False
2016-04-28,35.33000183105469,36.599998474121094,34.9900016784668,36.380001068115234,31.111711502075195,17824700,0.0,False
2016-04-29,37.11000061035156,38.56999969482422,37.099998474121094,38.52000045776367,32.94181823730469,21410500,0.0,False
2016-05-02,38.880001068115234,38.959999084472656,37.529998779296875,37.939998626708984,32.44580078125,12502400,0.0,False
2016-05-03,38.18000030517578,38.2599983215332,36.58000183105469,36.81999969482422,31.487991333007812,12405500,0.0,False
2016-05-04,36.06999969482422,36.970001220703125,34.43000030517578,34.61000061035156,29.598026275634766,17684000,0.0,False
2016-05-05,35.18000030517578,36.08000183105469,34.970001220703125,35.7599983215332,30.58149528503418,10731700,0.0,False
2016-05-06,36.59000015258789,38.08000183105469,36.40999984741211,37.709999084472656,32.249114990234375,19337400,0.0,False
2016-05-09,36.119998931884766,36.150001525878906,34.900001525878906,34.900001525878906,29.84603500366211,20446800,0.0,False
2016-05-10,35.220001220703125,36.31999969482422,34.40999984741211,36.13999938964844,30.906463623046875,14352600,0.0,False
2016-05-11,37.06999969482422,37.810001373291016,35.77000045776367,37.400001525878906,31.984004974365234,13674600,0.0,False
2016-05-12,37.52000045776367,38.150001525878906,36.599998474121094,36.869998931884766,31.530752182006836,9222500,0.0,False
2016-05-13,36.86000061035156,37.7400016784668,36.560001373291016,37.18000030517578,31.795860290527344,7836000,0.0,False
2016-05-16,38.22999954223633,38.79999923706055,37.68000030517578,38.06999969482422,32.55698013305664,12174800,0.0,False
2016-05-17,38.20000076293945,39.70000076293945,37.869998931884766,39.20000076293945,33.52333450317383,17528200,0.0,False
2016-05-18,38.38999938964844,39.02000045776367,36.02000045776367,36.060001373291016,30.838050842285156,29404000,0.0,False
2016-05-19,35.02000045776367,37.0,34.5,36.5099983215332,31.22288703918457,19164700,0.0,False
2016-05-20,37.029998779296875,37.130001068115234,35.40999984741211,36.86000061035156,31.522197723388672,10538800,0.0,False
2016-05-23,35.95000076293945,36.9900016784668,35.720001220703125,36.20000076293945,30.95777702331543,9189500,0.0,False
2016-05-24,35.459999084472656,35.63999938964844,33.4900016784668,33.59000015258789,28.725738525390625,23814400,0.0,False
2016-05-25,33.380001068115234,35.04999923706055,32.7599983215332,34.849998474121094,29.803274154663086,17287300,0.0,False
2016-05-26,35.4900016784668,35.7400016784668,34.2400016784668,34.560001373291016,29.555274963378906,11032100,0.0,False
2016-05-27,34.15999984741211,34.41999816894531,32.7400016784668,32.88999938964844,28.127105712890625,18583000,0.0,False
2016-05-31,32.86000061035156,34.47999954223633,32.599998474121094,33.79999923706055,28.90532684326172,15591900,0.0,False
2016-06-01,34.08000183105469,34.56999969482422,33.08000183105469,33.75,28.86256980895996,10069300,0.0,False
2016-06-02,33.70000076293945,34.29999923706055,33.38999938964844,33.79999923706055,28.90532684326172,6991400,0.0,False
2016-06-03,36.099998474121094,37.959999084472656,36.08000183105469,37.959999084472656,32.4629020690918,33704900,0.0,False
2016-06-06,37.93000030517578,38.68000030517578,37.150001525878906,38.630001068115234,33.03588104248047,13300700,0.0,False
2016-06-07,38.060001373291016,38.77000045776367,37.88999938964844,38.119998931884766,32.599727630615234,13733600,0.0,False
2016-06-08,39.77000045776367,40.470001220703125,39.40999984741211,39.900001525878906,34.12197494506836,22061100,0.0,False
2016-06-09,39.77000045776367,40.790000915527344,39.45000076293945,40.59000015258789,34.71205520629883,11667500,0.0,False
2016-06-10,40.97999954223633,41.369998931884766,39.66999816894531,39.90999984741211,34.13051986694336,15012200,0.0,False
2016-06-13,40.97999954223633,41.08000183105469,39.310001373291016,40.060001373291016,34.25880432128906,12511000,0.0,False
2016-06-14,40.150001525878906,40.15999984741211,38.630001068115234,39.27000045776367,33.58320236206055,12132400,0.0,False
2016-06-15,39.33000183105469,41.369998931884766,39.0,40.91999816894531,34.9942626953125,23725500,0.0,False
2016-06-16,42.2400016784668,42.31999969482422,39.310001373291016,39.77000045776367,34.010799407958984,21679100,0.0,False
2016-06-17,40.43000030517578,40.689998626708984,39.400001525878906,40.310001373291016,34.472591400146484,13111300,0.0,False
2016-06-20,39.15999984741211,41.0099983215332,39.0,40.720001220703125,34.82322311401367,15266700,0.0,False
2016-06-21,39.72999954223633,40.150001525878906,39.34000015258789,39.40999984741211,33.70292663574219,16999200,0.0,False
2016-06-22,39.47999954223633,39.86000061035156,38.81999969482422,39.75,33.993690490722656,6871100,0.0,False
2016-06-23,39.619998931884766,40.400001525878906,39.459999084472656,39.779998779296875,34.01934814453125,10012900,0.0,False
2016-06-24,43.599998474121094,43.7599983215332,41.25,41.66999816894531,35.635650634765625,23150700,0.0,False
2016-06-27,42.0,42.4900016784668,40.79999923706055,41.779998779296875,35.72972106933594,12651500,0.0,False
2016-06-28,40.63999938964844,41.459999084472656,40.560001373291016,41.0,35.06267166137695,13602900,0.0,False
2016-06-29,41.68000030517578,42.70000076293945,41.61000061035156,42.04999923706055,35.96062088012695,14549100,0.0,False
2016-06-30,42.41999816894531,42.70000076293945,41.75,42.599998474121094,36.430973052978516,8387700,0.0,False
2016-07-01,43.81999969482422,45.619998931884766,43.54999923706055,45.380001068115234,38.80839157104492,19699000,0.0,False
2016-07-05,45.779998779296875,47.060001373291016,45.209999084472656,46.7400016784668,39.97145080566406,21074600,0.0,False
2016-07-06,47.540000915527344,48.95000076293945,47.400001525878906,48.880001068115234,41.80155563354492,22875800,0.0,False
2016-07-07,48.15999984741211,48.25,46.77000045776367,47.119998931884766,40.29642105102539,19361300,0.0,False
2016-07-08,47.31999969482422,49.459999084472656,46.849998474121094,49.40999984741211,42.254798889160156,22742300,0.0,False
2016-07-11,48.84000015258789,50.16999816894531,48.529998779296875,49.72999954223633,42.5284538269043,12349300,0.0,False
2016-07-12,49.20000076293945,49.79999923706055,47.470001220703125,47.65999984741211,40.758216857910156,20916600,0.0,False
2016-07-13,48.40999984741211,50.290000915527344,48.209999084472656,49.86000061035156,42.6396369934082,18939000,0.0,False
2016-07-14,48.130001068115234,49.709999084472656,48.0,49.709999084472656,42.51136016845703,10976500,0.0,False
2016-07-15,48.650001525878906,49.59000015258789,48.560001373291016,48.75,41.690372467041016,10682600,0.0,False
2016-07-18,48.68000030517578,49.0,47.9900016784668,48.72999954223633,41.67326736450195,10401100,0.0,False
2016-07-19,48.36000061035156,48.630001068115234,47.58000183105469,47.650001525878906,40.749671936035156,14676300,0.0,False
2016-07-20,46.27000045776367,46.290000915527344,43.720001220703125,43.93000030517578,37.5683708190918,32241200,0.0,False
2016-07-21,44.4900016784668,46.52000045776367,44.310001373291016,46.31999969482422,39.61227798461914,21260300,0.0,False
2016-07-22,45.59000015258789,46.16999816894531,45.310001373291016,45.790000915527344,39.159027099609375,8427400,0.0,False
2016-07-25,44.959999084472656,45.0,43.5,43.7400016784668,37.40589141845703,19302400,0.0,False
2016-07-26,44.75,45.93000030517578,44.33000183105469,45.349998474121094,38.782737731933594,17647300,0.0,False
2016-07-27,46.02000045776367,48.2599983215332,44.81999969482422,47.91999816894531,40.98057174682617,22931400,0.0,False
2016-07-28,48.279998779296875,48.59000015258789,47.099998474121094,48.13999938964844,41.16871643066406,11808200,0.0,False
2016-07-29,49.34000015258789,50.560001373291016,48.86000061035156,50.06999969482422,42.8192253112793,17168900,0.0,False
2016-08-01,50.040000915527344,51.06999969482422,49.59000015258789,50.93000030517578,43.554683685302734,11060600,0.0,False
2016-08-02,51.54999923706055,51.849998474121094,50.63999938964844,50.849998474121094,43.486270904541016,8200200,0.0,False
2016-08-03,50.63999938964844,50.70000076293945,49.720001220703125,50.45000076293945,43.14419174194336,8216500,0.0,False
2016-08-04,50.900001525878906,51.65999984741211,50.79999923706055,51.150001525878906,43.742820739746094,10664600,0.0,False
2016-08-05,49.52000045776367,49.900001525878906,48.91999816894531,49.40999984741211,42.254798889160156,16728200,0.0,False
2016-08-08,49.38999938964844,50.849998474121094,49.310001373291016,50.22999954223633,42.9560546875,11349800,0.0,False
2016-08-09,50.38999938964844,51.189998626708984,50.20000076293945,50.709999084472656,43.36654281616211,9436700,0.0,False
2016-08-10,52.15999984741211,52.36000061035156,50.95000076293945,51.56999969482422,44.10200500488281,13245600,0.0,False
2016-08-11,51.65999984741211,52.5,51.02000045776367,51.02000045776367,43.631656646728516,11618200,0.0,False
2016-08-12,52.40999984741211,52.40999984741211,50.7400016784668,51.08000183105469,43.682960510253906,8313000,0.0,False
2016-08-15,51.25,51.70000076293945,50.779998779296875,51.02000045776367,43.631656646728516,5984300,0.0,False
2016-08-16,51.31999969482422,51.65999984741211,50.97999954223633,51.310001373291016,43.879661560058594,7852400,0.0,False
2016-08-17,50.79999923706055,51.36000061035156,49.560001373291016,50.689998626708984,43.34944152832031,13031500,0.0,False
2016-08-18,51.27000045776367,51.70000076293945,50.7599983215332,51.70000076293945,44.21318054199219,12785200,0.0,False
2016-08-19,50.56999969482422,50.900001525878906,49.97999954223633,50.099998474121094,42.84488296508789,19121200,0.0,False
2016-08-22,49.150001525878906,49.47999954223633,48.650001525878906,48.9900016784668,41.8956184387207,12950000,0.0,False
2016-08-23,49.70000076293945,49.7400016784668,47.790000915527344,47.849998474121094,40.920711517333984,12172600,0.0,False
2016-08-24,47.130001068115234,47.150001525878906,43.970001220703125,44.130001068115234,37.739410400390625,30168700,0.0,False
2016-08-25,44.220001220703125,46.470001220703125,43.470001220703125,45.52000045776367,38.92812728881836,24490600,0.0,False
2016-08-26,46.619998931884766,47.7400016784668,44.560001373291016,45.18000030517578,38.63736343383789,16022400,0.0,False
2016-08-29,44.439998626708984,45.84000015258789,44.290000915527344,45.290000915527344,38.7314338684082,11827900,0.0,False
2016-08-30,44.7599983215332,45.11000061035156,42.310001373291016,42.79999923706055,36.60200881958008,22084100,0.0,False
2016-08-31,42.06999969482422,42.54999923706055,41.29999923706055,41.7599983215332,35.712615966796875,17438600,0.0,False
2016-09-01,41.380001068115234,43.93000030517578,41.11000061035156,43.75,37.41444396972656,29553200,0.0,False
2016-09-02,45.560001373291016,46.33000183105469,44.43000030517578,46.33000183105469,39.62082290649414,29633900,0.0,False
2016-09-06,47.41999816894531,49.369998931884766,47.0,49.369998931884766,42.22058868408203,33450500,0.0,False
2016-09-07,49.060001373291016,49.08000183105469,46.9900016784668,48.75,41.690372467041016,21408000,0.0,False
2016-09-08,48.349998474121094,48.86000061035156,47.310001373291016,47.83000183105469,40.90360641479492,15702100,0.0,False
2016-09-09,46.939998626708984,47.400001525878906,44.15999984741211,44.439998626708984,38.00452423095703,37023800,0.0,False
2016-09-12,43.47999954223633,47.0,43.33000183105469,46.540000915527344,39.8004150390625,29805400,0.0,False
2016-09-13,45.720001220703125,46.2400016784668,43.7599983215332,44.59000015258789,38.13279724121094,25459000,0.0,False
2016-09-14,45.209999084472656,46.20000076293945,44.56999969482422,44.75,38.269622802734375,12218600,0.0,False
2016-09-15,44.45000076293945,45.849998474121094,43.84000015258789,44.86000061035156,38.36369705200195,12809100,0.0,False
2016-09-16,44.06999969482422,45.189998626708984,43.56999969482422,43.91999816894531,37.5598258972168,17100200,0.0,False
2016-09-19,44.939998626708984,45.060001373291016,44.11000061035156,44.41999816894531,37.98741149902344,11598900,0.0,False
2016-09-20,44.22999954223633,44.79999923706055,43.93000030517578,44.470001220703125,38.03017807006836,9379400,0.0,False
2016-09-21,45.52000045776367,48.130001068115234,45.189998626708984,48.040000915527344,41.083194732666016,34274300,0.0,False
2016-09-22,48.56999969482422,48.970001220703125,46.72999954223633,47.119998931884766,40.29642105102539,23448900,0.0,False
2016-09-23,46.869998931884766,47.16999816894531,44.970001220703125,45.41999816894531,38.84260177612305,22675500,0.0,False
2016-09-26,45.79999923706055,46.349998474121094,44.720001220703125,44.869998931884766,38.37224578857422,9034400,0.0,False
2016-09-27,44.310001373291016,44.59000015258789,43.2599983215332,43.86000061035156,37.508514404296875,15966000,0.0,False
2016-09-28,44.0,45.75,42.75,45.279998779296875,38.72288131713867,23374500,0.0,False
2016-09-29,44.61000061035156,45.27000045776367,44.189998626708984,44.849998474121094,38.35514831542969,11042000,0.0,False
2016-09-30,45.709999084472656,45.880001068115234,44.08000183105469,44.290000915527344,37.876243591308594,14967200,0.0,False
2016-10-03,44.099998474121094,44.560001373291016,42.90999984741211,43.540000915527344,37.2348518371582,14142300,0.0,False
2016-10-04,42.099998474121094,42.099998474121094,38.810001373291016,38.810001373291016,33.1898193359375,41455500,0.0,False
2016-10-05,39.709999084472656,39.93000030517578,37.540000915527344,39.150001525878906,33.48057556152344,20536800,0.0,False
2016-10-06,37.52000045776367,38.290000915527344,36.959999084472656,37.459999084472656,32.03531265258789,22087000,0.0,False
2016-10-07,39.0,39.41999816894531,37.099998474121094,38.09000015258789,32.57408142089844,23081500,0.0,False
2016-10-10,38.560001373291016,38.90999984741211,38.13999938964844,38.63999938964844,33.04443359375,10828500,0.0,False
2016-10-11,38.040000915527344,38.38999938964844,37.27000045776367,37.310001373291016,31.90703582763672,18111900,0.0,False
2016-10-12,37.41999816894531,38.61000061035156,37.33000183105469,38.29999923706055,32.7536735534668,19758000,0.0,False
2016-10-13,38.41999816894531,40.2400016784668,38.119998931884766,39.150001525878906,33.48057556152344,20136100,0.0,False
2016-10-14,38.349998474121094,39.54999923706055,37.970001220703125,38.08000183105469,32.56553649902344,20276100,0.0,False
2016-10-17,38.41999816894531,38.9900016784668,37.959999084472656,38.709999084472656,33.10429763793945,17119800,0.0,False
2016-10-18,39.540000915527344,40.630001068115234,39.060001373291016,40.59000015258789,34.71205520629883,23864700,0.0,False
2016-10-19,41.47999954223633,42.189998626708984,40.91999816894531,42.02000045776367,35.934967041015625,18901300,0.0,False
2016-10-20,42.0,42.15999984741211,40.88999938964844,41.7400016784668,35.69551467895508,13220200,0.0,False
2016-10-21,41.470001220703125,41.83000183105469,41.2599983215332,41.81999969482422,35.76393127441406,7508800,0.0,False
2016-10-24,42.2599983215332,42.33000183105469,40.16999816894531,40.65999984741211,34.77191925048828,18471300,0.0,False
2016-10-25,41.130001068115234,42.34000015258789,40.779998779296875,41.90999984741211,35.84090042114258,15294100,0.0,False
2016-10-26,41.959999084472656,42.13999938964844,40.47999954223633,40.810001373291016,34.90019607543945,24241600,0.0,False
2016-10-27,41.02000045776367,41.08000183105469,39.470001220703125,39.61000061035156,33.873966217041016,19731100,0.0,False
2016-10-28,39.619998931884766,40.75,39.040000915527344,39.61000061035156,33.873966217041016,17809200,0.0,False
2016-10-31,39.65999984741211,40.70000076293945,39.290000915527344,40.68000030517578,34.78901290893555,17699700,0.0,False
2016-11-01,41.90999984741211,42.650001525878906,41.31999969482422,42.029998779296875,35.943519592285156,20218100,0.0,False
2016-11-02,43.11000061035156,43.540000915527344,40.900001525878906,41.2599983215332,35.2850227355957,20640200,0.0,False
2016-11-03,41.04999923706055,42.5099983215332,41.0099983215332,42.349998474121094,36.2171745300293,14700300,0.0,False
2016-11-04,42.349998474121094,42.36000061035156,40.93000030517578,41.58000183105469,35.558685302734375,13707600,0.0,False
2016-11-07,40.15999984741211,40.47999954223633,39.279998779296875,39.810001373291016,34.04500198364258,26137400,0.0,False
2016-11-08,40.20000076293945,40.970001220703125,38.7599983215332,39.34000015258789,33.643062591552734,15605500,0.0,False
2016-11-09,42.09000015258789,42.130001068115234,39.04999923706055,40.2400016784668,34.4127311706543,23375200,0.0,False
2016-11-10,39.7599983215332,39.83000183105469,37.15999984741211,37.25,31.85572624206543,42381600,0.0,False
2016-11-11,37.310001373291016,37.36000061035156,33.72999954223633,34.2400016784668,29.281606674194336,46732600,0.0,False
2016-11-14,33.470001220703125,35.970001220703125,32.79999923706055,34.959999084472656,29.897342681884766,26728700,0.0,False
2016-11-15,35.06999969482422,37.130001068115234,34.709999084472656,36.86000061035156,31.522197723388672,30178500,0.0,False
2016-11-16,36.5,36.75,35.18000030517578,35.54999923706055,30.40190315246582,25571100,0.0,False
2016-11-17,35.7400016784668,36.599998474121094,33.84000015258789,34.54999923706055,29.546720504760742,25495800,0.0,False
2016-11-18,34.11000061035156,34.66999816894531,33.65999984741211,34.52000045776367,29.521059036254883,21272000,0.0,False
2016-11-21,35.33000183105469,35.7400016784668,34.75,35.2599983215332,30.153898239135742,13328900,0.0,False
2016-11-22,35.470001220703125,35.79999923706055,34.400001525878906,35.75,30.57294273376465,14840000,0.0,False
2016-11-23,34.20000076293945,34.380001068115234,33.45000076293945,33.75,28.86256980895996,32415400,0.0,False
2016-11-25,34.29999923706055,34.58000183105469,33.58000183105469,33.79999923706055,28.90532684326172,8067400,0.0,False
2016-11-28,34.25,35.380001068115234,33.81999969482422,35.189998626708984,30.094036102294922,26680400,0.0,False
2016-11-29,34.279998779296875,35.2400016784668,34.0,34.9900016784668,29.923004150390625,11212400,0.0,False
2016-11-30,34.599998474121094,34.779998779296875,34.029998779296875,34.31999969482422,29.350025177001953,16465100,0.0,False
2016-12-01,34.18000030517578,35.279998779296875,33.52000045776367,34.25,29.2901611328125,16867400,0.0,False
2016-12-02,34.779998779296875,35.58000183105469,34.70000076293945,35.459999084472656,30.32493782043457,23877900,0.0,False
2016-12-05,34.79999923706055,36.09000015258789,34.22999954223633,35.59000015258789,30.436111450195312,15428600,0.0,False
2016-12-06,35.630001068115234,36.369998931884766,35.22999954223633,35.41999816894531,30.29073143005371,10723300,0.0,False
2016-12-07,36.16999816894531,36.52000045776367,35.599998474121094,35.93000030517578,30.726877212524414,13964200,0.0,False
2016-12-08,35.81999969482422,36.040000915527344,35.41999816894531,35.9900016784668,30.77819061279297,7445400,0.0,False
2016-12-09,35.52000045776367,35.72999954223633,33.97999954223633,34.18000030517578,29.230297088623047,30816200,0.0,False
2016-12-12,34.529998779296875,35.099998474121094,34.11000061035156,34.220001220703125,29.26450538635254,11961900,0.0,False
2016-12-13,34.220001220703125,34.54999923706055,33.790000915527344,34.380001068115234,29.40134048461914,10687600,0.0,False
2016-12-14,34.86000061035156,35.130001068115234,32.15999984741211,32.18000030517578,27.519926071166992,39887900,0.0,False
2016-12-15,31.190000534057617,31.389999389648438,29.989999771118164,30.31999969482422,25.929275512695312,33542400,0.0,False
2016-12-16,30.809999465942383,31.18000030517578,29.530000686645508,29.860000610351562,25.535890579223633,23705400,0.0,False
2016-12-19,28.889999389648438,28.920000076293945,28.1200008392334,28.43000030517578,25.605239868164062,27938700,0.0,False
2016-12-20,27.709999084472656,28.6299991607666,27.3700008392334,28.510000228881836,25.677291870117188,23996800,0.0,False
2016-12-21,28.6200008392334,28.75,28.1299991607666,28.18000030517578,25.380081176757812,11546800,0.0,False
2016-12-22,28.170000076293945,28.889999389648438,28.010000228881836,28.229999542236328,25.425111770629883,13975100,0.0,False
2016-12-23,28.329999923706055,28.690000534057617,28.149999618530273,28.6200008392334,25.776363372802734,9150700,0.0,False
2016-12-27,29.0,29.709999084472656,28.84000015258789,29.65999984741211,26.713029861450195,16672500,0.0,False
2016-12-28,29.440000534057617,30.670000076293945,29.1299991607666,30.649999618530273,27.604663848876953,22331700,0.0,False
2016-12-29,30.950000762939453,33.5099983215332,30.760000228881836,33.47999954223633,30.153478622436523,45037300,0.0,False
2016-12-30,33.52000045776367,34.29999923706055,31.489999771118164,31.549999237060547,28.415241241455078,39165500,0.0,False
2017-01-03,31.780000686645508,33.65999984741211,31.1299991607666,33.63999938964844,30.297582626342773,29306200,0.0,False
2017-01-04,34.189998626708984,34.22999954223633,33.25,34.20000076293945,30.801942825317383,19591100,0.0,False
2017-01-05,35.18000030517578,37.470001220703125,35.09000015258789,37.099998474121094,33.4138069152832,43147400,0.0,False
2017-01-06,36.15999984741211,37.18000030517578,34.15999984741211,35.400001525878906,31.882715225219727,54259800,0.0,False
2017-01-09,36.369998931884766,37.33000183105469,35.61000061035156,35.959999084472656,32.3870735168457,28447600,0.0,False
2017-01-10,36.66999816894531,37.5,35.90999984741211,36.810001373291016,33.15261459350586,21106600,0.0,False
2017-01-11,36.16999816894531,37.349998474121094,35.45000076293945,36.79999923706055,33.143611907958984,20436600,0.0,False
2017-01-12,37.7400016784668,37.880001068115234,36.099998474121094,36.56999969482422,32.93646240234375,18324000,0.0,False
2017-01-13,36.0,36.7599983215332,35.5,36.65999984741211,33.017520904541016,11135200,0.0,False
2017-01-17,37.91999816894531,38.08000183105469,37.43000030517578,37.90999984741211,34.14331817626953,26028500,0.0,False
2017-01-18,37.689998626708984,38.02000045776367,36.27000045776367,36.689998626708984,33.0445442199707,25973500,0.0,False
2017-01-19,36.16999816894531,37.099998474121094,35.709999084472656,36.650001525878906,33.008506774902344,16942800,0.0,False
2017-01-20,36.709999084472656,37.81999969482422,36.22999954223633,37.0099983215332,33.332740783691406,17601100,0.0,False
2017-01-23,37.560001373291016,37.9900016784668,37.22999954223633,37.939998626708984,34.17034149169922,17013500,0.0,False
2017-01-24,37.7599983215332,38.58000183105469,37.08000183105469,37.560001373291016,33.828094482421875,22199300,0.0,False
2017-01-25,36.72999954223633,37.2599983215332,36.4900016784668,37.22999954223633,33.530887603759766,15167800,0.0,False
2017-01-26,36.31999969482422,36.68000030517578,36.08000183105469,36.150001525878906,32.558197021484375,22415100,0.0,False
2017-01-27,36.25,36.959999084472656,36.20000076293945,36.869998931884766,33.2066535949707,18570400,0.0,False
2017-01-30,37.119998931884766,37.61000061035156,36.68000030517578,36.7400016784668,33.08957290649414,11382400,0.0,False
2017-01-31,37.63999938964844,37.79999923706055,37.279998779296875,37.779998779296875,34.02623748779297,22200700,0.0,False
2017-02-01,37.150001525878906,38.2400016784668,37.0099983215332,38.06999969482422,34.28742599487305,18026100,0.0,False
2017-02-02,39.06999969482422,39.220001220703125,38.529998779296875,38.91999816894531,35.05297088623047,15049200,0.0,False
2017-02-03,38.810001373291016,39.29999923706055,38.72999954223633,39.2599983215332,35.35918426513672,10864400,0.0,False
2017-02-06,39.970001220703125,42.290000915527344,39.68000030517578,42.290000915527344,38.088134765625,37449600,0.0,False
2017-02-07,41.70000076293945,42.84000015258789,41.380001068115234,41.90999984741211,37.74589157104492,18574800,0.0,False
2017-02-08,42.650001525878906,43.0099983215332,41.650001525878906,42.189998626708984,37.998069763183594,14754500,0.0,False
2017-02-09,42.189998626708984,42.38999938964844,40.81999969482422,40.880001068115234,36.81822967529297,29287500,0.0,False
2017-02-10,40.400001525878906,42.66999816894531,40.2599983215332,41.810001373291016,37.65582275390625,27479300,0.0,False
2017-02-13,41.36000061035156,41.7400016784668,41.06999969482422,41.27000045776367,37.16947555541992,14899700,0.0,False
2017-02-14,41.86000061035156,42.04999923706055,40.689998626708984,41.790000915527344,37.637813568115234,17412500,0.0,False
2017-02-15,41.16999816894531,41.77000045776367,40.91999816894531,41.5,37.376625061035156,10747200,0.0,False
2017-02-16,41.869998931884766,42.38999938964844,41.689998626708984,42.119998931884766,37.935028076171875,16689900,0.0,False
2017-02-17,42.15999984741211,42.400001525878906,41.16999816894531,41.25,37.15146255493164,16095600,0.0,False
2017-02-21,40.630001068115234,41.369998931884766,39.81999969482422,40.790000915527344,36.73716735839844,13306200,0.0,False
2017-02-22,40.79999923706055,41.09000015258789,39.5099983215332,40.72999954223633,36.68312454223633,17615600,0.0,False
2017-02-23,41.54999923706055,41.66999816894531,40.88999938964844,40.91999816894531,36.85425567626953,14810900,0.0,False
2017-02-24,41.56999969482422,41.599998474121094,39.970001220703125,40.09000015258789,36.10672378540039,15481300,0.0,False
2017-02-27,40.0,40.68000030517578,36.08000183105469,36.25,32.64826202392578,61392000,0.0,False
2017-02-28,37.29999923706055,37.81999969482422,36.33000183105469,36.93000030517578,33.260684967041016,25422100,0.0,False
2017-03-01,35.79999923706055,37.650001525878906,35.70000076293945,37.630001068115234,33.89113998413086,24864700,0.0,False
2017-03-02,36.58000183105469,37.0099983215332,34.369998931884766,34.529998779296875,31.099149703979492,48280500,0.0,False
2017-03-03,34.529998779296875,35.91999816894531,33.59000015258789,35.529998779296875,31.99979591369629,38762500,0.0,False
2017-03-06,34.9900016784668,35.11000061035156,32.900001525878906,33.41999816894531,30.099437713623047,48400100,0.0,False
2017-03-07,32.970001220703125,34.470001220703125,32.65999984741211,33.709999084472656,30.360624313354492,27371500,0.0,False
2017-03-08,33.08000183105469,34.040000915527344,33.04999923706055,33.31999969482422,30.009376525878906,12115900,0.0,False
2017-03-09,33.5,33.849998474121094,32.880001068115234,32.97999954223633,29.703157424926758,10661100,0.0,False
2017-03-10,33.22999954223633,34.869998931884766,33.0,34.689998626708984,31.243255615234375,29933000,0.0,False
2017-03-13,34.900001525878906,36.349998474121094,34.70000076293945,36.150001525878906,32.558197021484375,34798700,0.0,False
2017-03-14,36.040000915527344,36.279998779296875,33.790000915527344,33.9900016784668,30.612808227539062,40219200,0.0,False
2017-03-15,34.349998474121094,38.119998931884766,33.95000076293945,37.90999984741211,34.14331817626953,64810900,0.0,False
2017-03-16,38.52000045776367,38.56999969482422,36.9900016784668,37.45000076293945,33.72902297973633,19549500,0.0,False
2017-03-17,37.4900016784668,37.720001220703125,35.68000030517578,36.279998779296875,32.67527389526367,29731600,0.0,False
2017-03-20,36.5,37.290000915527344,36.09000015258789,36.84000015258789,33.17963409423828,20252400,0.0,False
2017-03-21,37.47999954223633,38.220001220703125,37.220001220703125,37.459999084472656,33.738033294677734,23095400,0.0,False
2017-03-22,37.95000076293945,37.95000076293945,36.93000030517578,37.060001373291016,33.377777099609375,13735600,0.0,False
2017-03-23,37.29999923706055,37.439998626708984,35.7400016784668,36.2599983215332,32.65726089477539,22018800,0.0,False
2017-03-24,36.2400016784668,36.79999923706055,35.91999816894531,36.20000076293945,32.60322570800781,11212000,0.0,False
2017-03-27,37.20000076293945,37.25,36.38999938964844,36.939998626708984,33.26969909667969,22954200,0.0,False
2017-03-28,36.86000061035156,36.939998626708984,35.18000030517578,35.84000015258789,32.27899169921875,28151300,0.0,False
2017-03-29,35.689998626708984,36.4900016784668,35.529998779296875,36.150001525878906,32.558197021484375,11883900,0.0,False
2017-03-30,35.68000030517578,36.09000015258789,35.4900016784668,35.70000076293945,32.15290832519531,14396300,0.0,False
2017-03-31,35.81999969482422,36.7599983215332,35.650001525878906,35.97999954223633,32.40509033203125,16864900,0.0,False
2017-04-03,36.08000183105469,36.81999969482422,36.02000045776367,36.630001068115234,32.99050521850586,15308500,0.0,False
2017-04-04,36.9900016784668,37.08000183105469,36.52000045776367,37.029998779296875,33.35075759887695,9915200,0.0,False
2017-04-05,36.43000030517578,37.130001068115234,35.849998474121094,36.900001525878906,33.23367691040039,19081400,0.0,False
2017-04-06,36.68000030517578,36.91999816894531,36.33000183105469,36.709999084472656,33.06254959106445,10590600,0.0,False
2017-04-07,37.40999984741211,37.540000915527344,36.08000183105469,36.560001373291016,32.927459716796875,15091200,0.0,False
2017-04-10,36.40999984741211,36.849998474121094,36.11000061035156,36.779998779296875,33.1255989074707,9670700,0.0,False
2017-04-11,37.189998626708984,37.720001220703125,36.86000061035156,37.5,33.77406311035156,22630300,0.0,False
2017-04-12,37.459999084472656,38.060001373291016,37.099998474121094,38.040000915527344,34.260414123535156,15620200,0.0,False
2017-04-13,37.439998626708984,37.56999969482422,36.630001068115234,36.70000076293945,33.053550720214844,37058400,0.0,False
2017-04-17,36.68000030517578,36.81999969482422,35.43000030517578,36.13999938964844,32.5491828918457,28969500,0.0,False
2017-04-18,35.97999954223633,36.290000915527344,35.40999984741211,35.869998931884766,32.30601119995117,14203200,0.0,False
2017-04-19,35.45000076293945,35.59000015258789,33.900001525878906,34.709999084472656,31.261268615722656,36664400,0.0,False
2017-04-20,34.560001373291016,35.06999969482422,34.33000183105469,34.52000045776367,31.09014320373535,15837400,0.0,False
2017-04-21,34.630001068115234,34.939998626708984,34.400001525878906,34.540000915527344,31.108165740966797,11443300,0.0,False
2017-04-24,33.77000045776367,34.09000015258789,33.619998931884766,33.70000076293945,30.35162353515625,18533600,0.0,False
2017-04-25,33.130001068115234,33.16999816894531,31.6200008392334,32.2400016784668,29.03668785095215,45285300,0.0,False
2017-04-26,32.15999984741211,32.869998931884766,31.25,32.2599983215332,29.054697036743164,34787300,0.0,False
2017-04-27,32.22999954223633,32.31999969482422,31.420000076293945,31.690000534057617,28.541332244873047,24996600,0.0,False
2017-04-28,31.75,32.880001068115234,31.729999542236328,32.22999954223633,29.02767562866211,23396100,0.0,False
2017-05-01,32.0,32.15999984741211,30.84000015258789,31.329999923706055,28.217100143432617,34311200,0.0,False
2017-05-02,31.1200008392334,31.719999313354492,31.010000228881836,31.170000076293945,28.072999954223633,12451500,0.0,False
2017-05-03,31.1299991607666,31.93000030517578,30.700000762939453,30.700000762939453,27.64969825744629,20604700,0.0,False
2017-05-04,30.139999389648438,30.3799991607666,29.329999923706055,29.649999618530273,26.704023361206055,30081000,0.0,False
2017-05-05,29.709999084472656,30.68000030517578,29.709999084472656,30.270000457763672,27.262422561645508,20448400,0.0,False
2017-05-08,30.43000030517578,30.43000030517578,29.690000534057617,30.309999465942383,27.298446655273438,10278100,0.0,False
2017-05-09,29.950000762939453,30.31999969482422,29.729999542236328,30.209999084472656,27.2083797454834,11570800,0.0,False
2017-05-10,30.65999984741211,31.260000228881836,30.649999618530273,30.940000534057617,27.8658504486084,20181100,0.0,False
2017-05-11,31.170000076293945,32.11000061035156,31.110000610351562,32.09000015258789,28.901586532592773,24372400,0.0,False
2017-05-12,32.59000015258789,33.0,32.33000183105469,32.540000915527344,29.30687713623047,15846700,0.0,False
2017-05-15,33.279998779296875,33.279998779296875,31.989999771118164,32.7599983215332,29.505014419555664,15474200,0.0,False
2017-05-16,32.869998931884766,33.150001525878906,32.65999984741211,32.97999954223633,29.703157424926758,10406800,0.0,False
2017-05-17,33.77000045776367,34.16999816894531,33.2400016784668,33.790000915527344,30.43267822265625,24291100,0.0,False
2017-05-18,33.4900016784668,33.4900016784668,32.459999084472656,32.56999969482422,29.333898544311523,29680300,0.0,False
2017-05-19,32.900001525878906,32.97999954223633,32.45000076293945,32.61000061035156,29.369922637939453,8209900,0.0,False
2017-05-22,32.86000061035156,33.29999923706055,32.81999969482422,33.130001068115234,29.8382568359375,11923000,0.0,False
2017-05-23,33.2599983215332,33.2599983215332,31.84000015258789,31.90999984741211,28.739473342895508,24154400,0.0,False
2017-05-24,31.600000381469727,32.40999984741211,30.889999389648438,32.209999084472656,29.009666442871094,21853800,0.0,False
2017-05-25,31.760000228881836,32.06999969482422,31.399999618530273,31.739999771118164,28.586360931396484,18708300,0.0,False
2017-05-26,32.29999923706055,32.349998474121094,31.889999389648438,31.920000076293945,28.748477935791016,9927500,0.0,False
2017-05-30,31.520000457763672,31.760000228881836,31.450000762939453,31.479999542236328,28.352197647094727,18896000,0.0,False
2017-05-31,31.540000915527344,31.790000915527344,31.040000915527344,31.43000030517578,28.30716323852539,11327400,0.0,False
2017-06-01,31.09000015258789,31.579999923706055,31.040000915527344,31.329999923706055,28.217100143432617,11677800,0.0,False
2017-06-02,31.690000534057617,32.02000045776367,31.5,31.8799991607666,28.71245574951172,14444100,0.0,False
2017-06-05,32.040000915527344,32.16999816894531,31.469999313354492,32.08000183105469,28.89258575439453,8329200,0.0,False
2017-06-06,32.630001068115234,34.13999938964844,32.61000061035156,34.040000915527344,30.657838821411133,34236700,0.0,False
2017-06-07,33.65999984741211,34.20000076293945,33.400001525878906,33.95000076293945,30.576780319213867,17007300,0.0,False
2017-06-08,33.59000015258789,33.72999954223633,32.90999984741211,33.34000015258789,30.02739143371582,14659800,0.0,False
2017-06-09,32.7599983215332,33.29999923706055,32.709999084472656,32.790000915527344,29.532041549682617,14613000,0.0,False
2017-06-12,32.61000061035156,33.880001068115234,32.560001373291016,33.560001373291016,30.225536346435547,18403200,0.0,False
2017-06-13,33.43000030517578,34.689998626708984,33.41999816894531,34.34000015258789,30.928030014038086,17783100,0.0,False
2017-06-14,35.0,35.04999923706055,32.150001525878906,32.849998474121094,29.586074829101562,38929200,0.0,False
2017-06-15,32.25,33.22999954223633,32.209999084472656,32.720001220703125,29.468992233276367,12121600,0.0,False
2017-06-16,32.779998779296875,33.22999954223633,32.54999923706055,33.0,29.721172332763672,15885400,0.0,False
2017-06-19,32.599998474121094,33.08000183105469,32.45000076293945,32.459999084472656,29.234825134277344,18858400,0.0,False
2017-06-20,32.5,32.54999923706055,32.130001068115234,32.40999984741211,29.18979263305664,7912800,0.0,False
2017-06-21,32.27000045776367,33.029998779296875,32.27000045776367,32.93000030517578,29.65812873840332,10961300,0.0,False
2017-06-22,33.29999923706055,33.7400016784668,33.20000076293945,33.61000061035156,30.270565032958984,13008900,0.0,False
2017-06-23,34.0,34.209999084472656,33.7599983215332,34.20000076293945,30.801942825317383,11186200,0.0,False
2017-06-26,33.56999969482422,34.150001525878906,33.5099983215332,33.75,30.396652221679688,12680700,0.0,False
2017-06-27,34.060001373291016,34.16999816894531,33.47999954223633,33.5,30.171493530273438,8422300,0.0,False
2017-06-28,33.709999084472656,34.040000915527344,33.38999938964844,34.02000045776367,30.63982582092285,9288000,0.0,False
2017-06-29,33.650001525878906,33.779998779296875,33.04999923706055,33.31999969482422,30.009376525878906,14805600,0.0,False
2017-06-30,33.15999984741211,33.59000015258789,33.15999984741211,33.380001068115234,30.06341552734375,7703100,0.0,False
2017-07-03,32.72999954223633,32.86000061035156,32.150001525878906,32.18000030517578,28.982646942138672,15493900,0.0,False
2017-07-05,32.33000183105469,32.68000030517578,31.940000534057617,32.54999923706055,29.315881729125977,16609600,0.0,False
2017-07-06,32.369998931884766,32.369998931884766,31.8700008392334,32.02000045776367,28.838542938232422,12553800,0.0,False
2017-07-07,31.6299991607666,31.770000457763672,30.979999542236328,31.290000915527344,28.181076049804688,17125200,0.0,False
2017-07-10,30.969999313354492,32.099998474121094,30.969999313354492,32.060001373291016,28.874570846557617,14885900,0.0,False
2017-07-11,32.0099983215332,32.2400016784668,31.440000534057617,32.18000030517578,28.982646942138672,8459900,0.0,False
2017-07-12,32.529998779296875,32.7599983215332,32.25,32.29999923706055,29.090723037719727,9287200,0.0,False
2017-07-13,32.29999923706055,32.439998626708984,31.780000686645508,31.889999389648438,28.721460342407227,8345500,0.0,False
2017-07-14,32.439998626708984,32.650001525878906,32.279998779296875,32.400001525878906,29.180789947509766,12389200,0.0,False
2017-07-17,32.66999816894531,32.95000076293945,32.61000061035156,32.7599983215332,29.505014419555664,9437500,0.0,False
2017-07-18,33.040000915527344,33.15999984741211,32.79999923706055,32.93000030517578,29.65812873840332,8896100,0.0,False
2017-07-19,32.849998474121094,33.08000183105469,32.58000183105469,32.79999923706055,29.54104232788086,6631900,0.0,False
2017-07-20,32.810001373291016,33.130001068115234,32.63999938964844,32.959999084472656,29.685144424438477,7297800,0.0,False
2017-07-21,33.22999954223633,33.2599983215332,32.95000076293945,33.13999938964844,29.84726333618164,7243700,0.0,False
2017-07-24,33.22999954223633,33.2400016784668,32.34000015258789,32.47999954223633,29.252838134765625,11611700,0.0,False
2017-07-25,32.52000045776367,32.81999969482422,32.2400016784668,32.310001373291016,29.0997314453125,6383100,0.0,False
2017-07-26,32.310001373291016,33.790000915527344,32.27000045776367,33.52000045776367,30.189504623413086,20244400,0.0,False
2017-07-27,33.470001220703125,33.650001525878906,32.77000045776367,32.93000030517578,29.65812873840332,12767200,0.0,False
2017-07-28,33.04999923706055,33.709999084472656,33.04999923706055,33.63999938964844,30.297582626342773,15511200,0.0,False
2017-07-31,33.63999938964844,33.900001525878906,33.40999984741211,33.619998931884766,30.279565811157227,9013700,0.0,False
2017-08-01,33.43000030517578,33.97999954223633,33.36000061035156,33.540000915527344,30.207521438598633,8094700,0.0,False
2017-08-02,33.38999938964844,33.720001220703125,33.13999938964844,33.22999954223633,29.928319931030273,8420200,0.0,False
2017-08-03,33.2400016784668,33.38999938964844,33.02000045776367,33.099998474121094,29.811235427856445,5596400,0.0,False
2017-08-04,32.77000045776367,32.86000061035156,32.13999938964844,32.38999938964844,29.171781539916992,17166700,0.0,False
2017-08-07,32.20000076293945,32.459999084472656,32.099998474121094,32.220001220703125,29.0186710357666,6834800,0.0,False
2017-08-08,32.36000061035156,32.439998626708984,31.799999237060547,32.2400016784668,29.03668785095215,10454700,0.0,False
2017-08-09,32.83000183105469,32.970001220703125,32.47999954223633,32.81999969482422,29.55905532836914,15019400,0.0,False
2017-08-10,33.2599983215332,33.380001068115234,33.04999923706055,33.33000183105469,30.01838493347168,18296600,0.0,False
2017-08-11,33.31999969482422,33.63999938964844,33.040000915527344,33.630001068115234,30.2885799407959,13110400,0.0,False
2017-08-14,33.2400016784668,33.41999816894531,32.9900016784668,33.04999923706055,29.76620101928711,10704900,0.0,False
2017-08-15,32.5099983215332,32.72999954223633,32.459999084472656,32.560001373291016,29.32489013671875,9581800,0.0,False
2017-08-16,32.5099983215332,33.5099983215332,32.459999084472656,33.34000015258789,30.02739143371582,14048800,0.0,False
2017-08-17,33.5099983215332,33.70000076293945,33.16999816894531,33.400001525878906,30.08143424987793,8396400,0.0,False
2017-08-18,33.84000015258789,33.95000076293945,33.16999816894531,33.38999938964844,30.072423934936523,11686100,0.0,False
2017-08-21,33.54999923706055,33.900001525878906,33.5,33.900001525878906,30.531755447387695,11359500,0.0,False
2017-08-22,33.7400016784668,33.880001068115234,33.4900016784668,33.5,30.171493530273438,9614500,0.0,False
2017-08-23,33.689998626708984,33.810001373291016,33.43000030517578,33.779998779296875,30.423669815063477,5531700,0.0,False
2017-08-24,33.61000061035156,34.0099983215332,33.560001373291016,33.79999923706055,30.44168472290039,7033400,0.0,False
2017-08-25,33.970001220703125,34.13999938964844,33.459999084472656,33.939998626708984,30.56777572631836,8219600,0.0,False
2017-08-28,34.20000076293945,35.2599983215332,34.16999816894531,35.2400016784668,31.73860740661621,25611600,0.0,False
2017-08-29,35.959999084472656,36.13999938964844,34.91999816894531,35.41999816894531,31.900726318359375,14828200,0.0,False
2017-08-30,35.38999938964844,35.400001525878906,34.790000915527344,34.91999816894531,31.45040512084961,10960700,0.0,False
2017-08-31,34.9900016784668,36.119998931884766,34.9900016784668,36.08000183105469,32.49515151977539,19062400,0.0,False
2017-09-01,36.380001068115234,36.40999984741211,35.68000030517578,36.2599983215332,32.65726089477539,11198600,0.0,False
2017-09-05,36.560001373291016,37.400001525878906,36.540000915527344,37.400001525878906,33.683998107910156,18253400,0.0,False
2017-09-06,37.220001220703125,37.540000915527344,36.5,36.81999969482422,33.161617279052734,16847500,0.0,False
2017-09-07,37.34000015258789,37.7599983215332,37.099998474121094,37.68000030517578,33.93617630004883,16767500,0.0,False
2017-09-08,37.650001525878906,37.650001525878906,36.689998626708984,36.959999084472656,33.2877197265625,17743600,0.0,False
2017-09-11,36.279998779296875,36.86000061035156,35.83000183105469,35.93000030517578,32.360050201416016,18838000,0.0,False
2017-09-12,35.869998931884766,36.52000045776367,35.75,36.34000015258789,32.72931671142578,11158600,0.0,False
2017-09-13,36.2599983215332,36.27000045776367,35.380001068115234,35.540000915527344,32.00880432128906,17029200,0.0,False
2017-09-14,35.45000076293945,35.9900016784668,35.31999969482422,35.880001068115234,32.31501770019531,15598200,0.0,False
2017-09-15,35.86000061035156,35.959999084472656,35.22999954223633,35.279998779296875,31.774635314941406,22189800,0.0,False
2017-09-18,34.790000915527344,34.97999954223633,34.31999969482422,34.4900016784668,31.06313133239746,15740900,0.0,False
2017-09-19,34.599998474121094,34.81999969482422,34.459999084472656,34.720001220703125,31.27027702331543,11651200,0.0,False
2017-09-20,34.77000045776367,35.29999923706055,33.66999816894531,34.11000061035156,30.720882415771484,18293100,0.0,False
2017-09-21,33.599998474121094,34.290000915527344,33.59000015258789,33.75,30.396652221679688,9542400,0.0,False
2017-09-22,34.13999938964844,34.45000076293945,33.9900016784668,34.290000915527344,30.882999420166016,10841700,0.0,False
2017-09-25,34.11000061035156,35.09000015258789,34.06999969482422,34.95000076293945,31.47742462158203,17646000,0.0,False
2017-09-26,34.369998931884766,34.720001220703125,33.91999816894531,34.099998474121094,30.711877822875977,17146800,0.0,False
2017-09-27,33.7599983215332,34.0099983215332,33.45000076293945,33.56999969482422,30.234540939331055,13153900,0.0,False
2017-09-28,33.70000076293945,34.15999984741211,33.58000183105469,33.880001068115234,30.51373291015625,10260900,0.0,False
2017-09-29,33.93000030517578,33.97999954223633,33.58000183105469,33.59000015258789,30.25255012512207,9155400,0.0,False
2017-10-02,33.54999923706055,33.77000045776367,33.220001220703125,33.599998474121094,30.261552810668945,15524800,0.0,False
2017-10-03,33.689998626708984,34.209999084472656,33.63999938964844,34.040000915527344,30.657838821411133,9345700,0.0,False
2017-10-04,34.2400016784668,34.369998931884766,34.02000045776367,34.31999969482422,30.91002082824707,7602200,0.0,False
2017-10-05,34.27000045776367,34.33000183105469,33.7400016784668,33.790000915527344,30.43267822265625,9299100,0.0,False
2017-10-06,33.79999923706055,34.61000061035156,33.52000045776367,34.59000015258789,31.153194427490234,16512800,0.0,False
2017-10-09,34.75,35.060001373291016,34.540000915527344,34.970001220703125,31.495433807373047,6774000,0.0,False
2017-10-10,35.13999938964844,35.18000030517578,34.40999984741211,34.52000045776367,31.09014320373535,13297400,0.0,False
2017-10-11,34.70000076293945,34.959999084472656,34.0,34.91999816894531,31.45040512084961,13724900,0.0,False
2017-10-12,34.84000015258789,34.880001068115234,34.5099983215332,34.650001525878906,31.207233428955078,7377300,0.0,False
2017-10-13,34.939998626708984,34.959999084472656,34.400001525878906,34.619998931884766,31.180212020874023,3754400,0.0,False
2017-10-16,34.5,34.65999984741211,33.70000076293945,33.95000076293945,30.576780319213867,13325300,0.0,False
2017-10-17,33.70000076293945,33.959999084472656,33.5,33.880001068115234,30.51373291015625,6986700,0.0,False
2017-10-18,33.81999969482422,33.93000030517578,33.56999969482422,33.56999969482422,30.234540939331055,6482900,0.0,False
2017-10-19,33.7599983215332,33.9900016784668,33.65999984741211,33.810001373291016,30.45069122314453,6558100,0.0,False
2017-10-20,33.540000915527344,33.630001068115234,33.20000076293945,33.27000045776367,29.964345932006836,9501900,0.0,False
2017-10-23,33.06999969482422,33.29999923706055,32.7400016784668,33.060001373291016,29.775211334228516,9443600,0.0,False
2017-10-24,32.900001525878906,33.06999969482422,32.599998474121094,32.68000030517578,29.432966232299805,9227800,0.0,False
2017-10-25,32.68000030517578,32.709999084472656,32.310001373291016,32.38999938964844,29.171781539916992,9059600,0.0,False
2017-10-26,32.45000076293945,32.5,31.75,31.90999984741211,28.739473342895508,15244900,0.0,False
2017-10-27,31.799999237060547,32.279998779296875,31.610000610351562,32.099998474121094,28.91059684753418,9434600,0.0,False
2017-10-30,31.799999237060547,32.70000076293945,31.799999237060547,32.470001220703125,29.243831634521484,12090000,0.0,False
2017-10-31,32.20000076293945,32.209999084472656,31.90999984741211,31.989999771118164,28.811527252197266,9842100,0.0,False
2017-11-01,32.18000030517578,32.66999816894531,32.0,32.119998931884766,28.928604125976562,8566600,0.0,False
2017-11-02,32.220001220703125,32.720001220703125,32.220001220703125,32.41999816894531,29.19879913330078,10638300,0.0,False
2017-11-03,32.54999923706055,32.58000183105469,31.889999389648438,32.119998931884766,28.928604125976562,10854100,0.0,False
2017-11-06,32.130001068115234,32.9900016784668,32.099998474121094,32.79999923706055,29.54104232788086,14309700,0.0,False
2017-11-07,32.630001068115234,32.720001220703125,32.22999954223633,32.5,29.27085304260254,7365700,0.0,False
2017-11-08,32.75,33.02000045776367,32.65999984741211,32.709999084472656,29.459985733032227,7322900,0.0,False
2017-11-09,32.7599983215332,32.880001068115234,32.38999938964844,32.599998474121094,29.36091423034668,6584300,0.0,False
2017-11-10,32.529998779296875,32.630001068115234,32.029998779296875,32.11000061035156,28.919601440429688,8376200,0.0,False
2017-11-13,32.189998626708984,32.2599983215332,31.829999923706055,31.889999389648438,28.721460342407227,10273900,0.0,False
2017-11-14,31.709999084472656,31.969999313354492,31.530000686645508,31.670000076293945,28.523317337036133,8455000,0.0,False
2017-11-15,31.790000915527344,31.920000076293945,31.559999465942383,31.8799991607666,28.71245574951172,8802600,0.0,False
2017-11-16,31.690000534057617,31.959999084472656,31.690000534057617,31.90999984741211,28.739473342895508,9786000,0.0,False
2017-11-17,32.02000045776367,32.540000915527344,31.950000762939453,32.400001525878906,29.180789947509766,10027800,0.0,False
2017-11-20,32.06999969482422,32.11000061035156,31.6299991607666,31.780000686645508,28.622390747070312,14640900,0.0,False
2017-11-21,31.920000076293945,32.2599983215332,31.889999389648438,31.969999313354492,28.79351043701172,8943400,0.0,False
2017-11-22,32.22999954223633,32.59000015258789,32.20000076293945,32.470001220703125,29.243831634521484,12731800,0.0,False
2017-11-24,32.47999954223633,32.61000061035156,32.16999816894531,32.18000030517578,28.982646942138672,5009700,0.0,False
2017-11-27,32.619998931884766,32.68000030517578,32.29999923706055,32.529998779296875,29.297870635986328,12353400,0.0,False
2017-11-28,32.540000915527344,32.54999923706055,32.189998626708984,32.29999923706055,29.090723037719727,5012400,0.0,False
2017-11-29,32.0,32.09000015258789,31.65999984741211,31.709999084472656,28.559345245361328,10900400,0.0,False
2017-11-30,31.610000610351562,31.950000762939453,31.43000030517578,31.649999618530273,28.50530242919922,7407800,0.0,False
2017-12-01,31.639999389648438,32.2599983215332,31.59000015258789,31.75,28.595369338989258,14140100,0.0,False
2017-12-04,31.549999237060547,31.610000610351562,31.25,31.299999237060547,28.190080642700195,8934200,0.0,False
2017-12-05,31.170000076293945,31.170000076293945,30.540000915527344,30.860000610351562,27.793800354003906,10944100,0.0,False
2017-12-06,30.600000381469727,30.850000381469727,30.290000915527344,30.43000030517578,27.40652084350586,14940800,0.0,False
2017-12-07,30.010000228881836,30.299999237060547,29.84000015258789,30.040000915527344,27.055273056030273,11942400,0.0,False
2017-12-08,30.15999984741211,30.469999313354492,30.110000610351562,30.329999923706055,27.31645965576172,8968900,0.0,False
2017-12-11,30.350000381469727,30.770000457763672,30.200000762939453,30.360000610351562,27.343477249145508,6090000,0.0,False
2017-12-12,30.239999771118164,30.440000534057617,30.170000076293945,30.420000076293945,27.39751625061035,4621300,0.0,False
2017-12-13,30.40999984741211,31.8700008392334,30.389999389648438,31.579999923706055,28.442262649536133,24950200,0.0,False
2017-12-14,31.510000228881836,31.649999618530273,31.020000457763672,31.540000915527344,28.40623664855957,10438200,0.0,False
2017-12-15,31.719999313354492,31.799999237060547,31.350000381469727,31.459999084472656,28.334182739257812,7543400,0.0,False
2017-12-18,31.700000762939453,32.08000183105469,31.68000030517578,31.979999542236328,28.812591552734375,10964900,0.0,False
2017-12-19,31.979999542236328,32.2400016784668,31.790000915527344,32.11000061035156,28.929716110229492,7946600,0.0,False
2017-12-20,32.220001220703125,32.88999938964844,32.189998626708984,32.720001220703125,29.479299545288086,14281300,0.0,False
2017-12-21,32.66999816894531,33.279998779296875,32.65999984741211,33.06999969482422,29.79463768005371,8195700,0.0,False
2017-12-22,33.25,33.66999816894531,33.08000183105469,33.529998779296875,30.209074020385742,11285100,0.0,False
2017-12-26,33.75,34.34000015258789,33.61000061035156,34.29999923706055,30.902809143066406,15402500,0.0,False
2017-12-27,34.400001525878906,34.43000030517578,33.900001525878906,34.2599983215332,30.866771697998047,11430200,0.0,False
2017-12-28,34.310001373291016,34.459999084472656,33.90999984741211,34.25,30.857763290405273,6460800,0.0,False
2017-12-29,34.36000061035156,34.470001220703125,33.9900016784668,34.130001068115234,30.74964714050293,7183600,0.0,False
2018-01-02,34.5,35.16999816894531,34.47999954223633,35.13999938964844,31.65961456298828,14051200,0.0,False
2018-01-03,35.040000915527344,35.130001068115234,34.02000045776367,34.540000915527344,31.11903953552246,13739500,0.0,False
2018-01-04,34.529998779296875,34.81999969482422,34.20000076293945,34.779998779296875,31.33527374267578,8099200,0.0,False
2018-01-05,34.459999084472656,34.77000045776367,34.380001068115234,34.47999954223633,31.064983367919922,7957400,0.0,False
2018-01-08,34.400001525878906,34.41999816894531,33.849998474121094,33.95000076293945,30.587474822998047,13323100,0.0,False
2018-01-09,33.599998474121094,33.599998474121094,33.18000030517578,33.27000045776367,29.974822998046875,11547000,0.0,False
2018-01-10,33.689998626708984,34.0,33.439998626708984,33.68000030517578,30.344215393066406,13488400,0.0,False
2018-01-11,33.900001525878906,34.06999969482422,33.810001373291016,33.959999084472656,30.596485137939453,11949900,0.0,False
2018-01-12,34.279998779296875,35.029998779296875,34.25,34.939998626708984,31.479421615600586,17409100,0.0,False
2018-01-16,35.09000015258789,35.65999984741211,34.900001525878906,35.56999969482422,32.04702377319336,12749100,0.0,False
2018-01-17,35.33000183105469,35.75,34.900001525878906,34.939998626708984,31.479421615600586,14082200,0.0,False
2018-01-18,35.04999923706055,35.11000061035156,34.189998626708984,34.279998779296875,30.884790420532227,14963300,0.0,False
2018-01-19,34.52000045776367,34.709999084472656,34.380001068115234,34.400001525878906,30.992908477783203,6885300,0.0,False
2018-01-22,34.47999954223633,34.75,34.2400016784668,34.5099983215332,31.092010498046875,5597200,0.0,False
2018-01-23,34.25,35.150001525878906,33.970001220703125,35.029998779296875,31.560510635375977,12398900,0.0,False
2018-01-24,35.689998626708984,36.08000183105469,35.529998779296875,35.7400016784668,32.200191497802734,16125600,0.0,False
2018-01-25,35.88999938964844,35.939998626708984,34.400001525878906,34.52000045776367,31.101022720336914,27161400,0.0,False
2018-01-26,34.75,35.099998474121094,34.599998474121094,34.790000915527344,31.34427833557129,7238100,0.0,False
2018-01-29,34.47999954223633,34.47999954223633,33.41999816894531,33.56999969482422,30.245115280151367,19944700,0.0,False
2018-01-30,33.91999816894531,33.9900016784668,33.0099983215332,33.119998931884766,29.83968162536621,14943900,0.0,False
2018-01-31,33.599998474121094,33.900001525878906,32.72999954223633,33.68000030517578,30.344215393066406,19626200,0.0,False
2018-02-01,33.36000061035156,33.779998779296875,33.150001525878906,33.630001068115234,30.299171447753906,9900800,0.0,False
2018-02-02,33.0099983215332,33.060001373291016,32.119998931884766,32.290000915527344,29.091886520385742,25322200,0.0,False
2018-02-05,32.38999938964844,32.54999923706055,31.969999313354492,32.380001068115234,29.172977447509766,11099900,0.0,False
2018-02-06,31.959999084472656,32.209999084472656,31.479999542236328,31.510000228881836,28.389141082763672,20453500,0.0,False
2018-02-07,31.299999237060547,31.940000534057617,31.100000381469727,31.25,28.154890060424805,14649600,0.0,False
2018-02-08,31.270000457763672,31.829999923706055,31.079999923706055,31.329999923706055,28.22696876525879,11806700,0.0,False
2018-02-09,31.34000015258789,31.350000381469727,29.8799991607666,30.6299991607666,27.596298217773438,25700600,0.0,False
2018-02-12,30.8700008392334,32.06999969482422,30.670000076293945,31.690000534057617,28.551315307617188,26193700,0.0,False
2018-02-13,31.799999237060547,32.119998931884766,31.540000915527344,31.969999313354492,28.80358123779297,7861100,0.0,False
2018-02-14,31.899999618530273,33.619998931884766,31.610000610351562,33.45000076293945,30.136999130249023,25607100,0.0,False
2018-02-15,33.54999923706055,33.689998626708984,32.810001373291016,33.54999923706055,30.22709083557129,7469600,0.0,False
2018-02-16,33.13999938964844,33.36000061035156,32.130001068115234,32.5099983215332,29.290096282958984,15423800,0.0,False
2018-02-20,32.09000015258789,32.33000183105469,31.469999313354492,31.600000381469727,28.47022819519043,17353400,0.0,False
2018-02-21,31.989999771118164,32.7400016784668,31.540000915527344,31.549999237060547,28.425182342529297,10937700,0.0,False
2018-02-22,31.780000686645508,31.959999084472656,31.510000228881836,31.540000915527344,28.41617202758789,7145300,0.0,False
2018-02-23,31.579999923706055,32.060001373291016,31.479999542236328,31.90999984741211,28.74952507019043,6989400,0.0,False
2018-02-26,32.27000045776367,32.5099983215332,32.099998474121094,32.470001220703125,29.25406265258789,9816300,0.0,False
2018-02-27,32.15999984741211,32.220001220703125,31.309999465942383,31.520000457763672,28.398149490356445,23688700,0.0,False
2018-02-28,31.600000381469727,31.809999465942383,31.3700008392334,31.3799991607666,28.272016525268555,5441300,0.0,False
2018-03-01,31.1299991607666,32.040000915527344,30.709999084472656,31.889999389648438,28.73150634765625,16750300,0.0,False
2018-03-02,32.150001525878906,32.34000015258789,31.670000076293945,31.729999542236328,28.58735466003418,10012500,0.0,False
2018-03-05,31.670000076293945,31.850000381469727,31.489999771118164,31.809999465942383,28.6594295501709,4199000,0.0,False
2018-03-06,32.25,32.83000183105469,32.25,32.400001525878906,29.190994262695312,18754800,0.0,False
2018-03-07,32.349998474121094,32.439998626708984,31.530000686645508,31.670000076293945,28.533294677734375,16469900,0.0,False
2018-03-08,31.829999923706055,31.8799991607666,31.469999313354492,31.770000457763672,28.62339210510254,9228200,0.0,False
2018-03-09,31.56999969482422,32.130001068115234,31.549999237060547,31.719999313354492,28.57834243774414,11206500,0.0,False
2018-03-12,31.510000228881836,32.0099983215332,31.329999923706055,31.989999771118164,28.821605682373047,13201500,0.0,False
2018-03-13,31.989999771118164,32.13999938964844,31.6200008392334,31.829999923706055,28.677446365356445,6131400,0.0,False
2018-03-14,31.860000610351562,32.04999923706055,31.709999084472656,31.84000015258789,28.686458587646484,5623300,0.0,False
2018-03-15,31.700000762939453,31.739999771118164,31.40999984741211,31.530000686645508,28.407163619995117,9570900,0.0,False
2018-03-16,31.540000915527344,31.56999969482422,31.18000030517578,31.40999984741211,28.299043655395508,17135900,0.0,False
2018-03-19,31.510000228881836,31.899999618530273,31.229999542236328,31.729999542236328,28.58735466003418,9923300,0.0,False
2018-03-20,31.520000457763672,31.610000610351562,31.290000915527344,31.3799991607666,28.272016525268555,8445400,0.0,False
2018-03-21,31.81999969482422,32.72999954223633,31.649999618530273,32.5099983215332,29.290096282958984,24152400,0.0,False
2018-03-22,32.27000045776367,32.459999084472656,32.02000045776367,32.06999969482422,28.893678665161133,9310500,0.0,False
2018-03-23,32.810001373291016,33.150001525878906,32.61000061035156,32.779998779296875,29.533355712890625,17836500,0.0,False
2018-03-26,33.0099983215332,33.189998626708984,32.91999816894531,32.959999084472656,29.69552993774414,8823800,0.0,False
2018-03-27,32.5,32.70000076293945,32.25,32.40999984741211,29.200002670288086,19627500,0.0,False
2018-03-28,32.08000183105469,32.13999938964844,31.6200008392334,31.68000030517578,28.54230499267578,16653300,0.0,False
2018-03-29,31.690000534057617,32.16999816894531,31.68000030517578,32.150001525878906,28.965755462646484,9494300,0.0,False
2018-04-02,32.45000076293945,32.849998474121094,32.290000915527344,32.47999954223633,29.26306915283203,11584900,0.0,False
2018-04-03,32.16999816894531,32.2599983215332,31.860000610351562,32.0,28.830612182617188,9638800,0.0,False
2018-04-04,32.380001068115234,32.45000076293945,31.780000686645508,31.899999618530273,28.740514755249023,9084600,0.0,False
2018-04-05,31.690000534057617,32.099998474121094,31.68000030517578,32.060001373291016,28.884668350219727,4460100,0.0,False
2018-04-06,32.41999816894531,32.5,32.18000030517578,32.38999938964844,29.181982040405273,8375000,0.0,False
2018-04-09,32.31999969482422,32.650001525878906,32.060001373291016,32.33000183105469,29.127927780151367,7818900,0.0,False
2018-04-10,32.5,32.83000183105469,32.40999984741211,32.599998474121094,29.371183395385742,8407600,0.0,False
2018-04-11,32.91999816894531,33.81999969482422,32.91999816894531,33.369998931884766,30.064918518066406,27414400,0.0,False
2018-04-12,33.040000915527344,33.16999816894531,32.81999969482422,32.849998474121094,29.59642219543457,12170400,0.0,False
2018-04-13,33.15999984741211,33.70000076293945,33.15999984741211,33.4900016784668,30.17303466796875,13663000,0.0,False
2018-04-16,33.56999969482422,33.63999938964844,33.25,33.459999084472656,30.146007537841797,7901600,0.0,False
2018-04-17,33.33000183105469,33.81999969482422,33.27000045776367,33.650001525878906,30.317190170288086,5385900,0.0,False
2018-04-18,33.97999954223633,34.34000015258789,33.880001068115234,33.970001220703125,30.605497360229492,17867000,0.0,False
2018-04-19,34.06999969482422,34.36000061035156,33.630001068115234,34.060001373291016,30.686582565307617,7321000,0.0,False
2018-04-20,33.63999938964844,33.68000030517578,33.369998931884766,33.4900016784668,30.17303466796875,9778900,0.0,False
2018-04-23,33.13999938964844,33.13999938964844,32.77000045776367,32.810001373291016,29.56038475036621,16993600,0.0,False
2018-04-24,32.9900016784668,33.27000045776367,32.900001525878906,33.189998626708984,29.902748107910156,8767400,0.0,False
2018-04-25,32.7400016784668,33.08000183105469,32.59000015258789,32.779998779296875,29.533355712890625,9692400,0.0,False
2018-04-26,32.97999954223633,33.130001068115234,32.75,32.959999084472656,29.69552993774414,10146600,0.0,False
2018-04-27,33.099998474121094,33.099998474121094,32.880001068115234,33.029998779296875,29.758594512939453,3113400,0.0,False
2018-04-30,32.56999969482422,32.83000183105469,32.459999084472656,32.5099983215332,29.290096282958984,11381500,0.0,False
2018-05-01,32.36000061035156,32.72999954223633,32.279998779296875,32.709999084472656,29.47028923034668,11866900,0.0,False
2018-05-02,32.880001068115234,33.7599983215332,32.79999923706055,33.06999969482422,29.79463768005371,13130900,0.0,False
2018-05-03,33.650001525878906,33.66999816894531,33.2400016784668,33.47999954223633,30.164026260375977,9497300,0.0,False
2018-05-04,33.290000915527344,33.61000061035156,33.15999984741211,33.54999923706055,30.22709083557129,5990600,0.0,False
2018-05-07,33.380001068115234,33.630001068115234,33.29999923706055,33.34000015258789,30.037893295288086,9710800,0.0,False
2018-05-08,33.20000076293945,33.619998931884766,32.91999816894531,33.40999984741211,30.10095977783203,8453400,0.0,False
2018-05-09,33.459999084472656,33.720001220703125,33.29999923706055,33.41999816894531,30.109966278076172,5472400,0.0,False
2018-05-10,33.72999954223633,34.11000061035156,33.72999954223633,34.099998474121094,30.72262191772461,12938300,0.0,False
2018-05-11,34.2599983215332,34.2599983215332,33.720001220703125,33.849998474121094,30.497379302978516,10101600,0.0,False
2018-05-14,33.95000076293945,33.95000076293945,33.459999084472656,33.54999923706055,30.22709083557129,6276400,0.0,False
2018-05-15,32.83000183105469,33.029998779296875,32.56999969482422,32.849998474121094,29.59642219543457,14245100,0.0,False
2018-05-16,32.86000061035156,33.06999969482422,32.77000045776367,32.83000183105469,29.578405380249023,5325200,0.0,False
2018-05-17,32.79999923706055,32.880001068115234,32.70000076293945,32.81999969482422,29.569395065307617,3265400,0.0,False
2018-05-18,32.650001525878906,33.060001373291016,32.58000183105469,32.84000015258789,29.58741569519043,10198100,0.0,False
2018-05-21,32.900001525878906,33.13999938964844,32.720001220703125,33.119998931884766,29.83968162536621,7142100,0.0,False
2018-05-22,33.150001525878906,33.22999954223633,32.720001220703125,32.7599983215332,29.515336990356445,8704000,0.0,False
2018-05-23,32.630001068115234,33.130001068115234,32.599998474121094,33.040000915527344,29.76760482788086,11391900,0.0,False
2018-05-24,33.18000030517578,33.5099983215332,33.130001068115234,33.5,30.182048797607422,12779500,0.0,False
2018-05-25,33.27000045776367,33.27000045776367,32.79999923706055,32.88999938964844,29.63245964050293,12850700,0.0,False
2018-05-29,32.529998779296875,32.91999816894531,32.439998626708984,32.630001068115234,29.39821434020996,8942900,0.0,False
2018-05-30,32.81999969482422,33.130001068115234,32.7599983215332,33.09000015258789,29.812654495239258,13169000,0.0,False
2018-05-31,33.040000915527344,33.099998474121094,32.709999084472656,32.72999954223633,29.488311767578125,8250400,0.0,False
2018-06-01,32.709999084472656,32.959999084472656,32.5099983215332,32.79999923706055,29.551376342773438,6071900,0.0,False
2018-06-04,33.119998931884766,33.13999938964844,32.7599983215332,32.790000915527344,29.542369842529297,4326800,0.0,False
2018-06-05,32.810001373291016,33.02000045776367,32.63999938964844,32.959999084472656,29.69552993774414,7554300,0.0,False
2018-06-06,33.02000045776367,33.130001068115234,32.810001373291016,32.9900016784668,29.722558975219727,5501400,0.0,False
2018-06-07,33.0,33.09000015258789,32.86000061035156,32.95000076293945,29.686519622802734,3245300,0.0,False
2018-06-08,32.95000076293945,32.95000076293945,32.72999954223633,32.779998779296875,29.533355712890625,5961600,0.0,False
2018-06-11,32.790000915527344,33.15999984741211,32.7400016784668,33.02000045776367,29.749588012695312,23779700,0.0,False
2018-06-12,32.84000015258789,33.029998779296875,32.790000915527344,32.849998474121094,29.59642219543457,10078600,0.0,False
2018-06-13,32.86000061035156,33.130001068115234,32.43000030517578,33.0,29.7315673828125,14042100,0.0,False
2018-06-14,33.16999816894531,33.310001373291016,33.099998474121094,33.20000076293945,29.911758422851562,16698700,0.0,False
2018-06-15,32.84000015258789,32.849998474121094,32.560001373291016,32.709999084472656,29.47028923034668,16160600,0.0,False
2018-06-18,32.70000076293945,32.86000061035156,32.650001525878906,32.709999084472656,29.47028923034668,5253400,0.0,False
2018-06-19,32.41999816894531,32.619998931884766,32.36000061035156,32.45000076293945,29.236040115356445,6549200,0.0,False
2018-06-20,32.459999084472656,32.63999938964844,32.15999984741211,32.25,29.055849075317383,8657100,0.0,False
2018-06-21,32.34000015258789,32.54999923706055,32.22999954223633,32.400001525878906,29.190994262695312,6354400,0.0,False
2018-06-22,32.47999954223633,32.81999969482422,32.470001220703125,32.779998779296875,29.533355712890625,6630500,0.0,False
2018-06-25,32.689998626708984,32.77000045776367,32.45000076293945,32.52000045776367,29.299108505249023,7693700,0.0,False
2018-06-26,32.279998779296875,32.52000045776367,32.2400016784668,32.40999984741211,29.200002670288086,4947000,0.0,False
2018-06-27,32.279998779296875,32.5,32.099998474121094,32.13999938964844,28.956741333007812,7463700,0.0,False
2018-06-28,32.2599983215332,32.29999923706055,32.060001373291016,32.20000076293945,29.010801315307617,5819500,0.0,False
2018-06-29,32.31999969482422,32.79999923706055,32.31999969482422,32.70000076293945,29.46128273010254,9680900,0.0,False
2018-07-02,32.380001068115234,32.54999923706055,32.189998626708984,32.36000061035156,29.15495491027832,6894000,0.0,False
2018-07-03,32.61000061035156,33.04999923706055,32.61000061035156,33.0,29.7315673828125,12917700,0.0,False
2018-07-05,33.189998626708984,33.40999984741211,33.130001068115234,33.310001373291016,30.010866165161133,13076400,0.0,False
2018-07-06,33.36000061035156,33.650001525878906,33.310001373291016,33.5,30.182048797607422,8857100,0.0,False
2018-07-09,33.7599983215332,33.939998626708984,33.439998626708984,33.5099983215332,30.19105339050293,7870500,0.0,False
2018-07-10,33.310001373291016,33.4900016784668,33.09000015258789,33.41999816894531,30.109966278076172,4158800,0.0,False
2018-07-11,33.08000183105469,33.2599983215332,32.540000915527344,32.560001373291016,29.335147857666016,15501800,0.0,False
2018-07-12,32.79999923706055,32.97999954223633,32.70000076293945,32.70000076293945,29.46128273010254,6230700,0.0,False
2018-07-13,32.5,32.7400016784668,32.5,32.529998779296875,29.308116912841797,7046900,0.0,False
2018-07-16,32.43000030517578,32.52000045776367,32.2400016784668,32.279998779296875,29.08287811279297,7115500,0.0,False
2018-07-17,32.029998779296875,32.31999969482422,32.0099983215332,32.11000061035156,28.929716110229492,6879900,0.0,False
2018-07-18,31.979999542236328,32.34000015258789,31.850000381469727,32.279998779296875,29.08287811279297,14315300,0.0,False
2018-07-19,31.68000030517578,32.369998931884766,31.68000030517578,31.860000610351562,28.704479217529297,14902100,0.0,False
2018-07-20,32.08000183105469,32.27000045776367,31.969999313354492,32.09000015258789,28.911697387695312,11657500,0.0,False
2018-07-23,31.899999618530273,32.06999969482422,31.639999389648438,31.700000762939453,28.560325622558594,9982000,0.0,False
2018-07-24,31.850000381469727,32.099998474121094,31.770000457763672,32.04999923706055,28.87565803527832,6500200,0.0,False
2018-07-25,32.22999954223633,32.41999816894531,32.029998779296875,32.41999816894531,29.209009170532227,12291900,0.0,False
2018-07-26,32.18000030517578,32.33000183105469,31.889999389648438,31.90999984741211,28.74952507019043,12678100,0.0,False
2018-07-27,31.940000534057617,32.13999938964844,31.84000015258789,31.920000076293945,28.75853729248047,7199900,0.0,False
2018-07-30,31.90999984741211,31.920000076293945,31.65999984741211,31.700000762939453,28.560325622558594,6152600,0.0,False
2018-07-31,31.59000015258789,32.060001373291016,31.579999923706055,31.719999313354492,28.57834243774414,4628900,0.0,False
2018-08-01,31.729999542236328,31.809999465942383,31.520000457763672,31.540000915527344,28.41617202758789,8546500,0.0,False
2018-08-02,31.549999237060547,31.6200008392334,31.190000534057617,31.229999542236328,28.136873245239258,10766000,0.0,False
2018-08-03,31.450000762939453,32.90999984741211,31.34000015258789,31.459999084472656,28.344097137451172,9329500,0.0,False
2018-08-06,31.399999618530273,31.420000076293945,31.079999923706055,31.110000610351562,28.028759002685547,11501700,0.0,False
2018-08-07,31.309999465942383,31.3799991607666,30.709999084472656,30.770000457763672,27.722436904907227,7226400,0.0,False
2018-08-08,30.780000686645508,30.940000534057617,30.520000457763672,30.799999237060547,27.749462127685547,6734500,0.0,False
2018-08-09,30.90999984741211,31.270000457763672,30.790000915527344,30.809999465942383,27.75847053527832,7168200,0.0,False
2018-08-10,30.739999771118164,31.0,30.549999237060547,30.600000381469727,27.569272994995117,9790600,0.0,False
2018-08-13,30.34000015258789,30.34000015258789,29.399999618530273,29.559999465942383,26.632272720336914,24362400,0.0,False
2018-08-14,29.68000030517578,29.790000915527344,29.270000457763672,29.34000015258789,26.434064865112305,9605900,0.0,False
2018-08-15,28.670000076293945,28.790000915527344,27.31999969482422,27.6299991607666,24.893428802490234,35517200,0.0,False
2018-08-16,27.84000015258789,28.18000030517578,26.780000686645508,26.809999465942383,24.154644012451172,23777900,0.0,False
2018-08-17,27.100000381469727,27.700000762939453,26.90999984741211,27.489999771118164,24.767295837402344,28190900,0.0,False
2018-08-20,27.780000686645508,28.100000381469727,27.420000076293945,27.809999465942383,25.055599212646484,28333400,0.0,False
2018-08-21,27.93000030517578,28.15999984741211,27.670000076293945,28.040000915527344,25.2628231048584,13758200,0.0,False
2018-08-22,28.200000762939453,28.25,27.850000381469727,28.09000015258789,25.307870864868164,7010200,0.0,False
2018-08-23,27.84000015258789,27.84000015258789,26.950000762939453,27.149999618530273,24.460973739624023,21555500,0.0,False
2018-08-24,27.600000381469727,28.549999237060547,27.510000228881836,28.209999084472656,25.415985107421875,24722000,0.0,False
2018-08-27,28.329999923706055,28.850000381469727,28.309999465942383,28.81999969482422,25.965566635131836,18671900,0.0,False
2018-08-28,28.989999771118164,29.139999389648438,27.899999618530273,28.170000076293945,25.379945755004883,21137900,0.0,False
2018-08-29,28.209999084472656,28.399999618530273,27.950000762939453,28.170000076293945,25.379945755004883,8297000,0.0,False
2018-08-30,27.989999771118164,27.989999771118164,27.610000610351562,27.75,25.001544952392578,11397600,0.0,False
2018-08-31,27.709999084472656,28.030000686645508,27.559999465942383,27.639999389648438,24.902441024780273,7178100,0.0,False
2018-09-04,27.440000534057617,27.440000534057617,26.84000015258789,27.1299991607666,24.442951202392578,16046300,0.0,False
2018-09-05,27.209999084472656,27.239999771118164,26.760000228881836,26.8700008392334,24.208702087402344,10376300,0.0,False
2018-09-06,26.93000030517578,27.309999465942383,26.709999084472656,26.770000457763672,24.118608474731445,16289800,0.0,False
2018-09-07,26.760000228881836,27.110000610351562,26.469999313354492,26.850000381469727,24.190685272216797,10920900,0.0,False
2018-09-10,26.84000015258789,26.90999984741211,26.3700008392334,26.459999084472656,23.839311599731445,12337900,0.0,False
2018-09-11,26.1200008392334,26.549999237060547,25.90999984741211,26.440000534057617,23.821292877197266,15092900,0.0,False
2018-09-12,26.309999465942383,27.59000015258789,26.25,27.360000610351562,24.650171279907227,24885800,0.0,False
2018-09-13,27.68000030517578,27.770000457763672,26.940000534057617,27.149999618530273,24.460973739624023,17948800,0.0,False
2018-09-14,27.100000381469727,27.229999542236328,26.739999771118164,26.809999465942383,24.154644012451172,12068800,0.0,False
2018-09-17,27.139999389648438,27.6200008392334,26.8700008392334,27.520000457763672,24.794326782226562,21350700,0.0,False
2018-09-18,27.5,27.670000076293945,27.15999984741211,27.459999084472656,24.740266799926758,12227800,0.0,False
2018-09-19,27.649999618530273,28.399999618530273,27.6299991607666,28.149999618530273,25.361928939819336,19774600,0.0,False
2018-09-20,28.6299991607666,28.739999771118164,28.030000686645508,28.559999465942383,25.731319427490234,18873200,0.0,False
2018-09-21,28.030000686645508,28.420000076293945,27.889999389648438,28.079999923706055,25.298860549926758,18329100,0.0,False
2018-09-24,28.260000228881836,28.43000030517578,27.809999465942383,27.90999984741211,25.14569854736328,12902300,0.0,False
2018-09-25,28.079999923706055,28.31999969482422,27.8799991607666,28.020000457763672,25.24480628967285,10788800,0.0,False
2018-09-26,27.760000228881836,28.110000610351562,27.43000030517578,27.540000915527344,24.81234359741211,20498400,0.0,False
2018-09-27,27.049999237060547,27.1200008392334,26.790000915527344,26.90999984741211,24.244741439819336,17162500,0.0,False
2018-09-28,27.049999237060547,27.639999389648438,27.049999237060547,27.360000610351562,24.650171279907227,14804600,0.0,False
2018-10-01,27.200000762939453,27.540000915527344,27.190000534057617,27.389999389648438,24.677202224731445,7339800,0.0,False
2018-10-02,27.68000030517578,28.229999542236328,27.68000030517578,28.020000457763672,25.24480628967285,17927500,0.0,False
2018-10-03,28.15999984741211,28.280000686645508,27.700000762939453,27.739999771118164,24.99253273010254,12133900,0.0,False
2018-10-04,27.90999984741211,28.34000015258789,27.610000610351562,27.829999923706055,25.07362174987793,11224200,0.0,False
2018-10-05,27.93000030517578,28.100000381469727,27.600000381469727,27.6200008392334,24.88442039489746,8833800,0.0,False
2018-10-08,27.170000076293945,27.889999389648438,27.09000015258789,27.8700008392334,25.10965919494629,10013700,0.0,False
2018-10-09,27.65999984741211,27.75,27.309999465942383,27.329999923706055,24.623144149780273,11340500,0.0,False
2018-10-10,27.34000015258789,27.600000381469727,26.920000076293945,27.549999237060547,24.821352005004883,10605000,0.0,False
2018-10-11,28.18000030517578,29.5,27.889999389648438,29.329999923706055,26.42505645751953,35620000,0.0,False
2018-10-12,29.270000457763672,29.489999771118164,28.639999389648438,29.299999237060547,26.398029327392578,18866800,0.0,False
2018-10-15,29.639999389648438,30.309999465942383,29.540000915527344,29.790000915527344,26.839500427246094,15661500,0.0,False
2018-10-16,30.0,30.1299991607666,29.350000381469727,29.739999771118164,26.79444694519043,9286200,0.0,False
2018-10-17,29.65999984741211,29.959999084472656,29.31999969482422,29.450000762939453,26.533172607421875,10215300,0.0,False
2018-10-18,29.510000228881836,29.940000534057617,29.290000915527344,29.309999465942383,26.40703582763672,8716400,0.0,False
2018-10-19,29.649999618530273,29.829999923706055,29.459999084472656,29.6299991607666,26.695343017578125,8405900,0.0,False
2018-10-22,29.489999771118164,29.489999771118164,29.100000381469727,29.270000457763672,26.37099838256836,8725500,0.0,False
2018-10-23,30.06999969482422,30.299999237060547,29.459999084472656,29.670000076293945,26.731380462646484,13482800,0.0,False
2018-10-24,29.700000762939453,29.889999389648438,29.229999542236328,29.350000381469727,26.443077087402344,10580900,0.0,False
2018-10-25,29.360000610351562,29.530000686645508,28.299999237060547,28.3799991607666,25.569149017333984,18591900,0.0,False
2018-10-26,28.59000015258789,29.079999923706055,28.209999084472656,28.209999084472656,25.415985107421875,18724600,0.0,False
2018-10-29,28.299999237060547,28.610000610351562,27.8799991607666,27.889999389648438,25.12767791748047,10214200,0.0,False
2018-10-30,27.8700008392334,28.440000534057617,27.579999923706055,27.969999313354492,25.19975471496582,14126500,0.0,False
2018-10-31,27.670000076293945,27.670000076293945,27.139999389648438,27.31999969482422,24.614133834838867,19501700,0.0,False
2018-11-01,27.889999389648438,28.399999618530273,27.829999923706055,28.139999389648438,25.352916717529297,19521100,0.0,False
2018-11-02,28.059999465942383,28.34000015258789,27.899999618530273,28.059999465942383,25.28084373474121,16191700,0.0,False
2018-11-05,28.059999465942383,28.510000228881836,27.979999542236328,28.280000686645508,25.47905158996582,8082000,0.0,False
2018-11-06,28.299999237060547,28.420000076293945,27.81999969482422,27.920000076293945,25.154706954956055,9339600,0.0,False
2018-11-07,28.200000762939453,28.229999542236328,27.670000076293945,27.670000076293945,24.929471969604492,12868600,0.0,False
2018-11-08,27.56999969482422,27.90999984741211,27.450000762939453,27.540000915527344,24.81234359741211,11034200,0.0,False
2018-11-09,27.139999389648438,27.299999237060547,26.969999313354492,27.1299991607666,24.442951202392578,11356800,0.0,False
2018-11-12,26.959999084472656,27.06999969482422,26.450000762939453,26.549999237060547,23.92039680480957,23842600,0.0,False
2018-11-13,26.6200008392334,26.700000762939453,26.040000915527344,26.170000076293945,23.578033447265625,14458100,0.0,False
2018-11-14,26.100000381469727,26.93000030517578,26.079999923706055,26.639999389648438,24.001482009887695,20563300,0.0,False
2018-11-15,26.75,27.219999313354492,26.75,27.1200008392334,24.433942794799805,11804000,0.0,False
2018-11-16,27.530000686645508,27.690000534057617,27.3799991607666,27.510000228881836,24.785316467285156,12126400,0.0,False
2018-11-19,27.530000686645508,27.969999313354492,27.510000228881836,27.600000381469727,24.866405487060547,7340300,0.0,False
2018-11-20,27.770000457763672,27.770000457763672,26.920000076293945,27.350000381469727,24.64116096496582,10733100,0.0,False
2018-11-21,27.610000610351562,28.239999771118164,27.610000610351562,28.100000381469727,25.31688117980957,23359500,0.0,False
2018-11-23,27.829999923706055,27.920000076293945,26.950000762939453,27.270000457763672,24.56908416748047,11462000,0.0,False
2018-11-26,27.420000076293945,27.639999389648438,26.940000534057617,26.989999771118164,24.31682014465332,7732600,0.0,False
2018-11-27,26.950000762939453,27.059999465942383,26.31999969482422,26.469999313354492,23.84832191467285,12878500,0.0,False
2018-11-28,26.31999969482422,27.5,26.31999969482422,27.18000030517578,24.488000869750977,17630100,0.0,False
2018-11-29,27.3799991607666,27.40999984741211,26.81999969482422,26.850000381469727,24.190685272216797,8434000,0.0,False
2018-11-30,26.75,26.8700008392334,26.3700008392334,26.59000015258789,23.956438064575195,8097600,0.0,False
2018-12-03,27.170000076293945,27.309999465942383,26.799999237060547,27.06999969482422,24.38889503479004,8628400,0.0,False
2018-12-04,27.43000030517578,27.510000228881836,27.010000228881836,27.15999984741211,24.469980239868164,7537200,0.0,False
2018-12-06,27.299999237060547,27.489999771118164,27.010000228881836,27.219999313354492,24.524036407470703,9795000,0.0,False
2018-12-07,27.3700008392334,28.25,27.350000381469727,28.040000915527344,25.2628231048584,22663300,0.0,False
2018-12-10,27.8799991607666,28.329999923706055,27.579999923706055,27.760000228881836,25.010555267333984,11588400,0.0,False
2018-12-11,27.90999984741211,28.219999313354492,27.709999084472656,27.950000762939453,25.181737899780273,7245100,0.0,False
2018-12-12,27.899999618530273,28.459999084472656,27.899999618530273,28.3700008392334,25.560138702392578,17992600,0.0,False
2018-12-13,28.260000228881836,28.389999389648438,28.139999389648438,28.329999923706055,25.524099349975586,11584400,0.0,False
2018-12-14,27.8700008392334,28.059999465942383,27.59000015258789,27.770000457763672,25.019567489624023,11982600,0.0,False
2018-12-17,27.989999771118164,28.81999969482422,27.979999542236328,28.75,25.902502059936523,21040200,0.0,False
2018-12-18,28.790000915527344,29.56999969482422,28.649999618530273,29.459999084472656,26.54218101501465,14092800,0.0,False
2018-12-19,29.690000534057617,30.290000915527344,28.030000686645508,28.049999237060547,25.271831512451172,30532800,0.0,False
2018-12-20,29.110000610351562,29.350000381469727,28.739999771118164,29.100000381469727,26.3455753326416,30235800,0.0,False
2018-12-21,29.06999969482422,29.229999542236328,28.450000762939453,28.940000534057617,26.200716018676758,12984500,0.0,False
2018-12-24,29.309999465942383,29.899999618530273,29.309999465942383,29.8799991607666,27.05174446105957,14623100,0.0,False
2018-12-26,30.209999084472656,30.290000915527344,29.010000228881836,29.260000228881836,26.490428924560547,19253800,0.0,False
2018-12-27,29.559999465942383,29.81999969482422,29.34000015258789,29.739999771118164,26.92499351501465,11075300,0.0,False
2018-12-28,29.709999084472656,29.899999618530273,29.43000030517578,29.440000534057617,26.653392791748047,7542800,0.0,False
2018-12-31,29.729999542236328,30.34000015258789,29.3700008392334,30.219999313354492,27.359560012817383,14759100,0.0,False
2019-01-02,30.1299991607666,30.59000015258789,29.940000534057617,30.329999923706055,27.459150314331055,7554200,0.0,False
2019-01-03,30.760000228881836,31.59000015258789,30.65999984741211,31.450000762939453,28.47313690185547,16319200,0.0,False
2019-01-04,30.860000610351562,31.399999618530273,30.799999237060547,31.280000686645508,28.319231033325195,16724000,0.0,False
2019-01-07,31.5,31.530000686645508,30.770000457763672,30.81999969482422,27.902769088745117,9646000,0.0,False
2019-01-08,30.399999618530273,31.1200008392334,30.239999771118164,31.059999465942383,28.120052337646484,8145300,0.0,False
2019-01-09,30.979999542236328,31.579999923706055,30.979999542236328,31.440000534057617,28.464080810546875,8472700,0.0,False
2019-01-10,31.40999984741211,31.459999084472656,30.700000762939453,30.700000762939453,27.794126510620117,17805800,0.0,False
2019-01-11,30.84000015258789,31.010000228881836,30.6200008392334,30.690000534057617,27.78507423400879,4454600,0.0,False
2019-01-14,30.899999618530273,31.030000686645508,30.479999542236328,30.649999618530273,27.748855590820312,11151400,0.0,False
2019-01-15,30.719999313354492,30.8700008392334,29.979999542236328,30.100000381469727,27.250919342041016,11330900,0.0,False
2019-01-16,30.06999969482422,30.3700008392334,29.989999771118164,30.190000534057617,27.332399368286133,5655800,0.0,False
2019-01-17,30.020000457763672,30.420000076293945,29.969999313354492,30.270000457763672,27.404829025268555,7876700,0.0,False
2019-01-18,29.889999389648438,30.020000457763672,29.25,29.329999923706055,26.553802490234375,17384800,0.0,False
2019-01-22,29.450000762939453,29.690000534057617,29.260000228881836,29.520000457763672,26.725820541381836,13694800,0.0,False
2019-01-23,29.31999969482422,29.850000381469727,29.260000228881836,29.65999984741211,26.85256576538086,4408300,0.0,False
2019-01-24,29.43000030517578,29.729999542236328,29.43000030517578,29.559999465942383,26.76202964782715,5891900,0.0,False
2019-01-25,29.979999542236328,30.739999771118164,29.979999542236328,30.600000381469727,27.703594207763672,18784700,0.0,False
2019-01-28,30.709999084472656,31.329999923706055,30.700000762939453,31.280000686645508,28.319231033325195,16259100,0.0,False
2019-01-29,31.610000610351562,31.959999084472656,31.309999465942383,31.950000762939453,28.925809860229492,20264800,0.0,False
2019-01-30,31.760000228881836,32.75,31.649999618530273,32.279998779296875,29.224573135375977,16792200,0.0,False
2019-01-31,32.63999938964844,33.0,32.61000061035156,32.959999084472656,29.8402099609375,11484100,0.0,False
2019-02-01,32.72999954223633,32.95000076293945,32.29999923706055,32.84000015258789,29.7315673828125,8175100,0.0,False
2019-02-04,32.41999816894531,32.709999084472656,32.2599983215332,32.470001220703125,29.396589279174805,10989000,0.0,False
2019-02-05,32.59000015258789,32.779998779296875,32.22999954223633,32.779998779296875,29.67724609375,6866400,0.0,False
2019-02-06,32.40999984741211,32.84000015258789,32.040000915527344,32.04999923706055,29.01634407043457,23722600,0.0,False
2019-02-07,32.13999938964844,32.2599983215332,31.559999465942383,31.56999969482422,28.581777572631836,11071800,0.0,False
2019-02-08,31.850000381469727,32.45000076293945,31.809999465942383,32.33000183105469,29.26984214782715,11590200,0.0,False
2019-02-11,31.790000915527344,32.220001220703125,31.729999542236328,31.84000015258789,28.826221466064453,9585900,0.0,False
2019-02-12,32.06999969482422,32.13999938964844,31.690000534057617,31.969999313354492,28.94391632080078,4448500,0.0,False
2019-02-13,31.84000015258789,32.459999084472656,31.829999923706055,31.889999389648438,28.871488571166992,6849300,0.0,False
2019-02-14,31.940000534057617,32.34000015258789,31.829999923706055,32.33000183105469,29.26984214782715,10203900,0.0,False
2019-02-15,32.58000183105469,32.95000076293945,32.150001525878906,32.95000076293945,29.83115577697754,10475700,0.0,False
2019-02-19,33.36000061035156,34.43000030517578,33.29999923706055,34.34000015258789,31.089590072631836,21778900,0.0,False
2019-02-20,34.59000015258789,35.040000915527344,34.22999954223633,34.40999984741211,31.1529598236084,16892600,0.0,False
2019-02-21,33.939998626708984,33.970001220703125,33.52000045776367,33.720001220703125,30.528278350830078,13337800,0.0,False
2019-02-22,33.88999938964844,34.349998474121094,33.77000045776367,33.86000061035156,30.655019760131836,17254100,0.0,False
2019-02-25,33.720001220703125,33.91999816894531,33.220001220703125,33.22999954223633,30.084653854370117,13164300,0.0,False
2019-02-26,33.380001068115234,33.529998779296875,32.849998474121094,33.5,30.329099655151367,9374800,0.0,False
2019-02-27,33.25,33.41999816894531,32.630001068115234,32.75,29.65008544921875,19560500,0.0,False
2019-02-28,32.72999954223633,32.75,32.369998931884766,32.40999984741211,29.342266082763672,12813500,0.0,False
2019-03-01,32.16999816894531,32.529998779296875,31.389999389648438,31.440000534057617,28.464080810546875,19226300,0.0,False
2019-03-04,31.139999389648438,31.520000457763672,30.809999465942383,31.43000030517578,28.455028533935547,12089400,0.0,False
2019-03-05,31.219999313354492,31.479999542236328,31.049999237060547,31.440000534057617,28.464080810546875,8467800,0.0,False
2019-03-06,31.399999618530273,31.479999542236328,30.6299991607666,30.6299991607666,27.730751037597656,20579300,0.0,False
2019-03-07,30.639999389648438,31.219999313354492,30.600000381469727,31.0,28.06572914123535,11173000,0.0,False
2019-03-08,31.739999771118164,32.43000030517578,31.469999313354492,32.29999923706055,29.242679595947266,20278300,0.0,False
2019-03-11,32.34000015258789,32.369998931884766,31.559999465942383,32.0099983215332,28.980127334594727,17307300,0.0,False
2019-03-12,32.15999984741211,32.72999954223633,32.15999984741211,32.66999816894531,29.577653884887695,17401100,0.0,False
2019-03-13,32.880001068115234,33.18000030517578,32.630001068115234,32.97999954223633,29.85831642150879,9332200,0.0,False
2019-03-14,32.33000183105469,32.470001220703125,32.040000915527344,32.099998474121094,29.061613082885742,16601500,0.0,False
2019-03-15,32.34000015258789,32.619998931884766,32.0099983215332,32.33000183105469,29.26984214782715,11401900,0.0,False
2019-03-18,32.5099983215332,32.56999969482422,31.8700008392334,32.0,28.971078872680664,8374800,0.0,False
2019-03-19,32.459999084472656,32.4900016784668,32.16999816894531,32.22999954223633,29.179302215576172,7712100,0.0,False
2019-03-20,32.36000061035156,33.220001220703125,31.920000076293945,33.09000015258789,29.957904815673828,17406700,0.0,False
2019-03-21,33.189998626708984,33.290000915527344,32.4900016784668,33.11000061035156,29.976009368896484,13340400,0.0,False
2019-03-22,32.70000076293945,33.130001068115234,32.560001373291016,32.72999954223633,29.631980895996094,18947700,0.0,False
2019-03-25,33.040000915527344,33.59000015258789,32.86000061035156,33.47999954223633,30.31098747253418,14000100,0.0,False
2019-03-26,33.349998474121094,33.56999969482422,33.099998474121094,33.470001220703125,30.301939010620117,8995900,0.0,False
2019-03-27,33.33000183105469,33.52000045776367,32.81999969482422,32.880001068115234,29.76778221130371,14186700,0.0,False
2019-03-28,32.29999923706055,32.36000061035156,31.700000762939453,31.709999084472656,28.70852279663086,21136100,0.0,False
2019-03-29,32.06999969482422,32.13999938964844,31.709999084472656,31.729999542236328,28.726634979248047,12591400,0.0,False
2019-04-01,31.799999237060547,31.850000381469727,30.700000762939453,30.860000610351562,27.938983917236328,17917800,0.0,False
2019-04-02,30.899999618530273,31.1200008392334,30.829999923706055,30.950000762939453,28.020462036132812,7763700,0.0,False
2019-04-03,30.989999771118164,31.219999313354492,30.889999389648438,31.06999969482422,28.129104614257812,8583900,0.0,False
2019-04-04,30.649999618530273,31.84000015258789,30.56999969482422,31.709999084472656,28.70852279663086,12987000,0.0,False
2019-04-05,31.690000534057617,31.799999237060547,31.389999389648438,31.790000915527344,28.780954360961914,7539400,0.0,False
2019-04-08,32.16999816894531,32.34000015258789,31.969999313354492,32.279998779296875,29.224573135375977,12925500,0.0,False
2019-04-09,32.439998626708984,32.54999923706055,32.27000045776367,32.47999954223633,29.405641555786133,12568500,0.0,False
2019-04-10,32.40999984741211,32.59000015258789,32.0,32.04999923706055,29.01634407043457,11179200,0.0,False
2019-04-11,31.579999923706055,31.790000915527344,31.190000534057617,31.299999237060547,28.33733367919922,15153800,0.0,False
2019-04-12,31.34000015258789,31.520000457763672,31.110000610351562,31.1299991607666,28.183425903320312,7933000,0.0,False
2019-04-15,30.770000457763672,31.1299991607666,30.610000610351562,30.93000030517578,28.002355575561523,9333600,0.0,False
2019-04-16,30.5,30.600000381469727,30.270000457763672,30.290000915527344,27.42293357849121,13740200,0.0,False
2019-04-17,30.25,30.459999084472656,29.979999542236328,30.18000030517578,27.323347091674805,8263300,0.0,False
2019-04-18,30.110000610351562,30.290000915527344,29.469999313354492,29.56999969482422,26.771085739135742,20237900,0.0,False
2019-04-22,29.649999618530273,29.700000762939453,28.889999389648438,28.959999084472656,26.218820571899414,13687800,0.0,False
2019-04-23,28.700000762939453,29.0,28.610000610351562,28.809999465942383,26.08302116394043,10764100,0.0,False
2019-04-24,28.850000381469727,29.610000610351562,28.690000534057617,29.309999465942383,26.535694122314453,20379800,0.0,False
2019-04-25,29.43000030517578,29.719999313354492,29.06999969482422,29.18000030517578,26.417999267578125,10462200,0.0,False
2019-04-26,29.520000457763672,30.270000457763672,29.520000457763672,30.1200008392334,27.269025802612305,16337900,0.0,False
2019-04-29,29.8700008392334,29.920000076293945,29.190000534057617,29.31999969482422,26.544748306274414,16338200,0.0,False
2019-04-30,29.329999923706055,29.65999984741211,29.280000686645508,29.329999923706055,26.553802490234375,5749900,0.0,False
2019-05-01,29.239999771118164,29.6299991607666,28.56999969482422,28.809999465942383,26.08302116394043,17726200,0.0,False
2019-05-02,28.3700008392334,28.520000457763672,28.040000915527344,28.18000030517578,25.512653350830078,14335200,0.0,False
2019-05-03,28.459999084472656,28.860000610351562,28.329999923706055,28.40999984741211,25.720882415771484,16290200,0.0,False
2019-05-06,28.31999969482422,28.729999542236328,28.299999237060547,28.489999771118164,25.793310165405273,9200900,0.0,False
2019-05-07,28.59000015258789,29.200000762939453,28.329999923706055,29.100000381469727,26.3455753326416,14429300,0.0,False
2019-05-08,29.299999237060547,29.479999542236328,28.549999237060547,28.6299991607666,25.92005729675293,11841400,0.0,False
2019-05-09,28.56999969482422,28.940000534057617,28.5,28.540000915527344,25.838577270507812,13591400,0.0,False
2019-05-10,28.700000762939453,28.760000228881836,28.350000381469727,28.3799991607666,25.693723678588867,6902800,0.0,False
2019-05-13,28.93000030517578,29.350000381469727,28.59000015258789,29.260000228881836,26.490428924560547,24615400,0.0,False
2019-05-14,29.260000228881836,29.31999969482422,28.709999084472656,29.049999237060547,26.300304412841797,14699500,0.0,False
2019-05-15,29.100000381469727,29.260000228881836,28.889999389648438,28.950000762939453,26.20977210998535,4372500,0.0,False
2019-05-16,28.809999465942383,28.809999465942383,28.3799991607666,28.540000915527344,25.838577270507812,13168100,0.0,False
2019-05-17,28.40999984741211,28.790000915527344,28.280000686645508,28.739999771118164,26.01964569091797,9736900,0.0,False
2019-05-20,28.649999618530273,28.729999542236328,28.450000762939453,28.459999084472656,25.766151428222656,6188200,0.0,False
2019-05-21,28.350000381469727,28.610000610351562,28.209999084472656,28.559999465942383,25.856685638427734,4650200,0.0,False
2019-05-22,28.56999969482422,28.56999969482422,27.799999237060547,27.950000762939453,25.304424285888672,13630100,0.0,False
2019-05-23,28.229999542236328,28.6200008392334,27.950000762939453,28.059999465942383,25.40401268005371,12044100,0.0,False
2019-05-24,28.100000381469727,28.270000457763672,27.979999542236328,28.190000534057617,25.52170753479004,5599100,0.0,False
2019-05-28,27.899999618530273,28.1299991607666,27.799999237060547,28.010000228881836,25.35874366760254,10673100,0.0,False
2019-05-29,28.079999923706055,28.170000076293945,27.8700008392334,27.959999084472656,25.3134765625,11688400,0.0,False
2019-05-30,27.969999313354492,28.579999923706055,27.81999969482422,28.5,25.802366256713867,12786000,0.0,False
2019-05-31,28.889999389648438,29.719999313354492,28.889999389648438,29.530000686645508,26.734872817993164,23419100,0.0,False
2019-06-03,30.110000610351562,31.149999618530273,30.020000457763672,31.059999465942383,28.120052337646484,29842300,0.0,False
2019-06-04,30.59000015258789,31.110000610351562,30.530000686645508,31.079999923706055,28.138158798217773,11932500,0.0,False
2019-06-05,31.420000076293945,31.719999313354492,30.59000015258789,30.790000915527344,27.8756103515625,12970700,0.0,False
2019-06-06,31.010000228881836,31.15999984741211,30.760000228881836,31.049999237060547,28.11099624633789,13999200,0.0,False
2019-06-07,31.34000015258789,31.469999313354492,30.780000686645508,30.8799991607666,27.957090377807617,12909600,0.0,False
2019-06-10,30.309999465942383,30.389999389648438,29.889999389648438,30.059999465942383,27.21470832824707,25454800,0.0,False
2019-06-11,29.90999984741211,30.6200008392334,29.90999984741211,30.450000762939453,27.567790985107422,14570700,0.0,False
2019-06-12,30.700000762939453,31.219999313354492,30.700000762939453,31.020000457763672,28.083837509155273,13939800,0.0,False
2019-06-13,31.030000686645508,31.549999237060547,30.989999771118164,31.510000228881836,28.52745819091797,10557400,0.0,False
2019-06-14,31.969999313354492,32.25,31.15999984741211,31.510000228881836,28.52745819091797,16774900,0.0,False
2019-06-17,31.510000228881836,31.809999465942383,31.280000686645508,31.6299991607666,28.636098861694336,7616000,0.0,False
2019-06-18,32.11000061035156,32.279998779296875,31.530000686645508,31.969999313354492,28.94391632080078,14660300,0.0,False
2019-06-19,31.809999465942383,32.38999938964844,31.59000015258789,32.33000183105469,29.26984214782715,14239000,0.0,False
2019-06-20,33.880001068115234,34.27000045776367,33.540000915527344,34.22999954223633,30.990001678466797,29793200,0.0,False
2019-06-21,34.22999954223633,34.380001068115234,33.540000915527344,34.369998931884766,31.116741180419922,12443100,0.0,False
2019-06-24,34.689998626708984,35.619998931884766,34.4900016784668,35.599998474121094,32.23031997680664,30256800,0.0,False
2019-06-25,35.79999923706055,35.97999954223633,34.209999084472656,34.88999938964844,31.587528228759766,34489700,0.0,False
2019-06-26,34.349998474121094,35.29999923706055,34.06999969482422,34.84000015258789,31.542261123657227,16327000,0.0,False
2019-06-27,34.70000076293945,34.810001373291016,34.439998626708984,34.65999984741211,31.379297256469727,14299900,0.0,False
2019-06-28,34.79999923706055,35.02000045776367,34.47999954223633,34.959999084472656,31.650901794433594,15776500,0.0,False
2019-07-01,34.0,34.18000030517578,33.09000015258789,33.22999954223633,30.084653854370117,41443200,0.0,False
2019-07-02,33.77000045776367,35.08000183105469,33.77000045776367,34.91999816894531,31.61468505859375,36573200,0.0,False
2019-07-03,35.0099983215332,35.09000015258789,34.63999938964844,34.91999816894531,31.61468505859375,11550200,0.0,False
2019-07-05,33.91999816894531,34.689998626708984,33.619998931884766,34.650001525878906,31.37024688720703,16912700,0.0,False
2019-07-08,34.650001525878906,34.86000061035156,34.29999923706055,34.29999923706055,31.053373336791992,21573600,0.0,False
2019-07-09,34.43000030517578,35.040000915527344,34.189998626708984,34.959999084472656,31.650901794433594,19915300,0.0,False
2019-07-10,35.65999984741211,35.939998626708984,35.2400016784668,35.900001525878906,32.501930236816406,21540700,0.0,False
2019-07-11,35.849998474121094,36.060001373291016,35.060001373291016,35.279998779296875,31.94061279296875,16282400,0.0,False
2019-07-12,35.349998474121094,35.880001068115234,35.220001220703125,35.810001373291016,32.420448303222656,12470400,0.0,False
2019-07-15,35.81999969482422,36.099998474121094,35.619998931884766,36.04999923706055,32.637725830078125,9317100,0.0,False
2019-07-16,35.84000015258789,36.619998931884766,35.77000045776367,36.04999923706055,32.637725830078125,15039200,0.0,False
2019-07-17,36.31999969482422,37.77000045776367,36.279998779296875,37.70000076293945,34.13154983520508,24368700,0.0,False
2019-07-18,37.599998474121094,40.029998779296875,37.31999969482422,39.93000030517578,36.15046691894531,35630500,0.0,False
2019-07-19,39.43000030517578,40.150001525878906,38.849998474121094,39.4900016784668,35.752113342285156,18662500,0.0,False
2019-07-22,39.529998779296875,40.029998779296875,39.529998779296875,39.81999969482422,36.05088424682617,13348000,0.0,False
2019-07-23,39.81999969482422,40.220001220703125,38.79999923706055,39.18000030517578,35.471466064453125,13104700,0.0,False
2019-07-24,39.540000915527344,39.9900016784668,39.310001373291016,39.93000030517578,36.15046691894531,14139700,0.0,False
2019-07-25,39.709999084472656,39.720001220703125,38.4900016784668,38.58000183105469,34.928253173828125,22071300,0.0,False
2019-07-26,38.93000030517578,39.06999969482422,38.400001525878906,38.56999969482422,34.91919708251953,4833800,0.0,False
2019-07-29,38.790000915527344,39.349998474121094,38.369998931884766,39.310001373291016,35.58915328979492,12371300,0.0,False
2019-07-30,39.40999984741211,39.939998626708984,39.27000045776367,39.7599983215332,35.99656295776367,8720200,0.0,False
2019-07-31,39.5,39.75,37.45000076293945,37.540000915527344,33.9866943359375,38085400,0.0,False
2019-08-01,36.88999938964844,39.7599983215332,36.779998779296875,39.459999084472656,35.72495651245117,25641900,0.0,False
2019-08-02,39.29999923706055,39.939998626708984,39.09000015258789,39.43000030517578,35.69779968261719,9671400,0.0,False
2019-08-05,40.619998931884766,41.70000076293945,40.40999984741211,41.099998474121094,37.2097282409668,29308400,0.0,False
2019-08-06,41.0,41.220001220703125,40.43000030517578,40.88999938964844,37.01960372924805,13688000,0.0,False
2019-08-07,42.40999984741211,43.099998474121094,41.77000045776367,41.84000015258789,37.87968826293945,24305900,0.0,False
2019-08-08,41.45000076293945,42.7400016784668,41.119998931884766,42.5,38.477210998535156,14051700,0.0,False
2019-08-09,42.189998626708984,42.59000015258789,41.72999954223633,41.84000015258789,37.87968826293945,10793100,0.0,False
2019-08-12,41.900001525878906,42.45000076293945,40.93000030517578,41.0,37.11919403076172,18989800,0.0,False
2019-08-13,41.65999984741211,41.7400016784668,39.189998626708984,40.06999969482422,36.2772216796875,24247600,0.0,False
2019-08-14,40.65999984741211,41.04999923706055,39.709999084472656,39.75,35.98750686645508,15674000,0.0,False
2019-08-15,39.75,40.61000061035156,39.470001220703125,40.439998626708984,36.6121940612793,15934500,0.0,False
2019-08-16,39.84000015258789,40.099998474121094,39.16999816894531,39.220001220703125,35.50767517089844,17246300,0.0,False
2019-08-19,38.400001525878906,39.41999816894531,38.099998474121094,38.59000015258789,34.93730926513672,11060500,0.0,False
2019-08-20,38.869998931884766,40.400001525878906,38.869998931884766,40.060001373291016,36.268165588378906,17406000,0.0,False
2019-08-21,39.630001068115234,40.0099983215332,39.459999084472656,39.65999984741211,35.906028747558594,7601400,0.0,False
2019-08-22,39.41999816894531,39.75,39.099998474121094,39.099998474121094,35.39903259277344,12244200,0.0,False
2019-08-23,39.529998779296875,41.369998931884766,39.40999984741211,41.220001220703125,37.31836700439453,27131800,0.0,False
2019-08-26,41.47999954223633,41.849998474121094,40.72999954223633,41.20000076293945,37.300262451171875,11204900,0.0,False
2019-08-27,41.150001525878906,42.63999938964844,41.060001373291016,42.38999938964844,38.37762451171875,15664600,0.0,False
2019-08-28,42.4900016784668,42.79999923706055,41.689998626708984,42.119998931884766,38.1331787109375,9184300,0.0,False
2019-08-29,42.220001220703125,42.220001220703125,40.529998779296875,40.939998626708984,37.06486892700195,19315500,0.0,False
2019-08-30,40.84000015258789,41.75,40.630001068115234,41.04999923706055,37.164459228515625,8321900,0.0,False
2019-09-03,41.689998626708984,42.540000915527344,41.63999938964844,42.02000045776367,38.04264450073242,14686200,0.0,False
2019-09-04,41.90999984741211,42.75,41.84000015258789,42.7400016784668,38.694496154785156,13215300,0.0,False
2019-09-05,41.709999084472656,41.7400016784668,40.15999984741211,40.27000045776367,36.458290100097656,31190900,0.0,False
2019-09-06,40.56999969482422,41.150001525878906,39.16999816894531,39.209999084472656,35.498619079589844,19957900,0.0,False
2019-09-09,39.29999923706055,39.380001068115234,37.7599983215332,38.08000183105469,34.475582122802734,23193900,0.0,False
2019-09-10,38.0,38.56999969482422,37.7400016784668,37.81999969482422,34.24019241333008,15443400,0.0,False
2019-09-11,37.83000183105469,38.650001525878906,37.83000183105469,38.0,34.40315246582031,16993900,0.0,False
2019-09-12,38.97999954223633,39.349998474121094,37.20000076293945,37.2599983215332,33.73319625854492,27253400,0.0,False
2019-09-13,37.5,37.83000183105469,36.2400016784668,36.2599983215332,32.827850341796875,28132700,0.0,False
2019-09-16,37.29999923706055,37.689998626708984,36.630001068115234,37.369998931884766,33.83278274536133,22896500,0.0,False
2019-09-17,37.59000015258789,38.52000045776367,37.29999923706055,38.349998474121094,34.72002029418945,17687200,0.0,False
2019-09-18,38.34000015258789,38.439998626708984,36.72999954223633,37.060001373291016,33.55213165283203,39995200,0.0,False
2019-09-19,37.63999938964844,38.40999984741211,37.54999923706055,38.16999816894531,34.55706024169922,29687300,0.0,False
2019-09-20,38.310001373291016,39.349998474121094,38.02000045776367,39.2400016784668,35.52578353881836,19596800,0.0,False
2019-09-23,39.400001525878906,40.290000915527344,39.400001525878906,40.16999816894531,36.36775588989258,17813900,0.0,False
2019-09-24,39.68000030517578,40.84000015258789,39.380001068115234,40.779998779296875,36.92001724243164,16838400,0.0,False
2019-09-25,40.380001068115234,40.59000015258789,38.720001220703125,38.90999984741211,35.227020263671875,23521500,0.0,False
2019-09-26,39.16999816894531,39.5099983215332,38.2400016784668,38.290000915527344,34.66570281982422,19770900,0.0,False
2019-09-27,37.5,38.400001525878906,37.31999969482422,37.599998474121094,34.041015625,27116400,0.0,False
2019-09-30,36.90999984741211,37.43000030517578,36.029998779296875,36.2599983215332,32.827850341796875,24786300,0.0,False
2019-10-01,36.20000076293945,37.810001373291016,36.150001525878906,36.939998626708984,33.443485260009766,18129800,0.0,False
2019-10-02,37.619998931884766,37.83000183105469,37.099998474121094,37.56999969482422,34.01385498046875,16815900,0.0,False
2019-10-03,37.52000045776367,38.45000076293945,37.29999923706055,37.43000030517578,33.88711166381836,14099400,0.0,False
2019-10-04,37.22999954223633,38.290000915527344,37.18000030517578,38.2400016784668,34.62043380737305,13596400,0.0,False
2019-10-07,37.869998931884766,38.439998626708984,37.47999954223633,37.68000030517578,34.113441467285156,11217900,0.0,False
2019-10-08,38.349998474121094,38.810001373291016,37.970001220703125,38.7599983215332,35.091209411621094,14878700,0.0,False
2019-10-09,38.810001373291016,38.849998474121094,37.959999084472656,38.08000183105469,34.475582122802734,10097800,0.0,False
2019-10-10,38.20000076293945,38.439998626708984,37.47999954223633,38.310001373291016,34.68381118774414,10166900,0.0,False
2019-10-11,37.83000183105469,37.91999816894531,36.88999938964844,37.06999969482422,33.561187744140625,26531700,0.0,False
2019-10-14,36.95000076293945,37.400001525878906,36.83000183105469,37.040000915527344,33.534019470214844,4987200,0.0,False
2019-10-15,36.77000045776367,36.77000045776367,35.689998626708984,35.779998779296875,32.39328384399414,20813200,0.0,False
2019-10-16,36.20000076293945,36.70000076293945,35.91999816894531,36.630001068115234,33.16283416748047,17075900,0.0,False
2019-10-17,36.36000061035156,37.58000183105469,36.36000061035156,37.369998931884766,33.83278274536133,17536700,0.0,False
2019-10-18,37.119998931884766,37.540000915527344,36.720001220703125,37.209999084472656,33.68793487548828,9242300,0.0,False
2019-10-21,37.400001525878906,37.4900016784668,36.18000030517578,36.2599983215332,32.827850341796875,12163000,0.0,False
2019-10-22,36.369998931884766,36.56999969482422,35.810001373291016,36.38999938964844,32.94554138183594,6898600,0.0,False
2019-10-23,36.5099983215332,36.97999954223633,36.5,36.77000045776367,33.289573669433594,10448600,0.0,False
2019-10-24,36.970001220703125,37.72999954223633,36.880001068115234,37.689998626708984,34.122493743896484,12875400,0.0,False
2019-10-25,38.529998779296875,38.75,37.529998779296875,38.13999938964844,34.529903411865234,15882800,0.0,False
2019-10-28,37.66999816894531,37.779998779296875,37.150001525878906,37.290000915527344,33.76035690307617,16137500,0.0,False
2019-10-29,36.93000030517578,38.060001373291016,36.91999816894531,37.7599983215332,34.185874938964844,11036400,0.0,False
2019-10-30,37.970001220703125,38.22999954223633,37.130001068115234,38.22999954223633,34.61137771606445,10952800,0.0,False
2019-10-31,38.63999938964844,39.2599983215332,38.439998626708984,39.209999084472656,35.498619079589844,23594400,0.0,False
2019-11-01,38.939998626708984,39.400001525878906,38.709999084472656,39.400001525878906,35.6706428527832,7823600,0.0,False
2019-11-04,39.209999084472656,39.439998626708984,38.709999084472656,38.779998779296875,35.10932159423828,9714700,0.0,False
2019-11-05,37.959999084472656,38.2400016784668,37.54999923706055,37.75,34.176815032958984,17045800,0.0,False
2019-11-06,37.95000076293945,38.560001373291016,37.709999084472656,38.290000915527344,34.66570281982422,9257400,0.0,False
2019-11-07,37.91999816894531,37.93000030517578,36.599998474121094,36.79999923706055,33.316734313964844,27997000,0.0,False
2019-11-08,36.20000076293945,36.90999984741211,36.11000061035156,36.33000183105469,32.8912239074707,18100400,0.0,False
2019-11-11,36.29999923706055,36.61000061035156,36.06999969482422,36.33000183105469,32.8912239074707,6311900,0.0,False
2019-11-12,36.36000061035156,37.04999923706055,35.84000015258789,37.040000915527344,33.534019470214844,14096900,0.0,False
2019-11-13,37.20000076293945,37.43000030517578,36.97999954223633,37.060001373291016,33.55213165283203,7555200,0.0,False
2019-11-14,37.25,37.63999938964844,37.0099983215332,37.63999938964844,34.07722854614258,10955200,0.0,False
2019-11-15,37.290000915527344,37.72999954223633,37.119998931884766,37.13999938964844,33.62455368041992,9905200,0.0,False
2019-11-18,37.189998626708984,37.720001220703125,37.08000183105469,37.689998626708984,34.122493743896484,9166700,0.0,False
2019-11-19,37.40999984741211,38.13999938964844,37.369998931884766,37.439998626708984,33.89616012573242,9737600,0.0,False
2019-11-20,37.41999816894531,37.849998474121094,37.130001068115234,37.790000915527344,34.21303176879883,8382900,0.0,False
2019-11-21,37.619998931884766,37.83000183105469,36.72999954223633,36.790000915527344,33.307682037353516,15035400,0.0,False
2019-11-22,36.939998626708984,37.029998779296875,36.470001220703125,36.65999984741211,33.18998718261719,5468900,0.0,False
2019-11-25,36.47999954223633,36.900001525878906,36.27000045776367,36.290000915527344,32.855010986328125,9941000,0.0,False
2019-11-26,36.38999938964844,37.5,36.25,37.400001525878906,33.85995101928711,17546600,0.0,False
2019-11-27,37.08000183105469,37.29999923706055,36.72999954223633,37.20000076293945,33.67887496948242,10168700,0.0,False
2019-11-29,37.209999084472656,38.16999816894531,37.20000076293945,38.150001525878906,34.538963317871094,11761600,0.0,False
2019-12-02,37.880001068115234,38.290000915527344,37.689998626708984,38.2599983215332,34.6385383605957,12610000,0.0,False
2019-12-03,39.0,39.54999923706055,39.0,39.52000045776367,35.77927780151367,26555700,0.0,False
2019-12-04,38.790000915527344,39.349998474121094,38.70000076293945,39.209999084472656,35.498619079589844,14997100,0.0,False
2019-12-05,38.9900016784668,39.83000183105469,38.93000030517578,39.36000061035156,35.63442611694336,9922800,0.0,False
2019-12-06,38.47999954223633,38.84000015258789,37.9900016784668,38.029998779296875,34.43031311035156,33546100,0.0,False
2019-12-09,38.209999084472656,38.349998474121094,37.939998626708984,38.08000183105469,34.475582122802734,12178400,0.0,False
2019-12-10,38.31999969482422,38.459999084472656,38.029998779296875,38.2599983215332,34.6385383605957,5163600,0.0,False
2019-12-11,38.41999816894531,39.5099983215332,38.349998474121094,39.43000030517578,35.69779968261719,27953500,0.0,False
2019-12-12,39.869998931884766,40.02000045776367,38.88999938964844,39.310001373291016,35.58915328979492,13441400,0.0,False
2019-12-13,38.97999954223633,39.5099983215332,38.68000030517578,39.33000183105469,35.607261657714844,8821800,0.0,False
2019-12-16,39.34000015258789,39.470001220703125,38.77000045776367,38.779998779296875,35.10932159423828,17432800,0.0,False
2019-12-17,38.86000061035156,38.9900016784668,38.52000045776367,38.56999969482422,34.91919708251953,8322100,0.0,False
2019-12-18,38.61000061035156,38.90999984741211,38.459999084472656,38.72999954223633,35.06405258178711,17291300,0.0,False
2019-12-19,38.939998626708984,39.040000915527344,38.59000015258789,38.939998626708984,35.25417709350586,11478000,0.0,False
2019-12-20,39.04999923706055,39.04999923706055,38.29999923706055,38.310001373291016,34.68381118774414,10070500,0.0,False
2019-12-23,38.38999938964844,39.59000015258789,38.31999969482422,39.560001373291016,35.96947479248047,21693800,0.0,False
2019-12-24,39.88999938964844,41.08000183105469,39.83000183105469,41.029998779296875,37.30605697631836,17447400,0.0,False
2019-12-26,41.63999938964844,42.189998626708984,41.220001220703125,41.970001220703125,38.160743713378906,18602700,0.0,False
2019-12-27,41.810001373291016,41.939998626708984,41.209999084472656,41.380001068115234,37.624290466308594,13986300,0.0,False
2019-12-30,41.56999969482422,42.40999984741211,41.439998626708984,42.369998931884766,38.52443313598633,14124600,0.0,False
2019-12-31,42.88999938964844,43.0,42.220001220703125,42.2599983215332,38.424415588378906,9779500,0.0,False
2020-01-02,42.88999938964844,43.040000915527344,42.060001373291016,42.38999938964844,38.54262161254883,14888500,0.0,False
2020-01-03,43.15999984741211,43.22999954223633,40.9900016784668,41.90999984741211,38.10618209838867,14518400,0.0,False
2020-01-06,42.900001525878906,42.900001525878906,41.61000061035156,41.95000076293945,38.142555236816406,16727900,0.0,False
2020-01-07,42.0099983215332,42.70000076293945,41.7599983215332,42.650001525878906,38.77901840209961,12356700,0.0,False
2020-01-08,42.40999984741211,42.5,40.54999923706055,40.84000015258789,37.13330078125,28486400,0.0,False
2020-01-09,40.459999084472656,40.939998626708984,40.20000076293945,40.22999954223633,36.57866287231445,13506400,0.0,False
2020-01-10,40.5,41.18000030517578,40.43000030517578,40.900001525878906,37.1878547668457,10801200,0.0,False
2020-01-13,40.630001068115234,40.63999938964844,39.630001068115234,39.65999984741211,36.06039810180664,15481100,0.0,False
2020-01-14,39.63999938964844,40.65999984741211,39.599998474121094,40.61000061035156,36.92417526245117,16423800,0.0,False
2020-01-15,40.83000183105469,41.56999969482422,40.459999084472656,41.439998626708984,37.67884063720703,14725600,0.0,False
2020-01-16,41.150001525878906,41.27000045776367,40.63999938964844,41.0099983215332,37.287864685058594,9279100,0.0,False
2020-01-17,41.2599983215332,41.439998626708984,40.58000183105469,40.849998474121094,37.14238739013672,9885200,0.0,False
2020-01-21,40.599998474121094,41.54999923706055,40.40999984741211,41.540000915527344,37.7697639465332,14341900,0.0,False
2020-01-22,41.47999954223633,41.650001525878906,41.119998931884766,41.560001373291016,37.78794860839844,6702900,0.0,False
2020-01-23,41.130001068115234,41.810001373291016,40.86000061035156,40.9900016784668,37.26968765258789,10388800,0.0,False
2020-01-24,40.9900016784668,41.88999938964844,40.970001220703125,41.790000915527344,37.9970817565918,14854500,0.0,False
2020-01-27,42.29999923706055,42.310001373291016,40.95000076293945,41.310001373291016,37.560646057128906,13379400,0.0,False
2020-01-28,40.91999816894531,41.22999954223633,40.09000015258789,40.22999954223633,36.57866287231445,13775500,0.0,False
2020-01-29,40.2400016784668,41.34000015258789,40.11000061035156,41.290000915527344,37.542457580566406,14067100,0.0,False
2020-01-30,41.439998626708984,41.630001068115234,40.91999816894531,41.119998931884766,37.38788604736328,11850900,0.0,False
2020-01-31,41.27000045776367,41.91999816894531,41.220001220703125,41.540000915527344,37.7697639465332,14003600,0.0,False
2020-02-03,41.099998474121094,41.31999969482422,40.599998474121094,40.720001220703125,37.02418899536133,18232400,0.0,False
2020-02-04,40.380001068115234,40.630001068115234,39.79999923706055,40.40999984741211,36.74232482910156,15419800,0.0,False
2020-02-05,40.380001068115234,40.81999969482422,40.11000061035156,40.400001525878906,36.733238220214844,8324200,0.0,False
2020-02-06,40.65999984741211,41.06999969482422,40.45000076293945,40.95000076293945,37.233314514160156,10592800,0.0,False
2020-02-07,41.220001220703125,41.40999984741211,40.2400016784668,40.25,36.59684371948242,10335300,0.0,False
2020-02-10,40.63999938964844,41.150001525878906,40.34000015258789,40.95000076293945,37.233314514160156,11789200,0.0,False
2020-02-11,40.75,41.02000045776367,40.369998931884766,40.810001373291016,37.10602569580078,6408800,0.0,False
2020-02-12,40.77000045776367,40.90999984741211,40.439998626708984,40.5099983215332,36.833248138427734,7537400,0.0,False
2020-02-13,40.91999816894531,41.34000015258789,40.70000076293945,41.060001373291016,37.33333206176758,9472900,0.0,False
2020-02-14,41.2400016784668,41.58000183105469,40.95000076293945,40.970001220703125,37.251502990722656,9178600,0.0,False
2020-02-18,41.560001373291016,42.70000076293945,41.2599983215332,42.65999984741211,38.78811264038086,20946700,0.0,False
2020-02-19,43.209999084472656,44.060001373291016,42.79999923706055,44.040000915527344,40.04286193847656,22533600,0.0,False
2020-02-20,43.79999923706055,44.400001525878906,43.279998779296875,43.7599983215332,39.78827667236328,14098800,0.0,False
2020-02-21,44.529998779296875,45.08000183105469,44.310001373291016,44.970001220703125,40.888458251953125,20847800,0.0,False
2020-02-24,46.400001525878906,46.41999816894531,44.290000915527344,44.90999984741211,40.833900451660156,28418000,0.0,False
2020-02-25,44.15999984741211,44.900001525878906,42.380001068115234,42.650001525878906,38.77901840209961,28858900,0.0,False
2020-02-26,42.66999816894531,43.400001525878906,42.349998474121094,42.70000076293945,38.824485778808594,17992000,0.0,False
2020-02-27,43.2599983215332,43.33000183105469,39.75,39.7599983215332,36.15132141113281,41884800,0.0,False
2020-02-28,37.880001068115234,38.0099983215332,35.25,36.04999923706055,32.778045654296875,53680500,0.0,False
2020-03-02,37.41999816894531,38.18000030517578,36.959999084472656,38.099998474121094,34.64198303222656,26748500,0.0,False
2020-03-03,38.849998474121094,41.290000915527344,38.060001373291016,39.709999084472656,36.10585403442383,38785300,0.0,False
2020-03-04,40.290000915527344,40.5,39.11000061035156,40.189998626708984,36.542293548583984,19071300,0.0,False
2020-03-05,40.59000015258789,41.15999984741211,39.7400016784668,40.90999984741211,37.19694519042969,13799800,0.0,False
2020-03-06,41.099998474121094,41.15999984741211,37.849998474121094,40.119998931884766,36.47864532470703,29627700,0.0,False
2020-03-09,38.040000915527344,39.619998931884766,35.97999954223633,37.060001373291016,33.696380615234375,25619400,0.0,False
2020-03-10,37.56999969482422,38.119998931884766,35.79999923706055,37.400001525878906,34.005523681640625,17840900,0.0,False
2020-03-11,36.4900016784668,36.810001373291016,33.029998779296875,33.459999084472656,30.423118591308594,38069500,0.0,False
2020-03-12,30.200000762939453,32.130001068115234,24.670000076293945,24.670000076293945,22.4309139251709,84076500,0.0,False
2020-03-13,29.299999237060547,29.68000030517578,19.520000457763672,22.170000076293945,20.157817840576172,63825300,0.0,False
2020-03-16,19.799999237060547,27.850000381469727,19.790000915527344,26.68000030517578,24.258481979370117,83778400,0.0,False
2020-03-17,27.010000228881836,33.11000061035156,27.010000228881836,32.9900016784668,29.995779037475586,47502500,0.0,False
2020-03-18,30.6200008392334,32.68000030517578,24.709999084472656,24.850000381469727,22.594575881958008,53793400,0.0,False
2020-03-19,25.06999969482422,31.809999465942383,24.049999237060547,25.81999969482422,23.476537704467773,41747600,0.0,False
2020-03-20,28.56999969482422,28.68000030517578,24.5,24.65999984741211,22.42182159423828,30456700,0.0,False
2020-03-23,26.489999771118164,28.68000030517578,25.579999923706055,27.06999969482422,24.61308479309082,35069600,0.0,False
2020-03-24,31.860000610351562,32.470001220703125,29.940000534057617,32.130001068115234,29.21383285522461,58308000,0.0,False
2020-03-25,31.489999771118164,35.400001525878906,30.709999084472656,33.470001220703125,30.432214736938477,42510000,0.0,False
2020-03-26,34.709999084472656,35.2400016784668,31.760000228881836,32.7400016784668,29.768468856811523,22168300,0.0,False
2020-03-27,31.479999542236328,31.989999771118164,29.0,29.90999984741211,27.19532012939453,35161200,0.0,False
2020-03-30,30.260000228881836,31.3700008392334,27.549999237060547,29.059999465942383,26.422470092773438,22814200,0.0,False
2020-03-31,28.610000610351562,29.969999313354492,27.729999542236328,28.100000381469727,25.549602508544922,21698800,0.0,False
2020-04-01,28.020000457763672,29.540000915527344,28.020000457763672,29.18000030517578,26.531578063964844,17055100,0.0,False
2020-04-02,30.059999465942383,31.350000381469727,30.0,30.350000381469727,27.595388412475586,20453200,0.0,False
2020-04-03,30.479999542236328,31.25,29.709999084472656,29.709999084472656,27.01347541809082,13216300,0.0,False
2020-04-06,31.5,32.849998474121094,30.950000762939453,32.560001373291016,29.604806900024414,42470600,0.0,False
2020-04-07,32.88999938964844,33.209999084472656,31.469999313354492,31.8700008392334,28.97743034362793,16167000,0.0,False
2020-04-08,32.33000183105469,32.970001220703125,32.099998474121094,32.56999969482422,29.6138973236084,8671200,0.0,False
2020-04-09,34.34000015258789,35.79999923706055,34.02000045776367,35.650001525878906,32.41435623168945,22848100,0.0,False
2020-04-13,35.58000183105469,39.04999923706055,33.220001220703125,38.529998779296875,35.032958984375,24748300,0.0,False
2020-04-14,39.29999923706055,41.41999816894531,37.52000045776367,38.529998779296875,35.032958984375,20806900,0.0,False
2020-04-15,36.849998474121094,38.529998779296875,36.34000015258789,37.41999816894531,34.023704528808594,17759700,0.0,False
2020-04-16,37.709999084472656,38.83000183105469,37.08000183105469,38.20000076293945,34.73291015625,14576200,0.0,False
2020-04-17,37.099998474121094,37.83000183105469,36.18000030517578,36.369998931884766,33.069000244140625,17156400,0.0,False
2020-04-20,36.58000183105469,38.349998474121094,36.540000915527344,37.95000076293945,34.50559997558594,14043100,0.0,False
2020-04-21,36.20000076293945,37.7599983215332,36.20000076293945,37.220001220703125,33.84185791015625,9091200,0.0,False
2020-04-22,38.72999954223633,40.16999816894531,38.709999084472656,40.029998779296875,36.39681625366211,17319300,0.0,False
2020-04-23,40.86000061035156,43.18000030517578,40.41999816894531,41.11000061035156,37.3787956237793,20507200,0.0,False
2020-04-24,42.04999923706055,42.41999816894531,40.08000183105469,41.70000076293945,37.91524124145508,11976900,0.0,False
2020-04-27,41.869998931884766,42.130001068115234,40.540000915527344,41.790000915527344,37.9970817565918,10587200,0.0,False
2020-04-28,41.630001068115234,42.11000061035156,40.75,41.68000030517578,37.89706039428711,9147800,0.0,False
2020-04-29,41.43000030517578,43.0099983215332,41.130001068115234,42.869998931884766,38.97904968261719,10621100,0.0,False
2020-04-30,41.75,42.52000045776367,40.18000030517578,40.36000061035156,36.69686508178711,18280700,0.0,False
2020-05-01,39.349998474121094,41.47999954223633,39.06999969482422,41.29999923706055,37.551551818847656,10879600,0.0,False
2020-05-04,41.720001220703125,42.36000061035156,41.5,41.970001220703125,38.160743713378906,9274500,0.0,False
2020-05-05,42.0,42.86000061035156,40.84000015258789,42.560001373291016,38.69719314575195,9111800,0.0,False
2020-05-06,41.61000061035156,42.06999969482422,40.86000061035156,41.220001220703125,37.47880935668945,11943600,0.0,False
2020-05-07,41.91999816894531,43.900001525878906,41.45000076293945,43.400001525878906,39.46095657348633,13275200,0.0,False
2020-05-08,43.16999816894531,44.04999923706055,42.65999984741211,43.09000015258789,39.17908477783203,8750700,0.0,False
2020-05-11,43.13999938964844,43.34000015258789,41.58000183105469,41.880001068115234,38.07890701293945,11356700,0.0,False
2020-05-12,42.47999954223633,43.689998626708984,41.86000061035156,42.2599983215332,38.424415588378906,8211600,0.0,False
2020-05-13,42.869998931884766,43.209999084472656,41.400001525878906,42.279998779296875,38.44260025024414,10054400,0.0,False
2020-05-14,41.849998474121094,43.61000061035156,41.79999923706055,43.34000015258789,39.406394958496094,10101200,0.0,False
2020-05-15,44.59000015258789,45.970001220703125,44.279998779296875,45.91999816894531,41.75222396850586,14583000,0.0,False
2020-05-18,46.91999816894531,47.060001373291016,45.220001220703125,45.939998626708984,41.77041244506836,10426500,0.0,False
2020-05-19,46.720001220703125,48.56999969482422,46.560001373291016,48.119998931884766,43.7525520324707,14503800,0.0,False
2020-05-20,48.2599983215332,50.369998931884766,47.439998626708984,47.959999084472656,43.60707473754883,7405800,0.0,False
2020-05-21,47.209999084472656,47.290000915527344,45.79999923706055,46.66999816894531,42.43415451049805,9094400,0.0,False
2020-05-22,47.09000015258789,47.81999969482422,46.41999816894531,46.43000030517578,42.215946197509766,6347800,0.0,False
2020-05-26,46.630001068115234,46.63999938964844,44.7400016784668,44.869998931884766,40.79752731323242,9729100,0.0,False
2020-05-27,43.5,44.939998626708984,42.91999816894531,44.880001068115234,40.80662536621094,11705100,0.0,False
2020-05-28,45.70000076293945,46.16999816894531,44.369998931884766,44.90999984741211,40.833900451660156,8457500,0.0,False
2020-05-29,46.13999938964844,46.47999954223633,45.560001373291016,46.08000183105469,41.897708892822266,9264700,0.0,False
2020-06-01,46.7599983215332,48.0099983215332,46.529998779296875,47.900001525878906,43.55252456665039,9880200,0.0,False
2020-06-02,48.2599983215332,48.310001373291016,45.95000076293945,46.0,41.82496643066406,13517700,0.0,False
2020-06-03,44.65999984741211,45.33000183105469,43.880001068115234,44.459999084472656,40.424739837646484,10396700,0.0,False
2020-06-04,45.36000061035156,45.7400016784668,44.5,45.279998779296875,41.170318603515625,7077200,0.0,False
2020-06-05,43.68000030517578,44.5099983215332,42.93000030517578,44.380001068115234,40.35200881958008,13128200,0.0,False
2020-06-08,44.630001068115234,45.18000030517578,44.02000045776367,45.119998931884766,41.024837493896484,5724400,0.0,False
2020-06-09,45.290000915527344,45.720001220703125,44.560001373291016,44.7400016784668,40.6793327331543,6314000,0.0,False
2020-06-10,45.5,47.11000061035156,43.9900016784668,47.08000183105469,42.806949615478516,13015000,0.0,False
2020-06-11,46.540000915527344,47.08000183105469,43.400001525878906,43.970001220703125,39.97922134399414,15988500,0.0,False
2020-06-12,44.9900016784668,45.529998779296875,43.619998931884766,43.84000015258789,39.86101531982422,7420800,0.0,False
2020-06-15,42.33000183105469,45.369998931884766,41.93000030517578,45.099998474121094,41.00665283203125,11184400,0.0,False
2020-06-16,45.0,45.220001220703125,43.290000915527344,43.459999084472656,39.5155029296875,11618500,0.0,False
2020-06-17,43.77000045776367,44.400001525878906,43.540000915527344,43.970001220703125,39.97922134399414,5641000,0.0,False
2020-06-18,43.439998626708984,44.04999923706055,42.95000076293945,43.189998626708984,39.27000045776367,7477500,0.0,False
2020-06-19,44.0,45.45000076293945,43.630001068115234,44.790000915527344,40.724796295166016,11821500,0.0,False
2020-06-22,46.08000183105469,47.459999084472656,45.93000030517578,46.9900016784668,42.725120544433594,12758600,0.0,False
2020-06-23,47.90999984741211,48.400001525878906,47.38999938964844,47.9900016784668,43.63435363769531,8195300,0.0,False
2020-06-24,47.36000061035156,48.11000061035156,45.970001220703125,46.560001373291016,42.33414840698242,10644200,0.0,False
2020-06-25,46.63999938964844,46.97999954223633,45.790000915527344,46.93000030517578,42.670562744140625,5355000,0.0,False
2020-06-26,46.31999969482422,47.540000915527344,45.5099983215332,47.38999938964844,43.08880615234375,8345800,0.0,False
2020-06-29,47.5,48.04999923706055,47.06999969482422,48.0,43.6434440612793,6545200,0.0,False
2020-06-30,47.7400016784668,49.810001373291016,47.5099983215332,49.58000183105469,45.08004379272461,11124400,0.0,False
2020-07-01,49.599998474121094,49.630001068115234,48.11000061035156,49.459999084472656,44.97093200683594,8273000,0.0,False
2020-07-02,49.209999084472656,50.63999938964844,49.060001373291016,49.130001068115234,44.67088317871094,8952600,0.0,False
2020-07-06,50.13999938964844,50.790000915527344,49.61000061035156,50.41999816894531,45.84379959106445,7786800,0.0,False
2020-07-07,50.130001068115234,52.029998779296875,50.04999923706055,51.720001220703125,47.02581787109375,11359700,0.0,False
2020-07-08,53.04999923706055,53.95000076293945,52.31999969482422,53.52000045776367,48.66244125366211,10730500,0.0,False
2020-07-09,53.900001525878906,54.560001373291016,52.029998779296875,53.310001373291016,48.47150421142578,9626600,0.0,False
2020-07-10,53.91999816894531,54.04999923706055,52.38999938964844,53.029998779296875,48.2169189453125,6446500,0.0,False
2020-07-13,54.13999938964844,54.40999984741211,51.119998931884766,51.34000015258789,46.68030548095703,9992300,0.0,False
2020-07-14,51.29999923706055,53.5,51.040000915527344,53.38999938964844,48.54424285888672,8475400,0.0,False
2020-07-15,53.38999938964844,53.95000076293945,52.349998474121094,53.88999938964844,48.998863220214844,6761900,0.0,False
2020-07-16,53.220001220703125,53.810001373291016,52.25,52.630001068115234,47.85322189331055,6546400,0.0,False
2020-07-17,53.54999923706055,55.0,53.150001525878906,54.83000183105469,49.85354995727539,9983900,0.0,False
2020-07-20,55.52000045776367,56.869998931884766,55.380001068115234,56.599998474121094,51.46289825439453,9408900,0.0,False
2020-07-21,58.459999084472656,59.04999923706055,57.150001525878906,57.959999084472656,52.699459075927734,11951700,0.0,False
2020-07-22,58.849998474121094,59.91999816894531,58.38999938964844,59.61000061035156,54.19970703125,10804200,0.0,False
2020-07-23,59.45000076293945,60.34000015258789,56.75,57.709999084472656,52.47215270996094,13880500,0.0,False
2020-07-24,58.65999984741211,59.34000015258789,57.88999938964844,59.15999984741211,53.79054641723633,9820000,0.0,False
2020-07-27,61.939998626708984,63.310001373291016,61.369998931884766,62.58000183105469,56.900146484375,14549100,0.0,False
2020-07-28,61.4900016784668,62.70000076293945,60.810001373291016,61.779998779296875,56.17274856567383,9204700,0.0,False
2020-07-29,61.63999938964844,62.689998626708984,59.720001220703125,61.599998474121094,56.009090423583984,11387400,0.0,False
2020-07-30,59.439998626708984,60.47999954223633,58.040000915527344,58.900001525878906,53.55414581298828,11639900,0.0,False
2020-07-31,59.709999084472656,61.04999923706055,59.40999984741211,60.439998626708984,54.95437240600586,9369100,0.0,False
2020-08-03,60.470001220703125,60.70000076293945,59.029998779296875,60.209999084472656,54.745243072509766,7925800,0.0,False
2020-08-04,60.130001068115234,63.25,59.61000061035156,63.16999816894531,57.43659210205078,10273400,0.0,False
2020-08-05,64.9000015258789,65.94999694824219,62.939998626708984,64.05000305175781,58.236724853515625,10791600,0.0,False
2020-08-06,65.0999984741211,65.43000030517578,62.619998931884766,63.630001068115234,57.85484313964844,9330300,0.0,False
2020-08-07,62.04999923706055,62.31999969482422,60.029998779296875,60.95000076293945,55.41808319091797,11555000,0.0,False
2020-08-10,61.709999084472656,63.38999938964844,60.43000030517578,60.650001525878906,55.14531707763672,6944300,0.0,False
2020-08-11,56.790000915527344,58.54999923706055,54.939998626708984,55.189998626708984,50.180870056152344,22144600,0.0,False
2020-08-12,57.33000183105469,57.68000030517578,55.689998626708984,55.83000183105469,50.76278305053711,11732200,0.0,False
2020-08-13,57.0,58.900001525878906,56.619998931884766,58.31999969482422,53.02678298950195,10803500,0.0,False
2020-08-14,58.439998626708984,58.68000030517578,56.959999084472656,57.97999954223633,52.7176513671875,5674500,0.0,False
2020-08-17,60.16999816894531,61.599998474121094,59.88999938964844,61.54999923706055,55.963623046875,11885200,0.0,False
2020-08-18,62.88999938964844,62.90999984741211,59.83000183105469,60.709999084472656,55.19987106323242,7270400,0.0,False
2020-08-19,60.13999938964844,60.29999923706055,57.470001220703125,57.880001068115234,52.6267204284668,10876500,0.0,False
2020-08-20,57.790000915527344,59.209999084472656,57.40999984741211,58.9900016784668,53.63597869873047,7191900,0.0,False
2020-08-21,57.56999969482422,57.88999938964844,56.59000015258789,57.20000076293945,52.00844192504883,9329200,0.0,False
2020-08-24,58.31999969482422,58.47999954223633,56.880001068115234,57.060001373291016,51.88114929199219,8008600,0.0,False
2020-08-25,56.779998779296875,56.97999954223633,55.11000061035156,56.900001525878906,51.73566436767578,7510500,0.0,False
2020-08-26,56.150001525878906,58.779998779296875,56.150001525878906,58.58000183105469,53.26319122314453,9077800,0.0,False
2020-08-27,59.75,59.849998474121094,56.310001373291016,57.279998779296875,52.081180572509766,9533300,0.0,False
2020-08-28,58.790000915527344,60.0,58.279998779296875,59.790000915527344,54.363372802734375,10060300,0.0,False
2020-08-31,60.0,60.93000030517578,59.61000061035156,60.189998626708984,54.72705841064453,7443100,0.0,False
2020-09-01,61.5,61.5099983215332,58.650001525878906,59.33000183105469,53.94511795043945,9188400,0.0,False
2020-09-02,58.81999969482422,59.16999816894531,57.31999969482422,59.060001373291016,53.69962692260742,8754700,0.0,False
2020-09-03,58.560001373291016,59.34000015258789,56.84000015258789,58.72999954223633,53.399574279785156,10676500,0.0,False
2020-09-04,58.380001068115234,58.619998931884766,55.880001068115234,58.34000015258789,53.04497528076172,11651200,0.0,False
2020-09-08,56.31999969482422,58.66999816894531,55.650001525878906,57.2599983215332,52.06298828125,9117100,0.0,False
2020-09-09,57.95000076293945,60.06999969482422,57.95000076293945,59.880001068115234,54.445194244384766,9224000,0.0,False
2020-09-10,60.54999923706055,60.939998626708984,58.599998474121094,58.90999984741211,53.56324005126953,9154000,0.0,False
2020-09-11,59.52000045776367,60.220001220703125,57.90999984741211,58.15999984741211,52.881317138671875,6950200,0.0,False
2020-09-14,59.29999923706055,61.400001525878906,59.29999923706055,61.34000015258789,55.77268600463867,11046500,0.0,False
2020-09-15,62.68000030517578,62.720001220703125,61.02000045776367,61.380001068115234,55.809059143066406,9601600,0.0,False
2020-09-16,62.63999938964844,62.689998626708984,61.369998931884766,61.79999923706055,56.19093704223633,9287400,0.0,False
2020-09-17,60.060001373291016,61.369998931884766,59.54999923706055,60.970001220703125,55.43627166748047,7669700,0.0,False
2020-09-18,61.41999816894531,62.099998474121094,60.41999816894531,60.61000061035156,55.10894012451172,7699100,0.0,False
2020-09-21,58.31999969482422,59.2599983215332,56.880001068115234,57.45000076293945,52.23575210571289,14900000,0.0,False
2020-09-22,57.369998931884766,57.97999954223633,56.56999969482422,57.54999923706055,52.32667541503906,7092600,0.0,False
2020-09-23,56.06999969482422,56.310001373291016,52.58000183105469,53.119998931884766,48.298744201660156,17712400,0.0,False
2020-09-24,52.31999969482422,55.2599983215332,51.91999816894531,54.84000015258789,49.862640380859375,13386500,0.0,False
2020-09-25,53.93000030517578,54.790000915527344,53.20000076293945,54.22999954223633,49.30800247192383,6515200,0.0,False
2020-09-28,55.31999969482422,55.68000030517578,54.400001525878906,55.2599983215332,50.24451446533203,7269200,0.0,False
2020-09-29,55.43000030517578,56.36000061035156,55.29999923706055,56.11000061035156,51.01736831665039,6649300,0.0,False
2020-09-30,55.58000183105469,56.06999969482422,54.810001373291016,55.36000061035156,50.335445404052734,6812300,0.0,False
2020-10-01,56.209999084472656,56.95000076293945,55.61000061035156,56.310001373291016,51.19921875,6960000,0.0,False
2020-10-02,55.52000045776367,56.33000183105469,54.97999954223633,55.31999969482422,50.299072265625,6796200,0.0,False
2020-10-05,55.880001068115234,57.0,55.77000045776367,56.58000183105469,51.44471740722656,7441300,0.0,False
2020-10-06,57.22999954223633,57.5,54.529998779296875,54.65999984741211,49.698978424072266,9081600,0.0,False
2020-10-07,55.470001220703125,56.0,54.880001068115234,55.27000045776367,50.25360870361328,4177200,0.0,False
2020-10-08,55.90999984741211,56.65999984741211,55.560001373291016,56.4900016784668,51.362884521484375,5344400,0.0,False
2020-10-09,57.849998474121094,59.59000015258789,57.81999969482422,59.5,54.09968566894531,10792000,0.0,False
2020-10-12,59.130001068115234,59.84000015258789,58.59000015258789,59.22999954223633,53.85419845581055,4400000,0.0,False
2020-10-13,58.0099983215332,58.689998626708984,57.08000183105469,58.25,52.96314239501953,6906300,0.0,False
2020-10-14,59.2400016784668,60.09000015258789,58.7599983215332,59.45000076293945,54.054229736328125,9296100,0.0,False
2020-10-15,58.02000045776367,59.13999938964844,57.959999084472656,58.5,53.19044876098633,5309000,0.0,False
2020-10-16,58.59000015258789,58.869998931884766,57.61000061035156,57.66999816894531,52.4357795715332,4484200,0.0,False
2020-10-19,58.599998474121094,58.599998474121094,56.68000030517578,56.7400016784668,51.59019088745117,6910300,0.0,False
2020-10-20,56.7400016784668,57.75,56.31999969482422,57.34000015258789,52.1357307434082,8329500,0.0,False
2020-10-21,57.83000183105469,58.970001220703125,57.75,58.18000030517578,52.89949417114258,5451300,0.0,False
2020-10-22,57.220001220703125,57.45000076293945,56.13999938964844,57.119998931884766,51.935699462890625,7506200,0.0,False
2020-10-23,57.11000061035156,57.11000061035156,55.83000183105469,56.439998626708984,51.31741714477539,6399400,0.0,False
2020-10-26,55.91999816894531,56.849998474121094,55.150001525878906,55.25,50.23542404174805,7652200,0.0,False
2020-10-27,55.09000015258789,56.290000915527344,54.88999938964844,56.189998626708984,51.09010696411133,9639400,0.0,False
2020-10-28,54.40999984741211,54.650001525878906,51.77000045776367,52.029998779296875,47.30767822265625,15350600,0.0,False
2020-10-29,51.400001525878906,53.11000061035156,51.27000045776367,52.630001068115234,47.85322189331055,6699000,0.0,False
2020-10-30,53.349998474121094,53.529998779296875,51.7599983215332,53.209999084472656,48.380577087402344,8726800,0.0,False
2020-11-02,54.0,54.959999084472656,53.220001220703125,54.849998474121094,49.87173080444336,10909900,0.0,False
2020-11-03,55.650001525878906,56.349998474121094,55.13999938964844,55.790000915527344,50.72641372680664,7028000,0.0,False
2020-11-04,55.86000061035156,55.91999816894531,53.959999084472656,54.20000076293945,49.28072738647461,9330300,0.0,False
2020-11-05,56.36000061035156,59.7400016784668,56.29999923706055,59.5,54.09968566894531,16843900,0.0,False
2020-11-06,60.13999938964844,60.290000915527344,58.939998626708984,59.63999938964844,54.22698211669922,8010400,0.0,False
2020-11-09,56.81999969482422,56.81999969482422,54.790000915527344,56.0099983215332,50.92644500732422,14962000,0.0,False
2020-11-10,56.02000045776367,56.20000076293945,53.939998626708984,54.0099983215332,49.10797119140625,9053000,0.0,False
2020-11-11,53.27000045776367,53.540000915527344,52.599998474121094,52.88999938964844,48.089622497558594,7536600,0.0,False
2020-11-12,53.380001068115234,54.599998474121094,53.34000015258789,53.4900016784668,48.63516616821289,6465000,0.0,False
2020-11-13,55.08000183105469,55.130001068115234,54.15999984741211,54.58000183105469,49.62623596191406,5860600,0.0,False
2020-11-16,54.36000061035156,55.029998779296875,53.84000015258789,54.209999084472656,49.28981399536133,5677300,0.0,False
2020-11-17,53.66999816894531,53.75,52.84000015258789,53.060001373291016,48.24419403076172,7089800,0.0,False
2020-11-18,52.88999938964844,53.11000061035156,51.54999923706055,51.630001068115234,46.94397735595703,8673400,0.0,False
2020-11-19,50.959999084472656,51.970001220703125,50.720001220703125,51.54999923706055,46.871246337890625,7706400,0.0,False
2020-11-20,52.09000015258789,52.7599983215332,51.56999969482422,51.88999938964844,47.18038558959961,8086800,0.0,False
2020-11-23,51.29999923706055,51.369998931884766,49.4900016784668,49.560001373291016,45.061859130859375,10504100,0.0,False
2020-11-24,47.779998779296875,48.66999816894531,47.68000030517578,48.099998474121094,43.7343635559082,10133400,0.0,False
2020-11-25,48.70000076293945,49.459999084472656,48.54999923706055,49.130001068115234,44.67088317871094,8484400,0.0,False
2020-11-27,48.130001068115234,49.630001068115234,48.099998474121094,49.61000061035156,45.107322692871094,4008100,0.0,False
2020-11-30,48.97999954223633,50.06999969482422,48.380001068115234,50.029998779296875,45.489200592041016,6737100,0.0,False
2020-12-01,51.90999984741211,52.7599983215332,51.029998779296875,52.709999084472656,47.92595672607422,12087800,0.0,False
2020-12-02,52.599998474121094,52.77000045776367,51.79999923706055,52.56999969482422,47.79866409301758,8370800,0.0,False
2020-12-03,52.83000183105469,52.83000183105469,51.56999969482422,52.150001525878906,47.416786193847656,5002000,0.0,False
2020-12-04,52.099998474121094,52.52000045776367,51.38999938964844,51.619998931884766,46.93488693237305,5418700,0.0,False
2020-12-07,51.540000915527344,54.22999954223633,51.529998779296875,53.68000030517578,48.80792236328125,7751400,0.0,False
2020-12-08,53.79999923706055,53.86000061035156,52.959999084472656,53.11000061035156,48.289649963378906,3665200,0.0,False
2020-12-09,52.52000045776367,52.83000183105469,50.810001373291016,51.439998626708984,46.77122116088867,8206000,0.0,False
2020-12-10,51.400001525878906,52.459999084472656,51.130001068115234,51.5099983215332,46.83487319946289,4991800,0.0,False
2020-12-11,51.58000183105469,51.939998626708984,50.900001525878906,51.06999969482422,46.434810638427734,5516900,0.0,False
2020-12-14,50.79999923706055,51.529998779296875,49.77000045776367,49.84000015258789,45.316444396972656,7128400,0.0,False
2020-12-15,50.869998931884766,52.029998779296875,50.790000915527344,51.959999084472656,47.24402618408203,9424100,0.0,False
2020-12-16,52.16999816894531,53.290000915527344,51.58000183105469,53.27000045776367,48.43513107299805,7498500,0.0,False
2020-12-17,54.70000076293945,55.959999084472656,54.5,55.63999938964844,50.59002685546875,9735800,0.0,False
2020-12-18,55.459999084472656,55.58000183105469,54.34000015258789,54.41999816894531,49.480751037597656,6917100,0.0,False
2020-12-21,53.59000015258789,54.75,53.43000030517578,54.25,50.113525390625,7124100,0.0,False
2020-12-22,53.849998474121094,53.97999954223633,51.630001068115234,51.880001068115234,47.92423629760742,10760100,0.0,False
2020-12-23,52.47999954223633,53.400001525878906,52.47999954223633,53.279998779296875,49.21748733520508,5490200,0.0,False
2020-12-24,52.970001220703125,53.68000030517578,52.7599983215332,53.349998474121094,49.28215026855469,2495100,0.0,False
2020-12-28,54.45000076293945,55.0,53.11000061035156,53.209999084472656,49.15282440185547,5401600,0.0,False
2020-12-29,53.599998474121094,54.08000183105469,52.7400016784668,53.02000045776367,48.97731399536133,6130300,0.0,False
2020-12-30,53.22999954223633,54.849998474121094,53.15999984741211,54.810001373291016,50.630828857421875,7742200,0.0,False
2020-12-31,54.959999084472656,55.119998931884766,53.72999954223633,54.2400016784668,50.10429000854492,6064800,0.0,False
2021-01-04,57.09000015258789,58.400001525878906,56.380001068115234,58.04999923706055,53.623783111572266,16375900,0.0,False
2021-01-05,58.5099983215332,58.54999923706055,57.310001373291016,58.13999938964844,53.70692443847656,6995200,0.0,False
2021-01-06,57.27000045776367,58.0099983215332,56.16999816894531,57.790000915527344,53.383609771728516,8785100,0.0,False
2021-01-07,57.290000915527344,57.59000015258789,56.400001525878906,57.02000045776367,52.67231750488281,5534600,0.0,False
2021-01-08,55.70000076293945,55.790000915527344,52.529998779296875,53.65999984741211,49.56850814819336,15663400,0.0,False
2021-01-11,52.599998474121094,53.40999984741211,52.36000061035156,52.47999954223633,48.478492736816406,9084200,0.0,False
2021-01-12,52.63999938964844,52.7400016784668,51.459999084472656,52.65999984741211,48.64476013183594,7008600,0.0,False
2021-01-13,52.36000061035156,52.95000076293945,51.84000015258789,51.88999938964844,47.9334716796875,5106400,0.0,False
2021-01-14,52.06999969482422,52.70000076293945,51.619998931884766,51.88999938964844,47.9334716796875,5916200,0.0,False
2021-01-15,51.18000030517578,51.27000045776367,49.33000183105469,49.349998474121094,45.58714294433594,11379500,0.0,False
2021-01-19,50.439998626708984,50.599998474121094,49.54999923706055,50.029998779296875,46.215293884277344,5851700,0.0,False
2021-01-20,50.97999954223633,52.34000015258789,50.790000915527344,52.060001373291016,48.090511322021484,9149700,0.0,False
2021-01-21,52.099998474121094,52.13999938964844,50.790000915527344,51.369998931884766,47.45311737060547,5877500,0.0,False
2021-01-22,49.849998474121094,50.84000015258789,49.31999969482422,50.34000015258789,46.50165939331055,6376100,0.0,False
2021-01-25,50.650001525878906,51.02000045776367,49.470001220703125,49.91999816894531,46.11368179321289,5981800,0.0,False
2021-01-26,49.97999954223633,50.72999954223633,49.779998779296875,50.040000915527344,46.22453308105469,3199800,0.0,False
2021-01-27,49.22999954223633,49.33000183105469,47.59000015258789,48.0099983215332,44.34931945800781,9143700,0.0,False
2021-01-28,50.11000061035156,51.439998626708984,48.88999938964844,50.20000076293945,46.372337341308594,10815400,0.0,False
2021-01-29,51.9900016784668,52.310001373291016,49.88999938964844,50.08000183105469,46.2614860534668,7036700,0.0,False
2021-02-01,53.209999084472656,54.31999969482422,51.86000061035156,52.959999084472656,48.9218864440918,13503300,0.0,False
2021-02-02,51.33000183105469,51.47999954223633,50.060001373291016,50.20000076293945,46.372337341308594,11261900,0.0,False
2021-02-03,50.599998474121094,50.86000061035156,50.099998474121094,50.41999816894531,46.57555389404297,2946400,0.0,False
2021-02-04,48.86000061035156,49.52000045776367,48.279998779296875,49.41999816894531,45.65180587768555,7147800,0.0,False
2021-02-05,49.90999984741211,50.529998779296875,49.43000030517578,50.369998931884766,46.52936935424805,6066000,0.0,False
2021-02-08,51.29999923706055,51.63999938964844,50.7400016784668,51.18000030517578,47.277610778808594,5241400,0.0,False
2021-02-09,51.4900016784668,51.5,50.38999938964844,50.81999969482422,46.9450569152832,5012300,0.0,False
2021-02-10,51.52000045776367,51.66999816894531,50.38999938964844,51.02000045776367,47.12981033325195,3671500,0.0,False
2021-02-11,51.20000076293945,51.470001220703125,49.7599983215332,50.099998474121094,46.27995681762695,6300600,0.0,False
2021-02-12,49.630001068115234,51.0099983215332,49.25,50.25,46.418521881103516,5842700,0.0,False
2021-02-16,49.150001525878906,50.380001068115234,49.09000015258789,49.27000045776367,45.51324462890625,6958800,0.0,False
2021-02-17,48.43000030517578,48.4900016784668,47.86000061035156,48.18000030517578,44.50635528564453,6750200,0.0,False
2021-02-18,48.09000015258789,48.54999923706055,47.040000915527344,47.29999923706055,43.69345474243164,5947700,0.0,False
2021-02-19,47.72999954223633,48.130001068115234,47.20000076293945,47.540000915527344,43.915157318115234,5347000,0.0,False
2021-02-22,48.290000915527344,50.650001525878906,48.20000076293945,50.310001373291016,46.47394561767578,11878700,0.0,False
2021-02-23,49.68000030517578,49.709999084472656,47.90999984741211,49.34000015258789,45.57790756225586,7474700,0.0,False
2021-02-24,48.4900016784668,50.38999938964844,48.119998931884766,50.130001068115234,46.30767059326172,5888700,0.0,False
2021-02-25,48.88999938964844,49.790000915527344,47.349998474121094,47.43000030517578,43.813541412353516,11519900,0.0,False
2021-02-26,47.349998474121094,47.540000915527344,45.06999969482422,45.7599983215332,42.2708740234375,11658200,0.0,False
2021-03-01,46.540000915527344,46.7400016784668,44.869998931884766,44.9900016784668,41.55958938598633,7067700,0.0,False
2021-03-02,45.099998474121094,46.869998931884766,45.09000015258789,46.56999969482422,43.019107818603516,8381900,0.0,False
2021-03-03,45.66999816894531,45.900001525878906,44.380001068115234,45.290000915527344,41.83671569824219,7256900,0.0,False
2021-03-04,45.43000030517578,46.47999954223633,44.119998931884766,45.06999969482422,41.633487701416016,8937300,0.0,False
2021-03-05,45.2400016784668,45.689998626708984,44.0,45.61000061035156,42.13231658935547,8384100,0.0,False
2021-03-08,45.130001068115234,45.56999969482422,44.61000061035156,44.70000076293945,41.29170227050781,6387500,0.0,False
2021-03-09,46.540000915527344,47.189998626708984,45.88999938964844,46.400001525878906,42.86207962036133,8418700,0.0,False
2021-03-10,46.630001068115234,46.72999954223633,46.02000045776367,46.41999816894531,42.88054656982422,5538200,0.0,False
2021-03-11,46.75,47.36000061035156,46.43000030517578,47.189998626708984,43.59183883666992,4775900,0.0,False
2021-03-12,45.84000015258789,47.38999938964844,45.63999938964844,47.099998474121094,43.508705139160156,6378300,0.0,False
2021-03-15,47.470001220703125,48.099998474121094,47.29999923706055,48.040000915527344,44.37702941894531,6080500,0.0,False
2021-03-16,47.939998626708984,48.029998779296875,47.279998779296875,47.59000015258789,43.961341857910156,4998700,0.0,False
2021-03-17,47.15999984741211,49.25,46.83000183105469,48.7400016784668,45.023658752441406,8666500,0.0,False
2021-03-18,47.790000915527344,48.869998931884766,47.540000915527344,47.779998779296875,44.1368522644043,6602200,0.0,False
2021-03-19,47.88999938964844,48.65999984741211,47.689998626708984,48.56999969482422,44.866615295410156,5998400,0.0,False
2021-03-22,48.060001373291016,48.70000076293945,47.650001525878906,47.720001220703125,44.08142852783203,6144000,0.0,False
2021-03-23,47.189998626708984,47.349998474121094,45.72999954223633,45.790000915527344,42.29859161376953,8277700,0.0,False
2021-03-24,46.0,46.25,45.18000030517578,45.189998626708984,41.74433517456055,4745400,0.0,False
2021-03-25,45.15999984741211,45.66999816894531,44.66999816894531,45.22999954223633,41.78128433227539,3963400,0.0,False
2021-03-26,45.189998626708984,45.939998626708984,45.099998474121094,45.93000030517578,42.427913665771484,3786000,0.0,False
2021-03-29,45.380001068115234,45.59000015258789,44.47999954223633,45.56999969482422,42.095359802246094,4835600,0.0,False
2021-03-30,44.11000061035156,44.439998626708984,43.2400016784668,43.54999923706055,40.22938537597656,8896500,0.0,False
2021-03-31,43.7400016784668,45.470001220703125,43.689998626708984,45.0099983215332,41.578060150146484,15931100,0.0,False
2021-04-01,45.810001373291016,46.7599983215332,45.68000030517578,46.720001220703125,43.157676696777344,8104700,0.0,False
2021-04-05,46.81999969482422,47.29999923706055,46.380001068115234,46.720001220703125,43.157676696777344,6319500,0.0,False
2021-04-06,47.130001068115234,48.33000183105469,47.130001068115234,47.90999984741211,44.25694274902344,8933800,0.0,False
2021-04-07,47.68000030517578,47.83000183105469,47.08000183105469,47.189998626708984,43.59183883666992,6559600,0.0,False
2021-04-08,48.150001525878906,49.040000915527344,48.06999969482422,48.86000061035156,45.13450622558594,6649700,0.0,False
2021-04-09,47.95000076293945,48.97999954223633,47.79999923706055,48.650001525878906,44.94051742553711,4678600,0.0,False
2021-04-12,48.189998626708984,48.38999938964844,47.189998626708984,47.36000061035156,43.74888229370117,4999700,0.0,False
2021-04-13,48.029998779296875,48.88999938964844,47.959999084472656,48.4900016784668,44.792720794677734,4463800,0.0,False
2021-04-14,48.310001373291016,48.619998931884766,47.689998626708984,47.810001373291016,44.16456604003906,3778000,0.0,False
2021-04-15,48.5,50.11000061035156,48.29999923706055,49.790000915527344,45.993595123291016,7548900,0.0,False
2021-04-16,50.40999984741211,50.43000030517578,49.790000915527344,50.31999969482422,46.48318099975586,5213900,0.0,False
2021-04-19,50.099998474121094,50.2400016784668,49.16999816894531,49.36000061035156,45.59638214111328,4842500,0.0,False
2021-04-20,49.11000061035156,49.959999084472656,49.02000045776367,49.90999984741211,46.10444641113281,3443200,0.0,False
2021-04-21,49.91999816894531,51.189998626708984,49.709999084472656,51.130001068115234,47.231422424316406,6599700,0.0,False
2021-04-22,50.68000030517578,50.97999954223633,49.720001220703125,49.95000076293945,46.14139175415039,5698700,0.0,False
2021-04-23,50.400001525878906,50.72999954223633,49.63999938964844,49.689998626708984,45.901222229003906,3815100,0.0,False
2021-04-26,49.970001220703125,50.040000915527344,49.41999816894531,49.72999954223633,45.938167572021484,2152300,0.0,False
2021-04-27,49.90999984741211,50.130001068115234,48.7599983215332,48.84000015258789,45.116031646728516,4265800,0.0,False
2021-04-28,48.220001220703125,49.56999969482422,47.95000076293945,49.34000015258789,45.57790756225586,4764600,0.0,False
2021-04-29,48.77000045776367,48.810001373291016,47.66999816894531,48.22999954223633,44.55254364013672,9010900,0.0,False
2021-04-30,47.959999084472656,48.349998474121094,47.369998931884766,47.45000076293945,43.83201599121094,5081700,0.0,False
2021-05-03,48.369998931884766,49.79999923706055,48.2599983215332,49.540000915527344,45.76266098022461,8624600,0.0,False
2021-05-04,49.459999084472656,50.369998931884766,48.13999938964844,48.47999954223633,44.78348159790039,7894500,0.0,False
2021-05-05,48.650001525878906,48.7400016784668,48.08000183105469,48.709999084472656,44.995941162109375,3752800,0.0,False
2021-05-06,49.09000015258789,51.09000015258789,49.040000915527344,50.40999984741211,46.566322326660156,12303600,0.0,False
2021-05-07,51.41999816894531,51.7599983215332,50.79999923706055,51.470001220703125,47.54549789428711,8602000,0.0,False
2021-05-10,52.599998474121094,52.650001525878906,50.810001373291016,50.869998931884766,46.99124526977539,6223400,0.0,False
2021-05-11,49.84000015258789,51.560001373291016,49.56999969482422,51.560001373291016,47.62863540649414,5949000,0.0,False
2021-05-12,51.13999938964844,51.70000076293945,49.939998626708984,50.06999969482422,46.25224304199219,8613900,0.0,False
2021-05-13,49.88999938964844,50.25,49.2599983215332,49.47999954223633,45.70723342895508,5144100,0.0,False
2021-05-14,50.02000045776367,51.18000030517578,50.02000045776367,51.11000061035156,47.212947845458984,8361900,0.0,False
2021-05-17,51.56999969482422,54.36000061035156,51.41999816894531,53.810001373291016,49.70707702636719,12842500,0.0,False
2021-05-18,54.22999954223633,54.38999938964844,53.11000061035156,53.880001068115234,49.7717399597168,6111000,0.0,False
2021-05-19,53.2599983215332,54.45000076293945,52.40999984741211,53.099998474121094,49.051212310791016,9879300,0.0,False
2021-05-20,53.459999084472656,54.279998779296875,53.09000015258789,54.0099983215332,49.89182662963867,5953500,0.0,False
2021-05-21,54.2400016784668,54.529998779296875,53.2400016784668,53.869998931884766,49.76250076293945,5183100,0.0,False
2021-05-24,54.11000061035156,54.52000045776367,53.880001068115234,54.31999969482422,50.178184509277344,3931100,0.0,False
2021-05-25,54.15999984741211,54.88999938964844,53.369998931884766,54.470001220703125,50.316749572753906,6913900,0.0,False
2021-05-26,54.619998931884766,55.2599983215332,53.93000030517578,54.18000030517578,50.048866271972656,6566600,0.0,False
2021-05-27,54.08000183105469,54.34000015258789,53.619998931884766,54.09000015258789,49.96572494506836,5580400,0.0,False
2021-05-28,53.849998474121094,54.7400016784668,53.65999984741211,54.709999084472656,50.5384521484375,4661200,0.0,False
2021-06-01,55.2599983215332,55.790000915527344,54.70000076293945,54.88999938964844,50.70472717285156,7171600,0.0,False
2021-06-02,55.22999954223633,55.529998779296875,54.72999954223633,55.18000030517578,50.972618103027344,4317100,0.0,False
2021-06-03,53.650001525878906,53.650001525878906,52.599998474121094,52.650001525878906,48.63552474975586,10947700,0.0,False
2021-06-04,53.33000183105469,53.9900016784668,53.2599983215332,53.68000030517578,49.58699417114258,5426300,0.0,False
2021-06-07,53.380001068115234,53.81999969482422,52.95000076293945,53.61000061035156,49.52232360839844,4998900,0.0,False
2021-06-08,53.08000183105469,53.58000183105469,52.77000045776367,52.810001373291016,48.783329010009766,4550800,0.0,False
2021-06-09,53.099998474121094,53.52000045776367,52.619998931884766,52.68000030517578,48.663238525390625,3408600,0.0,False
2021-06-10,52.81999969482422,54.369998931884766,52.45000076293945,54.31999969482422,50.178184509277344,8597300,0.0,False
2021-06-11,53.900001525878906,54.209999084472656,53.13999938964844,53.209999084472656,49.15282440185547,6374800,0.0,False
2021-06-14,52.20000076293945,53.4900016784668,52.029998779296875,52.9900016784668,48.94960021972656,4871100,0.0,False
2021-06-15,53.029998779296875,53.09000015258789,52.02000045776367,52.279998779296875,48.29373550415039,5223600,0.0,False
2021-06-16,52.27000045776367,52.939998626708984,51.209999084472656,51.220001220703125,47.31455993652344,7715300,0.0,False
2021-06-17,49.54999923706055,50.29999923706055,48.59000015258789,48.790000915527344,45.06984329223633,13435000,0.0,False
2021-06-18,48.790000915527344,49.43000030517578,47.66999816894531,47.72999954223633,44.090667724609375,7429900,0.0,False
2021-06-21,48.349998474121094,48.59000015258789,47.61000061035156,48.31999969482422,44.635677337646484,6421200,0.0,False
2021-06-22,47.93000030517578,48.22999954223633,47.68000030517578,47.88999938964844,44.23846435546875,6784300,0.0,False
2021-06-23,48.470001220703125,49.0,47.560001373291016,47.56999969482422,43.94286346435547,8553300,0.0,False
2021-06-24,48.27000045776367,48.380001068115234,47.56999969482422,47.869998931884766,44.21998977661133,3380500,0.0,False
2021-06-25,48.540000915527344,48.599998474121094,47.33000183105469,47.43000030517578,43.813541412353516,3964200,0.0,False
2021-06-28,47.220001220703125,47.43000030517578,46.189998626708984,46.40999984741211,42.871315002441406,6398100,0.0,False
2021-06-29,45.630001068115234,46.470001220703125,45.5099983215332,45.83000183105469,42.335540771484375,6362700,0.0,False
2021-06-30,45.790000915527344,46.970001220703125,45.68000030517578,46.75,43.18539047241211,5153300,0.0,False
2021-07-01,47.31999969482422,47.34000015258789,46.18000030517578,46.68000030517578,43.120723724365234,2821700,0.0,False
2021-07-02,47.41999816894531,47.720001220703125,46.720001220703125,47.459999084472656,43.84125518798828,4851100,0.0,False
2021-07-06,48.22999954223633,48.380001068115234,46.650001525878906,47.029998779296875,43.44403839111328,7315100,0.0,False
2021-07-07,47.33000183105469,47.45000076293945,46.4900016784668,46.88999938964844,43.31471633911133,3998200,0.0,False
2021-07-08,46.869998931884766,47.040000915527344,45.25,45.529998779296875,42.058406829833984,6525800,0.0,False
2021-07-09,45.810001373291016,46.810001373291016,45.7599983215332,46.619998931884766,43.0652961730957,5690400,0.0,False
2021-07-12,46.31999969482422,46.7400016784668,45.5,45.54999923706055,42.07688903808594,8696000,0.0,False
2021-07-13,45.59000015258789,46.90999984741211,45.52000045776367,45.90999984741211,42.4094352722168,6412800,0.0,False
2021-07-14,47.0099983215332,47.22999954223633,46.33000183105469,46.720001220703125,43.157676696777344,7186500,0.0,False
2021-07-15,46.79999923706055,46.97999954223633,46.38999938964844,46.77000045776367,43.20386505126953,4114100,0.0,False
2021-07-16,46.5,46.5099983215332,44.77000045776367,44.869998931884766,41.448734283447266,8811100,0.0,False
2021-07-19,44.130001068115234,44.439998626708984,43.060001373291016,43.380001068115234,40.07234573364258,8016000,0.0,False
2021-07-20,43.599998474121094,44.150001525878906,43.150001525878906,43.5099983215332,40.19242858886719,4402500,0.0,False
2021-07-21,43.220001220703125,44.70000076293945,43.06999969482422,44.5,41.10694885253906,6563800,0.0,False
2021-07-22,44.45000076293945,44.4900016784668,43.560001373291016,44.060001373291016,40.700496673583984,3367800,0.0,False
2021-07-23,43.95000076293945,44.119998931884766,43.38999938964844,43.630001068115234,40.30328369140625,3304300,0.0,False
2021-07-26,43.59000015258789,44.630001068115234,43.470001220703125,44.310001373291016,40.931434631347656,4506600,0.0,False
2021-07-27,44.18000030517578,44.29999923706055,43.43000030517578,44.0099983215332,40.6543083190918,4190500,0.0,False
2021-07-28,43.72999954223633,44.9900016784668,43.70000076293945,44.95000076293945,41.522640228271484,5562900,0.0,False
2021-07-29,45.900001525878906,46.58000183105469,45.720001220703125,46.11000061035156,42.59419250488281,7487600,0.0,False
2021-07-30,45.720001220703125,46.369998931884766,45.31999969482422,45.83000183105469,42.335540771484375,4209200,0.0,False
2021-08-02,45.849998474121094,45.97999954223633,45.459999084472656,45.61000061035156,42.13231658935547,2833600,0.0,False
2021-08-03,45.70000076293945,46.0,45.369998931884766,45.97999954223633,42.474098205566406,3999800,0.0,False
2021-08-04,46.5099983215332,47.099998474121094,45.31999969482422,45.400001525878906,41.938331604003906,4906100,0.0,False
2021-08-05,45.4900016784668,45.619998931884766,44.630001068115234,44.77000045776367,41.356361389160156,4754500,0.0,False
2021-08-06,43.540000915527344,43.939998626708984,42.97999954223633,43.599998474121094,40.27557373046875,7685300,0.0,False
2021-08-09,42.9900016784668,43.15999984741211,41.939998626708984,41.97999954223633,38.77909469604492,10359700,0.0,False
2021-08-10,41.93000030517578,42.189998626708984,41.439998626708984,41.63999938964844,38.465023040771484,6209400,0.0,False
2021-08-11,42.22999954223633,42.939998626708984,42.18000030517578,42.68000030517578,39.42572021484375,6853700,0.0,False
2021-08-12,42.40999984741211,42.45000076293945,41.5099983215332,41.849998474121094,38.65900802612305,6312300,0.0,False
2021-08-13,42.43000030517578,43.04999923706055,42.290000915527344,42.849998474121094,39.582759857177734,8257000,0.0,False
2021-08-16,42.68000030517578,42.939998626708984,42.220001220703125,42.400001525878906,39.167076110839844,5001100,0.0,False
2021-08-17,42.18000030517578,42.4900016784668,41.16999816894531,41.5099983215332,38.34492492675781,5448200,0.0,False
2021-08-18,41.630001068115234,41.70000076293945,40.29999923706055,40.7599983215332,37.65211486816406,5758200,0.0,False
2021-08-19,40.66999816894531,40.709999084472656,39.63999938964844,39.810001373291016,36.77455139160156,7777400,0.0,False
2021-08-20,39.65999984741211,40.15999984741211,39.5099983215332,39.689998626708984,36.6637077331543,3373900,0.0,False
2021-08-23,40.849998474121094,42.15999984741211,40.7599983215332,41.88999938964844,38.69595718383789,11482100,0.0,False
2021-08-24,42.150001525878906,42.310001373291016,41.72999954223633,42.119998931884766,38.90842056274414,3143900,0.0,False
2021-08-25,41.869998931884766,41.869998931884766,41.09000015258789,41.43000030517578,38.27103042602539,5615200,0.0,False
2021-08-26,41.09000015258789,41.86000061035156,40.959999084472656,41.150001525878906,38.01237869262695,3350100,0.0,False
2021-08-27,41.08000183105469,43.290000915527344,41.0,43.08000183105469,39.79521942138672,11067800,0.0,False
2021-08-30,43.150001525878906,43.29999923706055,42.27000045776367,42.45000076293945,39.21326446533203,5182800,0.0,False
2021-08-31,42.59000015258789,43.20000076293945,42.41999816894531,43.11000061035156,39.822933197021484,6687700,0.0,False
2021-09-01,43.369998931884766,43.5,42.72999954223633,42.83000183105469,39.56428527832031,3998600,0.0,False
2021-09-02,42.810001373291016,43.08000183105469,42.40999984741211,42.619998931884766,39.37029266357422,4013800,0.0,False
2021-09-03,43.41999816894531,44.38999938964844,43.36000061035156,43.97999954223633,40.6265983581543,9247800,0.0,False
2021-09-07,43.349998474121094,43.65999984741211,42.31999969482422,42.349998474121094,39.12088394165039,9018100,0.0,False
2021-09-08,42.369998931884766,42.41999816894531,41.619998931884766,42.08000183105469,38.8714714050293,4949400,0.0,False
2021-09-09,42.439998626708984,42.45000076293945,41.33000183105469,41.599998474121094,38.42806625366211,7303100,0.0,False
2021-09-10,41.790000915527344,41.880001068115234,40.83000183105469,40.90999984741211,37.79067611694336,5750800,0.0,False
2021-09-13,41.150001525878906,42.75,41.02000045776367,42.369998931884766,39.13935470581055,12349000,0.0,False
2021-09-14,42.54999923706055,42.88999938964844,42.0099983215332,42.54999923706055,39.30563735961914,4372800,0.0,False
2021-09-15,42.15999984741211,42.869998931884766,42.099998474121094,42.5,39.25944900512695,4285300,0.0,False
2021-09-16,41.20000076293945,41.27000045776367,40.16999816894531,40.83000183105469,37.71678161621094,11147700,0.0,False
2021-09-17,40.58000183105469,40.709999084472656,40.13999938964844,40.47999954223633,37.39346694946289,6402600,0.0,False
2021-09-20,39.939998626708984,40.02000045776367,39.29999923706055,39.91999816894531,36.876163482666016,7358000,0.0,False
2021-09-21,40.369998931884766,40.709999084472656,39.7400016784668,39.86000061035156,36.82073974609375,4949000,0.0,False
2021-09-22,40.13999938964844,41.220001220703125,39.97999954223633,40.02000045776367,36.96854019165039,7266200,0.0,False
2021-09-23,39.84000015258789,39.97999954223633,39.15999984741211,39.16999816894531,36.183353424072266,6219900,0.0,False
2021-09-24,38.880001068115234,39.38999938964844,38.619998931884766,38.93000030517578,35.96165084838867,3588800,0.0,False
2021-09-27,39.04999923706055,39.7400016784668,38.81999969482422,38.88999938964844,35.924705505371094,5077100,0.0,False
2021-09-28,38.45000076293945,38.75,38.02000045776367,38.5099983215332,35.573673248291016,5957800,0.0,False
2021-09-29,38.40999984741211,38.5,37.310001373291016,37.41999816894531,34.5667839050293,8413000,0.0,False
2021-09-30,37.91999816894531,38.97999954223633,37.709999084472656,38.34000015258789,35.4166374206543,7370300,0.0,False
2021-10-01,38.619998931884766,38.630001068115234,37.970001220703125,38.349998474121094,35.425872802734375,3115500,0.0,False
2021-10-04,38.380001068115234,39.2400016784668,38.369998931884766,38.7599983215332,35.80461120605469,5718100,0.0,False
2021-10-05,38.630001068115234,39.220001220703125,38.09000015258789,39.18000030517578,36.19259262084961,4901000,0.0,False
2021-10-06,38.86000061035156,39.9900016784668,38.709999084472656,39.959999084472656,36.91311264038086,6611300,0.0,False
2021-10-07,39.810001373291016,40.779998779296875,39.7400016784668,40.18000030517578,37.11634063720703,6379300,0.0,False
2021-10-08,41.31999969482422,41.59000015258789,40.599998474121094,40.779998779296875,37.67059326171875,7462300,0.0,False
2021-10-11,40.90999984741211,41.56999969482422,40.61000061035156,40.619998931884766,37.522789001464844,3410900,0.0,False
2021-10-12,40.84000015258789,41.7599983215332,40.65999984741211,41.70000076293945,38.520442962646484,9112300,0.0,False
2021-10-13,42.0,43.34000015258789,41.959999084472656,43.150001525878906,39.859886169433594,9090600,0.0,False
2021-10-14,43.790000915527344,44.060001373291016,43.470001220703125,43.9900016784668,40.63583755493164,5919600,0.0,False
2021-10-15,43.20000076293945,44.150001525878906,42.83000183105469,43.58000183105469,40.25709533691406,6563300,0.0,False
2021-10-18,43.56999969482422,43.68000030517578,43.060001373291016,43.06999969482422,39.78598403930664,4990200,0.0,False
2021-10-19,44.11000061035156,44.16999816894531,43.150001525878906,43.41999816894531,40.109291076660156,5798000,0.0,False
2021-10-20,43.97999954223633,44.7599983215332,43.650001525878906,44.25,40.876014709472656,6416400,0.0,False
2021-10-21,44.06999969482422,44.220001220703125,43.689998626708984,43.91999816894531,40.571170806884766,4259700,0.0,False
2021-10-22,44.56999969482422,45.72999954223633,44.029998779296875,44.439998626708984,41.0515251159668,7901000,0.0,False
2021-10-25,45.04999923706055,45.75,44.7599983215332,45.470001220703125,42.002986907958984,6298400,0.0,False
2021-10-26,45.04999923706055,45.310001373291016,44.77000045776367,45.25,41.799766540527344,5227900,0.0,False
2021-10-27,45.08000183105469,45.52000045776367,44.81999969482422,45.04999923706055,41.61500930786133,4766000,0.0,False
2021-10-28,45.09000015258789,45.27000045776367,44.38999938964844,44.470001220703125,41.0792350769043,4312100,0.0,False
2021-10-29,43.77000045776367,43.88999938964844,43.13999938964844,43.27000045776367,39.970733642578125,6723900,0.0,False
2021-11-01,43.470001220703125,43.849998474121094,42.849998474121094,43.650001525878906,40.3217658996582,3991600,0.0,False
2021-11-02,43.33000183105469,43.33000183105469,42.43000030517578,42.880001068115234,39.6104736328125,5829700,0.0,False
2021-11-03,42.29999923706055,43.7599983215332,42.119998931884766,43.54999923706055,40.22938537597656,6128700,0.0,False
2021-11-04,44.150001525878906,44.68000030517578,43.2400016784668,43.279998779296875,39.9799690246582,4513900,0.0,False
2021-11-05,43.72999954223633,44.75,43.25,44.75,41.337886810302734,7939900,0.0,False
2021-11-08,45.11000061035156,45.400001525878906,44.88999938964844,45.189998626708984,41.74433517456055,5307500,0.0,False
2021-11-09,45.400001525878906,46.0099983215332,44.75,45.93000030517578,42.427913665771484,6383400,0.0,False
2021-11-10,47.029998779296875,47.439998626708984,46.119998931884766,46.459999084472656,42.91749954223633,9374200,0.0,False
2021-11-11,47.369998931884766,48.040000915527344,47.04999923706055,47.869998931884766,44.21998977661133,8624700,0.0,False
2021-11-12,47.72999954223633,48.25,47.20000076293945,47.9900016784668,44.330841064453125,7172700,0.0,False
2021-11-15,47.95000076293945,48.11000061035156,47.33000183105469,47.93000030517578,44.27541732788086,3918900,0.0,False
2021-11-16,47.83000183105469,48.16999816894531,46.88999938964844,46.959999084472656,43.37937927246094,6902000,0.0,False
2021-11-17,47.459999084472656,48.029998779296875,47.130001068115234,47.380001068115234,43.76735305786133,5046700,0.0,False
2021-11-18,47.25,47.599998474121094,46.7599983215332,46.95000076293945,43.370140075683594,3550100,0.0,False
2021-11-19,46.93000030517578,47.2599983215332,45.88999938964844,45.91999816894531,42.418670654296875,6502900,0.0,False
2021-11-22,45.0,45.65999984741211,44.22999954223633,44.900001525878906,41.4764518737793,9422200,0.0,False
2021-11-23,43.9900016784668,44.52000045776367,43.43000030517578,43.97999954223633,40.6265983581543,6855200,0.0,False
2021-11-24,43.540000915527344,44.290000915527344,43.4900016784668,44.11000061035156,40.74668502807617,4108300,0.0,False
2021-11-26,44.2599983215332,44.2599983215332,42.16999816894531,42.91999816894531,39.64741897583008,7768600,0.0,False
2021-11-29,42.91999816894531,43.18000030517578,42.459999084472656,43.09000015258789,39.80445861816406,4496300,0.0,False
2021-11-30,43.15999984741211,44.209999084472656,42.18000030517578,42.689998626708984,39.434959411621094,8948000,0.0,False
2021-12-01,43.09000015258789,43.540000915527344,40.93000030517578,41.08000183105469,37.94771957397461,11745300,0.0,False
2021-12-02,41.11000061035156,41.15999984741211,39.900001525878906,40.599998474121094,37.50431823730469,7400500,0.0,False
2021-12-03,40.689998626708984,40.75,39.779998779296875,40.59000015258789,37.495086669921875,8502400,0.0,False
2021-12-06,40.380001068115234,41.119998931884766,39.9900016784668,41.060001373291016,37.92924118041992,6149000,0.0,False
2021-12-07,41.119998931884766,42.08000183105469,41.119998931884766,41.7599983215332,38.57586669921875,8900800,0.0,False
2021-12-08,41.68000030517578,42.11000061035156,41.4900016784668,41.97999954223633,38.77909469604492,4529800,0.0,False
2021-12-09,41.66999816894531,41.70000076293945,40.58000183105469,40.72999954223633,37.62440490722656,6461600,0.0,False
2021-12-10,41.25,41.2599983215332,40.41999816894531,40.56999969482422,37.476600646972656,5044000,0.0,False
2021-12-13,40.810001373291016,41.13999938964844,40.31999969482422,40.470001220703125,37.38422775268555,4465500,0.0,False
2021-12-14,39.58000183105469,40.33000183105469,39.470001220703125,39.540000915527344,36.525146484375,7360600,0.0,False
2021-12-15,39.41999816894531,39.41999816894531,37.86000061035156,38.95000076293945,35.980125427246094,18198500,0.0,False
2021-12-16,39.7400016784668,40.97999954223633,39.720001220703125,40.95000076293945,37.82762908935547,11073100,0.0,False
2021-12-17,41.060001373291016,41.439998626708984,40.459999084472656,40.47999954223633,37.39346694946289,7667400,0.0,False
2021-12-20,39.70000076293945,39.900001525878906,39.099998474121094,39.869998931884766,37.520511627197266,6330500,0.0,False
2021-12-21,40.380001068115234,40.59000015258789,39.88999938964844,40.43000030517578,38.04751205444336,4429200,0.0,False
2021-12-22,40.650001525878906,41.34000015258789,40.13999938964844,41.290000915527344,38.856834411621094,5484900,0.0,False
2021-12-23,41.33000183105469,41.7400016784668,40.869998931884766,41.61000061035156,39.15797424316406,4877800,0.0,False
2021-12-27,41.619998931884766,41.939998626708984,41.29999923706055,41.529998779296875,39.08268737792969,3039900,0.0,False
2021-12-28,41.56999969482422,42.04999923706055,41.02000045776367,41.04999923706055,38.63097381591797,4062800,0.0,False
2021-12-29,40.61000061035156,41.470001220703125,40.61000061035156,40.959999084472656,38.5462760925293,3378500,0.0,False
2021-12-30,40.93000030517578,41.619998931884766,40.90999984741211,41.54999923706055,39.101505279541016,4325800,0.0,False
2021-12-31,41.77000045776367,42.0,41.470001220703125,41.93000030517578,39.4591178894043,3639800,0.0,False
2022-01-03,41.27000045776367,41.4900016784668,40.95000076293945,41.029998779296875,38.61215591430664,6289900,0.0,False
2022-01-04,41.34000015258789,42.029998779296875,41.130001068115234,41.36000061035156,38.92271041870117,4475800,0.0,False
2022-01-05,41.650001525878906,42.220001220703125,40.20000076293945,40.31999969482422,37.94399642944336,8230100,0.0,False
2022-01-06,39.400001525878906,39.779998779296875,38.77000045776367,38.77000045776367,36.48533248901367,9988900,0.0,False
2022-01-07,39.099998474121094,39.41999816894531,38.630001068115234,39.2400016784668,36.92763900756836,5560100,0.0,False
2022-01-10,38.95000076293945,39.630001068115234,38.470001220703125,39.619998931884766,37.285240173339844,5275700,0.0,False
2022-01-11,39.70000076293945,40.7400016784668,39.29999923706055,40.709999084472656,38.31100845336914,7455800,0.0,False
2022-01-12,40.810001373291016,41.63999938964844,40.630001068115234,41.61000061035156,39.15797424316406,6151300,0.0,False
2022-01-13,41.459999084472656,41.709999084472656,40.95000076293945,40.9900016784668,38.57451629638672,4697500,0.0,False
2022-01-14,41.13999938964844,41.13999938964844,40.130001068115234,40.470001220703125,38.08515548706055,8123800,0.0,False
2022-01-18,40.279998779296875,40.91999816894531,39.849998474121094,40.02000045776367,37.66167068481445,6591200,0.0,False
2022-01-19,40.619998931884766,43.040000915527344,40.5,42.88999938964844,40.362545013427734,18958700,0.0,False
2022-01-20,43.290000915527344,43.400001525878906,42.25,42.33000183105469,39.835548400878906,9469900,0.0,False
2022-01-21,42.470001220703125,42.47999954223633,40.880001068115234,41.060001373291016,38.64038848876953,10133100,0.0,False
2022-01-24,40.61000061035156,40.61000061035156,39.029998779296875,40.40999984741211,38.0286865234375,11090000,0.0,False
2022-01-25,39.7599983215332,41.06999969482422,39.349998474121094,40.810001373291016,38.405120849609375,9117600,0.0,False
2022-01-26,40.349998474121094,40.83000183105469,38.38999938964844,38.869998931884766,36.579437255859375,13987900,0.0,False
2022-01-27,38.15999984741211,38.810001373291016,37.45000076293945,37.459999084472656,35.25252914428711,10823100,0.0,False
2022-01-28,37.189998626708984,37.2599983215332,36.54999923706055,37.130001068115234,34.94197463989258,7545700,0.0,False
2022-01-31,37.470001220703125,38.380001068115234,37.2599983215332,38.33000183105469,36.07126235961914,7145300,0.0,False
2022-02-01,38.779998779296875,39.209999084472656,38.20000076293945,38.880001068115234,36.58885192871094,5615000,0.0,False
2022-02-02,39.099998474121094,39.36000061035156,38.43000030517578,38.720001220703125,36.43827819824219,4958300,0.0,False
2022-02-03,38.25,38.47999954223633,37.41999816894531,37.779998779296875,35.55366897583008,6760700,0.0,False
2022-02-04,37.630001068115234,38.38999938964844,37.59000015258789,38.18000030517578,35.93009948730469,4828600,0.0,False
2022-02-07,38.5,39.939998626708984,38.400001525878906,39.720001220703125,37.379356384277344,7730500,0.0,False
2022-02-08,39.4900016784668,40.119998931884766,39.349998474121094,40.099998474121094,37.73695755004883,4810800,0.0,False
2022-02-09,40.31999969482422,40.58000183105469,39.869998931884766,40.02000045776367,37.66167068481445,5921000,0.0,False
2022-02-10,39.650001525878906,40.720001220703125,38.86000061035156,39.08000183105469,36.77706527709961,9230100,0.0,False
2022-02-11,39.16999816894531,41.810001373291016,39.119998931884766,41.41999816894531,38.97917175292969,16857400,0.0,False
2022-02-14,41.58000183105469,42.0099983215332,41.29999923706055,41.959999084472656,39.48735046386719,6882900,0.0,False
2022-02-15,40.869998931884766,41.630001068115234,40.279998779296875,41.470001220703125,39.02622604370117,6642300,0.0,False
2022-02-16,41.630001068115234,42.83000183105469,41.630001068115234,42.66999816894531,40.15550994873047,7428600,0.0,False
2022-02-17,43.2599983215332,43.970001220703125,42.7400016784668,43.47999954223633,40.91777801513672,11343500,0.0,False
2022-02-18,43.310001373291016,43.40999984741211,42.40999984741211,42.7599983215332,40.240203857421875,9791000,0.0,False
2022-02-22,42.869998931884766,43.060001373291016,41.880001068115234,42.13999938964844,39.65673828125,6548500,0.0,False
2022-02-23,42.16999816894531,43.790000915527344,42.16999816894531,43.400001525878906,40.84249496459961,9452000,0.0,False
2022-02-24,45.13999938964844,45.15999984741211,41.72999954223633,42.40999984741211,39.91083526611328,17046000,0.0,False
2022-02-25,41.970001220703125,43.040000915527344,41.619998931884766,42.91999816894531,40.390777587890625,6624300,0.0,False
2022-02-28,43.650001525878906,43.650001525878906,42.619998931884766,43.130001068115234,40.588401794433594,6124400,0.0,False
2022-03-01,43.56999969482422,45.36000061035156,43.43000030517578,45.34000015258789,42.66817092895508,11603700,0.0,False
2022-03-02,44.70000076293945,45.290000915527344,44.380001068115234,45.150001525878906,42.48936462402344,9275600,0.0,False
2022-03-03,45.150001525878906,45.400001525878906,44.40999984741211,45.36000061035156,42.68699264526367,5832400,0.0,False
2022-03-04,45.599998474121094,46.790000915527344,45.52000045776367,46.56999969482422,43.82568359375,9628400,0.0,False
2022-03-07,46.79999923706055,48.040000915527344,46.470001220703125,47.560001373291016,44.757347106933594,12153200,0.0,False
2022-03-08,48.41999816894531,50.290000915527344,47.2599983215332,47.970001220703125,45.1431884765625,20233300,0.0,False
2022-03-09,46.18000030517578,47.880001068115234,46.02000045776367,47.560001373291016,44.757347106933594,10539200,0.0,False
2022-03-10,47.93000030517578,48.86000061035156,47.72999954223633,48.560001373291016,45.69842529296875,11004200,0.0,False
2022-03-11,47.47999954223633,48.220001220703125,47.220001220703125,47.63999938964844,44.83263397216797,8813200,0.0,False
2022-03-14,46.83000183105469,46.9900016784668,45.029998779296875,45.31999969482422,42.649349212646484,14117300,0.0,False
2022-03-15,44.400001525878906,46.470001220703125,44.16999816894531,45.810001373291016,43.1104736328125,7728100,0.0,False
2022-03-16,45.709999084472656,46.15999984741211,44.61000061035156,46.11000061035156,43.39279556274414,8243700,0.0,False
2022-03-17,46.59000015258789,48.41999816894531,46.59000015258789,47.4900016784668,44.69147491455078,12164400,0.0,False
2022-03-18,46.97999954223633,47.599998474121094,46.43000030517578,47.060001373291016,44.28681564331055,9253600,0.0,False
2022-03-21,47.13999938964844,48.47999954223633,47.06999969482422,47.9900016784668,45.16200637817383,8865500,0.0,False
2022-03-22,47.4900016784668,47.709999084472656,46.54999923706055,47.11000061035156,44.333866119384766,7058800,0.0,False
2022-03-23,47.47999954223633,48.36000061035156,47.119998931884766,48.33000183105469,45.48197937011719,7914300,0.0,False
2022-03-24,48.47999954223633,49.22999954223633,47.95000076293945,48.04999923706055,45.21847152709961,6664800,0.0,False
2022-03-25,47.83000183105469,48.34000015258789,47.599998474121094,48.2599983215332,45.416099548339844,4252700,0.0,False
2022-03-28,47.279998779296875,47.52000045776367,46.150001525878906,46.279998779296875,43.55277633666992,9704800,0.0,False
2022-03-29,45.41999816894531,46.97999954223633,45.060001373291016,46.939998626708984,44.17388153076172,5502900,0.0,False
2022-03-30,47.11000061035156,47.93000030517578,46.84000015258789,47.220001220703125,44.437381744384766,4681900,0.0,False
2022-03-31,47.43000030517578,47.779998779296875,46.84000015258789,46.869998931884766,44.108009338378906,4402100,0.0,False
2022-04-01,46.61000061035156,48.22999954223633,46.52000045776367,48.20000076293945,45.35963439941406,8033400,0.0,False
2022-04-04,48.70000076293945,48.88999938964844,47.68000030517578,48.220001220703125,45.37845993041992,3910100,0.0,False
2022-04-05,48.5099983215332,49.060001373291016,46.4900016784668,46.59000015258789,43.844512939453125,8776800,0.0,False
2022-04-06,46.709999084472656,46.9900016784668,45.88999938964844,46.400001525878906,43.665706634521484,4507400,0.0,False
2022-04-07,46.63999938964844,47.47999954223633,46.29999923706055,47.16999816894531,44.39032745361328,5331600,0.0,False
2022-04-08,47.349998474121094,48.66999816894531,47.349998474121094,48.41999816894531,45.56666564941406,6030300,0.0,False
2022-04-11,49.18000030517578,49.209999084472656,47.630001068115234,48.290000915527344,45.444332122802734,5678800,0.0,False
2022-04-12,49.130001068115234,49.97999954223633,48.59000015258789,48.970001220703125,46.084259033203125,6641900,0.0,False
2022-04-13,49.47999954223633,50.869998931884766,49.439998626708984,50.650001525878906,47.665260314941406,6640900,0.0,False
2022-04-14,50.54999923706055,51.099998474121094,50.029998779296875,51.029998779296875,48.022865295410156,5228800,0.0,False
2022-04-18,51.75,51.91999816894531,50.650001525878906,50.68000030517578,47.69348907470703,4952500,0.0,False
2022-04-19,49.91999816894531,50.279998779296875,49.0099983215332,49.31999969482422,46.41363525390625,6771200,0.0,False
2022-04-20,49.380001068115234,50.209999084472656,48.86000061035156,50.13999938964844,47.18531036376953,4138200,0.0,False
2022-04-21,49.189998626708984,49.310001373291016,46.88999938964844,47.36000061035156,44.56913757324219,10687100,0.0,False
2022-04-22,46.58000183105469,47.099998474121094,45.380001068115234,45.61000061035156,42.922264099121094,9443300,0.0,False
2022-04-25,43.970001220703125,44.45000076293945,42.790000915527344,43.88999938964844,41.30361557006836,10508800,0.0,False
2022-04-26,44.22999954223633,44.380001068115234,42.650001525878906,42.66999816894531,40.15550994873047,5824600,0.0,False
2022-04-27,42.709999084472656,43.29999923706055,42.33000183105469,42.369998931884766,39.87318801879883,4514300,0.0,False
2022-04-28,42.599998474121094,43.79999923706055,42.16999816894531,43.650001525878906,41.077762603759766,7123000,0.0,False
2022-04-29,44.09000015258789,44.400001525878906,42.939998626708984,42.95000076293945,40.419010162353516,5669600,0.0,False
2022-05-02,41.869998931884766,42.27000045776367,41.22999954223633,42.13999938964844,39.65673828125,7587000,0.0,False
2022-05-03,42.209999084472656,43.47999954223633,42.209999084472656,43.15999984741211,40.61663818359375,5477900,0.0,False
2022-05-04,42.83000183105469,44.09000015258789,42.209999084472656,43.939998626708984,41.350669860839844,7490400,0.0,False
2022-05-05,44.41999816894531,44.41999816894531,41.540000915527344,42.099998474121094,39.61909484863281,8625100,0.0,False
2022-05-06,42.04999923706055,42.310001373291016,41.25,41.45000076293945,39.00740051269531,5956800,0.0,False
2022-05-09,40.20000076293945,40.2599983215332,38.369998931884766,38.380001068115234,36.118316650390625,12436900,0.0,False
2022-05-10,39.16999816894531,39.560001373291016,37.15999984741211,37.689998626708984,35.46897506713867,7673800,0.0,False
2022-05-11,38.68000030517578,39.41999816894531,37.720001220703125,37.75,35.52544021606445,8021500,0.0,False
2022-05-12,36.79999923706055,36.90999984741211,35.08000183105469,35.70000076293945,33.59624099731445,12935800,0.0,False
2022-05-13,35.599998474121094,37.470001220703125,35.59000015258789,37.099998474121094,34.91374588012695,11496100,0.0,False
2022-05-16,37.11000061035156,37.619998931884766,36.869998931884766,37.459999084472656,35.25252914428711,5881000,0.0,False
2022-05-17,38.060001373291016,38.369998931884766,37.40999984741211,37.779998779296875,35.55366897583008,5790300,0.0,False
2022-05-18,37.810001373291016,37.970001220703125,36.900001525878906,36.97999954223633,34.800811767578125,5591000,0.0,False
2022-05-19,38.130001068115234,39.779998779296875,38.119998931884766,39.540000915527344,37.209957122802734,10792500,0.0,False
2022-05-20,39.599998474121094,39.70000076293945,38.630001068115234,39.09000015258789,36.786476135253906,5494800,0.0,False
2022-05-23,39.939998626708984,40.06999969482422,39.11000061035156,39.45000076293945,37.12526321411133,3996200,0.0,False
2022-05-24,39.79999923706055,40.540000915527344,39.310001373291016,40.27000045776367,37.896942138671875,5565700,0.0,False
2022-05-25,39.779998779296875,40.040000915527344,39.119998931884766,39.810001373291016,37.46404266357422,5438400,0.0,False
2022-05-26,39.45000076293945,40.2599983215332,39.36000061035156,39.66999816894531,37.33229446411133,4397800,0.0,False
2022-05-27,40.130001068115234,40.27000045776367,39.5,39.869998931884766,37.520511627197266,3706800,0.0,False
2022-05-31,40.18000030517578,40.650001525878906,38.90999984741211,39.209999084472656,36.8994026184082,7021600,0.0,False
2022-06-01,39.650001525878906,39.959999084472656,39.099998474121094,39.59000015258789,37.25700759887695,4562100,0.0,False
2022-06-02,40.09000015258789,42.189998626708984,40.060001373291016,41.970001220703125,39.49676513671875,9493800,0.0,False
2022-06-03,41.36000061035156,41.810001373291016,40.70000076293945,40.869998931884766,38.46158218383789,7042000,0.0,False
2022-06-06,41.38999938964844,41.560001373291016,39.91999816894531,40.130001068115234,37.76518630981445,4749000,0.0,False
2022-06-07,39.970001220703125,40.689998626708984,39.869998931884766,40.52000045776367,38.132205963134766,2731100,0.0,False
2022-06-08,40.13999938964844,40.56999969482422,39.720001220703125,40.130001068115234,37.76518630981445,3955800,0.0,False
2022-06-09,39.900001525878906,39.900001525878906,38.45000076293945,38.4900016784668,36.22183609008789,7249100,0.0,False
2022-06-10,37.970001220703125,40.540000915527344,37.43000030517578,40.310001373291016,37.9345817565918,11076900,0.0,False
2022-06-13,38.290000915527344,38.630001068115234,37.0,37.029998779296875,34.84786605834961,14172500,0.0,False
2022-06-14,37.04999923706055,37.08000183105469,35.66999816894531,36.06999969482422,33.94443893432617,7700900,0.0,False
2022-06-15,37.0,37.52000045776367,35.810001373291016,37.040000915527344,34.857276916503906,9130200,0.0,False
2022-06-16,36.43000030517578,37.810001373291016,35.810001373291016,37.5099983215332,35.29957962036133,7735100,0.0,False
2022-06-17,37.220001220703125,37.310001373291016,36.36000061035156,36.7599983215332,34.59377670288086,6255500,0.0,False
2022-06-21,36.77000045776367,37.43000030517578,36.349998474121094,36.75,34.58436584472656,4174300,0.0,False
2022-06-22,36.560001373291016,37.209999084472656,35.95000076293945,35.9900016784668,33.8691520690918,5629800,0.0,False
2022-06-23,35.81999969482422,36.0099983215332,33.97999954223633,34.29999923706055,32.278743743896484,10679200,0.0,False
2022-06-24,34.400001525878906,35.689998626708984,34.150001525878906,35.58000183105469,33.48331832885742,8599100,0.0,False
2022-06-27,35.16999816894531,35.369998931884766,34.52000045776367,35.2400016784668,33.16334915161133,8080100,0.0,False
2022-06-28,35.279998779296875,35.41999816894531,33.83000183105469,33.90999984741211,31.911724090576172,7063700,0.0,False
2022-06-29,34.400001525878906,34.400001525878906,32.959999084472656,33.2400016784668,31.28120994567871,5655900,0.0,False
2022-06-30,33.02000045776367,33.130001068115234,31.940000534057617,32.0,30.11427879333496,8133600,0.0,False
2022-07-01,31.440000534057617,33.27000045776367,31.229999542236328,33.04999923706055,31.102401733398438,9333600,0.0,False
2022-07-05,32.459999084472656,32.560001373291016,30.489999771118164,31.06999969482422,29.23908233642578,11897900,0.0,False
2022-07-06,31.0,31.290000915527344,29.81999969482422,30.670000076293945,28.862655639648438,8244700,0.0,False
2022-07-07,30.979999542236328,31.889999389648438,30.84000015258789,31.3700008392334,29.521406173706055,6398300,0.0,False
2022-07-08,31.3799991607666,31.809999465942383,30.729999542236328,31.209999084472656,29.370830535888672,5846900,0.0,False
2022-07-11,30.780000686645508,31.40999984741211,30.56999969482422,30.639999389648438,28.834423065185547,8467600,0.0,False
2022-07-12,30.639999389648438,31.040000915527344,29.940000534057617,30.209999084472656,28.429759979248047,8488500,0.0,False
2022-07-13,30.040000915527344,31.760000228881836,29.950000762939453,31.270000457763672,29.427297592163086,10685100,0.0,False
2022-07-14,29.90999984741211,30.190000534057617,28.8799991607666,30.020000457763672,28.250957489013672,12705500,0.0,False
2022-07-15,30.299999237060547,30.399999618530273,29.290000915527344,30.040000915527344,28.2697811126709,6692500,0.0,False
2022-07-18,30.600000381469727,31.100000381469727,30.3700008392334,30.3799991607666,28.589744567871094,6824000,0.0,False
2022-07-19,30.860000610351562,31.489999771118164,30.6200008392334,31.09000015258789,29.257905960083008,6861300,0.0,False
2022-07-20,31.1299991607666,31.43000030517578,30.280000686645508,30.299999237060547,28.51445960998535,6613300,0.0,False
2022-07-21,30.520000457763672,31.290000915527344,30.200000762939453,31.219999313354492,29.3802433013916,7876900,0.0,False
2022-07-22,31.40999984741211,32.38999938964844,30.729999542236328,30.780000686645508,28.96617317199707,8129800,0.0,False
2022-07-25,30.84000015258789,30.979999542236328,30.049999237060547,30.510000228881836,28.71208381652832,7778100,0.0,False
2022-07-26,30.520000457763672,31.079999923706055,30.420000076293945,30.8799991607666,29.060279846191406,4776600,0.0,False
2022-07-27,31.020000457763672,32.22999954223633,30.579999923706055,32.0099983215332,30.123687744140625,10424500,0.0,False
2022-07-28,32.93000030517578,33.54999923706055,32.459999084472656,33.099998474121094,31.149457931518555,11772800,0.0,False
2022-07-29,33.380001068115234,33.7400016784668,32.52000045776367,33.619998931884766,31.638813018798828,10648100,0.0,False
2022-08-01,33.599998474121094,33.83000183105469,33.15999984741211,33.5,31.525888442993164,5120500,0.0,False
2022-08-02,33.630001068115234,34.349998474121094,33.029998779296875,33.04999923706055,31.102401733398438,7021700,0.0,False
2022-08-03,33.369998931884766,33.40999984741211,32.20000076293945,32.47999954223633,30.565996170043945,8123800,0.0,False
2022-08-04,32.869998931884766,34.439998626708984,32.61000061035156,34.060001373291016,32.052886962890625,9978400,0.0,False
2022-08-05,32.9900016784668,33.77000045776367,32.56999969482422,33.7400016784668,31.751745223999023,7772600,0.0,False
2022-08-08,34.27000045776367,35.0099983215332,34.2400016784668,34.720001220703125,32.67399215698242,6734300,0.0,False
2022-08-09,34.81999969482422,34.900001525878906,33.880001068115234,34.349998474121094,32.3257942199707,5666800,0.0,False
2022-08-10,34.70000076293945,35.2599983215332,34.13999938964844,34.38999938964844,32.363441467285156,6535500,0.0,False
2022-08-11,34.529998779296875,34.72999954223633,33.61000061035156,33.650001525878906,31.667049407958984,6399600,0.0,False
2022-08-12,33.970001220703125,34.63999938964844,33.81999969482422,34.529998779296875,32.49518585205078,5985100,0.0,False
2022-08-15,33.58000183105469,33.779998779296875,33.150001525878906,33.689998626708984,31.70469093322754,6897100,0.0,False
2022-08-16,33.41999816894531,33.720001220703125,33.209999084472656,33.599998474121094,31.619991302490234,5863400,0.0,False
2022-08-17,33.22999954223633,33.29999923706055,31.989999771118164,32.08000183105469,30.18956756591797,10381800,0.0,False
2022-08-18,32.220001220703125,32.5,31.889999389648438,32.31999969482422,30.415422439575195,3443100,0.0,False
2022-08-19,31.989999771118164,32.029998779296875,31.280000686645508,31.329999923706055,29.483760833740234,5884100,0.0,False
2022-08-22,30.90999984741211,31.31999969482422,30.670000076293945,31.190000534057617,29.352012634277344,5666200,0.0,False
2022-08-23,31.18000030517578,32.529998779296875,31.15999984741211,31.84000015258789,29.963708877563477,7463800,0.0,False
2022-08-24,31.6200008392334,32.400001525878906,31.389999389648438,32.400001525878906,30.490711212158203,4460300,0.0,False
2022-08-25,32.65999984741211,32.75,32.18000030517578,32.61000061035156,30.688331604003906,3050600,0.0,False
2022-08-26,32.369998931884766,32.59000015258789,30.709999084472656,30.940000534057617,29.116744995117188,10838900,0.0,False
2022-08-29,30.75,31.350000381469727,30.389999389648438,30.540000915527344,28.740314483642578,6428300,0.0,False
2022-08-30,30.399999618530273,30.450000762939453,29.420000076293945,29.579999923706055,27.83688735961914,7693600,0.0,False
2022-08-31,29.520000457763672,30.049999237060547,29.3700008392334,29.610000610351562,27.8651180267334,7568300,0.0,False
2022-09-01,28.860000610351562,28.889999389648438,28.079999923706055,28.190000534057617,26.528799057006836,13439900,0.0,False
2022-09-02,28.84000015258789,29.760000228881836,28.459999084472656,29.290000915527344,27.56397819519043,10701900,0.0,False
2022-09-06,29.309999465942383,29.829999923706055,28.6200008392334,28.6200008392334,26.933460235595703,7599500,0.0,False
2022-09-07,28.639999389648438,30.110000610351562,28.3700008392334,29.969999313354492,28.203907012939453,9804900,0.0,False
2022-09-08,29.670000076293945,30.059999465942383,29.309999465942383,29.93000030517578,28.166263580322266,6739800,0.0,False
2022-09-09,30.309999465942383,31.139999389648438,30.299999237060547,31.139999389648438,29.304956436157227,7968400,0.0,False
2022-09-12,31.790000915527344,32.20000076293945,31.489999771118164,31.770000457763672,29.89783477783203,7572700,0.0,False
2022-09-13,30.59000015258789,31.360000610351562,30.239999771118164,30.25,28.467405319213867,10090300,0.0,False
2022-09-14,30.420000076293945,30.8799991607666,30.31999969482422,30.3700008392334,28.58033561706543,5615400,0.0,False
2022-09-15,30.010000228881836,30.469999313354492,29.09000015258789,29.31999969482422,27.592208862304688,11690900,0.0,False
2022-09-16,28.790000915527344,29.8799991607666,28.459999084472656,29.290000915527344,27.56397819519043,8210600,0.0,False
2022-09-19,28.770000457763672,30.040000915527344,28.639999389648438,30.040000915527344,28.2697811126709,8117400,0.0,False
2022-09-20,29.420000076293945,29.5,28.809999465942383,29.09000015258789,27.375761032104492,7377200,0.0,False
2022-09-21,29.360000610351562,30.280000686645508,28.68000030517578,29.229999542236328,27.507509231567383,9503900,0.0,False
2022-09-22,29.350000381469727,29.809999465942383,28.760000228881836,28.8799991607666,27.178138732910156,5785000,0.0,False
2022-09-23,27.950000762939453,28.010000228881836,26.760000228881836,27.010000228881836,25.4183349609375,14052700,0.0,False
2022-09-26,26.940000534057617,27.25,25.799999237060547,26.1299991607666,24.590190887451172,13797700,0.0,False
2022-09-27,26.59000015258789,27.06999969482422,26.209999084472656,26.290000915527344,24.740764617919922,9460700,0.0,False
2022-09-28,26.8799991607666,28.3799991607666,26.81999969482422,28.360000610351562,26.688779830932617,14878700,0.0,False
2022-09-29,28.020000457763672,28.649999618530273,27.559999465942383,28.610000610351562,26.924049377441406,7781800,0.0,False
2022-09-30,28.530000686645508,29.920000076293945,28.360000610351562,29.459999084472656,27.72395896911621,9324600,0.0,False
2022-10-03,30.010000228881836,31.0,29.850000381469727,30.989999771118164,29.16379737854004,12207100,0.0,False
2022-10-04,31.6200008392334,32.349998474121094,31.299999237060547,31.93000030517578,30.048404693603516,9168800,0.0,False
2022-10-05,31.09000015258789,31.40999984741211,30.3700008392334,31.3700008392334,29.521406173706055,8835300,0.0,False
2022-10-06,31.18000030517578,31.700000762939453,30.81999969482422,31.670000076293945,29.803726196289062,5614900,0.0,False
2022-10-07,31.110000610351562,31.360000610351562,29.920000076293945,30.030000686645508,28.2603702545166,8748600,0.0,False
2022-10-10,29.510000228881836,30.110000610351562,29.270000457763672,29.549999237060547,27.80865478515625,6091900,0.0,False
2022-10-11,29.510000228881836,30.31999969482422,29.1299991607666,29.170000076293945,27.451047897338867,6577100,0.0,False
2022-10-12,29.229999542236328,29.850000381469727,28.8700008392334,29.700000762939453,27.949819564819336,6806600,0.0,False
2022-10-13,28.209999084472656,29.459999084472656,27.690000534057617,29.309999465942383,27.582796096801758,10970500,0.0,False
2022-10-14,29.030000686645508,29.06999969482422,27.690000534057617,27.75,26.114727020263672,11733800,0.0,False
2022-10-17,28.729999542236328,29.149999618530273,28.559999465942383,28.709999084472656,27.01815414428711,8958800,0.0,False
2022-10-18,29.059999465942383,29.190000534057617,28.450000762939453,28.809999465942383,27.112262725830078,4297000,0.0,False
2022-10-19,28.200000762939453,28.389999389648438,27.6200008392334,27.790000915527344,26.152372360229492,7722700,0.0,False
2022-10-20,27.920000076293945,29.0,27.770000457763672,28.200000762939453,26.538211822509766,8490600,0.0,False
2022-10-21,28.350000381469727,29.850000381469727,28.15999984741211,29.850000381469727,28.09097671508789,12998500,0.0,False
2022-10-24,29.40999984741211,29.440000534057617,28.719999313354492,29.260000228881836,27.53574562072754,6966400,0.0,False
2022-10-25,29.360000610351562,30.09000015258789,29.360000610351562,29.8799991607666,28.11920928955078,6441800,0.0,False
2022-10-26,30.18000030517578,31.1299991607666,30.170000076293945,30.790000915527344,28.9755859375,7442700,0.0,False
2022-10-27,30.860000610351562,31.09000015258789,30.079999923706055,30.079999923706055,28.307424545288086,9127600,0.0,False
2022-10-28,29.649999618530273,29.950000762939453,29.209999084472656,29.950000762939453,28.18508529663086,5206700,0.0,False
2022-10-31,29.43000030517578,29.899999618530273,29.229999542236328,29.5,27.7616024017334,6057800,0.0,False
2022-11-01,30.3700008392334,30.770000457763672,30.190000534057617,30.40999984741211,28.617977142333984,7500900,0.0,False
2022-11-02,30.520000457763672,30.760000228881836,28.459999084472656,28.459999084472656,26.782886505126953,12385500,0.0,False
2022-11-03,28.110000610351562,28.81999969482422,27.850000381469727,28.229999542236328,26.56644058227539,8390600,0.0,False
2022-11-04,29.81999969482422,31.25,29.770000457763672,31.239999771118164,29.399066925048828,19112400,0.0,False
2022-11-07,31.280000686645508,31.579999923706055,30.850000381469727,31.459999084472656,29.606101989746094,6583300,0.0,False
2022-11-08,31.489999771118164,33.34000015258789,31.209999084472656,32.86000061035156,30.923603057861328,13526700,0.0,False
2022-11-09,32.720001220703125,33.15999984741211,31.75,31.860000610351562,29.98253059387207,9149000,0.0,False
2022-11-10,33.97999954223633,34.7400016784668,33.31999969482422,34.59000015258789,32.551658630371094,13930100,0.0,False
2022-11-11,34.4900016784668,34.869998931884766,34.119998931884766,34.68000030517578,32.636348724365234,7375800,0.0,False
2022-11-14,34.470001220703125,35.02000045776367,34.2400016784668,34.68000030517578,32.636348724365234,5834700,0.0,False
2022-11-15,35.130001068115234,35.16999816894531,33.86000061035156,34.119998931884766,32.10934829711914,9172700,0.0,False
2022-11-16,33.95000076293945,34.22999954223633,33.650001525878906,33.68000030517578,31.695280075073242,5240600,0.0,False
2022-11-17,33.130001068115234,33.45000076293945,32.84000015258789,33.29999923706055,31.337671279907227,6988200,0.0,False
2022-11-18,33.189998626708984,33.7400016784668,33.04999923706055,33.59000015258789,31.61058235168457,4417700,0.0,False
2022-11-21,33.38999938964844,33.4900016784668,32.77000045776367,33.41999816894531,31.450597763061523,4792400,0.0,False
2022-11-22,33.619998931884766,35.0099983215332,33.619998931884766,35.0099983215332,32.9468994140625,9033000,0.0,False
2022-11-23,35.0,35.810001373291016,34.59000015258789,35.689998626708984,33.58683395385742,5812300,0.0,False
2022-11-25,35.5,35.54999923706055,35.060001373291016,35.22999954223633,33.15393829345703,3052600,0.0,False
2022-11-28,34.93000030517578,34.959999084472656,33.34000015258789,33.41999816894531,31.450597763061523,7604700,0.0,False
2022-11-29,33.95000076293945,34.7400016784668,33.91999816894531,34.470001220703125,32.43872833251953,6451400,0.0,False
2022-11-30,34.93000030517578,35.959999084472656,34.33000183105469,35.720001220703125,33.61506652832031,8354800,0.0,False
2022-12-01,36.63999938964844,37.29999923706055,36.209999084472656,37.130001068115234,34.94197463989258,8119700,0.0,False
2022-12-02,36.36000061035156,37.41999816894531,36.099998474121094,37.220001220703125,35.02667236328125,5003300,0.0,False
2022-12-05,36.68000030517578,36.75,35.279998779296875,35.400001525878906,33.31392288208008,8834200,0.0,False
2022-12-06,35.81999969482422,36.11000061035156,35.08000183105469,35.15999984741211,33.08806228637695,4116200,0.0,False
2022-12-07,35.560001373291016,36.38999938964844,35.4900016784668,36.099998474121094,33.9726676940918,7081800,0.0,False
2022-12-08,36.4900016784668,36.7400016784668,35.939998626708984,36.16999816894531,34.03854751586914,3098700,0.0,False
2022-12-09,36.310001373291016,37.06999969482422,35.66999816894531,35.70000076293945,33.59624099731445,6801600,0.0,False
2022-12-12,35.4900016784668,35.720001220703125,35.0099983215332,35.52000045776367,33.42685317993164,4918000,0.0,False
2022-12-13,37.11000061035156,37.47999954223633,36.130001068115234,36.5,34.34910202026367,6362900,0.0,False
2022-12-14,36.439998626708984,36.65999984741211,35.52000045776367,36.150001525878906,34.01972579956055,6669000,0.0,False
2022-12-15,35.0,35.22999954223633,34.470001220703125,34.5099983215332,32.47636795043945,9836100,0.0,False
2022-12-16,34.5099983215332,35.34000015258789,34.34000015258789,35.22999954223633,33.15393829345703,7329400,0.0,False
2022-12-19,34.970001220703125,35.16999816894531,33.88999938964844,34.060001373291016,32.22025680541992,7037500,0.0,False
2022-12-20,34.75,35.9900016784668,34.70000076293945,35.650001525878906,33.724369049072266,8157100,0.0,False
2022-12-21,35.83000183105469,36.43000030517578,35.83000183105469,36.130001068115234,34.17844009399414,5069900,0.0,False
2022-12-22,35.40999984741211,35.7599983215332,34.7599983215332,35.7400016784668,33.80950927734375,5587300,0.0,False
2022-12-23,35.84000015258789,36.459999084472656,35.130001068115234,36.119998931884766,34.168983459472656,4531900,0.0,False
2022-12-27,36.369998931884766,37.61000061035156,36.220001220703125,37.099998474121094,35.096046447753906,5421400,0.0,False
2022-12-28,36.61000061035156,36.70000076293945,35.56999969482422,35.68000030517578,33.752750396728516,5753700,0.0,False
2022-12-29,36.150001525878906,36.47999954223633,35.849998474121094,35.93000030517578,33.9892463684082,3085500,0.0,False
2022-12-30,36.0099983215332,36.040000915527344,35.349998474121094,35.650001525878906,33.724369049072266,4284500,0.0,False
2023-01-03,36.41999816894531,37.459999084472656,36.31999969482422,36.86000061035156,34.86901092529297,6219400,0.0,False
2023-01-04,37.52000045776367,38.81999969482422,37.41999816894531,38.63999938964844,36.55286407470703,8251400,0.0,False
2023-01-05,37.90999984741211,38.18000030517578,37.33000183105469,38.130001068115234,36.070411682128906,5486500,0.0,False
2023-01-06,38.900001525878906,39.630001068115234,38.209999084472656,39.47999954223633,37.34749221801758,6961200,0.0,False
2023-01-09,39.86000061035156,39.900001525878906,38.86000061035156,38.90999984741211,36.80828094482422,5601900,0.0,False
2023-01-10,39.130001068115234,39.70000076293945,38.70000076293945,39.68000030517578,37.536685943603516,4508700,0.0,False
2023-01-11,39.7400016784668,39.84000015258789,38.81999969482422,39.099998474121094,36.98801803588867,3763500,0.0,False
2023-01-12,39.790000915527344,40.040000915527344,39.029998779296875,39.900001525878906,37.74480438232422,4874200,0.0,False
2023-01-13,39.75,40.54999923706055,39.709999084472656,40.400001525878906,38.21780014038086,5226900,0.0,False
2023-01-17,40.099998474121094,40.130001068115234,38.779998779296875,39.099998474121094,36.98801803588867,8727800,0.0,False
2023-01-18,39.86000061035156,40.150001525878906,38.560001373291016,38.560001373291016,36.4771842956543,6219900,0.0,False
2023-01-19,38.880001068115234,39.880001068115234,38.63999938964844,39.599998474121094,37.46100616455078,5750100,0.0,False
2023-01-20,39.400001525878906,40.29999923706055,39.060001373291016,40.27000045776367,38.09482192993164,4647900,0.0,False
2023-01-23,39.66999816894531,40.11000061035156,39.31999969482422,40.029998779296875,37.86777877807617,4241000,0.0,False
2023-01-24,39.86000061035156,40.72999954223633,39.34000015258789,40.630001068115234,38.43537521362305,4675000,0.0,False
2023-01-25,39.9900016784668,41.15999984741211,39.90999984741211,41.119998931884766,38.89890670776367,3898800,0.0,False
2023-01-26,40.91999816894531,40.95000076293945,39.81999969482422,40.279998779296875,38.104278564453125,7380400,0.0,False
2023-01-27,39.91999816894531,40.029998779296875,39.290000915527344,39.4900016784668,37.35695266723633,5053400,0.0,False
2023-01-30,39.290000915527344,39.470001220703125,38.779998779296875,38.779998779296875,36.685298919677734,4078000,0.0,False
2023-01-31,38.599998474121094,39.09000015258789,38.36000061035156,38.95000076293945,36.84611892700195,3611300,0.0,False
2023-02-01,38.81999969482422,40.209999084472656,38.43000030517578,39.86000061035156,37.706966400146484,6611300,0.0,False
2023-02-02,40.0,40.27000045776367,38.2599983215332,38.68000030517578,36.59070587158203,8412400,0.0,False
2023-02-03,37.630001068115234,37.880001068115234,36.779998779296875,36.86000061035156,34.86901092529297,9461700,0.0,False
2023-02-06,36.900001525878906,37.040000915527344,36.52000045776367,36.72999954223633,34.74603271484375,3767100,0.0,False
2023-02-07,36.83000183105469,37.709999084472656,36.56999969482422,37.20000076293945,35.190643310546875,5225400,0.0,False
2023-02-08,37.2599983215332,37.310001373291016,36.77000045776367,36.849998474121094,34.85955047607422,2928300,0.0,False
2023-02-09,37.380001068115234,37.4900016784668,35.83000183105469,36.0099983215332,34.06492233276367,6607500,0.0,False
2023-02-10,36.029998779296875,36.130001068115234,35.36000061035156,35.63999938964844,33.71491241455078,3703900,0.0,False
2023-02-13,35.540000915527344,35.81999969482422,35.22999954223633,35.380001068115234,33.468955993652344,2749200,0.0,False
2023-02-14,35.29999923706055,35.97999954223633,34.88999938964844,35.77000045776367,33.837886810302734,5703500,0.0,False
2023-02-15,34.939998626708984,34.939998626708984,34.40999984741211,34.83000183105469,32.94866180419922,6580900,0.0,False
2023-02-16,34.59000015258789,35.150001525878906,34.09000015258789,34.689998626708984,32.816219329833984,4666900,0.0,False
2023-02-17,34.150001525878906,34.77000045776367,33.720001220703125,34.59000015258789,32.72162628173828,5960000,0.0,False
2023-02-21,34.52000045776367,34.72999954223633,33.7599983215332,33.959999084472656,32.12565231323242,5420600,0.0,False
2023-02-22,33.900001525878906,33.900001525878906,33.20000076293945,33.439998626708984,31.633739471435547,4313300,0.0,False
2023-02-23,33.40999984741211,33.70000076293945,33.029998779296875,33.349998474121094,31.548603057861328,3345200,0.0,False
2023-02-24,32.72999954223633,33.060001373291016,32.459999084472656,33.029998779296875,31.245885848999023,5548700,0.0,False
2023-02-27,33.13999938964844,33.540000915527344,33.02000045776367,33.25,31.454004287719727,5313800,0.0,False
2023-02-28,33.31999969482422,34.04999923706055,33.029998779296875,33.790000915527344,31.964839935302734,8750800,0.0,False
2023-03-01,34.099998474121094,35.040000915527344,33.959999084472656,34.810001373291016,32.929744720458984,8040300,0.0,False
2023-03-02,34.5,34.65999984741211,34.27000045776367,34.56999969482422,32.70270538330078,4684900,0.0,False
2023-03-03,34.849998474121094,35.25,34.619998931884766,35.119998931884766,33.222991943359375,5043700,0.0,False
2023-03-06,34.83000183105469,34.97999954223633,34.20000076293945,34.41999816894531,32.5608024597168,7659200,0.0,False
2023-03-07,34.0,34.0,32.5099983215332,32.66999816894531,30.905332565307617,12252600,0.0,False
2023-03-08,32.720001220703125,33.2400016784668,32.25,32.47999954223633,30.725595474243164,4998000,0.0,False
2023-03-09,32.83000183105469,33.36000061035156,32.2599983215332,32.38999938964844,30.640457153320312,5275200,0.0,False
2023-03-10,33.16999816894531,33.90999984741211,32.849998474121094,32.880001068115234,31.10399055480957,9307300,0.0,False
2023-03-13,34.209999084472656,35.47999954223633,34.209999084472656,35.150001525878906,33.251380920410156,15750800,0.0,False
2023-03-14,35.150001525878906,35.63999938964844,34.81999969482422,35.4900016784668,33.57301330566406,5145400,0.0,False
2023-03-15,35.959999084472656,36.119998931884766,34.68000030517578,35.130001068115234,33.23245620727539,8455800,0.0,False
2023-03-16,35.29999923706055,35.34000015258789,34.040000915527344,34.790000915527344,32.91082000732422,7083600,0.0,False
2023-03-17,35.369998931884766,37.369998931884766,35.08000183105469,36.709999084472656,34.727108001708984,15322800,0.0,False
2023-03-20,37.29999923706055,37.66999816894531,36.93000030517578,37.59000015258789,35.5595817565918,6876800,0.0,False
2023-03-21,36.9900016784668,37.02000045776367,35.560001373291016,35.900001525878906,33.96086883544922,9828000,0.0,False
2023-03-22,36.0099983215332,37.77000045776367,35.95000076293945,36.95000076293945,34.95415115356445,9118500,0.0,False
2023-03-23,37.04999923706055,38.13999938964844,36.869998931884766,37.689998626708984,35.6541748046875,7474900,0.0,False
2023-03-24,37.90999984741211,38.20000076293945,37.36000061035156,37.88999938964844,35.8433723449707,6308700,0.0,False
2023-03-27,37.130001068115234,38.04999923706055,36.88999938964844,37.970001220703125,35.9190559387207,5459600,0.0,False
2023-03-28,38.08000183105469,39.290000915527344,37.77000045776367,39.25,37.129913330078125,7069200,0.0,False
2023-03-29,38.7599983215332,39.380001068115234,38.75,38.88999938964844,36.78935623168945,4654400,0.0,False
2023-03-30,39.470001220703125,39.869998931884766,39.130001068115234,39.84000015258789,37.68804931640625,5971800,0.0,False
2023-03-31,39.959999084472656,40.22999954223633,39.25,39.5,37.36641311645508,6147200,0.0,False
2023-04-03,39.75,40.84000015258789,39.459999084472656,40.43000030517578,38.246177673339844,6675700,0.0,False
2023-04-04,40.4900016784668,41.779998779296875,40.04999923706055,41.540000915527344,39.29622268676758,7727500,0.0,False
2023-04-05,41.880001068115234,42.04999923706055,40.86000061035156,41.349998474121094,39.11648178100586,5900900,0.0,False
2023-04-06,40.970001220703125,41.58000183105469,40.52000045776367,41.36000061035156,39.125946044921875,4032200,0.0,False
2023-04-10,40.81999969482422,41.040000915527344,40.31999969482422,40.95000076293945,38.73808670043945,5283700,0.0,False
2023-04-11,41.20000076293945,42.41999816894531,41.130001068115234,41.86000061035156,39.59893798828125,6497100,0.0,False
2023-04-12,42.54999923706055,42.68000030517578,41.66999816894531,42.36000061035156,40.071929931640625,8265000,0.0,False
2023-04-13,43.04999923706055,43.88999938964844,42.9900016784668,43.619998931884766,41.26386642456055,8613900,0.0,False
2023-04-14,43.0,43.36000061035156,41.63999938964844,42.38999938964844,40.100311279296875,8957400,0.0,False
2023-04-17,41.970001220703125,42.0099983215332,40.849998474121094,41.25,39.021888732910156,7475800,0.0,False
2023-04-18,41.27000045776367,42.22999954223633,41.15999984741211,41.45000076293945,39.211082458496094,3743200,0.0,False
2023-04-19,40.68000030517578,41.189998626708984,40.470001220703125,40.66999816894531,38.47321319580078,5792900,0.0,False
2023-04-20,40.93000030517578,41.43000030517578,40.58000183105469,40.72999954223633,38.529972076416016,3468100,0.0,False
2023-04-21,40.310001373291016,40.70000076293945,39.529998779296875,40.040000915527344,37.87724304199219,6082700,0.0,False
2023-04-24,39.959999084472656,40.439998626708984,39.689998626708984,40.2599983215332,38.085357666015625,3502900,0.0,False
2023-04-25,40.029998779296875,40.18000030517578,39.34000015258789,40.029998779296875,37.86777877807617,4690800,0.0,False
2023-04-26,40.41999816894531,40.58000183105469,39.43000030517578,39.5099983215332,37.37586975097656,4615200,0.0,False
2023-04-27,39.349998474121094,40.119998931884766,39.130001068115234,40.08000183105469,37.91508102416992,5943700,0.0,False
2023-04-28,39.939998626708984,40.209999084472656,39.47999954223633,39.75,37.602909088134766,4605000,0.0,False
2023-05-01,40.40999984741211,40.79999923706055,39.369998931884766,39.38999938964844,37.262351989746094,4716900,0.0,False
2023-05-02,39.540000915527344,41.0099983215332,38.970001220703125,40.970001220703125,38.75701141357422,7708500,0.0,False
2023-05-03,40.91999816894531,41.4900016784668,40.599998474121094,41.130001068115234,38.908363342285156,5175800,0.0,False
2023-05-04,41.279998779296875,42.650001525878906,41.279998779296875,41.97999954223633,39.71245574951172,9207600,0.0,False
2023-05-05,40.9900016784668,42.099998474121094,40.650001525878906,41.810001373291016,39.551639556884766,4615300,0.0,False
2023-05-08,42.13999938964844,42.349998474121094,41.68000030517578,41.939998626708984,39.67461395263672,3388300,0.0,False
2023-05-09,41.84000015258789,42.09000015258789,41.58000183105469,41.880001068115234,39.617855072021484,2884500,0.0,False
2023-05-10,42.06999969482422,42.119998931884766,40.91999816894531,41.599998474121094,39.35298156738281,4516500,0.0,False
2023-05-11,40.810001373291016,41.08000183105469,39.4900016784668,39.529998779296875,37.39479064941406,10289900,0.0,False
2023-05-12,39.560001373291016,40.040000915527344,39.400001525878906,39.970001220703125,37.8110237121582,6401200,0.0,False
2023-05-15,40.11000061035156,40.68000030517578,40.060001373291016,40.310001373291016,38.132659912109375,3240400,0.0,False
2023-05-16,40.08000183105469,40.310001373291016,38.95000076293945,39.119998931884766,37.006935119628906,5845300,0.0,False
2023-05-17,39.08000183105469,39.099998474121094,38.439998626708984,38.91999816894531,36.8177375793457,4275500,0.0,False
2023-05-18,38.22999954223633,38.25,37.47999954223633,37.939998626708984,35.89067459106445,7797700,0.0,False
2023-05-19,38.189998626708984,38.849998474121094,37.790000915527344,38.29999923706055,36.231231689453125,5190700,0.0,False
2023-05-22,38.18000030517578,38.470001220703125,37.900001525878906,37.97999954223633,35.92851257324219,3330700,0.0,False
2023-05-23,37.7400016784668,38.2400016784668,37.59000015258789,37.91999816894531,35.87175750732422,3877400,0.0,False
2023-05-24,37.95000076293945,38.029998779296875,36.72999954223633,36.880001068115234,34.88793182373047,5656300,0.0,False
2023-05-25,36.58000183105469,36.650001525878906,35.790000915527344,36.04999923706055,34.102760314941406,6238200,0.0,False
2023-05-26,36.560001373291016,36.66999816894531,36.02000045776367,36.31999969482422,34.358177185058594,4391000,0.0,False
2023-05-30,36.630001068115234,36.86000061035156,36.20000076293945,36.41999816894531,34.45277404785156,4045500,0.0,False
2023-05-31,36.47999954223633,37.56999969482422,36.380001068115234,37.13999938964844,35.13388442993164,8639300,0.0,False
2023-06-01,37.38999938964844,38.880001068115234,37.34000015258789,38.5,36.42042541503906,8033300,0.0,False
2023-06-02,38.29999923706055,38.779998779296875,37.2400016784668,37.56999969482422,35.5406608581543,5920200,0.0,False
2023-06-05,37.529998779296875,38.099998474121094,37.369998931884766,37.869998931884766,35.82445526123047,3216100,0.0,False
2023-06-06,37.880001068115234,38.209999084472656,37.41999816894531,38.18000030517578,36.11771011352539,3463200,0.0,False
2023-06-07,38.0099983215332,38.95000076293945,37.02000045776367,37.189998626708984,35.181182861328125,5647400,0.0,False
2023-06-08,37.650001525878906,38.2599983215332,37.630001068115234,38.02000045776367,35.96635055541992,4829700,0.0,False
2023-06-09,37.91999816894531,38.029998779296875,37.369998931884766,37.40999984741211,35.38930130004883,4434500,0.0,False
2023-06-12,37.41999816894531,37.5099983215332,36.86000061035156,37.41999816894531,35.39875793457031,2969100,0.0,False
2023-06-13,37.630001068115234,37.959999084472656,36.779998779296875,36.779998779296875,34.7933349609375,6417800,0.0,False
2023-06-14,37.349998474121094,37.54999923706055,36.2400016784668,36.630001068115234,34.65143585205078,3883200,0.0,False
2023-06-15,36.40999984741211,36.72999954223633,36.18000030517578,36.709999084472656,34.727108001708984,4238600,0.0,False
2023-06-16,36.970001220703125,37.68000030517578,36.529998779296875,37.18000030517578,35.171722412109375,5518500,0.0,False
2023-06-20,36.5,36.5099983215332,35.59000015258789,35.77000045776367,33.837886810302734,7588900,0.0,False
2023-06-21,35.5,35.900001525878906,35.029998779296875,35.68000030517578,33.752750396728516,4345800,0.0,False
2023-06-22,35.08000183105469,35.38999938964844,34.86000061035156,35.209999084472656,33.30813217163086,6604000,0.0,False
2023-06-23,35.45000076293945,35.900001525878906,35.04999923706055,35.209999084472656,33.30813217163086,5011200,0.0,False
2023-06-26,35.40999984741211,35.79999923706055,35.040000915527344,35.59000015258789,33.66761016845703,3950200,0.0,False
2023-06-27,35.540000915527344,35.650001525878906,34.619998931884766,34.849998474121094,32.96757888793945,4898700,0.0,False
2023-06-28,34.650001525878906,34.83000183105469,34.290000915527344,34.33000183105469,32.475669860839844,6806300,0.0,False
2023-06-29,34.119998931884766,35.09000015258789,33.95000076293945,35.08000183105469,33.18515396118164,5560700,0.0,False
2023-06-30,35.279998779296875,35.65999984741211,34.810001373291016,35.65999984741211,33.73382568359375,4751200,0.0,False
2023-07-03,35.79999923706055,36.470001220703125,35.75,36.459999084472656,34.49061584472656,3971800,0.0,False
2023-07-05,36.54999923706055,36.65999984741211,35.40999984741211,35.43000030517578,33.51625061035156,5499400,0.0,False
2023-07-06,35.290000915527344,35.290000915527344,34.400001525878906,34.5099983215332,32.64594268798828,7171800,0.0,False
2023-07-07,34.75,35.470001220703125,34.66999816894531,35.060001373291016,33.16624069213867,5689500,0.0,False
2023-07-10,34.93000030517578,36.2400016784668,34.849998474121094,36.150001525878906,34.19736099243164,9600900,0.0,False
2023-07-11,36.31999969482422,36.81999969482422,36.150001525878906,36.2599983215332,34.301414489746094,4520600,0.0,False
2023-07-12,36.959999084472656,38.470001220703125,36.88999938964844,38.310001373291016,36.240692138671875,10856300,0.0,False
2023-07-13,38.5,38.79999923706055,38.349998474121094,38.650001525878906,36.56232452392578,3982100,0.0,False
2023-07-14,38.65999984741211,38.83000183105469,38.13999938964844,38.369998931884766,36.297447204589844,3524200,0.0,False
2023-07-17,38.040000915527344,38.630001068115234,37.7599983215332,38.540000915527344,36.4582633972168,3148100,0.0,False
2023-07-18,39.0,39.70000076293945,38.650001525878906,39.40999984741211,37.281272888183594,5812500,0.0,False
2023-07-19,39.15999984741211,39.34000015258789,38.939998626708984,39.060001373291016,36.95018005371094,2738900,0.0,False
2023-07-20,39.029998779296875,39.11000061035156,37.9900016784668,37.9900016784668,35.9379768371582,6270900,0.0,False
2023-07-21,37.75,38.099998474121094,37.65999984741211,37.90999984741211,35.8622932434082,3188600,0.0,False
2023-07-24,37.86000061035156,38.060001373291016,37.209999084472656,37.619998931884766,35.587955474853516,4359300,0.0,False
2023-07-25,37.599998474121094,38.18000030517578,37.459999084472656,38.04999923706055,35.99473190307617,4222800,0.0,False
2023-07-26,38.18000030517578,38.18000030517578,37.560001373291016,37.97999954223633,35.92851257324219,4455200,0.0,False
2023-07-27,37.540000915527344,37.59000015258789,36.099998474121094,36.099998474121094,34.15005874633789,10154300,0.0,False
2023-07-28,36.45000076293945,36.7400016784668,36.189998626708984,36.54999923706055,34.57575225830078,4124200,0.0,False
2023-07-31,36.86000061035156,38.09000015258789,36.86000061035156,37.65999984741211,35.625797271728516,6845700,0.0,False
2023-08-01,36.68000030517578,37.040000915527344,36.209999084472656,36.290000915527344,34.329803466796875,7580100,0.0,False
2023-08-02,36.25,36.25,34.95000076293945,35.13999938964844,33.24191665649414,7780600,0.0,False
2023-08-03,35.290000915527344,35.58000183105469,34.970001220703125,35.25,33.34597396850586,3861200,0.0,False
2023-08-04,35.70000076293945,36.189998626708984,35.560001373291016,35.560001373291016,33.63922882080078,5665600,0.0,False
2023-08-07,35.650001525878906,35.650001525878906,34.95000076293945,35.380001068115234,33.468955993652344,3233100,0.0,False
2023-08-08,34.86000061035156,35.27000045776367,34.59000015258789,35.119998931884766,33.222991943359375,3740000,0.0,False
2023-08-09,35.189998626708984,35.29999923706055,34.689998626708984,34.959999084472656,33.07163619995117,3108600,0.0,False
2023-08-10,35.279998779296875,35.4900016784668,34.63999938964844,34.970001220703125,33.08110046386719,5345700,0.0,False
2023-08-11,34.959999084472656,35.45000076293945,34.81999969482422,35.40999984741211,33.49733352661133,3845000,0.0,False
2023-08-14,35.029998779296875,35.16999816894531,34.47999954223633,34.900001525878906,33.01487731933594,4765500,0.0,False
2023-08-15,34.869998931884766,34.869998931884766,33.95000076293945,34.040000915527344,32.201332092285156,6653100,0.0,False
2023-08-16,34.06999969482422,34.189998626708984,33.56999969482422,33.58000183105469,31.76618003845215,4487600,0.0,False
2023-08-17,33.779998779296875,33.93000030517578,33.20000076293945,33.369998931884766,31.567522048950195,5676200,0.0,False
2023-08-18,33.33000183105469,33.380001068115234,32.97999954223633,33.29999923706055,31.50130271911621,5803300,0.0,False
2023-08-21,33.540000915527344,33.77000045776367,33.099998474121094,33.720001220703125,31.898618698120117,5744600,0.0,False
2023-08-22,33.95000076293945,34.08000183105469,33.459999084472656,34.08000183105469,32.239173889160156,4364800,0.0,False
2023-08-23,34.36000061035156,35.599998474121094,34.36000061035156,35.290000915527344,33.38381576538086,12821000,0.0,False
2023-08-24,35.119998931884766,35.650001525878906,34.59000015258789,35.099998474121094,33.20407485961914,7884700,0.0,False
2023-08-25,35.0,35.31999969482422,34.16999816894531,34.689998626708984,32.816219329833984,6731800,0.0,False
2023-08-28,34.7400016784668,35.84000015258789,34.66999816894531,35.66999816894531,33.7432861328125,6418400,0.0,False
2023-08-29,35.560001373291016,36.47999954223633,35.36000061035156,36.459999084472656,34.49061584472656,6544200,0.0,False
2023-08-30,36.7400016784668,37.08000183105469,36.189998626708984,36.349998474121094,34.38655471801758,4073400,0.0,False
2023-08-31,36.369998931884766,36.4900016784668,35.709999084472656,35.9900016784668,34.04600524902344,7814300,0.0,False
2023-09-01,36.59000015258789,36.79999923706055,35.54999923706055,35.560001373291016,33.63922882080078,6762500,0.0,False
2023-09-05,35.09000015258789,35.36000061035156,34.369998931884766,34.47999954223633,32.6175651550293,7331200,0.0,False
2023-09-06,34.31999969482422,34.79999923706055,34.15999984741211,34.27000045776367,32.41891098022461,5198900,0.0,False
2023-09-07,34.209999084472656,34.209999084472656,33.869998931884766,34.0099983215332,32.17295455932617,4165700,0.0,False
2023-09-08,34.189998626708984,34.720001220703125,33.959999084472656,34.040000915527344,32.201332092285156,3465800,0.0,False
2023-09-11,34.38999938964844,34.83000183105469,34.16999816894531,34.369998931884766,32.51350784301758,4109700,0.0,False
2023-09-12,33.970001220703125,34.84000015258789,33.939998626708984,34.439998626708984,32.57972717285156,3864600,0.0,False
2023-09-13,34.40999984741211,34.689998626708984,34.16999816894531,34.279998779296875,32.42837142944336,3240000,0.0,False
2023-09-14,34.33000183105469,35.279998779296875,34.33000183105469,34.90999984741211,33.02433776855469,5995000,0.0,False
2023-09-15,35.400001525878906,36.13999938964844,35.380001068115234,35.790000915527344,33.856807708740234,8046600,0.0,False
2023-09-18,35.70000076293945,35.869998931884766,35.220001220703125,35.709999084472656,33.7811279296875,4750800,0.0,False
2023-09-19,35.79999923706055,35.79999923706055,34.93000030517578,35.04999923706055,33.156776428222656,5840500,0.0,False
2023-09-20,35.18000030517578,35.93000030517578,35.150001525878906,35.220001220703125,33.317596435546875,6188100,0.0,False
2023-09-21,34.4900016784668,34.77000045776367,34.119998931884766,34.22999954223633,32.38106918334961,7581000,0.0,False
2023-09-22,34.650001525878906,34.900001525878906,34.130001068115234,34.150001525878906,32.30539321899414,3155900,0.0,False
2023-09-25,34.08000183105469,34.099998474121094,33.38999938964844,33.720001220703125,31.898618698120117,5685200,0.0,False
2023-09-26,33.459999084472656,33.52000045776367,32.599998474121094,32.619998931884766,30.8580322265625,6904400,0.0,False
2023-09-27,32.5,32.560001373291016,31.65999984741211,32.060001373291016,30.328283309936523,10250600,0.0,False
2023-09-28,32.09000015258789,32.38999938964844,31.75,32.369998931884766,30.621536254882812,8226200,0.0,False
2023-09-29,32.93000030517578,33.20000076293945,31.889999389648438,32.22999954223633,30.489099502563477,8214900,0.0,False
2023-10-02,31.920000076293945,31.920000076293945,30.920000076293945,31.040000915527344,29.363378524780273,9814800,0.0,False
2023-10-03,30.940000534057617,31.40999984741211,30.559999465942383,31.15999984741211,29.476896286010742,7080100,0.0,False
2023-10-04,31.200000762939453,31.290000915527344,30.459999084472656,30.829999923706055,29.16472053527832,7802300,0.0,False
2023-10-05,30.809999465942383,31.170000076293945,30.6299991607666,31.170000076293945,29.486356735229492,5577000,0.0,False
2023-10-06,31.309999465942383,32.099998474121094,30.959999084472656,31.829999923706055,30.110706329345703,7831800,0.0,False
2023-10-09,32.369998931884766,32.70000076293945,32.29999923706055,32.630001068115234,30.867494583129883,6548200,0.0,False
2023-10-10,32.709999084472656,32.9900016784668,32.459999084472656,32.869998931884766,31.09453010559082,4668400,0.0,False
2023-10-11,33.290000915527344,33.52000045776367,32.939998626708984,33.369998931884766,31.567522048950195,5868500,0.0,False
2023-10-12,33.2400016784668,33.38999938964844,32.04999923706055,32.2400016784668,30.498559951782227,9231900,0.0,False
2023-10-13,33.290000915527344,34.209999084472656,33.22999954223633,33.88999938964844,32.0594367980957,12285100,0.0,False
2023-10-16,33.70000076293945,34.2400016784668,33.560001373291016,34.0,32.16349411010742,5056300,0.0,False
2023-10-17,33.9900016784668,34.7400016784668,33.75,34.619998931884766,32.750003814697266,7331400,0.0,False
2023-10-18,35.060001373291016,35.459999084472656,34.34000015258789,34.58000183105469,32.71216583251953,6797100,0.0,False
2023-10-19,34.599998474121094,34.849998474121094,34.08000183105469,34.79999923706055,32.92028045654297,8286600,0.0,False
2023-10-20,34.790000915527344,35.630001068115234,34.68000030517578,34.709999084472656,32.83514404296875,8543900,0.0,False
2023-10-23,34.47999954223633,34.81999969482422,33.61000061035156,34.36000061035156,32.50404739379883,6729900,0.0,False
2023-10-24,34.220001220703125,34.70000076293945,34.04999923706055,34.599998474121094,32.731082916259766,4210800,0.0,False
2023-10-25,34.369998931884766,34.810001373291016,33.790000915527344,33.79999923706055,31.974294662475586,6511100,0.0,False
2023-10-26,33.58000183105469,33.93000030517578,32.810001373291016,33.47999954223633,31.671581268310547,11535200,0.0,False
2023-10-27,33.7599983215332,34.43000030517578,33.18000030517578,34.43000030517578,32.57026672363281,9412900,0.0,False
2023-10-30,34.529998779296875,34.63999938964844,34.0,34.16999816894531,32.324310302734375,6375000,0.0,False
2023-10-31,34.02000045776367,34.459999084472656,33.130001068115234,33.34000015258789,31.53914451599121,10396500,0.0,False
2023-11-01,33.58000183105469,33.849998474121094,32.790000915527344,33.47999954223633,31.671581268310547,9133900,0.0,False
2023-11-02,33.869998931884766,33.939998626708984,33.20000076293945,33.68000030517578,31.860780715942383,9402600,0.0,False
2023-11-03,34.02000045776367,35.849998474121094,34.02000045776367,35.47999954223633,33.56354904174805,16256600,0.0,False
2023-11-06,35.349998474121094,35.630001068115234,35.04999923706055,35.04999923706055,33.156776428222656,5652900,0.0,False
2023-11-07,34.54999923706055,34.7599983215332,33.779998779296875,34.45000076293945,32.58918762207031,8766800,0.0,False
2023-11-08,34.27000045776367,34.36000061035156,33.2599983215332,33.439998626708984,31.633739471435547,9952400,0.0,False
2023-11-09,33.70000076293945,34.459999084472656,33.2599983215332,33.439998626708984,31.633739471435547,6766700,0.0,False
2023-11-10,33.18000030517578,33.290000915527344,32.619998931884766,32.86000061035156,31.085071563720703,7232100,0.0,False
2023-11-13,32.810001373291016,33.15999984741211,32.560001373291016,32.560001373291016,30.80127716064453,3693500,0.0,False
2023-11-14,33.72999954223633,34.650001525878906,33.529998779296875,34.40999984741211,32.55134582519531,12615200,0.0,False
2023-11-15,34.43000030517578,34.54999923706055,33.869998931884766,34.150001525878906,32.30539321899414,4456300,0.0,False
2023-11-16,34.349998474121094,35.279998779296875,34.22999954223633,34.709999084472656,32.83514404296875,8691400,0.0,False
2023-11-17,34.869998931884766,35.099998474121094,34.470001220703125,34.599998474121094,32.731082916259766,5094700,0.0,False
2023-11-20,34.15999984741211,34.709999084472656,33.95000076293945,34.650001525878906,32.778385162353516,5165100,0.0,False
2023-11-21,35.189998626708984,35.959999084472656,35.150001525878906,35.5099983215332,33.5919303894043,12432200,0.0,False
2023-11-22,35.59000015258789,35.72999954223633,35.150001525878906,35.380001068115234,33.468955993652344,5862800,0.0,False
2023-11-24,35.52000045776367,36.06999969482422,35.40999984741211,35.86000061035156,33.92302703857422,4665000,0.0,False
2023-11-27,36.369998931884766,36.779998779296875,36.04999923706055,36.630001068115234,34.65143585205078,9454700,0.0,False
2023-11-28,37.11000061035156,38.2400016784668,36.869998931884766,38.209999084472656,36.14609146118164,11803100,0.0,False
2023-11-29,38.119998931884766,38.47999954223633,37.939998626708984,38.25,36.183929443359375,5777700,0.0,False
2023-11-30,38.08000183105469,38.560001373291016,37.790000915527344,38.529998779296875,36.44880676269531,6711800,0.0,False
2023-12-01,38.43000030517578,39.470001220703125,38.25,39.439998626708984,37.30965042114258,11723100,0.0,False
2023-12-04,38.5099983215332,38.790000915527344,37.97999954223633,38.22999954223633,36.165008544921875,12076000,0.0,False
2023-12-05,37.91999816894531,38.08000183105469,37.08000183105469,37.40999984741211,35.38930130004883,7519400,0.0,False
2023-12-06,37.939998626708984,38.15999984741211,37.349998474121094,37.349998474121094,35.332542419433594,5962800,0.0,False
2023-12-07,37.619998931884766,37.65999984741211,36.83000183105469,37.150001525878906,35.14334487915039,5425600,0.0,False
2023-12-08,36.41999816894531,37.060001373291016,36.08000183105469,36.439998626708984,34.4716911315918,8173000,0.0,False
2023-12-11,36.0,36.130001068115234,35.65999984741211,36.04999923706055,34.102760314941406,5876700,0.0,False
2023-12-12,36.119998931884766,36.16999816894531,34.959999084472656,35.099998474121094,33.20407485961914,8375200,0.0,False
2023-12-13,35.11000061035156,37.66999816894531,34.93000030517578,37.630001068115234,35.59741973876953,14580100,0.0,False
2023-12-14,38.29999923706055,38.810001373291016,37.630001068115234,38.029998779296875,35.97581481933594,9438100,0.0,False
2023-12-15,37.689998626708984,38.150001525878906,37.459999084472656,37.54999923706055,35.5217399597168,6932100,0.0,False
2023-12-18,37.529998779296875,37.689998626708984,37.08000183105469,37.400001525878906,35.6399040222168,5806400,0.0,False
2023-12-19,37.68000030517578,38.90999984741211,37.529998779296875,38.77000045776367,36.945430755615234,8819400,0.0,False
2023-12-20,38.720001220703125,38.81999969482422,37.58000183105469,37.599998474121094,35.83049011230469,6034800,0.0,False
2023-12-21,38.25,38.70000076293945,38.22999954223633,38.599998474121094,36.78342819213867,5699700,0.0,False
2023-12-22,39.25,39.81999969482422,38.77000045776367,38.83000183105469,37.00260543823242,6955500,0.0,False
2023-12-26,39.13999938964844,39.27000045776367,38.650001525878906,38.970001220703125,37.13602066040039,3022000,0.0,False
2023-12-27,39.13999938964844,39.65999984741211,39.02000045776367,39.349998474121094,37.49813461303711,6542800,0.0,False
2023-12-28,39.06999969482422,39.36000061035156,38.189998626708984,38.20000076293945,36.40225601196289,8372300,0.0,False
2023-12-29,37.9900016784668,38.20000076293945,37.619998931884766,37.90999984741211,36.12590026855469,5936000,0.0,False
2024-01-02,38.02000045776367,38.22999954223633,37.130001068115234,37.220001220703125,35.46837615966797,7246000,0.0,False
2024-01-03,36.34000015258789,36.59000015258789,35.79999923706055,35.9900016784668,34.296260833740234,11034100,0.0,False
2024-01-04,36.119998931884766,36.380001068115234,35.7400016784668,36.06999969482422,34.37249755859375,5445000,0.0,False
2024-01-05,36.16999816894531,36.91999816894531,35.75,35.97999954223633,34.2867317199707,5370000,0.0,False
2024-01-08,35.5,36.13999938964844,35.349998474121094,35.88999938964844,34.200965881347656,6080700,0.0,False
2024-01-09,36.04999923706055,36.09000015258789,35.25,35.36000061035156,33.6959114074707,8697700,0.0,False
2024-01-10,35.38999938964844,35.650001525878906,35.060001373291016,35.47999954223633,33.81026077270508,5445700,0.0,False
2024-01-11,35.52000045776367,35.70000076293945,34.59000015258789,35.13999938964844,33.486263275146484,7823500,0.0,False
2024-01-12,36.209999084472656,36.970001220703125,36.20000076293945,36.36000061035156,34.64884948730469,10665800,0.0,False
2024-01-16,35.689998626708984,35.709999084472656,34.59000015258789,34.65999984741211,33.02885437011719,10083200,0.0,False
2024-01-17,34.04999923706055,34.11000061035156,33.40999984741211,33.65999984741211,32.07591247558594,10736800,0.0,False
2024-01-18,33.9900016784668,34.0,33.47999954223633,33.7599983215332,32.17120361328125,5589500,0.0,False
2024-01-19,34.02000045776367,34.040000915527344,33.34000015258789,33.88999938964844,32.29508972167969,5445800,0.0,False
2024-01-22,33.459999084472656,34.0,33.31999969482422,33.61000061035156,32.02827072143555,4060500,0.0,False
2024-01-23,33.790000915527344,34.41999816894531,33.689998626708984,34.38999938964844,32.77156066894531,5806200,0.0,False
2024-01-24,34.880001068115234,35.15999984741211,33.52000045776367,33.630001068115234,32.047325134277344,7719900,0.0,False
2024-01-25,34.31999969482422,34.439998626708984,34.0,34.38999938964844,32.77156066894531,4993900,0.0,False
2024-01-26,34.33000183105469,34.58000183105469,34.02000045776367,34.130001068115234,32.52379608154297,6247100,0.0,False
2024-01-29,34.459999084472656,34.63999938964844,33.849998474121094,34.59000015258789,32.9621467590332,4498400,0.0,False
2024-01-30,34.779998779296875,34.869998931884766,34.02000045776367,34.27000045776367,32.65720748901367,4734500,0.0,False
2024-01-31,34.439998626708984,35.04999923706055,33.790000915527344,33.79999923706055,32.20932388305664,7362200,0.0,False
2024-02-01,34.18000030517578,35.2400016784668,34.119998931884766,35.209999084472656,33.5529670715332,10426500,0.0,False
2024-02-02,34.209999084472656,34.209999084472656,33.61000061035156,34.0,32.3999137878418,8268400,0.0,False
2024-02-05,33.459999084472656,33.56999969482422,32.95000076293945,33.13999938964844,31.580385208129883,5443200,0.0,False
2024-02-06,33.349998474121094,33.810001373291016,33.20000076293945,33.7599983215332,32.17120361328125,3684700,0.0,False
2024-02-07,33.59000015258789,33.79999923706055,33.27000045776367,33.29999923706055,31.73285484313965,3918600,0.0,False
2024-02-08,33.209999084472656,33.38999938964844,33.06999969482422,33.130001068115234,31.570858001708984,3472700,0.0,False
2024-02-09,33.16999816894531,33.16999816894531,32.54999923706055,32.79999923706055,31.256385803222656,3993900,0.0,False
2024-02-12,32.70000076293945,33.400001525878906,32.63999938964844,33.25,31.685209274291992,4496800,0.0,False
2024-02-13,32.34000015258789,32.369998931884766,30.889999389648438,31.1200008392334,29.65545082092285,12931300,0.0,False
2024-02-14,31.299999237060547,31.610000610351562,31.079999923706055,31.520000457763672,30.036624908447266,7845100,0.0,False
2024-02-15,31.899999618530273,32.77000045776367,31.8700008392334,32.40999984741211,30.884740829467773,7446300,0.0,False
2024-02-16,32.06999969482422,32.7400016784668,32.029998779296875,32.43000030517578,30.903799057006836,4500100,0.0,False
2024-02-20,32.65999984741211,32.68000030517578,32.13999938964844,32.41999816894531,30.894268035888672,3690500,0.0,False
2024-02-21,32.380001068115234,32.400001525878906,31.799999237060547,32.25,30.732269287109375,5772300,0.0,False
2024-02-22,32.2400016784668,32.27000045776367,31.639999389648438,31.75,30.255802154541016,7673400,0.0,False
2024-02-23,31.84000015258789,32.41999816894531,31.389999389648438,32.31999969482422,30.79897689819336,7050800,0.0,False
2024-02-26,31.979999542236328,32.029998779296875,31.59000015258789,31.93000030517578,30.427330017089844,5068300,0.0,False
2024-02-27,31.920000076293945,32.0,31.639999389648438,31.65999984741211,30.17003631591797,4163800,0.0,False
2024-02-28,31.440000534057617,31.479999542236328,31.0,31.200000762939453,29.731685638427734,5898600,0.0,False
2024-02-29,31.770000457763672,32.220001220703125,31.700000762939453,31.8799991607666,30.379682540893555,6762900,0.0,False
2024-03-01,32.029998779296875,33.349998474121094,31.729999542236328,33.2400016784668,31.675682067871094,9887400,0.0,False
2024-03-04,33.75,34.75,33.65999984741211,34.75,33.11461639404297,13601100,0.0,False
2024-03-05,35.220001220703125,35.349998474121094,34.689998626708984,34.779998779296875,33.14320373535156,8588700,0.0,False
2024-03-06,35.25,35.849998474121094,35.130001068115234,35.5099983215332,33.83884811401367,7163200,0.0,False
2024-03-07,35.880001068115234,36.119998931884766,35.599998474121094,36.08000183105469,34.38202667236328,6816400,0.0,False
2024-03-08,36.36000061035156,36.45000076293945,35.779998779296875,35.93000030517578,34.23908615112305,6961900,0.0,False
2024-03-11,35.900001525878906,36.880001068115234,35.560001373291016,36.599998474121094,34.8775520324707,7161300,0.0,False
2024-03-12,35.779998779296875,36.15999984741211,35.439998626708984,36.119998931884766,34.420143127441406,7326200,0.0,False
2024-03-13,36.2599983215332,37.15999984741211,36.150001525878906,36.869998931884766,35.13484573364258,6903600,0.0,False
2024-03-14,36.52000045776367,36.720001220703125,36.16999816894531,36.4900016784668,34.77273178100586,10061100,0.0,False
2024-03-15,36.290000915527344,36.79999923706055,36.08000183105469,36.7400016784668,35.01096725463867,4613700,0.0,False
2024-03-18,36.86000061035156,36.90999984741211,36.349998474121094,36.349998474121094,34.63931655883789,4562400,0.0,False
2024-03-19,36.20000076293945,36.20000076293945,35.4900016784668,35.529998779296875,33.85791015625,5496300,0.0,False
2024-03-20,35.41999816894531,37.560001373291016,35.34000015258789,37.25,35.49696350097656,9721200,0.0,False
2024-03-21,37.75,37.880001068115234,36.68000030517578,36.68000030517578,34.95378875732422,8405000,0.0,False
2024-03-22,36.4900016784668,36.790000915527344,36.130001068115234,36.150001525878906,34.44873046875,5906900,0.0,False
2024-03-25,36.5,37.189998626708984,36.5,36.54999923706055,34.82990264892578,5032700,0.0,False
2024-03-26,37.27000045776367,37.36000061035156,36.5099983215332,36.52000045776367,34.80131912231445,5299600,0.0,False
2024-03-27,36.7400016784668,37.88999938964844,36.689998626708984,37.88999938964844,36.106842041015625,6527800,0.0,False
2024-03-28,38.2599983215332,38.900001525878906,38.0099983215332,38.7400016784668,36.91684341430664,8494000,0.0,False
2024-04-01,39.52000045776367,39.68000030517578,38.790000915527344,39.20000076293945,37.355194091796875,6838100,0.0,False
2024-04-02,39.400001525878906,39.939998626708984,39.150001525878906,39.84000015258789,37.9650764465332,8435000,0.0,False
2024-04-03,39.7400016784668,41.209999084472656,39.619998931884766,41.099998474121094,39.165775299072266,9563700,0.0,False
2024-04-04,41.040000915527344,41.31999969482422,40.459999084472656,40.5,38.59401321411133,9898800,0.0,False
2024-04-05,40.81999969482422,42.119998931884766,40.4900016784668,41.88999938964844,39.91859436035156,8977300,0.0,False
2024-04-08,42.400001525878906,42.63999938964844,41.380001068115234,41.90999984741211,39.93765640258789,6420800,0.0,False
2024-04-09,42.689998626708984,43.2599983215332,42.380001068115234,42.65999984741211,40.65236282348633,8457500,0.0,False
2024-04-10,41.47999954223633,42.540000915527344,41.060001373291016,41.880001068115234,39.9090690612793,9129900,0.0,False
2024-04-11,42.47999954223633,42.93000030517578,41.709999084472656,42.91999816894531,40.900123596191406,6913000,0.0,False
2024-04-12,43.810001373291016,44.70000076293945,41.70000076293945,41.9900016784668,40.013893127441406,17757400,0.0,False
2024-04-15,42.380001068115234,42.5099983215332,40.900001525878906,41.560001373291016,39.604129791259766,11010600,0.0,False
2024-04-16,40.970001220703125,41.13999938964844,40.09000015258789,40.83000183105469,38.908485412597656,9809100,0.0,False
2024-04-17,41.52000045776367,42.20000076293945,40.959999084472656,41.459999084472656,39.50883483886719,10238700,0.0,False
2024-04-18,42.099998474121094,42.15999984741211,41.31999969482422,41.65999984741211,39.69942092895508,5788300,0.0,False
2024-04-19,41.84000015258789,42.59000015258789,41.709999084472656,42.189998626708984,40.2044792175293,5634800,0.0,False
2024-04-22,40.400001525878906,41.15999984741211,40.06999969482422,40.20000076293945,38.30813217163086,12608200,0.0,False
2024-04-23,40.130001068115234,41.31999969482422,39.880001068115234,41.16999816894531,39.232479095458984,6466500,0.0,False
2024-04-24,40.88999938964844,41.279998779296875,40.72999954223633,41.0,39.07048416137695,4624600,0.0,False
2024-04-25,40.790000915527344,42.13999938964844,40.4900016784668,41.9900016784668,40.013893127441406,9368600,0.0,False
2024-04-26,42.34000015258789,42.63999938964844,41.7599983215332,42.38999938964844,40.39506912231445,4605000,0.0,False
2024-04-29,42.58000183105469,42.880001068115234,41.849998474121094,42.66999816894531,40.661888122558594,3990300,0.0,False
2024-04-30,41.45000076293945,41.790000915527344,40.41999816894531,40.459999084472656,38.55589294433594,10390900,0.0,False
2024-05-01,40.849998474121094,41.970001220703125,40.380001068115234,40.77000045776367,38.8513069152832,9208900,0.0,False
2024-05-02,40.47999954223633,41.22999954223633,40.189998626708984,40.90999984741211,38.984718322753906,5126800,0.0,False
2024-05-03,41.060001373291016,41.36000061035156,40.400001525878906,40.72999954223633,38.81319046020508,4493300,0.0,False
2024-05-06,41.68000030517578,42.130001068115234,41.68000030517578,41.88999938964844,39.91859436035156,7015500,0.0,False
2024-05-07,41.75,42.13999938964844,41.61000061035156,41.939998626708984,39.966243743896484,4389500,0.0,False
2024-05-08,41.619998931884766,42.400001525878906,41.41999816894531,41.88999938964844,39.91859436035156,3627800,0.0,False
2024-05-09,42.209999084472656,43.75,42.209999084472656,43.66999816894531,41.61482620239258,7471300,0.0,False
2024-05-10,44.2599983215332,44.2599983215332,43.41999816894531,43.439998626708984,41.395652770996094,5137500,0.0,False
2024-05-13,43.27000045776367,43.61000061035156,42.61000061035156,42.900001525878906,40.88106918334961,4287600,0.0,False
2024-05-14,43.25,43.709999084472656,43.02000045776367,43.70000076293945,41.6434211730957,5370600,0.0,False
2024-05-15,44.099998474121094,44.630001068115234,43.20000076293945,44.400001525878906,42.31047439575195,7205700,0.0,False
2024-05-16,44.31999969482422,44.58000183105469,43.7400016784668,44.279998779296875,42.19612121582031,4913000,0.0,False
2024-05-17,45.209999084472656,46.380001068115234,44.93000030517578,46.349998474121094,44.168701171875,10160000,0.0,False
2024-05-20,46.470001220703125,47.25,45.880001068115234,46.939998626708984,44.73093795776367,7656200,0.0,False
2024-05-21,46.75,47.06999969482422,46.470001220703125,46.84000015258789,44.635643005371094,4419700,0.0,False
2024-05-22,46.150001525878906,46.209999084472656,44.68000030517578,44.779998779296875,42.67258834838867,8341500,0.0,False
2024-05-23,44.83000183105469,45.189998626708984,43.779998779296875,43.900001525878906,41.834007263183594,7310700,0.0,False
2024-05-24,44.47999954223633,44.939998626708984,44.43000030517578,44.599998474121094,42.501060485839844,3511900,0.0,False
2024-05-28,45.72999954223633,46.130001068115234,45.380001068115234,45.93000030517578,43.768470764160156,6131500,0.0,False
2024-05-29,45.22999954223633,45.689998626708984,44.79999923706055,44.83000183105469,42.720237731933594,4410400,0.0,False
2024-05-30,44.93000030517578,45.72999954223633,44.90999984741211,45.349998474121094,43.215763092041016,3906900,0.0,False
2024-05-31,45.86000061035156,46.06999969482422,44.65999984741211,45.130001068115234,43.00612258911133,4378900,0.0,False
2024-06-03,45.18000030517578,45.369998931884766,44.7400016784668,45.060001373291016,42.939414978027344,4955000,0.0,False
2024-06-04,44.33000183105469,44.33000183105469,42.97999954223633,43.279998779296875,41.24318313598633,8003200,0.0,False
2024-06-05,43.529998779296875,44.18000030517578,43.11000061035156,44.099998474121094,42.02458953857422,4791600,0.0,False
2024-06-06,44.27000045776367,45.5099983215332,44.13999938964844,45.369998931884766,43.23482131958008,4826500,0.0,False
2024-06-07,43.68000030517578,43.77000045776367,41.88999938964844,41.959999084472656,39.98530578613281,12690100,0.0,False
2024-06-10,42.220001220703125,42.59000015258789,41.72999954223633,42.54999923706055,40.54753875732422,4876800,0.0,False
2024-06-11,42.150001525878906,42.22999954223633,41.66999816894531,42.18000030517578,40.194950103759766,3654000,0.0,False
2024-06-12,43.25,43.529998779296875,42.09000015258789,42.400001525878906,40.404598236083984,6636400,0.0,False
2024-06-13,42.209999084472656,42.650001525878906,41.209999084472656,41.38999938964844,39.4421272277832,3995300,0.0,False
2024-06-14,41.939998626708984,41.939998626708984,41.22999954223633,41.849998474121094,39.8804817199707,3586500,0.0,False
2024-06-17,41.54999923706055,41.68000030517578,40.91999816894531,41.4900016784668,39.53742599487305,3179900,0.0,False
2024-06-18,41.38999938964844,42.41999816894531,41.220001220703125,42.20000076293945,40.21400833129883,3883200,0.0,False
2024-06-20,42.599998474121094,43.52000045776367,42.400001525878906,43.33000183105469,41.29083251953125,4880900,0.0,False
2024-06-21,43.13999938964844,43.189998626708984,42.16999816894531,42.41999816894531,40.42365264892578,5402900,0.0,False
2024-06-24,42.83000183105469,43.08000183105469,42.349998474121094,42.529998779296875,40.52847671508789,3006300,0.0,False
2024-06-25,42.09000015258789,42.209999084472656,41.83000183105469,41.86000061035156,39.890010833740234,3037000,0.0,False
2024-06-26,41.20000076293945,41.93000030517578,41.13999938964844,41.7599983215332,39.794715881347656,2441300,0.0,False
2024-06-27,42.310001373291016,42.77000045776367,42.310001373291016,42.400001525878906,40.404598236083984,3272300,0.0,False
2024-06-28,42.599998474121094,42.880001068115234,41.83000183105469,42.119998931884766,40.13777542114258,3053300,0.0,False
2024-07-01,42.38999938964844,42.77000045776367,41.939998626708984,41.97999954223633,40.004364013671875,1922700,0.0,False
2024-07-02,42.0099983215332,42.560001373291016,41.619998931884766,42.09000015258789,40.10918426513672,2563400,0.0,False
2024-07-03,42.869998931884766,44.15999984741211,42.83000183105469,43.95000076293945,41.88165283203125,5258400,0.0,False
2024-07-05,44.5,45.45000076293945,44.45000076293945,45.09000015258789,42.96800231933594,5025700,0.0,False
2024-07-08,44.65999984741211,45.09000015258789,44.29999923706055,45.0099983215332,42.89176559448242,4042600,0.0,False
2024-07-09,45.08000183105469,45.439998626708984,44.63999938964844,44.97999954223633,42.86317825317383,2305200,0.0,False
2024-07-10,45.54999923706055,46.400001525878906,45.47999954223633,46.2400016784668,44.063880920410156,4654100,0.0,False
2024-07-11,47.470001220703125,47.86000061035156,46.400001525878906,47.77000045776367,45.52187728881836,7819700,0.0,False
2024-07-12,47.150001525878906,47.939998626708984,47.13999938964844,47.59000015258789,45.35034942626953,4381600,0.0,False
2024-07-15,47.75,48.2400016784668,46.9900016784668,47.33000183105469,45.10258483886719,4000300,0.0,False
2024-07-16,47.84000015258789,49.11000061035156,47.459999084472656,49.09000015258789,46.779754638671875,6218100,0.0,False
2024-07-17,48.689998626708984,49.130001068115234,47.5,47.560001373291016,45.32175827026367,6324400,0.0,False
2024-07-18,47.880001068115234,47.95000076293945,46.310001373291016,46.630001068115234,44.43552780151367,4953000,0.0,False
2024-07-19,45.34000015258789,46.470001220703125,45.189998626708984,45.900001525878906,43.73988342285156,3599400,0.0,False
2024-07-22,45.900001525878906,46.130001068115234,45.400001525878906,46.02000045776367,43.85423278808594,2223500,0.0,False
2024-07-23,45.790000915527344,46.0,45.540000915527344,45.90999984741211,43.749412536621094,1898300,0.0,False
2024-07-24,46.38999938964844,47.15999984741211,45.25,45.27000045776367,43.139530181884766,4141700,0.0,False
2024-07-25,44.09000015258789,44.41999816894531,43.63999938964844,43.900001525878906,41.834007263183594,6778400,0.0,False
2024-07-26,44.45000076293945,44.70000076293945,44.09000015258789,44.43000030517578,42.33906173706055,2868500,0.0,False
2024-07-29,44.619998931884766,44.650001525878906,43.61000061035156,44.54999923706055,42.45341491699219,2971200,0.0,False
2024-07-30,44.900001525878906,45.040000915527344,44.20000076293945,44.81999969482422,42.71070861816406,3176100,0.0,False
2024-07-31,45.689998626708984,46.31999969482422,45.45000076293945,46.16999816894531,43.99717330932617,5498900,0.0,False
2024-08-01,46.04999923706055,46.29999923706055,44.25,44.90999984741211,42.79647445678711,5605000,0.0,False
2024-08-02,45.529998779296875,45.81999969482422,43.2400016784668,43.70000076293945,41.6434211730957,6976500,0.0,False
2024-08-05,40.72999954223633,42.38999938964844,40.2599983215332,42.06999969482422,40.09012985229492,9764600,0.0,False
2024-08-06,41.81999969482422,42.959999084472656,41.47999954223633,42.43000030517578,40.43318557739258,3891200,0.0,False
2024-08-07,43.20000076293945,43.29999923706055,41.04999923706055,41.220001220703125,39.280128479003906,6119600,0.0,False
2024-08-08,41.790000915527344,42.459999084472656,41.18000030517578,42.220001220703125,40.23306655883789,4744600,0.0,False
2024-08-09,42.560001373291016,42.790000915527344,41.970001220703125,42.59000015258789,40.585655212402344,2508600,0.0,False
2024-08-12,43.099998474121094,44.43000030517578,42.869998931884766,44.150001525878906,42.072242736816406,7454900,0.0,False
2024-08-13,44.02000045776367,45.09000015258789,44.0,44.939998626708984,42.82505798339844,3865300,0.0,False
2024-08-14,44.529998779296875,44.869998931884766,44.099998474121094,44.709999084472656,42.60588455200195,2896800,0.0,False
2024-08-15,44.88999938964844,45.33000183105469,44.2599983215332,45.11000061035156,42.987060546875,3270700,0.0,False
2024-08-16,45.68000030517578,46.54999923706055,45.369998931884766,46.529998779296875,44.340232849121094,5401800,0.0,False
2024-08-19,46.150001525878906,47.599998474121094,46.150001525878906,47.56999969482422,45.33129119873047,4293300,0.0,False
2024-08-20,48.18000030517578,48.470001220703125,47.400001525878906,47.7599983215332,45.51234436035156,4826400,0.0,False
2024-08-21,47.7400016784668,48.41999816894531,47.369998931884766,48.33000183105469,46.05552673339844,4067500,0.0,False
2024-08-22,47.459999084472656,47.529998779296875,46.54999923706055,46.810001373291016,44.607059478759766,5565500,0.0,False
2024-08-23,47.529998779296875,48.040000915527344,46.970001220703125,47.72999954223633,45.483760833740234,3768700,0.0,False
2024-08-26,47.95000076293945,48.06999969482422,47.22999954223633,47.41999816894531,45.18834686279297,2312600,0.0,False
2024-08-27,47.09000015258789,47.2599983215332,46.709999084472656,47.13999938964844,44.92152786254883,2243800,0.0,False
2024-08-28,46.47999954223633,46.59000015258789,45.4900016784668,45.959999084472656,43.79705810546875,4640600,0.0,False
2024-08-29,45.970001220703125,46.68000030517578,45.970001220703125,46.400001525878906,44.21635437011719,2679600,0.0,False
2024-08-30,46.290000915527344,46.459999084472656,45.5,45.970001220703125,43.80658721923828,3783000,0.0,False
2024-09-03,45.33000183105469,45.33000183105469,43.380001068115234,43.70000076293945,41.6434211730957,7948600,0.0,False
2024-09-04,43.2599983215332,44.04999923706055,43.150001525878906,43.349998474121094,41.30988693237305,3689700,0.0,False
2024-09-05,43.93000030517578,44.58000183105469,43.849998474121094,44.09000015258789,42.01506423950195,4953600,0.0,False
2024-09-06,43.900001525878906,44.060001373291016,42.5099983215332,42.619998931884766,40.61424255371094,5245400,0.0,False
2024-09-09,42.90999984741211,43.40999984741211,42.869998931884766,43.25,41.21459197998047,2734500,0.0,False
2024-09-10,43.43000030517578,44.130001068115234,42.95000076293945,44.099998474121094,42.02458953857422,3084900,0.0,False
2024-09-11,43.939998626708984,44.66999816894531,43.29999923706055,44.630001068115234,42.5296516418457,3799600,0.0,False
2024-09-12,45.599998474121094,47.88999938964844,45.40999984741211,47.59000015258789,45.35034942626953,10159300,0.0,False
2024-09-13,48.63999938964844,49.22999954223633,48.45000076293945,48.97999954223633,46.674930572509766,7601900,0.0,False
2024-09-16,48.90999984741211,49.40999984741211,48.599998474121094,48.9900016784668,46.68446731567383,4954000,0.0,False
2024-09-17,48.77000045776367,49.2599983215332,48.31999969482422,48.400001525878906,46.122230529785156,3690400,0.0,False
2024-09-18,48.90999984741211,50.36000061035156,47.5,47.58000183105469,45.3408203125,8786500,0.0,False
2024-09-19,49.209999084472656,49.279998779296875,48.279998779296875,48.709999084472656,46.417640686035156,5196800,0.0,False
2024-09-20,49.459999084472656,49.9900016784668,49.09000015258789,49.709999084472656,47.37057876586914,6551200,0.0,False
2024-09-23,49.7599983215332,50.47999954223633,49.18000030517578,49.20000076293945,46.88458251953125,3898600,0.0,False
2024-09-24,49.900001525878906,51.25,49.439998626708984,51.119998931884766,48.7142219543457,6318700,0.0,False
2024-09-25,50.900001525878906,51.279998779296875,50.43000030517578,50.529998779296875,48.1519889831543,5143700,0.0,False
2024-09-26,51.310001373291016,51.7400016784668,50.709999084472656,51.189998626708984,48.78092575073242,5453000,0.0,False
2024-09-27,51.150001525878906,51.36000061035156,49.41999816894531,49.619998931884766,47.284812927246094,6423300,0.0,False
2024-09-30,49.349998474121094,49.47999954223633,48.25,48.810001373291016,46.51293182373047,4143300,0.0,False
2024-10-01,49.529998779296875,50.130001068115234,49.0,49.7599983215332,47.4182243347168,4319800,0.0,False
2024-10-02,49.709999084472656,50.060001373291016,48.9900016784668,49.5,47.17045974731445,3556200,0.0,False
2024-10-03,48.75,48.849998474121094,48.099998474121094,48.52000045776367,46.23657989501953,4852600,0.0,False
2024-10-04,48.630001068115234,49.81999969482422,48.34000015258789,48.63999938964844,46.35093307495117,4146600,0.0,False
2024-10-07,48.20000076293945,48.22999954223633,47.45000076293945,47.779998779296875,45.531402587890625,3364600,0.0,False
2024-10-08,47.54999923706055,47.86000061035156,46.84000015258789,47.77000045776367,45.52187728881836,3157300,0.0,False
2024-10-09,47.2599983215332,47.560001373291016,46.709999084472656,47.5099983215332,45.274112701416016,3887600,0.0,False
2024-10-10,47.619998931884766,49.380001068115234,47.52000045776367,49.27000045776367,46.95128631591797,6152200,0.0,False
2024-10-11,49.54999923706055,50.130001068115234,49.470001220703125,49.529998779296875,47.19905090332031,3734900,0.0,False
2024-10-14,49.5,49.90999984741211,49.0,49.599998474121094,47.26575469970703,2453400,0.0,False
2024-10-15,49.689998626708984,50.34000015258789,49.33000183105469,50.310001373291016,47.942344665527344,4228300,0.0,False
2024-10-16,51.02000045776367,51.7400016784668,50.68000030517578,50.7400016784668,48.352108001708984,4761500,0.0,False
2024-10-17,51.38999938964844,51.95000076293945,50.959999084472656,51.349998474121094,48.93339538574219,3323900,0.0,False
2024-10-18,52.06999969482422,54.099998474121094,51.91999816894531,53.869998931884766,51.334800720214844,6808800,0.0,False
2024-10-21,55.0,55.25,53.90999984741211,54.04999923706055,51.50632858276367,4216000,0.0,False
2024-10-22,54.95000076293945,55.58000183105469,54.83000183105469,55.349998474121094,52.745147705078125,4942400,0.0,False
2024-10-23,54.619998931884766,54.68000030517578,53.47999954223633,54.06999969482422,51.525390625,5840300,0.0,False
2024-10-24,54.790000915527344,54.79999923706055,52.7400016784668,53.779998779296875,51.24903869628906,4215400,0.0,False
2024-10-25,53.68000030517578,53.970001220703125,52.68000030517578,52.869998931884766,50.38186264038086,5181100,0.0,False
2024-10-28,52.810001373291016,53.150001525878906,52.540000915527344,52.63999938964844,50.162689208984375,2001300,0.0,False
2024-10-29,53.13999938964844,53.869998931884766,52.90999984741211,53.77000045776367,51.23950958251953,4470100,0.0,False
2024-10-30,53.65999984741211,53.68000030517578,52.22999954223633,53.02000045776367,50.52480697631836,3902000,0.0,False
2024-10-31,52.18000030517578,52.27000045776367,50.72999954223633,51.58000183105469,49.1525764465332,5990700,0.0,False
2024-11-01,51.84000015258789,52.18000030517578,50.79999923706055,50.84000015258789,48.4473991394043,3411700,0.0,False
2024-11-04,51.38999938964844,51.560001373291016,50.5099983215332,50.650001525878906,48.26634216308594,2889000,0.0,False
2024-11-05,51.16999816894531,51.619998931884766,50.470001220703125,50.7400016784668,48.352108001708984,5099600,0.0,False
2024-11-06,48.209999084472656,49.59000015258789,47.65999984741211,49.0,46.693992614746094,9019400,0.0,False
2024-11-07,49.36000061035156,50.56999969482422,48.97999954223633,50.31999969482422,47.95186996459961,5697700,0.0,False
2024-11-08,49.93000030517578,50.060001373291016,48.86000061035156,49.52000045776367,47.189517974853516,6596000,0.0,False
2024-11-11,47.65999984741211,48.11000061035156,45.90999984741211,46.869998931884766,44.66423416137695,11137800,0.0,False
2024-11-12,46.529998779296875,46.68000030517578,45.40999984741211,45.97999954223633,43.81611633300781,8989700,0.0,False
2024-11-13,46.70000076293945,46.81999969482422,45.099998474121094,45.130001068115234,43.00612258911133,4754300,0.0,False
2024-11-14,44.869998931884766,45.709999084472656,44.7599983215332,45.36000061035156,43.22529602050781,6229200,0.0,False
2024-11-15,45.59000015258789,46.15999984741211,45.0,45.11000061035156,42.987060546875,4671000,0.0,False
2024-11-18,46.540000915527344,47.88999938964844,46.540000915527344,47.33000183105469,45.10258483886719,8260200,0.0,False
2024-11-19,48.0,48.220001220703125,47.209999084472656,48.18000030517578,45.91258239746094,4483300,0.0,False
2024-11-20,47.869998931884766,48.0099983215332,47.47999954223633,47.66999816894531,45.426578521728516,3214300,0.0,False
2024-11-21,48.2400016784668,48.5099983215332,47.619998931884766,48.43000030517578,46.150814056396484,6456600,0.0,False
2024-11-22,48.72999954223633,48.810001373291016,48.099998474121094,48.34000015258789,46.0650520324707,4461900,0.0,False
2024-11-25,46.86000061035156,47.25,46.38999938964844,46.81999969482422,44.61658477783203,8052100,0.0,False
2024-11-26,46.88999938964844,46.9900016784668,46.41999816894531,46.66999816894531,44.4736442565918,3181400,0.0,False
2024-11-27,47.25,47.81999969482422,46.9900016784668,47.16999816894531,44.950111389160156,5076800,0.0,False
2024-11-29,47.77000045776367,48.060001373291016,47.52000045776367,47.68000030517578,45.43611526489258,2337500,0.0,False
2024-12-02,47.630001068115234,47.68000030517578,46.7599983215332,46.86000061035156,44.65470504760742,3109500,0.0,False
2024-12-03,47.40999984741211,48.88999938964844,47.29999923706055,48.27000045776367,45.99834442138672,4407100,0.0,False
2024-12-04,48.36000061035156,48.849998474121094,48.119998931884766,48.2599983215332,45.98881530761719,2546500,0.0,False
2024-12-05,48.5,49.11000061035156,48.060001373291016,48.5099983215332,46.22705078125,2884200,0.0,False
2024-12-06,48.209999084472656,48.279998779296875,47.13999938964844,47.310001373291016,45.083526611328125,3610500,0.0,False
2024-12-09,48.880001068115234,50.54999923706055,48.849998474121094,49.2599983215332,46.94175720214844,8700400,0.0,False
2024-12-10,49.83000183105469,50.279998779296875,49.2400016784668,49.29999923706055,46.9798698425293,3399400,0.0,False
2024-12-11,49.79999923706055,51.029998779296875,49.439998626708984,50.84000015258789,48.4473991394043,4550700,0.0,False
2024-12-12,49.36000061035156,49.56999969482422,48.36000061035156,48.380001068115234,46.10316848754883,6887800,0.0,False
2024-12-13,48.16999816894531,48.16999816894531,46.810001373291016,47.0099983215332,44.79764175415039,4872500,0.0,False
2024-12-16,47.2400016784668,47.36000061035156,46.599998474121094,46.66999816894531,44.4736442565918,3704300,0.0,False
2024-12-17,46.13999938964844,46.779998779296875,45.88999938964844,46.5099983215332,44.321170806884766,3331600,0.0,False
2024-12-18,46.369998931884766,46.470001220703125,44.099998474121094,44.25,42.16753387451172,6707200,0.0,False
2024-12-19,44.72999954223633,44.939998626708984,43.869998931884766,44.029998779296875,41.9578857421875,3711400,0.0,False
2024-12-20,44.2599983215332,45.08000183105469,44.13999938964844,44.369998931884766,42.28188705444336,5333400,0.0,False
2024-12-23,43.150001525878906,43.540000915527344,42.72999954223633,43.47999954223633,42.50083923339844,3652200,0.0,False
2024-12-24,43.650001525878906,43.7400016784668,42.91999816894531,43.27000045776367,42.295570373535156,2274800,0.0,False
2024-12-26,43.59000015258789,43.77000045776367,43.22999954223633,43.54999923706055,42.56926345825195,3235000,0.0,False
2024-12-27,42.880001068115234,43.13999938964844,42.599998474121094,43.04999923706055,42.08052444458008,3067400,0.0,False
2024-12-30,42.56999969482422,42.75,41.849998474121094,42.31999969482422,41.36696243286133,4174000,0.0,False
2024-12-31,42.189998626708984,42.95000076293945,42.150001525878906,42.75,41.78728103637695,2454100,0.0,False
2025-01-02,43.470001220703125,44.90999984741211,43.459999084472656,44.83000183105469,43.82044219970703,5526000,0.0,False
2025-01-03,44.630001068115234,44.72999954223633,44.209999084472656,44.25,43.253501892089844,3088400,0.0,False
2025-01-06,44.220001220703125,44.709999084472656,43.72999954223633,43.790000915527344,42.80385971069336,3150000,0.0,False
2025-01-07,44.90999984741211,45.43000030517578,44.04999923706055,44.34000015258789,43.34147262573242,4412000,0.0,False
2025-01-08,44.810001373291016,45.41999816894531,44.61000061035156,45.349998474121094,44.32872772216797,3414600,0.0,False
2025-01-10,46.150001525878906,46.47999954223633,45.04999923706055,45.31999969482422,44.29940414428711,4319100,0.0,False
2025-01-13,44.70000076293945,44.709999084472656,43.95000076293945,44.31999969482422,43.321922302246094,5139500,0.0,False
2025-01-14,44.59000015258789,46.060001373291016,44.52000045776367,45.849998474121094,44.817466735839844,4578900,0.0,False
2025-01-15,46.630001068115234,46.630001068115234,45.369998931884766,46.09000015258789,45.05206298828125,4575700,0.0,False
2025-01-16,46.34000015258789,46.66999816894531,45.79999923706055,45.79999923706055,44.768592834472656,2410400,0.0,False
2025-01-17,45.630001068115234,46.36000061035156,45.220001220703125,46.02000045776367,44.983642578125,3973800,0.0,False
2025-01-21,46.459999084472656,47.470001220703125,46.459999084472656,47.04999923706055,45.99044418334961,3631400,0.0,False
2025-01-22,47.380001068115234,47.79999923706055,46.72999954223633,47.08000183105469,46.019771575927734,2997700,0.0,False
2025-01-23,46.459999084472656,47.029998779296875,46.06999969482422,47.0099983215332,45.95134353637695,3332200,0.0,False
2025-01-24,47.68000030517578,47.880001068115234,47.43000030517578,47.630001068115234,46.5573844909668,4831800,0.0,False
2025-01-27,46.880001068115234,46.939998626708984,45.689998626708984,46.22999954223633,45.18891143798828,5122000,0.0,False
2025-01-28,46.43000030517578,47.08000183105469,46.220001220703125,46.93000030517578,45.873146057128906,2541300,0.0,False
2025-01-29,46.83000183105469,47.72999954223633,46.63999938964844,47.369998931884766,46.30323791503906,2710600,0.0,False
2025-01-30,48.349998474121094,49.7599983215332,48.25,49.20000076293945,48.0920295715332,5650300,0.0,False
2025-01-31,49.34000015258789,49.45000076293945,48.18000030517578,48.369998931884766,47.28071594238281,4553400,0.0,False
2025-02-03,48.650001525878906,49.900001525878906,48.40999984741211,49.130001068115234,48.02360534667969,5518700,0.0,False
2025-02-04,49.599998474121094,50.43000030517578,49.560001373291016,50.27000045776367,49.13793182373047,3668600,0.0,False
2025-02-05,50.7599983215332,52.189998626708984,50.70000076293945,51.52000045776367,50.35978317260742,5158900,0.0,False
2025-02-06,51.380001068115234,51.4900016784668,50.83000183105469,51.33000183105469,50.1740608215332,3796600,0.0,False
2025-02-07,51.599998474121094,52.09000015258789,50.900001525878906,50.939998626708984,49.792842864990234,5076800,0.0,False
2025-02-10,52.470001220703125,52.630001068115234,51.84000015258789,52.099998474121094,50.926719665527344,5508600,0.0,False
2025-02-11,51.65999984741211,52.06999969482422,51.34000015258789,51.34000015258789,50.183834075927734,3813100,0.0,False
2025-02-12,51.060001373291016,52.599998474121094,50.97999954223633,52.22999954223633,51.05379104614258,3910500,0.0,False
2025-02-13,52.119998931884766,52.54999923706055,51.540000915527344,52.54999923706055,51.36658477783203,4633800,0.0,False
2025-02-14,52.65999984741211,52.84000015258789,50.56999969482422,50.68000030517578,49.538700103759766,6138800,0.0,False
2025-02-18,51.41999816894531,51.59000015258789,50.869998931884766,51.220001220703125,50.0665397644043,5321500,0.0,False
2025-02-19,51.18000030517578,51.22999954223633,50.630001068115234,51.02000045776367,49.87104034423828,2964600,0.0,False
2025-02-20,51.25,52.90999984741211,51.25,52.4900016784668,51.30793762207031,4935700,0.0,False
2025-02-21,52.25,52.349998474121094,50.2400016784668,50.369998931884766,49.235679626464844,6127600,0.0,False
2025-02-24,50.88999938964844,51.0,49.619998931884766,50.77000045776367,49.626670837402344,2683100,0.0,False
2025-02-25,50.5,50.689998626708984,48.970001220703125,49.95000076293945,48.825138092041016,3691900,0.0,False
2025-02-26,49.279998779296875,50.959999084472656,49.18000030517578,50.61000061035156,49.47027587890625,2937500,0.0,False
2025-02-27,49.849998474121094,50.13999938964844,48.34000015258789,48.380001068115234,47.29049301147461,5613700,0.0,False
2025-02-28,47.63999938964844,48.720001220703125,47.290000915527344,48.65999984741211,47.564186096191406,3936900,0.0,False
2025-03-03,49.40999984741211,50.16999816894531,48.279998779296875,48.619998931884766,47.525089263916016,3172900,0.0,False
2025-03-04,49.45000076293945,50.04999923706055,48.11000061035156,49.41999816894531,48.307071685791016,4475000,0.0,False
2025-03-05,49.52000045776367,51.689998626708984,49.41999816894531,51.68000030517578,50.516178131103516,5202100,0.0,False
2025-03-06,51.150001525878906,52.189998626708984,51.06999969482422,51.31999969482422,50.164283752441406,3130800,0.0,False
2025-03-07,51.2400016784668,52.56999969482422,50.790000915527344,51.970001220703125,50.79964828491211,5414800,0.0,False
2025-03-10,51.279998779296875,51.70000076293945,49.36000061035156,49.779998779296875,48.658966064453125,5999700,0.0,False
2025-03-11,50.310001373291016,52.040000915527344,50.2599983215332,51.88999938964844,50.7214469909668,4669800,0.0,False
2025-03-12,51.36000061035156,52.81999969482422,51.290000915527344,52.630001068115234,51.444786071777344,3626500,0.0,False
2025-03-13,53.0,54.720001220703125,52.810001373291016,54.459999084472656,53.23357391357422,7458200,0.0,False
2025-03-14,55.06999969482422,55.349998474121094,54.45000076293945,54.9900016784668,53.75164031982422,4510800,0.0,False
2025-03-17,55.16999816894531,56.529998779296875,55.11000061035156,56.4900016784668,55.21786117553711,4669500,0.0,False
2025-03-18,57.220001220703125,57.650001525878906,56.29999923706055,56.38999938964844,55.12010955810547,4738600,0.0,False
2025-03-19,56.33000183105469,56.779998779296875,55.70000076293945,56.540000915527344,55.2667350769043,3745000,0.0,False
2025-03-20,55.70000076293945,56.619998931884766,55.380001068115234,56.380001068115234,55.11033630371094,2648300,0.0,False
2025-03-21,55.529998779296875,55.72999954223633,54.68000030517578,55.529998779296875,54.279476165771484,4083300,0.0,False
2025-03-24,55.849998474121094,56.02000045776367,55.16999816894531,55.220001220703125,53.97645950317383,2393600,0.0,False
2025-03-25,56.15999984741211,57.349998474121094,56.08000183105469,56.220001220703125,54.953941345214844,2970000,0.0,False
2025-03-26,56.470001220703125,56.65999984741211,55.61000061035156,55.720001220703125,54.4651985168457,3143400,0.0,False
2025-03-27,56.599998474121094,57.56999969482422,56.09000015258789,57.459999084472656,56.166011810302734,4165500,0.0,False
2025-03-28,57.849998474121094,58.599998474121094,56.59000015258789,56.849998474121094,55.56974792480469,4242400,0.0,False
2025-03-31,57.099998474121094,57.279998779296875,55.13999938964844,57.20000076293945,55.911869049072266,3694400,0.0,False
2025-04-01,57.11000061035156,57.45000076293945,56.2599983215332,56.90999984741211,55.62839889526367,3142800,0.0,False
2025-04-02,56.619998931884766,57.15999984741211,56.040000915527344,56.72999954223633,55.45245361328125,4072800,0.0,False
2025-04-03,54.459999084472656,57.77000045776367,54.060001373291016,56.56999969482422,55.29605484008789,6595000,0.0,False
2025-04-04,54.880001068115234,54.91999816894531,50.83000183105469,51.380001068115234,50.22293472290039,13591800,0.0,False
2025-04-07,50.2599983215332,53.83000183105469,49.33000183105469,50.5099983215332,49.37252426147461,12534300,0.0,False
2025-04-08,53.13999938964844,53.36000061035156,50.13999938964844,50.5,49.36275100708008,4999500,0.0,False
2025-04-09,52.869998931884766,56.18000030517578,52.130001068115234,55.79999923706055,54.54339599609375,12446700,0.0,False
2025-04-10,55.77000045776367,58.81999969482422,55.630001068115234,58.22999954223633,56.91867446899414,8964100,0.0,False
2025-04-11,60.40999984741211,61.58000183105469,60.16999816894531,61.220001220703125,59.84134292602539,7848200,0.0,False
2025-04-14,60.529998779296875,62.33000183105469,60.099998474121094,62.189998626708984,60.789493560791016,5113000,0.0,False
2025-04-15,62.84000015258789,63.34000015258789,62.439998626708984,62.970001220703125,61.55193328857422,3346200,0.0,False
2025-04-16,65.37999725341797,66.18000030517578,64.4000015258789,65.13999938964844,63.67306137084961,8263800,0.0,False
2025-04-17,64.5199966430664,64.8499984741211,63.150001525878906,64.12000274658203,62.6760368347168,7032200,0.0,False
2025-04-21,66.22000122070312,66.80000305175781,64.04000091552734,65.11000061035156,63.64373779296875,6937800,0.0,False
2025-04-22,65.3499984741211,65.4000015258789,62.439998626708984,62.630001068115234,61.21958923339844,8876800,0.0,False
2025-04-23,60.7400016784668,61.81999969482422,60.04999923706055,60.869998931884766,59.49922180175781,11129700,0.0,False
2025-04-24,62.25,62.45000076293945,61.16999816894531,62.2599983215332,60.85791778564453,3626400,0.0,False
2025-04-25,60.25,61.11000061035156,60.130001068115234,61.040000915527344,59.6653938293457,4373600,0.0,False
2025-04-28,60.77000045776367,61.59000015258789,60.130001068115234,61.56999969482422,60.18345642089844,4925700,0.0,False
2025-04-29,60.959999084472656,61.650001525878906,60.59000015258789,60.650001525878906,59.284175872802734,2924900,0.0,False
2025-04-30,60.04999923706055,61.41999816894531,60.04999923706055,61.400001525878906,60.01728820800781,3325900,0.0,False
2025-05-01,59.81999969482422,59.81999969482422,58.560001373291016,58.72999954223633,57.407413482666016,8162900,0.0,False
2025-05-02,59.93000030517578,60.209999084472656,58.380001068115234,58.709999084472656,57.38786315917969,3769500,0.0,False
2025-05-05,61.08000183105469,61.189998626708984,60.08000183105469,61.06999969482422,59.69471740722656,5712200,0.0,False
2025-05-06,62.84000015258789,64.7699966430664,62.400001525878906,64.63999938964844,63.184322357177734,9386600,0.0,False
2025-05-07,63.0099983215332,63.709999084472656,62.40999984741211,62.869998931884766,61.45418167114258,5134000,0.0,False
2025-05-08,63.2599983215332,63.560001373291016,61.83000183105469,61.91999816894531,60.52557373046875,5786000,0.0,False
2025-05-09,62.91999816894531,64.4800033569336,62.439998626708984,64.33000183105469,62.88130569458008,4873000,0.0,False
2025-05-12,61.2400016784668,61.310001373291016,58.90999984741211,59.119998931884766,57.788631439208984,12258900,0.0,False
2025-05-13,59.29999923706055,59.720001220703125,58.689998626708984,59.310001373291016,57.9743537902832,4870100,0.0,False
2025-05-14,57.97999954223633,58.2599983215332,57.400001525878906,57.880001068115234,56.57655715942383,7900800,0.0,False
2025-05-15,58.599998474121094,59.2400016784668,57.84000015258789,59.209999084472656,57.87660217285156,5814500,0.0,False
2025-05-16,57.630001068115234,58.709999084472656,57.459999084472656,58.709999084472656,57.38786315917969,5202900,0.0,False
2025-05-19,59.63999938964844,60.27000045776367,59.2599983215332,60.2400016784668,58.8834114074707,5147300,0.0,False
2025-05-20,60.25,62.369998931884766,60.099998474121094,62.27000045776367,60.86769485473633,7655800,0.0,False
2025-05-21,62.41999816894531,63.5099983215332,62.41999816894531,63.18000030517578,61.7572021484375,4222300,0.0,False
2025-05-22,63.119998931884766,63.43000030517578,62.27000045776367,62.81999969482422,61.40530776977539,4012000,0.0,False
2025-05-23,64.33999633789062,65.01000213623047,63.56999969482422,64.66999816894531,63.213645935058594,6013200,0.0,False
2025-05-27,63.29999923706055,64.44000244140625,63.189998626708984,63.720001220703125,62.28504180908203,4966100,0.0,False
2025-05-28,63.91999816894531,64.66999816894531,63.86000061035156,64.6500015258789,63.19409942626953,3748600,0.0,False
2025-05-29,65.13999938964844,65.4800033569336,64.19000244140625,64.58000183105469,63.125675201416016,3403300,0.0,False
2025-05-30,64.0199966430664,65.33999633789062,63.880001068115234,65.31999969482422,63.84900665283203,4415600,0.0,False
2025-06-02,66.68000030517578,69.76000213623047,66.6500015258789,69.44000244140625,67.87622833251953,10113400,0.0,False
2025-06-03,68.3499984741211,68.7300033569336,67.66000366210938,68.69999694824219,67.15288543701172,4836700,0.0,False
2025-06-04,69.16999816894531,69.6500015258789,68.66000366210938,69.2300033569336,67.67095947265625,3795200,0.0,False
2025-06-05,70.36000061035156,71.83999633789062,69.80000305175781,70.72000122070312,69.12740325927734,6757700,0.0,False
2025-06-06,70.41000366210938,70.87999725341797,68.80000305175781,69.0,67.44613647460938,6325000,0.0,False
2025-06-09,69.31999969482422,70.04000091552734,69.08000183105469,69.61000061035156,68.04239654541016,3706700,0.0,False
2025-06-10,69.87999725341797,70.13999938964844,68.04000091552734,68.51000213623047,66.96717071533203,4233000,0.0,False
2025-06-11,68.62000274658203,69.1500015258789,68.41000366210938,68.97000122070312,67.41680908203125,2301600,0.0,False
2025-06-12,69.94000244140625,71.02999877929688,69.83000183105469,70.61000061035156,69.01988220214844,5192400,0.0,False
2025-06-13,71.55000305175781,71.70999908447266,70.87999725341797,71.2300033569336,69.62592315673828,4910500,0.0,False
2025-06-16,70.5199966430664,70.8499984741211,69.4000015258789,69.62000274658203,68.05217742919922,4437200,0.0,False
2025-06-17,70.0,70.20999908447266,69.1500015258789,69.7300033569336,68.15969848632812,2643100,0.0,False
2025-06-18,69.62000274658203,69.77999877929688,68.5199966430664,68.83999633789062,67.28973388671875,3371000,0.0,False
2025-06-20,68.05000305175781,68.94999694824219,67.16000366210938,67.19999694824219,65.6866683959961,5929700,0.0,False
2025-06-23,67.30000305175781,69.08999633789062,67.1500015258789,68.08000183105469,66.54685974121094,3497800,0.0,False
2025-06-24,66.44999694824219,66.9000015258789,65.19000244140625,66.79000091552734,65.28590393066406,5135800,0.0,False
2025-06-25,66.27999877929688,66.95999908447266,66.05999755859375,66.77999877929688,65.27613067626953,2836200,0.0,False
2025-06-26,66.7699966430664,67.77999877929688,66.62999725341797,67.75,66.22428894042969,2925900,0.0,False
2025-06-27,65.58999633789062,65.77999877929688,64.91999816894531,65.5,64.02495574951172,6223900,0.0,False
2025-06-30,65.94999694824219,67.69000244140625,65.80000305175781,67.58999633789062,66.06788635253906,4082400,0.0,False
2025-07-01,68.61000061035156,68.98999786376953,67.51000213623047,67.58000183105469,66.05811309814453,3226000,0.0,False
2025-07-02,68.12999725341797,68.31999969482422,67.0199966430664,68.25,66.71302795410156,3100500,0.0,False
2025-07-03,67.52999877929688,68.47000122070312,67.52999877929688,68.44999694824219,66.90851593017578,1897500,0.0,False
2025-07-07,67.55999755859375,69.05000305175781,66.33999633789062,69.0199966430664,67.46568298339844,3301700,0.0,False
2025-07-08,68.94000244140625,68.95999908447266,65.69000244140625,66.38999938964844,64.89491271972656,6213000,0.0,False
2025-07-09,66.38999938964844,67.48999786376953,66.12999725341797,67.22000122070312,65.70622253417969,3069800,0.0,False
2025-07-10,67.48999786376953,67.58000183105469,66.51000213623047,67.5199966430664,65.99945831298828,2669900,0.0,False
2025-07-11,68.26000213623047,69.13999938964844,68.0,68.83999633789062,67.28973388671875,4500300,0.0,False
2025-07-14,69.13999938964844,70.04000091552734,68.4000015258789,68.58000183105469,67.03559875488281,3136400,0.0,False
2025-07-15,68.56999969482422,68.66999816894531,66.86000061035156,67.62999725341797,66.10698699951172,3132400,0.0,False
2025-07-16,67.68000030517578,68.30000305175781,66.33999633789062,67.48999786376953,65.97013854980469,3296400,0.0,False
2025-07-17,66.23999786376953,67.01000213623047,65.52999877929688,66.76000213623047,65.25658416748047,4827300,0.0,False
2025-07-18,67.29000091552734,67.41999816894531,66.19000244140625,66.19000244140625,64.69941711425781,2470000,0.0,False
2025-07-21,67.16999816894531,69.30999755859375,67.16999816894531,68.58999633789062,67.04536437988281,4956500,0.0,False
2025-07-22,69.20999908447266,70.52999877929688,68.62000274658203,70.27999877929688,68.69731140136719,5009300,0.0,False
2025-07-23,69.75,70.0199966430664,68.55000305175781,69.06999969482422,67.51455688476562,6091700,0.0,False
2025-07-24,68.18000030517578,68.93000030517578,67.5,68.20999908447266,66.6739273071289,3270200,0.0,False
2025-07-25,67.33000183105469,67.87999725341797,66.54000091552734,67.81999969482422,66.29270935058594,5525100,0.0,False
2025-07-28,66.83000183105469,66.83999633789062,65.5199966430664,66.12000274658203,64.63099670410156,5933900,0.0,False
2025-07-29,66.16000366210938,66.81999969482422,65.87999725341797,66.54000091552734,65.04153442382812,2998000,0.0,False
2025-07-30,65.62999725341797,66.19999694824219,64.38999938964844,64.73999786376953,63.282066345214844,5445500,0.0,False
2025-07-31,64.95999908447266,65.16999816894531,63.900001525878906,64.22000122070312,62.773780822753906,4340600,0.0,False
2025-08-01,65.62000274658203,66.0,64.52999877929688,65.02999877929688,63.56553649902344,4797600,0.0,False
2025-08-04,66.23999786376953,67.76000213623047,66.23999786376953,67.58999633789062,66.06788635253906,5258400,0.0,False
2025-08-05,67.19000244140625,69.68000030517578,67.05000305175781,69.58000183105469,68.01307678222656,5450400,0.0,False
2025-08-06,69.5,71.29000091552734,69.5,71.23999786376953,69.63568878173828,5131700,0.0,False
2025-08-07,71.9000015258789,72.98999786376953,71.8499984741211,72.37000274658203,70.74024963378906,7077200,0.0,False
2025-08-08,72.9000015258789,73.16999816894531,71.9000015258789,72.2300033569336,70.60340118408203,4482000,0.0,False
2025-08-11,70.5199966430664,72.33000183105469,70.01000213623047,71.88999938964844,70.27105712890625,4395200,0.0,False
2025-08-12,72.1500015258789,72.94000244140625,71.73999786376953,72.93000030517578,71.28763580322266,2810700,0.0,False
2025-08-13,73.6500015258789,73.98999786376953,72.79000091552734,73.04000091552734,71.39515686035156,3125800,0.0,False
2025-08-14,72.54000091552734,73.87000274658203,72.41000366210938,72.7699966430664,71.13123321533203,3200800,0.0,False
2025-08-15,72.94999694824219,74.22000122070312,72.56999969482422,73.87999725341797,72.21623992919922,4050600,0.0,False
2025-08-18,73.62999725341797,73.95999908447266,72.80000305175781,73.69999694824219,72.04029083251953,2817900,0.0,False
2025-08-19,73.37999725341797,73.5999984741211,71.18000030517578,71.22000122070312,69.61614227294922,4008800,0.0,False
2025-08-20,72.29000091552734,73.41000366210938,72.0999984741211,73.27999877929688,71.62975311279297,4510300,0.0,False
2025-08-21,72.91000366210938,75.13999938964844,72.91000366210938,74.7699966430664,73.08619689941406,4028400,0.0,False
2025-08-22,73.95999908447266,76.94000244140625,73.63999938964844,76.2699966430664,74.55241394042969,4843500,0.0,False
2025-08-25,75.9800033569336,76.62000274658203,75.83000183105469,76.0,74.28849792480469,3822600,0.0,False
2025-08-26,76.12999725341797,77.55999755859375,76.04000091552734,77.54000091552734,75.79381561279297,4988900,0.0,False
2025-08-27,76.7300033569336,77.58000183105469,75.98999786376953,77.54000091552734,75.79381561279297,2850000,0.0,False
2025-08-28,77.63999938964844,77.66000366210938,76.45999908447266,77.13999938964844,75.40282440185547,3981000,0.0,False
2025-08-29,77.22000122070312,80.05999755859375,77.11000061035156,80.05000305175781,78.24729919433594,7514600,0.0,False
2025-09-02,81.87999725341797,83.27999877929688,80.05999755859375,82.95999908447266,81.09175872802734,8180000,0.0,False
2025-09-03,84.56999969482422,84.7699966430664,83.0999984741211,83.80000305175781,81.91284942626953,5540100,0.0,False
2025-09-04,83.05000305175781,83.6500015258789,82.12999725341797,82.68000030517578,80.81806945800781,5892600,0.0,False
2025-09-05,84.56999969482422,85.66999816894531,83.69999694824219,84.86000061035156,82.948974609375,7444600,0.0,False
2025-09-08,86.4800033569336,86.86000061035156,85.55999755859375,86.37999725341797,84.43473815917969,5024300,0.0,False
2025-09-09,87.19000244140625,87.29000091552734,85.11000061035156,85.5999984741211,83.67230987548828,6589200,0.0,False
2025-09-10,86.19000244140625,88.12000274658203,86.19000244140625,88.08999633789062,86.10623168945312,7350200,0.0,False
2025-09-11,88.19999694824219,90.19999694824219,87.87000274658203,90.01000213623047,87.98299407958984,4834100,0.0,False
2025-09-12,90.5199966430664,90.9000015258789,89.4800033569336,90.02999877929688,88.0025405883789,3902100,0.0,False
2025-09-15,89.91999816894531,92.41999816894531,89.51000213623047,91.48999786376953,89.4296646118164,6573000,0.0,False
2025-09-16,91.87000274658203,91.87000274658203,88.47000122070312,88.8499984741211,86.84911346435547,5642700,0.0,False
2025-09-17,87.43000030517578,90.08999633789062,86.66000366210938,87.61000061035156,85.63704681396484,5610600,0.0,False
2025-09-18,87.41999816894531,87.5999984741211,85.5999984741211,87.56999969482422,85.59794616699219,5264400,0.0,False
2025-09-19,87.7300033569336,92.23999786376953,87.7300033569336,91.9800033569336,89.90863800048828,9026900,0.0,False
2025-09-22,93.97000122070312,95.30999755859375,92.9800033569336,95.18000030517578,93.03656768798828,6313700,0.0,False
2025-09-23,96.43000030517578,96.76000213623047,94.62999725341797,95.01000213623047,92.87039947509766,4148300,0.0,False
2025-09-24,94.8499984741211,95.56999969482422,92.76000213623047,92.77999877929688,90.69061279296875,5095300,0.0,False
2025-09-25,93.06999969482422,94.0199966430664,92.70999908447266,93.98999786376953,91.87336730957031,3989600,0.0,False
2025-09-26,94.83999633789062,96.79000091552734,94.2300033569336,96.20999908447266,94.04337310791016,5598100,0.0,False
2025-09-29,98.93000030517578,99.5199966430664,97.86000061035156,98.23999786376953,96.02765655517578,5955500,0.0,False
2025-09-30,96.8499984741211,100.29000091552734,96.62999725341797,99.02999877929688,96.79986572265625,5253100,0.0,False
2025-10-01,100.44999694824219,101.27999877929688,99.05000305175781,99.9000015258789,97.65027618408203,6012200,0.0,False
2025-10-02,100.9800033569336,101.36000061035156,95.70999908447266,99.63999938964844,97.39613342285156,8569000,0.0,False
2025-10-03,100.05999755859375,100.8499984741211,98.94999694824219,99.73999786376953,97.4938735961914,3696200,0.0,False
2025-10-06,101.16999816894531,104.05000305175781,100.9000015258789,102.4800033569336,100.17218017578125,7617300,0.0,False
2025-10-07,102.61000061035156,102.61000061035156,100.26000213623047,100.68000030517578,98.41271209716797,5201300,0.0,False
2025-10-08,103.11000061035156,104.94999694824219,102.22000122070312,104.80999755859375,102.44969940185547,6482300,0.0,False
2025-10-09,105.18000030517578,105.23999786376953,98.44000244140625,99.88999938964844,97.6405029296875,9826700,0.0,False
2025-10-10,100.23999786376953,101.25,98.54000091552734,99.9000015258789,97.65027618408203,6836900,0.0,False
2025-10-13,103.3499984741211,105.5199966430664,103.16000366210938,105.13999938964844,102.77227020263672,8223900,0.0,False
2025-10-14,103.12999725341797,105.27999877929688,102.81999969482422,103.62000274658203,101.28650665283203,4678400,0.0,False
2025-10-15,105.5199966430664,109.19999694824219,105.47000122070312,108.4800033569336,106.03705596923828,6021800,0.0,False
2025-10-16,109.80999755859375,112.44999694824219,108.52999877929688,111.69999694824219,109.18453979492188,6340800,0.0,False
2025-10-17,107.69000244140625,108.4800033569336,101.25,103.11000061035156,100.7879867553711,14744700,0.0,False
2025-10-20,106.45999908447266,106.97000122070312,104.1500015258789,106.12999725341797,103.73997497558594,7546400,0.0,False
2025-10-21,97.9000015258789,98.4000015258789,93.9800033569336,95.11000061035156,92.96814727783203,19870700,0.0,False
2025-10-22,92.05000305175781,95.69999694824219,91.80000305175781,95.0,92.8606185913086,12631100,0.0,False
2025-10-23,97.58999633789062,97.76000213623047,95.68000030517578,96.06999969482422,93.90652465820312,8541400,0.0,False
2025-10-24,94.97000122070312,96.66000366210938,94.5,94.87000274658203,92.73355102539062,5531700,0.0,False
2025-10-27,91.87999725341797,93.30999755859375,88.66999816894531,91.29000091552734,89.23416900634766,13157600,0.0,False
2025-10-28,89.33999633789062,93.23999786376953,89.0,92.94999694824219,90.85678100585938,6021500,0.0,False
2025-10-29,95.79000091552734,95.8499984741211,92.31999969482422,92.75,90.66129302978516,6442000,0.0,False
2025-10-30,92.2300033569336,95.04000091552734,91.7699966430664,94.93000030517578,92.79219818115234,6965900,0.0,False
2025-10-31,94.61000061035156,94.83999633789062,92.30000305175781,93.66999816894531,91.5605697631836,5283300,0.0,False
2025-11-03,93.30999755859375,94.16999816894531,91.33000183105469,92.08000183105469,90.00637817382812,5196800,0.0,False
2025-11-04,89.25,89.81999969482422,87.3499984741211,87.55999755859375,85.58816528320312,8750700,0.0,False
2025-11-05,89.30000305175781,90.26000213623047,88.30000305175781,90.01000213623047,87.98299407958984,7021200,0.0,False
2025-11-06,91.13999938964844,93.16999816894531,90.13999938964844,90.3499984741211,88.31533813476562,6119600,0.0,False
2025-11-07,90.87999725341797,93.0999984741211,90.04000091552734,93.02999877929688,90.93498229980469,5174900,0.0,False
2025-11-10,96.37000274658203,98.4000015258789,95.77999877929688,97.66999816894531,95.47048950195312,9490000,0.0,False
2025-11-11,98.29000091552734,98.36000061035156,95.87999725341797,98.04000091552734,95.83216094970703,4522800,0.0,False
2025-11-12,98.3499984741211,102.5,97.45999908447266,101.44000244140625,99.15559387207031,8063100,0.0,False
2025-11-13,101.95999908447266,102.55000305175781,97.7699966430664,98.58999633789062,96.3697738647461,6391000,0.0,False
2025-11-14,93.81999969482422,98.36000061035156,93.55000305175781,97.44000244140625,95.24567413330078,6545700,0.0,False
2025-11-17,97.04000091552734,98.4800033569336,94.83999633789062,96.04000091552734,93.87720489501953,5447700,0.0,False
2025-11-18,96.83000183105469,97.87999725341797,95.0999984741211,96.9000015258789,94.71783447265625,4702300,0.0,False
2025-11-19,98.63999938964844,100.4800033569336,96.55999755859375,97.80000305175781,95.59757232666016,4748900,0.0,False
2025-11-20,98.54000091552734,99.86000061035156,93.33999633789062,93.43000030517578,91.32598114013672,6021900,0.0,False
2025-11-21,93.48999786376953,95.69999694824219,92.66000366210938,93.9800033569336,91.86359405517578,4528700,0.0,False
2025-11-24,94.66000366210938,99.91999816894531,94.48999786376953,99.8499984741211,97.60140228271484,5850600,0.0,False
2025-11-25,99.4800033569336,101.4800033569336,98.97000122070312,100.1500015258789,97.89464569091797,6165800,0.0,False
2025-11-26,101.1500015258789,105.62999725341797,100.91999816894531,105.33000183105469,102.95799255371094,5182600,0.0,False
2025-11-28,107.0199966430664,109.37999725341797,106.27999877929688,109.27999877929688,106.81903839111328,4435100,0.0,False
2025-12-01,110.16999816894531,110.43000030517578,107.36000061035156,108.27999877929688,105.84156036376953,3942400,0.0,False
2025-12-02,108.0999984741211,108.66999816894531,104.06999969482422,107.29000091552734,104.87385559082031,4657300,0.0,False
2025-12-03,108.0,109.16999816894531,106.51000213623047,106.75,104.34601593017578,4688200,0.0,False
2025-12-04,105.91000366210938,107.12999725341797,105.05000305175781,106.9800033569336,104.57083892822266,2087700,0.0,False
2025-12-05,108.16000366210938,110.41999816894531,106.33000183105469,106.68000030517578,104.277587890625,3457100,0.0,False
2025-12-08,106.88999938964844,107.16999816894531,104.38999938964844,104.48999786376953,102.13690948486328,3322600,0.0,False
2025-12-09,104.8499984741211,109.23999786376953,104.8499984741211,108.9000015258789,106.44760131835938,4756900,0.0,False
2025-12-10,108.44000244140625,111.68000030517578,106.69000244140625,110.88999938964844,108.39278411865234,5314500,0.0,False
2025-12-11,110.80999755859375,116.69000244140625,110.75,114.87000274658203,112.28315734863281,6060900,0.0,False
2025-12-12,118.27999877929688,118.27999877929688,112.04000091552734,114.30000305175781,111.72599029541016,5347400,0.0,False
2025-12-15,115.7699966430664,115.91000366210938,110.80999755859375,112.58000183105469,110.04472351074219,4502500,0.0,False
2025-12-16,113.0,114.88999938964844,111.37000274658203,113.2300033569336,110.68009185791016,3356600,0.0,False
2025-12-17,115.23999786376953,115.87999725341797,113.11000061035156,114.62000274658203,112.03878784179688,3905300,0.0,False
2025-12-18,114.30000305175781,116.7699966430664,113.47000122070312,114.19999694824219,111.62824249267578,5223000,0.0,False
2025-12-19,114.81999969482422,118.87000274658203,114.6500015258789,117.62999725341797,114.98099517822266,8284200,0.0,False
2025-12-22,119.26000213623047,121.26000213623047,118.2300033569336,120.0,120.0,7150700,0.0,False
2025-12-23,120.33000183105469,120.44000244140625,117.80000305175781,120.0,120.0,4752200,0.0,False
2025-12-24,119.27999877929688,119.68000030517578,116.70999908447266,118.97000122070312,118.97000122070312,3188700,0.0,False
2025-12-26,121.06999969482422,122.16999816894531,119.0999984741211,121.5999984741211,121.5999984741211,4120400,0.0,False
2025-12-29,115.31999969482422,115.87000274658203,112.66999816894531,113.81999969482422,113.81999969482422,9696600,0.0,False
2025-12-30,117.11000061035156,117.72000122070312,114.88999938964844,115.13999938964844,115.13999938964844,4847100,0.0,False
2025-12-31,114.6500015258789,116.69999694824219,113.62999725341797,113.77999877929688,113.77999877929688,3021800,0.0,False
2026-01-02,116.26000213623047,116.4800033569336,110.04000091552734,113.19999694824219,113.19999694824219,5020000,0.0,False
2026-01-05,115.93000030517578,120.45999908447266,115.38999938964844,117.33999633789062,117.33999633789062,7752000,0.0,False
2026-01-06,118.36000061035156,121.94000244140625,118.12000274658203,121.87999725341797,121.87999725341797,4814800,0.0,False
2026-01-07,118.0999984741211,120.31999969482422,115.91999816894531,120.19000244140625,120.19000244140625,3825300,0.0,False
2026-01-08,117.33000183105469,121.02999877929688,117.11000061035156,120.9800033569336,120.9800033569336,4456500,0.0,False
2026-01-09,120.83999633789062,122.87999725341797,120.33999633789062,121.94999694824219,121.94999694824219,4786800,0.0,False
2026-01-12,125.19999694824219,128.2899932861328,125.08999633789062,126.30000305175781,126.30000305175781,7608600,0.0,False
2026-01-13,128.0,129.4199981689453,125.88999938964844,126.16000366210938,126.16000366210938,3727900,0.0,False
2026-01-14,128.97999572753906,129.0500030517578,124.83000183105469,126.68000030517578,126.68000030517578,4305000,0.0,False
2026-01-15,125.26000213623047,128.02000427246094,124.0199966430664,127.1500015258789,127.1500015258789,3598100,0.0,False
2026-01-16,126.06999969482422,128.19000244140625,123.36000061035156,128.07000732421875,128.07000732421875,3996100,0.0,False
2026-01-20,133.4499969482422,136.38999938964844,132.72000122070312,136.0,136.0,9810800,0.0,False
2026-01-21,139.07000732421875,139.52000427246094,133.0800018310547,134.74000549316406,134.74000549316406,7615900,0.0,False
2026-01-22,134.72000122070312,143.0399932861328,134.47999572753906,142.08999633789062,142.08999633789062,9137100,0.0,False
2026-01-23,143.0399932861328,146.0,141.8000030517578,145.02999877929688,145.02999877929688,6712100,0.0,False
2026-01-26,150.75,152.24000549316406,144.1199951171875,144.2899932861328,144.2899932861328,9440300,0.0,False
2026-01-27,144.66000366210938,147.8000030517578,139.47000122070312,147.4199981689453,147.4199981689453,6460100,0.0,False
2026-01-28,148.49000549316406,150.66000366210938,145.7100067138672,150.4199981689453,150.4199981689453,5203900,0.0,False
2026-01-29,151.72999572753906,151.9600067138672,139.00999450683594,143.67999267578125,143.67999267578125,13631600,0.0,False
2026-01-30,130.05999755859375,134.9499969482422,122.2699966430664,124.08999633789062,124.08999633789062,22121000,0.0,False
2026-02-02,124.25,127.7699966430664,120.91000366210938,124.08000183105469,124.08000183105469,7154200,0.0,False
2026-02-03,132.24000549316406,132.24000549316406,126.29000091552734,129.86000061035156,129.86000061035156,8178800,0.0,False
2026-02-04,133.57000732421875,133.57000732421875,125.05999755859375,130.35000610351562,130.35000610351562,5196400,0.0,False
2026-02-05,124.0,127.56999969482422,120.91999816894531,121.16999816894531,121.16999816894531,7936200,0.0,False
2026-02-06,124.81999969482422,128.72000122070312,124.61000061035156,128.55999755859375,128.55999755859375,6490300,0.0,False
2026-02-09,131.49000549316406,137.02999877929688,130.60000610351562,136.89999389648438,136.89999389648438,6967800,0.0,False
2026-02-10,135.99000549316406,137.72000122070312,134.9600067138672,136.3300018310547,136.3300018310547,4800700,0.0,False
2026-02-11,140.58999633789062,141.60000610351562,135.89999389648438,141.1699981689453,141.1699981689453,4723700,0.0,False
2026-02-12,138.8699951171875,139.77999877929688,128.63999938964844,128.85000610351562,128.85000610351562,8757800,0.0,False
2026-02-13,132.5800018310547,136.94000244140625,131.22999572753906,136.33999633789062,136.33999633789062,5763800,0.0,False
2026-02-17,131.16000366210938,132.2899932861328,126.87999725341797,130.8000030517578,130.8000030517578,6680100,0.0,False
2026-02-18,133.80999755859375,135.38999938964844,132.58999633789062,134.07000732421875,134.07000732421875,3732300,0.0,False
2026-02-19,133.6699981689453,138.2100067138672,132.39999389648438,137.92999267578125,137.92999267578125,4285500,0.0,False
2026-02-20,138.63999938964844,142.14999389648438,135.6699981689453,142.00999450683594,142.00999450683594,5284700,0.0,False
2026-02-23,144.30999755859375,147.5,143.9600067138672,146.63999938964844,146.63999938964844,5298700,0.0,False
2026-02-24,141.58999633789062,148.4499969482422,141.58999633789062,147.0800018310547,147.0800018310547,4322300,0.0,False
2026-02-25,149.0,150.69000244140625,147.14999389648438,147.85000610351562,147.85000610351562,3058700,0.0,False
2026-02-26,147.02000427246094,153.6300048828125,145.67999267578125,153.27999877929688,153.27999877929688,6257500,0.0,False
2026-02-27,154.19000244140625,156.32000732421875,152.86000061035156,156.19000244140625,156.19000244140625,3684700,0.0,False
2026-03-02,156.64999389648438,157.49000549316406,149.86000061035156,155.02999877929688,155.02999877929688,5205300,0.0,False
2026-03-03,144.17999267578125,144.8699951171875,137.6199951171875,141.22000122070312,141.22000122070312,13127900,0.0,False
2026-03-04,146.13999938964844,146.13999938964844,140.4600067138672,142.49000549316406,142.49000549316406,3206900,0.0,False
2026-03-05,140.14999389648438,140.47000122070312,133.8000030517578,136.7100067138672,136.7100067138672,6865500,0.0,False
2026-03-06,133.19000244140625,137.80999755859375,131.50999450683594,136.1699981689453,136.1699981689453,3888600,0.0,False
2026-03-09,131.6999969482422,137.58999633789062,127.79000091552734,137.22999572753906,137.22999572753906,6655800,0.0,False
2026-03-10,139.27000427246094,142.39999389648438,138.36000061035156,138.94000244140625,138.94000244140625,4714800,0.0,False
2026-03-11,137.0,137.2899932861328,132.42999267578125,135.36000061035156,135.36000061035156,4227800,0.0,False
2026-03-12,134.47000122070312,134.80999755859375,130.33999633789062,131.58999633789062,131.58999633789062,3400000,0.0,False
2026-03-13,131.4499969482422,131.4499969482422,123.63999938964844,123.93000030517578,123.93000030517578,7638600,0.0,False
2026-03-16,124.44000244140625,127.88999938964844,122.47000122070312,125.83999633789062,125.83999633789062,4931800,0.0,False
2026-03-17,126.44000244140625,128.22999572753906,124.1500015258789,125.12999725341797,125.12999725341797,3960100,0.0,False
2026-03-18,120.04000091552734,120.19999694824219,116.0999984741211,116.37000274658203,116.37000274658203,7764800,0.0,False
2026-03-19,106.61000061035156,109.80999755859375,104.16999816894531,108.97000122070312,108.97000122070312,10880600,0.0,False
2026-03-20,109.56999969482422,109.87999725341797,102.87999725341797,104.7699966430664,104.7699966430664,8325300,0.0,False
2026-03-23,107.02999877929688,112.5,106.58999633789062,110.02999877929688,110.02999877929688,12880800,0.0,False
2026-03-24,107.33000183105469,110.45999908447266,105.93000030517578,109.79000091552734,109.79000091552734,6107300,0.0,False
2026-03-25,115.26000213623047,115.91000366210938,111.87999725341797,113.29000091552734,113.29000091552734,6269600,0.0,False
2026-03-26,108.66000366210938,112.3499984741211,105.8499984741211,105.91999816894531,105.91999816894531,6919100,0.0,False
2026-03-27,107.16000366210938,112.69000244140625,106.12999725341797,110.58000183105469,110.58000183105469,6380800,0.0,False
2026-03-30,113.27999877929688,114.05999755859375,109.05999755859375,110.61000061035156,110.61000061035156,4410400,0.0,False
2026-03-31,113.73999786376953,120.18000030517578,113.63999938964844,120.04000091552734,120.04000091552734,9639400,0.0,False
2026-04-01,123.62000274658203,128.1199951171875,121.87000274658203,125.25,125.25,6292100,0.0,False
2026-04-02,116.12999725341797,124.13999938964844,116.12999725341797,122.19000244140625,122.19000244140625,4852100,0.0,False
2026-04-06,122.2699966430664,123.19999694824219,120.58999633789062,121.22000122070312,121.22000122070312,2674800,0.0,False
2026-04-07,120.91999816894531,123.0,117.83000183105469,122.91000366210938,122.91000366210938,3215100,0.0,False
2026-04-08,131.80999755859375,132.19000244140625,124.87000274658203,127.25,127.25,7674700,0.0,False
2026-04-09,128.14999389648438,129.99000549316406,125.41999816894531,127.87000274658203,127.87000274658203,3387600,0.0,False
2026-04-10,128.94000244140625,130.47000122070312,127.83999633789062,128.83999633789062,128.83999633789062,2361900,0.0,False
2026-04-13,127.05000305175781,129.63999938964844,126.54000091552734,129.0500030517578,129.0500030517578,2245500,0.0,False
2026-04-14,130.80999755859375,133.32000732421875,130.25999450683594,132.77000427246094,132.77000427246094,3609300,0.0,False
2026-04-15,132.17999267578125,132.75,128.97000122070312,129.3800048828125,129.3800048828125,2767100,0.0,False
2026-04-16,129.85000610351562,131.2899932861328,128.9499969482422,129.42999267578125,129.42999267578125,3130100,0.0,False
2026-04-17,132.8699951171875,136.5500030517578,132.38999938964844,133.1199951171875,133.1199951171875,6102500,0.0,False
2026-04-20,131.4600067138672,132.32000732421875,130.1199951171875,131.55999755859375,131.55999755859375,2819900,0.0,False
2026-04-21,130.14999389648438,130.7100067138672,122.31999969482422,122.4800033569336,122.4800033569336,6886400,0.0,False
2026-04-22,125.77999877929688,127.5199966430664,124.69999694824219,125.7300033569336,125.7300033569336,3980200,0.0,False
2026-04-23,124.55999755859375,125.33999633789062,119.0999984741211,122.0,122.0,5271100,0.0,False
2026-04-24,123.31999969482422,124.02999877929688,121.13999938964844,123.75,123.75,2862000,0.0,False
2026-04-27,122.69999694824219,122.83999633789062,120.61000061035156,121.4800033569336,121.4800033569336,3015300,0.0,False
2026-04-28,118.31999969482422,119.22000122070312,116.13999938964844,116.7300033569336,116.7300033569336,5250000,0.0,False
2026-04-29,115.04000091552734,115.23999786376953,113.20999908447266,113.5199966430664,113.5199966430664,4085800,0.0,False
2026-04-30,117.05999755859375,118.0,114.91000366210938,116.33999633789062,116.33999633789062,3823500,0.0,False
2026-05-01,115.36000061035156,117.9800033569336,114.8499984741211,115.37999725341797,115.37999725341797,3424700,0.0,False
2026-05-04,113.81999969482422,115.6500015258789,112.80000305175781,113.08999633789062,113.08999633789062,4012900,0.0,False
2026-05-05,115.94999694824219,115.98999786376953,113.13999938964844,113.16000366210938,113.16000366210938,4191000,0.0,False
2026-05-06,119.5,124.02999877929688,119.5,122.75,122.75,7817000,0.0,False
2026-05-07,126.41000366210938,129.32000732421875,122.2699966430664,122.41999816894531,122.41999816894531,7113800,0.0,False
2026-05-08,124.31999969482422,127.63999938964844,123.38999938964844,125.83999633789062,125.83999633789062,5082600,0.0,False
2026-05-11,126.68000030517578,131.36000061035156,126.62000274658203,129.5,129.5,6506900,0.0,False
2026-05-12,127.02999877929688,130.5800018310547,123.26000213623047,129.8699951171875,129.8699951171875,7173400,0.0,False
2026-05-13,128.25,130.0,126.30000305175781,128.94000244140625,128.94000244140625,3944600,0.0,False
2026-05-14,128.2899932861328,128.5399932861328,124.8499984741211,125.66999816894531,125.66999816894531,4714700,0.0,False
2026-05-15,119.55999755859375,119.68000030517578,115.47000122070312,116.37000274658203,116.37000274658203,8177800,0.0,False
2026-05-18,118.0,118.77999877929688,114.2699966430664,115.47000122070312,115.47000122070312,4288300,0.0,False
2026-05-19,112.93000030517578,113.01000213623047,109.5199966430664,110.30000305175781,110.30000305175781,5929500,0.0,False
2026-05-20,111.3499984741211,114.4000015258789,109.5999984741211,113.37000274658203,113.37000274658203,6599500,0.0,False
2026-05-21,110.62000274658203,115.0199966430664,110.05000305175781,112.20999908447266,112.20999908447266,5895900,0.0,False
2026-05-22,112.69999694824219,113.33999633789062,110.11000061035156,111.62000274658203,111.62000274658203,4183200,0.0,False
2026-05-26,114.75,116.7300033569336,114.4800033569336,116.66000366210938,116.66000366210938,5173700,0.0,False
2026-05-27,113.0,114.88999938964844,112.5199966430664,112.55999755859375,112.55999755859375,6411100,0.0,False
2026-05-28,111.05000305175781,116.20999908447266,109.4000015258789,114.83000183105469,114.83000183105469,6928100,0.0,False
2026-05-29,115.20999908447266,120.05000305175781,114.27999877929688,119.29000091552734,119.29000091552734,9476100,0.0,False
2026-06-01,115.70999908447266,116.5999984741211,111.76000213623047,114.94999694824219,114.94999694824219,6947500,0.0,False
2026-06-02,116.22000122070312,116.94999694824219,113.5199966430664,115.9800033569336,115.9800033569336,3489400,0.0,False
2026-06-03,113.7699966430664,114.13999938964844,110.5999984741211,110.87999725341797,110.87999725341797,5840200,0.0,False
2026-06-04,112.44000244140625,113.80999755859375,110.87000274658203,111.9000015258789,111.9000015258789,3186700,0.0,False
2026-06-05,108.08000183105469,108.80000305175781,100.55000305175781,100.58999633789062,100.58999633789062,11370600,0.0,False
2026-06-08,102.08000183105469,103.2300033569336,101.18000030517578,101.61000061035156,101.61000061035156,4858900,0.0,False
2026-06-09,102.87000274658203,103.54000091552734,96.29000091552734,99.54000091552734,99.54000091552734,7326300,0.0,False
2026-06-10,95.95999908447266,98.63999938964844,94.33000183105469,94.54000091552734,94.54000091552734,8568900,0.0,False
2026-06-11,95.41000366210938,101.36000061035156,95.01000213623047,101.08000183105469,101.08000183105469,10561600,0.0,False
2026-06-12,101.62999725341797,105.20999908447266,101.0999984741211,104.26000213623047,104.26000213623047,5936300,0.0,False
2026-06-15,112.16999816894531,114.62999725341797,111.04000091552734,111.87999725341797,111.87999725341797,8291000,0.0,False
2026-06-16,113.4000015258789,114.94000244140625,112.08000183105469,114.44000244140625,114.44000244140625,5705900,0.0,False
2026-06-17,114.69999694824219,118.19000244140625,109.72000122070312,109.79000091552734,109.79000091552734,13548200,0.0,False
2026-06-18,110.98999786376953,112.83999633789062,106.05999755859375,107.22000122070312,107.22000122070312,10609400,0.0,False
2026-06-22,105.86000061035156,106.95999908447266,104.9000015258789,106.12000274658203,106.12000274658203,4584500,0.0,False
2026-06-23,101.0999984741211,102.86000061035156,100.08000183105469,100.55999755859375,100.55999755859375,6650700,0.0,False
2026-06-24,96.33000183105469,99.0199966430664,95.06999969482422,96.08000183105469,96.08000183105469,7749400,0.0,False
2026-06-25,98.08000183105469,99.6500015258789,95.8499984741211,97.9000015258789,97.9000015258789,5843400,0.0,False
2026-06-26,99.11000061035156,102.70999908447266,98.62999725341797,100.29000091552734,100.29000091552734,5956400,0.0,False
2026-06-29,98.83999633789062,99.37000274658203,97.08999633789062,98.91999816894531,98.91999816894531,4075900,0.0,False
2026-06-30,98.56999969482422,98.94000244140625,96.6500015258789,98.25,98.25,4002700,0.0,False
2026-07-01,98.19000244140625,102.02999877929688,97.83000183105469,98.05000305175781,98.05000305175781,3223700,0.0,False
2026-07-02,101.97000122070312,105.08000183105469,100.69000244140625,102.91000366210938,102.91000366210938,6392500,0.0,False
2026-07-06,105.37999725341797,105.94000244140625,102.43000030517578,103.91000366210938,103.91000366210938,3597900,0.0,False
2026-07-07,103.0,103.55999755859375,98.0199966430664,98.93000030517578,98.93000030517578,4815000,0.0,False
2026-07-08,96.55999755859375,97.5999984741211,93.2300033569336,95.5999984741211,95.5999984741211,4881100,0.0,False
2026-07-09,97.8499984741211,99.58000183105469,97.01000213623047,99.0,99.0,4306200,0.0,False
2026-07-10,98.3499984741211,99.80000305175781,97.44999694824219,98.87999725341797,98.87999725341797,2554100,0.0,False
2026-07-13,96.9800033569336,97.48999786376953,94.66000366210938,95.4000015258789,95.4000015258789,5175500,0.0,False
2026-07-14,99.83000183105469,100.83000183105469,97.72000122070312,98.37000274658203,98.37000274658203,5013400,0.0,False
2026-07-15,97.61000061035156,98.72000122070312,94.58999633789062,96.55000305175781,96.55000305175781,3722300,0.0,False
2026-07-16,94.30000305175781,94.76000213623047,92.05999755859375,92.6500015258789,92.6500015258789,5829800,0.0,False
2026-07-17,90.9800033569336,93.27999877929688,89.83000183105469,92.19999694824219,92.19999694824219,5095800,0.0,False
2026-07-20,92.06999969482422,92.83000183105469,91.37000274658203,91.66000366210938,91.66000366210938,2343800,0.0,False
2026-07-21,94.41000366210938,97.12999725341797,94.26000213623047,97.08999633789062,97.08999633789062,5007900,0.0,False
2026-07-22,99.73999786376953,102.70999908447266,99.58999633789062,100.55999755859375,100.55999755859375,5505700,0.0,False
2026-07-23,97.30999755859375,98.4000015258789,95.87999725341797,97.5999984741211,97.5999984741211,5102100,0.0,False
2026-07-24,98.23999786376953,99.70999908447266,97.06999969482422,97.80000305175781,97.80000305175781,2899100,0.0,False
2026-07-27,99.27999877929688,99.70999908447266,96.5999984741211,99.0,99.0,3286300,0.0,False
2026-07-28,97.11000061035156,97.95999908447266,95.23999786376953,96.77999877929688,96.77999877929688,4234000,0.0,False
2026-07-29,96.08999633789062,99.06999969482422,93.48999786376953,94.9800033569336,94.9800033569336,6315800,0.0,False
2026-07-30,97.37999725341797,99.11000061035156,95.7300033569336,99.04000091552734,99.04000091552734,6438900,0.0,False
2026-07-31,96.56999969482422,97.30999755859375,94.11000061035156,95.38999938964844,95.38999938964844,4741800,0.0,False
2026-08-03,95.6500015258789,98.80999755859375,94.69999694824219,98.66999816894531,98.66999816894531,4670900,0.0,False
2026-08-04,100.73999786376953,103.1500015258789,100.4000015258789,101.91999816894531,101.91999816894531,5912200,0.0,False
2026-08-05,107.43000030517578,110.12999725341797,106.91999816894531,109.4800033569336,109.4800033569336,9312900,0.0,False
2026-08-06,107.69999694824219,110.27999877929688,107.2300033569336,109.4000015258789,109.4000015258789,4845600,0.0,False
2026-08-07,115.9000015258789,118.0999984741211,115.25,117.62000274658203,117.62000274658203,10767500,0.0,False
2026-08-10,116.4000015258789,119.0999984741211,114.80999755859375,118.77999877929688,118.77999877929688,4693500,0.0,False
2026-08-11,118.16000366210938,119.47000122070312,117.19000244140625,118.5999984741211,118.5999984741211,3552800,0.0,False
2026-08-12,121.70999908447266,121.86000061035156,118.51000213623047,119.48999786376953,119.48999786376953,3140400,0.0,False
2026-08-13,117.2699966430664,117.52999877929688,114.91000366210938,115.88999938964844,115.88999938964844,4441500,0.0,False
2026-08-14,117.83000183105469,119.88999938964844,117.5199966430664,118.08999633789062,118.08999633789062,4272900,0.0,False
2026-08-17,119.30000305175781,121.63999938964844,118.63999938964844,120.37999725341797,120.37999725341797,3398300,0.0,False
2026-08-18,117.9800033569336,119.0999984741211,115.36000061035156,115.41999816894531,115.41999816894531,5007900,0.0,False
2026-08-19,122.18000030517578,126.68000030517578,121.93000030517578,126.55000305175781,126.55000305175781,8916700,0.0,False
2026-08-20,125.43000030517578,130.22999572753906,125.38999938964844,129.13999938964844,129.13999938964844,4267500,0.0,False
2026-08-21,132.99000549316406,133.4199981689453,130.88999938964844,132.58999633789062,132.58999633789062,5999400,0.0,False
2026-08-24,134.39999389648438,135.32000732421875,131.05999755859375,133.5800018310547,133.5800018310547,5251500,0.0,False
2026-08-25,131.0399932861328,136.25,130.82000732421875,135.89999389648438,135.89999389648438,4261400,0.0,False
2026-08-26,133.35000610351562,134.8000030517578,132.6999969482422,132.86000061035156,132.86000061035156,4434700,0.0,False
2026-08-27,132.8300018310547,135.25999450683594,132.05999755859375,134.7899932861328,134.7899932861328,3349000,0.0,False
2026-08-28,135.75999450683594,136.1999969482422,127.2300033569336,128.8000030517578,128.8000030517578,7127500,0.0,False
2026-08-31,128.72999572753906,129.16000366210938,125.43000030517578,127.93000030517578,127.93000030517578,3512900,0.0,False
2026-09-01,123.45999908447266,127.45999908447266,122.0,122.27999877929688,122.27999877929688,5280800,0.0,False
2026-09-02,125.69999694824219,128.99000549316406,125.5,128.0500030517578,128.0500030517578,4756500,0.0,False
2026-09-03,132.11000061035156,132.6300048828125,129.91000366210938,132.3300018310547,132.3300018310547,4562800,0.0,False
2026-09-04,128.4600067138672,130.11000061035156,127.51000213623047,129.02999877929688,129.02999877929688,3356900,0.0,False
