Date,Open,High,Low,Close,Adj_Close,Volume,Capital_Gains,Repaired?
2011-09-22,31.40999984741211,33.0,30.84000015258789,33.0,21.430694580078125,112400,0.0,False
2011-09-23,30.68000030517578,31.219999313354492,30.68000030517578,31.100000381469727,20.196807861328125,21700,0.0,False
2011-09-26,31.209999084472656,31.299999237060547,30.559999465942383,31.299999237060547,20.32668685913086,11300,0.0,False
2011-09-27,32.5,32.970001220703125,32.16999816894531,32.16999816894531,20.891681671142578,10300,0.0,False
2011-09-28,32.08000183105469,32.2599983215332,31.239999771118164,31.239999771118164,20.287729263305664,8500,0.0,False
2011-09-29,31.959999084472656,32.0099983215332,31.280000686645508,31.399999618530273,20.391630172729492,3000,0.0,False
2011-09-30,31.75,31.75,30.56999969482422,30.56999969482422,19.852617263793945,4100,0.0,False
2011-10-03,30.43000030517578,30.43000030517578,29.600000381469727,29.600000381469727,19.222688674926758,167800,0.0,False
2011-10-04,29.0,31.5,28.639999389648438,29.979999542236328,19.469467163085938,41600,0.0,False
2011-10-05,30.239999771118164,30.790000915527344,30.239999771118164,30.790000915527344,19.9954833984375,36100,0.0,False
2011-10-06,31.139999389648438,31.829999923706055,31.139999389648438,31.829999923706055,20.670881271362305,17900,0.0,False
2011-10-07,32.290000915527344,32.290000915527344,31.40999984741211,31.709999084472656,20.59294891357422,62500,0.0,False
2011-10-10,32.47999954223633,32.689998626708984,32.47999954223633,32.689998626708984,21.229381561279297,2600,0.0,False
2011-10-11,32.47999954223633,33.0,32.47999954223633,32.880001068115234,21.352771759033203,14200,0.0,False
2011-10-12,33.349998474121094,33.5,33.349998474121094,33.369998931884766,21.67098045349121,12400,0.0,False
2011-10-13,33.63999938964844,33.63999938964844,32.84000015258789,33.119998931884766,21.508628845214844,7500,0.0,False
2011-10-14,33.689998626708984,33.95000076293945,33.689998626708984,33.95000076293945,22.047639846801758,11400,0.0,False
2011-10-17,33.43000030517578,33.43000030517578,33.43000030517578,33.43000030517578,21.70994758605957,5600,0.0,False
2011-10-18,33.650001525878906,33.779998779296875,33.650001525878906,33.779998779296875,21.937244415283203,127300,0.0,False
2011-10-19,33.5,33.5,33.099998474121094,33.220001220703125,21.573566436767578,4700,0.0,False
2011-10-20,33.0,33.04999923706055,33.0,33.04999923706055,21.463167190551758,6500,0.0,False
2011-10-21,33.810001373291016,33.810001373291016,33.66999816894531,33.790000915527344,21.94373893737793,125700,0.0,False
2011-10-24,34.38999938964844,34.54999923706055,34.20000076293945,34.54999923706055,22.437288284301758,44800,0.0,False
2011-10-25,34.54999923706055,34.61000061035156,34.25,34.25,22.24246597290039,430400,0.0,False
2011-10-26,34.5,34.810001373291016,34.5,34.810001373291016,22.60613441467285,16300,0.0,False
2011-10-27,36.41999816894531,36.439998626708984,35.97999954223633,36.439998626708984,23.66468620300293,38900,0.0,False
2011-10-28,36.439998626708984,36.470001220703125,36.439998626708984,36.470001220703125,23.684167861938477,20400,0.0,False
2011-10-31,35.45000076293945,35.470001220703125,35.150001525878906,35.150001525878906,22.82693862915039,20800,0.0,False
2011-11-01,32.959999084472656,33.939998626708984,32.959999084472656,33.79999923706055,21.95022201538086,11100,0.0,False
2011-11-02,34.869998931884766,34.9900016784668,34.439998626708984,34.630001068115234,22.48923683166504,53900,0.0,False
2011-11-03,35.02000045776367,35.63999938964844,34.959999084472656,35.209999084472656,22.865901947021484,66600,0.0,False
2011-11-04,35.25,35.25,34.880001068115234,35.119998931884766,22.80745506286621,91100,0.0,False
2011-11-07,35.81999969482422,35.81999969482422,35.150001525878906,35.380001068115234,22.976308822631836,20400,0.0,False
2011-11-08,35.86000061035156,35.970001220703125,35.54999923706055,35.900001525878906,23.31399917602539,20900,0.0,False
2011-11-09,35.040000915527344,35.040000915527344,34.18000030517578,34.47999954223633,22.391828536987305,10400,0.0,False
2011-11-10,34.279998779296875,34.68000030517578,34.279998779296875,34.68000030517578,22.521713256835938,17900,0.0,False
2011-11-11,35.2599983215332,35.2599983215332,35.189998626708984,35.189998626708984,22.852907180786133,8300,0.0,False
2011-11-14,34.7400016784668,34.900001525878906,34.7400016784668,34.869998931884766,22.645097732543945,18200,0.0,False
2011-11-15,33.7599983215332,34.83000183105469,33.7599983215332,34.83000183105469,22.61912727355957,87000,0.0,False
2011-11-16,34.66999816894531,34.720001220703125,34.349998474121094,34.349998474121094,22.307405471801758,30000,0.0,False
2011-11-17,33.9900016784668,33.9900016784668,33.15999984741211,33.29999923706055,21.625520706176758,24400,0.0,False
2011-11-18,33.59000015258789,33.650001525878906,33.43000030517578,33.43000030517578,21.70994758605957,37700,0.0,False
2011-11-21,32.880001068115234,32.880001068115234,32.25,32.54999923706055,21.138460159301758,38400,0.0,False
2011-11-22,32.619998931884766,32.619998931884766,32.349998474121094,32.59000015258789,21.1644344329834,77000,0.0,False
2011-11-23,31.93000030517578,31.93000030517578,31.559999465942383,31.639999389648438,20.54749298095703,16300,0.0,False
2011-11-25,31.700000762939453,31.739999771118164,31.3799991607666,31.389999389648438,20.3851318359375,8300,0.0,False
2011-11-28,32.54999923706055,32.54999923706055,32.279998779296875,32.279998779296875,20.963115692138672,45100,0.0,False
2011-11-29,32.61000061035156,32.900001525878906,32.47999954223633,32.68000030517578,21.222881317138672,53200,0.0,False
2011-11-30,34.22999954223633,34.29999923706055,33.900001525878906,33.97999954223633,22.067115783691406,34900,0.0,False
2011-12-01,34.95000076293945,35.5,34.15999984741211,34.220001220703125,22.222986221313477,50300,0.0,False
2011-12-02,34.66999816894531,34.66999816894531,33.97999954223633,34.02000045776367,22.093103408813477,43700,0.0,False
2011-12-05,34.41999816894531,34.7400016784668,34.06999969482422,34.06999969482422,22.12557601928711,43400,0.0,False
2011-12-06,34.02000045776367,34.36000061035156,33.970001220703125,34.36000061035156,22.313907623291016,14400,0.0,False
2011-12-07,33.900001525878906,34.27000045776367,33.79999923706055,34.16999816894531,22.190515518188477,22900,0.0,False
2011-12-08,33.279998779296875,33.43000030517578,32.9900016784668,32.9900016784668,21.42420768737793,30500,0.0,False
2011-12-09,33.18000030517578,33.56999969482422,33.18000030517578,33.529998779296875,21.77488899230957,43200,0.0,False
2011-12-12,32.5,32.790000915527344,32.369998931884766,32.630001068115234,21.190412521362305,21100,0.0,False
2011-12-13,33.29999923706055,33.29999923706055,32.36000061035156,32.38999938964844,21.034557342529297,42600,0.0,False
2011-12-14,31.639999389648438,31.639999389648438,31.459999084472656,31.459999084472656,20.43059730529785,19400,0.0,False
2011-12-15,31.829999923706055,31.829999923706055,31.760000228881836,31.760000228881836,20.625417709350586,49900,0.0,False
2011-12-16,32.22999954223633,32.22999954223633,31.850000381469727,32.08000183105469,20.833234786987305,64400,0.0,False
2011-12-19,31.899999618530273,31.899999618530273,31.389999389648438,31.530000686645508,20.476058959960938,90700,0.0,False
2011-12-20,32.43000030517578,32.470001220703125,32.40999984741211,32.459999084472656,21.080018997192383,72900,0.0,False
2011-12-21,32.41999816894531,32.7400016784668,32.369998931884766,32.560001373291016,21.14495849609375,164200,0.0,False
2011-12-22,32.900001525878906,33.16999816894531,32.86000061035156,33.16999816894531,21.541095733642578,20300,0.0,False
2011-12-23,33.18000030517578,33.459999084472656,33.15999984741211,33.18000030517578,21.547592163085938,89900,0.0,False
2011-12-27,33.369998931884766,33.5,33.29999923706055,33.34000015258789,21.6514892578125,80800,0.0,False
2011-12-28,33.90999984741211,33.90999984741211,32.439998626708984,32.439998626708984,21.12277603149414,43100,0.0,False
2011-12-29,32.529998779296875,33.86000061035156,32.529998779296875,32.849998474121094,21.38974380493164,71700,0.0,False
2011-12-30,33.849998474121094,33.849998474121094,32.939998626708984,33.0,21.487411499023438,276000,0.0,False
2012-01-03,34.0099983215332,34.599998474121094,34.0,34.459999084472656,22.438066482543945,31000,0.0,False
2012-01-04,34.2400016784668,34.380001068115234,34.099998474121094,34.099998474121094,22.203659057617188,67300,0.0,False
2012-01-05,33.970001220703125,34.310001373291016,33.83000183105469,33.91999816894531,22.086454391479492,28200,0.0,False
2012-01-06,34.09000015258789,34.09000015258789,33.709999084472656,33.709999084472656,21.949708938598633,32600,0.0,False
2012-01-09,33.7599983215332,33.849998474121094,33.630001068115234,33.79999923706055,22.008312225341797,24600,0.0,False
2012-01-10,34.5,34.5,34.2400016784668,34.400001525878906,22.398998260498047,26300,0.0,False
2012-01-11,34.20000076293945,34.34000015258789,34.02000045776367,34.34000015258789,22.359935760498047,41400,0.0,False
2012-01-12,34.31999969482422,34.56999969482422,33.90999984741211,34.439998626708984,22.42504119873047,24400,0.0,False
2012-01-13,34.0099983215332,34.290000915527344,33.90999984741211,34.130001068115234,22.223194122314453,17600,0.0,False
2012-01-17,34.83000183105469,34.83000183105469,34.59000015258789,34.63999938964844,22.555267333984375,26300,0.0,False
2012-01-18,34.70000076293945,35.369998931884766,34.689998626708984,35.09000015258789,22.848281860351562,65600,0.0,False
2012-01-19,35.040000915527344,35.27000045776367,35.040000915527344,35.130001068115234,22.874326705932617,26500,0.0,False
2012-01-20,35.060001373291016,35.150001525878906,35.060001373291016,35.150001525878906,22.887351989746094,15200,0.0,False
2012-01-23,35.4900016784668,35.4900016784668,35.189998626708984,35.41999816894531,23.063156127929688,21500,0.0,False
2012-01-24,34.869998931884766,35.220001220703125,34.869998931884766,35.220001220703125,22.93292999267578,43100,0.0,False
2012-01-25,35.220001220703125,35.81999969482422,34.959999084472656,35.79999923706055,23.31058692932129,49600,0.0,False
2012-01-26,35.90999984741211,36.060001373291016,35.79999923706055,35.88999938964844,23.36918830871582,29700,0.0,False
2012-01-27,35.95000076293945,36.84000015258789,35.95000076293945,36.84000015258789,23.98777198791504,251300,0.0,False
2012-01-30,35.97999954223633,35.97999954223633,35.2599983215332,35.689998626708984,23.23896026611328,22500,0.0,False
2012-01-31,35.61000061035156,35.689998626708984,35.36000061035156,35.619998931884766,23.19338035583496,23600,0.0,False
2012-02-01,36.58000183105469,36.58000183105469,36.040000915527344,36.09000015258789,23.499412536621094,28900,0.0,False
2012-02-02,36.40999984741211,38.18000030517578,36.29999923706055,36.52000045776367,23.779399871826172,293400,0.0,False
2012-02-03,36.720001220703125,36.84000015258789,36.58000183105469,36.599998474121094,23.83148765563965,30500,0.0,False
2012-02-06,36.52000045776367,36.790000915527344,36.52000045776367,36.58000183105469,23.81847381591797,21000,0.0,False
2012-02-07,36.279998779296875,36.869998931884766,36.279998779296875,36.630001068115234,23.851028442382812,36600,0.0,False
2012-02-08,36.529998779296875,36.790000915527344,36.38999938964844,36.61000061035156,23.83800506591797,28300,0.0,False
2012-02-09,36.779998779296875,36.779998779296875,36.529998779296875,36.599998474121094,23.83148765563965,56300,0.0,False
2012-02-10,36.18000030517578,36.18000030517578,35.86000061035156,35.869998931884766,23.356168746948242,23500,0.0,False
2012-02-13,36.209999084472656,36.650001525878906,36.209999084472656,36.2400016784668,23.597087860107422,45900,0.0,False
2012-02-14,35.93000030517578,35.939998626708984,35.79999923706055,35.869998931884766,23.356168746948242,76000,0.0,False
2012-02-15,36.130001068115234,36.130001068115234,35.880001068115234,35.959999084472656,23.41476821899414,21500,0.0,False
2012-02-16,35.81999969482422,36.36000061035156,35.81999969482422,36.22999954223633,23.590564727783203,40900,0.0,False
2012-02-17,36.20000076293945,36.290000915527344,36.150001525878906,36.290000915527344,23.629640579223633,28700,0.0,False
2012-02-21,36.619998931884766,36.79999923706055,36.619998931884766,36.70000076293945,23.896608352661133,38900,0.0,False
2012-02-22,36.45000076293945,36.959999084472656,36.45000076293945,36.779998779296875,23.948694229125977,35000,0.0,False
2012-02-23,36.83000183105469,37.0,36.779998779296875,36.849998474121094,23.994272232055664,18600,0.0,False
2012-02-24,37.099998474121094,37.099998474121094,37.029998779296875,37.029998779296875,24.11147689819336,10900,0.0,False
2012-02-27,37.09000015258789,37.20000076293945,36.880001068115234,37.150001525878906,24.189617156982422,64600,0.0,False
2012-02-28,37.189998626708984,37.31999969482422,37.040000915527344,37.13999938964844,24.183103561401367,38100,0.0,False
2012-02-29,37.25,37.33000183105469,36.709999084472656,36.7599983215332,23.93567657470703,39700,0.0,False
2012-03-01,36.7400016784668,37.150001525878906,36.7400016784668,37.0,24.091949462890625,27000,0.0,False
2012-03-02,37.18000030517578,37.18000030517578,36.56999969482422,36.79999923706055,23.961711883544922,30200,0.0,False
2012-03-05,36.20000076293945,36.290000915527344,36.20000076293945,36.290000915527344,23.629640579223633,18800,0.0,False
2012-03-06,35.220001220703125,35.31999969482422,34.939998626708984,35.16999816894531,22.900375366210938,55000,0.0,False
2012-03-07,35.15999984741211,35.56999969482422,35.150001525878906,35.56999969482422,23.16082191467285,80900,0.0,False
2012-03-08,36.08000183105469,36.25,35.959999084472656,35.959999084472656,23.41476821899414,53500,0.0,False
2012-03-09,36.16999816894531,36.18000030517578,35.939998626708984,36.09000015258789,23.499412536621094,21400,0.0,False
2012-03-12,35.720001220703125,35.90999984741211,35.650001525878906,35.90999984741211,23.3822078704834,28100,0.0,False
2012-03-13,35.95000076293945,36.33000183105469,35.95000076293945,36.29999923706055,23.636150360107422,37300,0.0,False
2012-03-14,35.97999954223633,36.099998474121094,35.709999084472656,35.81999969482422,23.3236141204834,17400,0.0,False
2012-03-15,35.79999923706055,36.119998931884766,35.79999923706055,36.099998474121094,23.50592803955078,12900,0.0,False
2012-03-16,36.2599983215332,36.5,36.2599983215332,36.470001220703125,23.746849060058594,32900,0.0,False
2012-03-19,36.65999984741211,36.65999984741211,36.20000076293945,36.400001525878906,23.701265335083008,24800,0.0,False
2012-03-20,35.869998931884766,36.16999816894531,35.869998931884766,36.150001525878906,23.53848648071289,52600,0.0,False
2012-03-21,35.849998474121094,36.04999923706055,35.83000183105469,36.04999923706055,23.47336769104004,61100,0.0,False
2012-03-22,35.13999938964844,35.459999084472656,35.13999938964844,35.459999084472656,23.089197158813477,18700,0.0,False
2012-03-23,35.4900016784668,35.75,35.20000076293945,35.75,23.27802848815918,35000,0.0,False
2012-03-26,36.119998931884766,36.2400016784668,36.04999923706055,36.22999954223633,23.590564727783203,21100,0.0,False
2012-03-27,36.40999984741211,36.40999984741211,35.83000183105469,35.970001220703125,23.42127799987793,106400,0.0,False
2012-03-28,35.470001220703125,35.47999954223633,35.040000915527344,35.220001220703125,22.93292999267578,57900,0.0,False
2012-03-29,34.9900016784668,35.290000915527344,34.90999984741211,35.290000915527344,22.97850799560547,35200,0.0,False
2012-03-30,35.4900016784668,35.65999984741211,35.41999816894531,35.540000915527344,23.141286849975586,58300,0.0,False
2012-04-02,36.029998779296875,36.2599983215332,36.029998779296875,36.08000183105469,23.492900848388672,33900,0.0,False
2012-04-03,35.91999816894531,35.91999816894531,35.369998931884766,35.59000015258789,23.17384910583496,15300,0.0,False
2012-04-04,34.77000045776367,34.939998626708984,34.7400016784668,34.7400016784668,22.620389938354492,23600,0.0,False
2012-04-05,34.56999969482422,35.119998931884766,34.540000915527344,34.810001373291016,22.665958404541016,21500,0.0,False
2012-04-09,34.5,34.650001525878906,34.34000015258789,34.40999984741211,22.405515670776367,65000,0.0,False
2012-04-10,34.4900016784668,34.4900016784668,33.66999816894531,33.959999084472656,22.11250114440918,35000,0.0,False
2012-04-11,34.29999923706055,34.400001525878906,34.040000915527344,34.040000915527344,22.16458511352539,29400,0.0,False
2012-04-12,34.310001373291016,34.95000076293945,34.310001373291016,34.95000076293945,22.757118225097656,24200,0.0,False
2012-04-13,34.5099983215332,34.56999969482422,34.400001525878906,34.43000030517578,22.418535232543945,124900,0.0,False
2012-04-16,34.36000061035156,34.5099983215332,34.290000915527344,34.33000183105469,22.353422164916992,32900,0.0,False
2012-04-17,34.54999923706055,34.939998626708984,34.54999923706055,34.939998626708984,22.750614166259766,55500,0.0,False
2012-04-18,34.72999954223633,34.91999816894531,34.58000183105469,34.7400016784668,22.620389938354492,51800,0.0,False
2012-04-19,34.779998779296875,34.959999084472656,34.4900016784668,34.66999816894531,22.574804306030273,108000,0.0,False
2012-04-20,34.95000076293945,34.970001220703125,34.72999954223633,34.849998474121094,22.692012786865234,311200,0.0,False
2012-04-23,34.130001068115234,34.209999084472656,34.04999923706055,34.18000030517578,22.255752563476562,26300,0.0,False
2012-04-24,34.29999923706055,34.41999816894531,34.25,34.290000915527344,22.327377319335938,39100,0.0,False
2012-04-25,35.04999923706055,35.04999923706055,34.66999816894531,34.959999084472656,22.763629913330078,62700,0.0,False
2012-04-26,34.779998779296875,35.06999969482422,34.77000045776367,35.06999969482422,22.835254669189453,114600,0.0,False
2012-04-27,35.25,35.25,35.060001373291016,35.15999984741211,22.89385986328125,39600,0.0,False
2012-04-30,34.939998626708984,35.220001220703125,34.849998474121094,35.08000183105469,22.841773986816406,79000,0.0,False
2012-05-01,35.310001373291016,35.56999969482422,35.2599983215332,35.41999816894531,23.063156127929688,22500,0.0,False
2012-05-02,35.040000915527344,35.15999984741211,34.93000030517578,35.13999938964844,22.880840301513672,90000,0.0,False
2012-05-03,35.189998626708984,35.189998626708984,34.54999923706055,34.63999938964844,22.555267333984375,17000,0.0,False
2012-05-04,34.22999954223633,34.27000045776367,33.77000045776367,34.06999969482422,22.18412208557129,80700,0.0,False
2012-05-07,33.599998474121094,33.86000061035156,33.599998474121094,33.86000061035156,22.04738426208496,95000,0.0,False
2012-05-08,33.400001525878906,33.400001525878906,32.939998626708984,33.099998474121094,21.552522659301758,126200,0.0,False
2012-05-09,32.63999938964844,34.20000076293945,32.560001373291016,33.0,21.487411499023438,135000,0.0,False
2012-05-10,33.119998931884766,33.27000045776367,33.09000015258789,33.09000015258789,21.54601287841797,61400,0.0,False
2012-05-11,33.0,33.220001220703125,32.90999984741211,32.93000030517578,21.44183349609375,42000,0.0,False
2012-05-14,32.31999969482422,32.4900016784668,32.279998779296875,32.279998779296875,21.018592834472656,29200,0.0,False
2012-05-15,32.2400016784668,32.279998779296875,31.690000534057617,31.690000534057617,20.634429931640625,47000,0.0,False
2012-05-16,31.809999465942383,32.02000045776367,31.440000534057617,31.559999465942383,20.549779891967773,121600,0.0,False
2012-05-17,31.540000915527344,31.540000915527344,31.15999984741211,31.18000030517578,20.30234718322754,63200,0.0,False
2012-05-18,31.170000076293945,31.200000762939453,30.8700008392334,30.93000030517578,20.139564514160156,22200,0.0,False
2012-05-21,30.979999542236328,31.299999237060547,30.979999542236328,31.270000457763672,20.36095428466797,31300,0.0,False
2012-05-22,31.610000610351562,31.93000030517578,31.389999389648438,31.389999389648438,20.439088821411133,105600,0.0,False
2012-05-23,30.799999237060547,31.239999771118164,30.719999313354492,31.239999771118164,20.3414249420166,195000,0.0,False
2012-05-24,31.489999771118164,31.6299991607666,31.309999465942383,31.549999237060547,20.543262481689453,231300,0.0,False
2012-05-25,31.459999084472656,31.600000381469727,31.34000015258789,31.34000015258789,20.406530380249023,66500,0.0,False
2012-05-29,31.809999465942383,31.81999969482422,31.809999465942383,31.81999969482422,20.719074249267578,1200,0.0,False
2012-05-30,31.329999923706055,31.399999618530273,31.239999771118164,31.270000457763672,20.36095428466797,74300,0.0,False
2012-05-31,31.3799991607666,31.389999389648438,30.899999618530273,31.18000030517578,20.30234718322754,25100,0.0,False
2012-06-01,30.6200008392334,30.889999389648438,30.6200008392334,30.739999771118164,20.015853881835938,25800,0.0,False
2012-06-04,30.889999389648438,30.889999389648438,30.399999618530273,30.6200008392334,19.937711715698242,31000,0.0,False
2012-06-05,30.81999969482422,31.06999969482422,30.81999969482422,30.959999084472656,20.159093856811523,17100,0.0,False
2012-06-06,31.489999771118164,31.889999389648438,31.440000534057617,31.809999465942383,20.712562561035156,15900,0.0,False
2012-06-07,32.33000183105469,32.33000183105469,31.93000030517578,31.950000762939453,20.8037166595459,67100,0.0,False
2012-06-08,31.649999618530273,31.90999984741211,31.479999542236328,31.899999618530273,20.771162033081055,37400,0.0,False
2012-06-11,32.099998474121094,32.099998474121094,31.540000915527344,31.540000915527344,20.536760330200195,25800,0.0,False
2012-06-12,31.56999969482422,31.940000534057617,31.56999969482422,31.739999771118164,20.66698455810547,24000,0.0,False
2012-06-13,31.729999542236328,31.93000030517578,31.68000030517578,31.68000030517578,20.62791633605957,29200,0.0,False
2012-06-14,31.75,31.8799991607666,31.739999771118164,31.739999771118164,20.66698455810547,36200,0.0,False
2012-06-15,32.15999984741211,32.29999923706055,32.150001525878906,32.29999923706055,21.03162384033203,26000,0.0,False
2012-06-18,32.349998474121094,32.38999938964844,32.349998474121094,32.38999938964844,21.09022331237793,20700,0.0,False
2012-06-19,32.93000030517578,33.029998779296875,32.93000030517578,33.0099983215332,21.493919372558594,40800,0.0,False
2012-06-20,32.97999954223633,33.040000915527344,32.83000183105469,32.93000030517578,21.44183349609375,39100,0.0,False
2012-06-21,32.650001525878906,32.650001525878906,31.690000534057617,31.709999084472656,20.647451400756836,47700,0.0,False
2012-06-22,31.649999618530273,31.889999389648438,31.610000610351562,31.889999389648438,20.764652252197266,43200,0.0,False
2012-06-25,31.329999923706055,31.459999084472656,31.260000228881836,31.440000534057617,20.471647262573242,60600,0.0,False
2012-06-26,31.729999542236328,31.81999969482422,31.5,31.780000686645508,20.693025588989258,53400,0.0,False
2012-06-27,31.940000534057617,32.09000015258789,31.940000534057617,32.02000045776367,20.84930419921875,33100,0.0,False
2012-06-28,31.639999389648438,32.02000045776367,31.639999389648438,32.02000045776367,20.84930419921875,80000,0.0,False
2012-06-29,32.86000061035156,33.029998779296875,32.83000183105469,33.029998779296875,21.5069522857666,91500,0.0,False
2012-07-02,32.90999984741211,33.15999984741211,32.90999984741211,33.15999984741211,21.591594696044922,23800,0.0,False
2012-07-03,33.56999969482422,33.810001373291016,33.56999969482422,33.72999954223633,21.962738037109375,654600,0.0,False
2012-07-05,33.61000061035156,33.689998626708984,33.47999954223633,33.59000015258789,21.8715763092041,71400,0.0,False
2012-07-06,33.209999084472656,33.209999084472656,32.900001525878906,33.029998779296875,21.5069522857666,66100,0.0,False
2012-07-09,32.72999954223633,32.849998474121094,32.650001525878906,32.79999923706055,21.35718536376953,58600,0.0,False
2012-07-10,32.81999969482422,32.83000183105469,32.349998474121094,32.47999954223633,21.148822784423828,155500,0.0,False
2012-07-11,32.540000915527344,32.720001220703125,32.540000915527344,32.540000915527344,21.18788719177246,58300,0.0,False
2012-07-12,32.119998931884766,32.470001220703125,32.099998474121094,32.43000030517578,21.11626625061035,66100,0.0,False
2012-07-13,32.68000030517578,32.869998931884766,32.68000030517578,32.790000915527344,21.35067367553711,10500,0.0,False
2012-07-16,32.66999816894531,32.93000030517578,32.630001068115234,32.849998474121094,21.38974380493164,48700,0.0,False
2012-07-17,33.099998474121094,33.189998626708984,32.7400016784668,33.119998931884766,21.5655517578125,168000,0.0,False
2012-07-18,33.189998626708984,33.31999969482422,33.189998626708984,33.290000915527344,21.676239013671875,26700,0.0,False
2012-07-19,33.31999969482422,33.58000183105469,33.31999969482422,33.52000045776367,21.82600212097168,18400,0.0,False
2012-07-20,33.20000076293945,33.290000915527344,33.15999984741211,33.2599983215332,21.656709671020508,103000,0.0,False
2012-07-23,32.459999084472656,32.599998474121094,32.25,32.58000183105469,21.213939666748047,54400,0.0,False
2012-07-24,32.56999969482422,32.56999969482422,31.979999542236328,32.13999938964844,20.927440643310547,36200,0.0,False
2012-07-25,32.22999954223633,32.5,32.20000076293945,32.34000015258789,21.057666778564453,233700,0.0,False
2012-07-26,32.72999954223633,33.0,32.72999954223633,33.0,21.487411499023438,26300,0.0,False
2012-07-27,33.29999923706055,33.630001068115234,33.27000045776367,33.630001068115234,21.897628784179688,92300,0.0,False
2012-07-30,33.52000045776367,33.630001068115234,33.52000045776367,33.619998931884766,21.89111328125,6600,0.0,False
2012-07-31,33.349998474121094,33.459999084472656,33.290000915527344,33.290000915527344,21.676239013671875,51500,0.0,False
2012-08-01,33.380001068115234,33.400001525878906,33.349998474121094,33.349998474121094,21.71530532836914,5400,0.0,False
2012-08-02,32.93000030517578,32.939998626708984,32.560001373291016,32.790000915527344,21.35067367553711,69600,0.0,False
2012-08-03,33.45000076293945,33.619998931884766,33.45000076293945,33.5099983215332,21.819490432739258,61100,0.0,False
2012-08-06,33.7400016784668,33.81999969482422,33.72999954223633,33.72999954223633,21.962738037109375,19600,0.0,False
2012-08-07,34.119998931884766,34.220001220703125,34.119998931884766,34.130001068115234,22.223194122314453,49400,0.0,False
2012-08-08,34.16999816894531,34.31999969482422,34.150001525878906,34.16999816894531,22.24924087524414,69900,0.0,False
2012-08-09,34.400001525878906,34.400001525878906,34.2400016784668,34.34000015258789,22.359935760498047,34900,0.0,False
2012-08-10,34.13999938964844,34.36000061035156,34.13999938964844,34.36000061035156,22.372953414916992,63800,0.0,False
2012-08-13,34.31999969482422,34.31999969482422,34.09000015258789,34.20000076293945,22.268775939941406,39500,0.0,False
2012-08-14,34.41999816894531,34.41999816894531,34.189998626708984,34.22999954223633,22.28830337524414,21500,0.0,False
2012-08-15,34.11000061035156,34.25,34.099998474121094,34.20000076293945,22.268775939941406,30400,0.0,False
2012-08-16,34.47999954223633,34.68000030517578,34.45000076293945,34.66999816894531,22.574804306030273,59900,0.0,False
2012-08-17,34.5099983215332,34.58000183105469,34.470001220703125,34.560001373291016,22.503183364868164,94700,0.0,False
2012-08-20,34.349998474121094,34.470001220703125,34.209999084472656,34.470001220703125,22.444583892822266,41100,0.0,False
2012-08-21,34.77000045776367,34.86000061035156,34.40999984741211,34.4900016784668,22.45760154724121,51900,0.0,False
2012-08-22,34.279998779296875,34.619998931884766,34.220001220703125,34.619998931884766,22.54224967956543,71900,0.0,False
2012-08-23,34.630001068115234,34.630001068115234,34.25,34.290000915527344,22.327377319335938,75800,0.0,False
2012-08-24,34.150001525878906,34.349998474121094,34.150001525878906,34.279998779296875,22.320858001708984,7400,0.0,False
2012-08-27,34.400001525878906,34.400001525878906,34.150001525878906,34.150001525878906,22.236215591430664,105600,0.0,False
2012-08-28,34.20000076293945,34.27000045776367,34.130001068115234,34.189998626708984,22.26226043701172,69400,0.0,False
2012-08-29,33.9900016784668,34.130001068115234,33.88999938964844,34.02000045776367,22.151569366455078,92000,0.0,False
2012-08-30,33.70000076293945,33.70000076293945,33.5,33.560001373291016,21.852048873901367,112600,0.0,False
2012-08-31,33.7400016784668,33.95000076293945,33.59000015258789,33.869998931884766,22.05389404296875,29600,0.0,False
2012-09-04,33.66999816894531,33.75,33.630001068115234,33.7400016784668,21.969255447387695,59100,0.0,False
2012-09-05,33.599998474121094,33.720001220703125,33.599998474121094,33.65999984741211,21.91715431213379,52600,0.0,False
2012-09-06,34.130001068115234,34.560001373291016,34.130001068115234,34.52000045776367,22.477136611938477,35300,0.0,False
2012-09-07,34.86000061035156,35.2599983215332,34.86000061035156,35.25,22.952463150024414,53400,0.0,False
2012-09-10,35.16999816894531,35.349998474121094,35.04999923706055,35.09000015258789,22.848281860351562,51500,0.0,False
2012-09-11,35.209999084472656,35.380001068115234,35.209999084472656,35.33000183105469,23.004560470581055,26500,0.0,False
2012-09-12,35.25,35.400001525878906,35.2400016784668,35.33000183105469,23.004560470581055,85900,0.0,False
2012-09-13,35.209999084472656,36.16999816894531,35.209999084472656,36.16999816894531,23.551502227783203,150500,0.0,False
2012-09-14,36.58000183105469,36.91999816894531,36.58000183105469,36.68000030517578,23.883583068847656,39700,0.0,False
2012-09-17,36.720001220703125,36.720001220703125,36.439998626708984,36.439998626708984,23.72731590270996,24900,0.0,False
2012-09-18,36.310001373291016,36.400001525878906,36.2400016784668,36.34000015258789,23.66219711303711,43200,0.0,False
2012-09-19,36.40999984741211,36.56999969482422,36.40999984741211,36.52000045776367,23.779399871826172,105800,0.0,False
2012-09-20,36.099998474121094,36.31999969482422,35.959999084472656,36.31999969482422,23.649181365966797,150800,0.0,False
2012-09-21,36.56999969482422,36.56999969482422,36.16999816894531,36.16999816894531,23.551502227783203,25800,0.0,False
2012-09-24,35.91999816894531,36.09000015258789,35.90999984741211,36.029998779296875,23.460351943969727,68200,0.0,False
2012-09-25,36.09000015258789,36.150001525878906,35.619998931884766,35.70000076293945,23.245471954345703,52000,0.0,False
2012-09-26,35.47999954223633,35.5,35.22999954223633,35.380001068115234,23.037118911743164,40600,0.0,False
2012-09-27,35.630001068115234,35.95000076293945,35.52000045776367,35.880001068115234,23.362680435180664,22600,0.0,False
2012-09-28,35.709999084472656,35.75,35.54999923706055,35.61000061035156,23.18686866760254,42000,0.0,False
2012-10-01,35.95000076293945,36.189998626708984,35.86000061035156,35.88999938964844,23.36918830871582,174200,0.0,False
2012-10-02,35.84000015258789,35.91999816894531,35.689998626708984,35.810001373291016,23.317100524902344,74300,0.0,False
2012-10-03,35.47999954223633,35.599998474121094,35.34000015258789,35.43000030517578,23.069664001464844,126400,0.0,False
2012-10-04,35.459999084472656,35.75,35.459999084472656,35.72999954223633,23.265012741088867,75000,0.0,False
2012-10-05,36.029998779296875,36.11000061035156,35.68000030517578,35.72999954223633,23.265012741088867,34900,0.0,False
2012-10-08,35.720001220703125,35.720001220703125,35.5,35.70000076293945,23.245471954345703,16900,0.0,False
2012-10-09,35.81999969482422,35.81999969482422,35.41999816894531,35.459999084472656,23.089197158813477,26200,0.0,False
2012-10-10,35.619998931884766,35.619998931884766,35.16999816894531,35.18000030517578,22.90688705444336,46800,0.0,False
2012-10-11,35.68000030517578,35.7599983215332,35.470001220703125,35.54999923706055,23.14780044555664,59200,0.0,False
2012-10-12,35.560001373291016,35.599998474121094,35.209999084472656,35.29999923706055,22.985027313232422,95500,0.0,False
2012-10-15,35.29999923706055,35.470001220703125,35.189998626708984,35.470001220703125,23.09571075439453,36900,0.0,False
2012-10-16,35.65999984741211,35.900001525878906,35.65999984741211,35.869998931884766,23.356168746948242,41000,0.0,False
2012-10-17,35.9900016784668,36.31999969482422,35.9900016784668,36.290000915527344,23.629640579223633,54500,0.0,False
2012-10-18,36.22999954223633,36.349998474121094,36.060001373291016,36.18000030517578,23.558015823364258,306000,0.0,False
2012-10-19,36.16999816894531,36.20000076293945,35.66999816894531,35.72999954223633,23.265012741088867,118600,0.0,False
2012-10-22,35.810001373291016,35.95000076293945,35.529998779296875,35.849998474121094,23.343137741088867,67300,0.0,False
2012-10-23,35.22999954223633,35.59000015258789,34.959999084472656,35.11000061035156,22.86130714416504,84900,0.0,False
2012-10-24,35.4900016784668,35.4900016784668,35.040000915527344,35.06999969482422,22.835254669189453,170100,0.0,False
2012-10-25,35.540000915527344,35.540000915527344,35.04999923706055,35.25,22.952463150024414,126000,0.0,False
2012-10-26,35.36000061035156,35.380001068115234,35.060001373291016,35.189998626708984,22.91338539123535,116300,0.0,False
2012-10-31,35.56999969482422,35.66999816894531,35.209999084472656,35.310001373291016,22.991533279418945,150400,0.0,False
2012-11-01,35.459999084472656,35.599998474121094,35.400001525878906,35.56999969482422,23.16082191467285,160000,0.0,False
2012-11-02,35.779998779296875,35.81999969482422,34.959999084472656,35.029998779296875,22.809207916259766,217700,0.0,False
2012-11-05,34.959999084472656,35.15999984741211,34.93000030517578,35.15999984741211,22.89385986328125,143300,0.0,False
2012-11-06,35.5099983215332,35.59000015258789,35.209999084472656,35.5099983215332,23.121761322021484,160200,0.0,False
2012-11-07,35.029998779296875,35.13999938964844,34.650001525878906,34.900001525878906,22.72456932067871,98800,0.0,False
2012-11-08,34.86000061035156,35.0,34.369998931884766,34.439998626708984,22.42504119873047,110100,0.0,False
2012-11-09,34.43000030517578,34.599998474121094,34.27000045776367,34.27000045776367,22.31435203552246,183000,0.0,False
2012-11-12,34.599998474121094,34.599998474121094,34.18000030517578,34.25,22.30133056640625,60300,0.0,False
2012-11-13,34.0,34.279998779296875,33.86000061035156,34.0099983215332,22.145051956176758,84800,0.0,False
2012-11-14,34.27000045776367,34.470001220703125,33.33000183105469,33.380001068115234,21.734844207763672,139700,0.0,False
2012-11-15,33.5,33.5,33.13999938964844,33.2400016784668,21.64368438720703,64200,0.0,False
2012-11-16,33.41999816894531,33.41999816894531,32.91999816894531,33.25,21.65019416809082,125600,0.0,False
2012-11-19,33.900001525878906,34.09000015258789,33.84000015258789,34.0099983215332,22.145051956176758,120600,0.0,False
2012-11-20,33.95000076293945,34.150001525878906,33.88999938964844,34.11000061035156,22.210176467895508,77500,0.0,False
2012-11-21,34.25,34.25,34.04999923706055,34.20000076293945,22.268775939941406,103900,0.0,False
2012-11-23,34.599998474121094,34.7400016784668,34.439998626708984,34.72999954223633,22.613872528076172,126600,0.0,False
2012-11-26,34.61000061035156,34.66999816894531,34.4900016784668,34.65999984741211,22.568296432495117,64000,0.0,False
2012-11-27,34.689998626708984,34.70000076293945,34.36000061035156,34.36000061035156,22.372953414916992,136100,0.0,False
2012-11-28,34.09000015258789,34.56999969482422,34.08000183105469,34.54999923706055,22.49666976928711,53200,0.0,False
2012-11-29,34.97999954223633,34.97999954223633,34.720001220703125,34.869998931884766,22.70503044128418,121200,0.0,False
2012-11-30,34.83000183105469,34.86000061035156,34.70000076293945,34.83000183105469,22.67898941040039,79000,0.0,False
2012-12-03,34.9900016784668,34.9900016784668,34.599998474121094,34.66999816894531,22.574804306030273,124000,0.0,False
2012-12-04,34.720001220703125,34.720001220703125,34.58000183105469,34.650001525878906,22.561782836914062,93500,0.0,False
2012-12-05,34.599998474121094,34.84000015258789,34.5,34.650001525878906,22.561782836914062,137600,0.0,False
2012-12-06,34.68000030517578,34.779998779296875,34.65999984741211,34.779998779296875,22.64642333984375,77100,0.0,False
2012-12-07,34.88999938964844,34.900001525878906,34.709999084472656,34.88999938964844,22.718055725097656,166100,0.0,False
2012-12-10,34.900001525878906,35.08000183105469,34.900001525878906,35.06999969482422,22.835254669189453,145500,0.0,False
2012-12-11,35.31999969482422,35.38999938964844,35.25,35.310001373291016,22.991533279418945,216700,0.0,False
2012-12-12,35.540000915527344,35.709999084472656,35.380001068115234,35.43000030517578,23.069664001464844,275300,0.0,False
2012-12-13,35.4900016784668,35.529998779296875,35.150001525878906,35.2400016784668,22.945951461791992,160100,0.0,False
2012-12-14,35.279998779296875,35.40999984741211,35.25,35.2599983215332,22.958969116210938,186300,0.0,False
2012-12-17,35.540000915527344,35.630001068115234,35.36000061035156,35.630001068115234,23.199899673461914,499600,0.0,False
2012-12-18,35.720001220703125,35.95000076293945,35.68000030517578,35.939998626708984,23.401748657226562,419300,0.0,False
2012-12-19,35.939998626708984,35.97999954223633,35.77000045776367,35.790000915527344,23.3040771484375,733800,0.0,False
2012-12-20,35.66999816894531,35.93000030517578,35.65999984741211,35.93000030517578,23.395235061645508,739500,0.0,False
2012-12-21,35.400001525878906,35.650001525878906,35.400001525878906,35.599998474121094,23.180356979370117,305400,0.0,False
2012-12-24,35.400001525878906,35.599998474121094,35.369998931884766,35.599998474121094,23.180356979370117,859500,0.0,False
2012-12-26,35.599998474121094,35.650001525878906,35.41999816894531,35.5099983215332,23.121761322021484,380100,0.0,False
2012-12-27,35.22999954223633,35.33000183105469,35.0,35.2599983215332,23.199392318725586,237300,0.0,False
2012-12-28,35.06999969482422,35.150001525878906,34.91999816894531,34.970001220703125,23.008583068847656,327700,0.0,False
2012-12-31,34.970001220703125,35.619998931884766,34.970001220703125,35.619998931884766,23.436262130737305,574800,0.0,False
2013-01-02,36.209999084472656,36.31999969482422,36.06999969482422,36.31999969482422,23.896827697753906,219900,0.0,False
2013-01-03,36.150001525878906,36.2599983215332,35.880001068115234,35.93000030517578,23.640226364135742,300500,0.0,False
2013-01-04,35.91999816894531,36.25,35.91999816894531,36.22999954223633,23.837614059448242,360500,0.0,False
2013-01-07,36.06999969482422,36.06999969482422,35.84000015258789,35.97999954223633,23.673112869262695,218000,0.0,False
2013-01-08,35.97999954223633,36.0099983215332,35.77000045776367,35.93000030517578,23.640226364135742,218000,0.0,False
2013-01-09,36.029998779296875,36.06999969482422,35.959999084472656,36.040000915527344,23.712604522705078,183800,0.0,False
2013-01-10,36.290000915527344,36.45000076293945,36.189998626708984,36.43000030517578,23.96919822692871,120200,0.0,False
2013-01-11,36.369998931884766,36.369998931884766,36.209999084472656,36.349998474121094,23.916561126708984,168600,0.0,False
2013-01-14,36.400001525878906,36.43000030517578,36.2400016784668,36.279998779296875,23.870508193969727,257500,0.0,False
2013-01-15,36.16999816894531,36.369998931884766,36.15999984741211,36.310001373291016,23.89024543762207,280500,0.0,False
2013-01-16,36.09000015258789,36.20000076293945,36.02000045776367,36.15999984741211,23.791547775268555,157500,0.0,False
2013-01-17,36.27000045776367,36.459999084472656,36.2400016784668,36.349998474121094,23.916561126708984,208900,0.0,False
2013-01-18,36.439998626708984,36.439998626708984,36.18000030517578,36.369998931884766,23.929723739624023,264600,0.0,False
2013-01-22,36.369998931884766,36.68000030517578,36.349998474121094,36.68000030517578,24.133682250976562,398100,0.0,False
2013-01-23,36.560001373291016,36.65999984741211,36.5,36.560001373291016,24.05474281311035,370700,0.0,False
2013-01-24,36.54999923706055,36.810001373291016,36.54999923706055,36.66999816894531,24.127113342285156,11857800,0.0,False
2013-01-25,36.75,36.75,36.529998779296875,36.720001220703125,24.160009384155273,571400,0.0,False
2013-01-28,36.7400016784668,36.7400016784668,36.41999816894531,36.4900016784668,24.008678436279297,441700,0.0,False
2013-01-29,36.369998931884766,36.810001373291016,36.369998931884766,36.79999923706055,24.212642669677734,408400,0.0,False
2013-01-30,36.81999969482422,36.81999969482422,36.619998931884766,36.63999938964844,24.10736656188965,403500,0.0,False
2013-01-31,36.560001373291016,36.61000061035156,36.41999816894531,36.459999084472656,23.988935470581055,277800,0.0,False
2013-02-01,36.7400016784668,36.810001373291016,36.619998931884766,36.790000915527344,24.206064224243164,261000,0.0,False
2013-02-04,36.47999954223633,36.47999954223633,36.310001373291016,36.369998931884766,23.929723739624023,360400,0.0,False
2013-02-05,36.52000045776367,36.630001068115234,36.459999084472656,36.540000915527344,24.04157829284668,394600,0.0,False
2013-02-06,36.36000061035156,36.52000045776367,36.36000061035156,36.52000045776367,24.028413772583008,659500,0.0,False
2013-02-07,36.650001525878906,36.650001525878906,36.119998931884766,36.290000915527344,23.877084732055664,456700,0.0,False
2013-02-08,36.470001220703125,36.470001220703125,36.380001068115234,36.439998626708984,23.975778579711914,258800,0.0,False
2013-02-11,36.189998626708984,36.290000915527344,36.15999984741211,36.27000045776367,23.863929748535156,609800,0.0,False
2013-02-12,36.310001373291016,36.36000061035156,36.09000015258789,36.33000183105469,23.903411865234375,248400,0.0,False
2013-02-13,36.54999923706055,36.56999969482422,36.43000030517578,36.459999084472656,23.988935470581055,685100,0.0,False
2013-02-14,36.31999969482422,36.40999984741211,36.29999923706055,36.36000061035156,23.923152923583984,292000,0.0,False
2013-02-15,36.36000061035156,36.36000061035156,36.04999923706055,36.16999816894531,23.798128128051758,563000,0.0,False
2013-02-19,36.06999969482422,36.29999923706055,36.06999969482422,36.279998779296875,23.870508193969727,467300,0.0,False
2013-02-20,36.15999984741211,36.15999984741211,35.380001068115234,35.40999984741211,23.298086166381836,428100,0.0,False
2013-02-21,35.20000076293945,35.20000076293945,34.90999984741211,35.04999923706055,23.061220169067383,365500,0.0,False
2013-02-22,35.15999984741211,35.290000915527344,34.97999954223633,35.290000915527344,23.219133377075195,411600,0.0,False
2013-02-25,35.5,35.52000045776367,34.689998626708984,34.709999084472656,22.8375301361084,353400,0.0,False
2013-02-26,34.959999084472656,34.959999084472656,34.68000030517578,34.880001068115234,22.94937515258789,457600,0.0,False
2013-02-27,35.099998474121094,35.41999816894531,34.880001068115234,35.369998931884766,23.271764755249023,336400,0.0,False
2013-02-28,35.209999084472656,35.41999816894531,35.189998626708984,35.25,23.192811965942383,508200,0.0,False
2013-03-01,35.0,35.11000061035156,34.83000183105469,35.09000015258789,23.087539672851562,284600,0.0,False
2013-03-04,34.880001068115234,34.91999816894531,34.650001525878906,34.91999816894531,22.97568702697754,203900,0.0,False
2013-03-05,35.18000030517578,35.310001373291016,35.13999938964844,35.13999938964844,23.12044334411621,204200,0.0,False
2013-03-06,35.16999816894531,35.369998931884766,35.16999816894531,35.34000015258789,23.252031326293945,237900,0.0,False
2013-03-07,35.47999954223633,35.47999954223633,35.400001525878906,35.43000030517578,23.311254501342773,213000,0.0,False
2013-03-08,35.33000183105469,35.529998779296875,35.33000183105469,35.4900016784668,23.35072898864746,961600,0.0,False
2013-03-11,35.38999938964844,35.65999984741211,35.380001068115234,35.650001525878906,23.456005096435547,1072000,0.0,False
2013-03-12,35.66999816894531,35.84000015258789,35.59000015258789,35.65999984741211,23.462587356567383,573400,0.0,False
2013-03-13,35.59000015258789,35.59000015258789,35.47999954223633,35.47999954223633,23.344146728515625,708100,0.0,False
2013-03-14,35.58000183105469,35.75,35.47999954223633,35.7400016784668,23.51521873474121,4735600,0.0,False
2013-03-15,35.70000076293945,35.790000915527344,35.630001068115234,35.7400016784668,23.51521873474121,740100,0.0,False
2013-03-18,35.459999084472656,35.58000183105469,35.36000061035156,35.38999938964844,23.28493309020996,550200,0.0,False
2013-03-19,35.33000183105469,35.369998931884766,34.91999816894531,35.13999938964844,23.12044334411621,773100,0.0,False
2013-03-20,35.33000183105469,35.33000183105469,35.130001068115234,35.189998626708984,23.153339385986328,641700,0.0,False
2013-03-21,35.060001373291016,35.15999984741211,34.9900016784668,35.0,23.028329849243164,466300,0.0,False
2013-03-22,35.06999969482422,35.15999984741211,35.060001373291016,35.099998474121094,23.094120025634766,604300,0.0,False
2013-03-25,35.150001525878906,35.15999984741211,34.72999954223633,34.84000015258789,22.923057556152344,748200,0.0,False
2013-03-26,35.04999923706055,35.099998474121094,34.91999816894531,35.099998474121094,23.094120025634766,1077100,0.0,False
2013-03-27,34.810001373291016,35.11000061035156,34.689998626708984,35.09000015258789,23.087539672851562,314700,0.0,False
2013-03-28,35.040000915527344,35.15999984741211,34.9900016784668,35.099998474121094,23.094120025634766,397000,0.0,False
2013-04-01,35.04999923706055,35.13999938964844,34.91999816894531,34.97999954223633,23.01517105102539,608200,0.0,False
2013-04-02,34.93000030517578,34.970001220703125,34.720001220703125,34.7400016784668,22.857267379760742,501000,0.0,False
2013-04-03,34.83000183105469,34.83000183105469,34.2400016784668,34.33000183105469,22.58749771118164,433300,0.0,False
2013-04-04,34.40999984741211,34.5,34.27000045776367,34.45000076293945,22.666458129882812,509100,0.0,False
2013-04-05,34.22999954223633,34.38999938964844,34.06999969482422,34.38999938964844,22.626981735229492,636200,0.0,False
2013-04-08,34.29999923706055,34.439998626708984,34.279998779296875,34.439998626708984,22.659873962402344,171500,0.0,False
2013-04-09,34.619998931884766,35.0099983215332,34.56999969482422,34.90999984741211,22.969112396240234,265000,0.0,False
2013-04-10,35.029998779296875,35.040000915527344,34.88999938964844,34.93000030517578,22.982276916503906,213500,0.0,False
2013-04-11,34.959999084472656,35.04999923706055,34.810001373291016,34.91999816894531,22.97568702697754,558400,0.0,False
2013-04-12,34.72999954223633,34.72999954223633,34.27000045776367,34.41999816894531,22.646713256835938,417100,0.0,False
2013-04-15,33.7400016784668,33.79999923706055,32.959999084472656,32.959999084472656,21.686105728149414,1165900,0.0,False
2013-04-16,33.36000061035156,33.45000076293945,33.220001220703125,33.439998626708984,22.00191879272461,975200,0.0,False
2013-04-17,33.060001373291016,33.060001373291016,32.52000045776367,32.630001068115234,21.468984603881836,398000,0.0,False
2013-04-18,32.689998626708984,32.81999969482422,32.470001220703125,32.70000076293945,21.515039443969727,641400,0.0,False
2013-04-19,33.08000183105469,33.099998474121094,32.75,32.939998626708984,21.672954559326172,357700,0.0,False
2013-04-22,32.97999954223633,33.099998474121094,32.720001220703125,33.06999969482422,21.75847625732422,513800,0.0,False
2013-04-23,33.06999969482422,33.209999084472656,32.95000076293945,33.20000076293945,21.844018936157227,471500,0.0,False
2013-04-24,33.40999984741211,33.79999923706055,33.40999984741211,33.77000045776367,22.219051361083984,682000,0.0,False
2013-04-25,33.970001220703125,34.29999923706055,33.970001220703125,34.09000015258789,22.429588317871094,916000,0.0,False
2013-04-26,34.119998931884766,34.119998931884766,33.79999923706055,33.86000061035156,22.278261184692383,684300,0.0,False
2013-04-29,34.13999938964844,34.33000183105469,34.029998779296875,34.29999923706055,22.567758560180664,533000,0.0,False
2013-04-30,34.29999923706055,34.439998626708984,34.060001373291016,34.43000030517578,22.653289794921875,450600,0.0,False
2013-05-01,34.220001220703125,34.220001220703125,33.91999816894531,33.970001220703125,22.35064125061035,480200,0.0,False
2013-05-02,33.939998626708984,34.16999816894531,33.88999938964844,34.13999938964844,22.462488174438477,370200,0.0,False
2013-05-03,34.58000183105469,34.79999923706055,34.56999969482422,34.630001068115234,22.78487777709961,292700,0.0,False
2013-05-06,34.61000061035156,34.72999954223633,34.58000183105469,34.709999084472656,22.8375301361084,435000,0.0,False
2013-05-07,34.779998779296875,34.849998474121094,34.58000183105469,34.79999923706055,22.89673614501953,242700,0.0,False
2013-05-08,34.900001525878906,35.34000015258789,34.900001525878906,35.34000015258789,23.252031326293945,332400,0.0,False
2013-05-09,35.31999969482422,35.380001068115234,35.02000045776367,35.11000061035156,23.1007080078125,253400,0.0,False
2013-05-10,35.0099983215332,35.0099983215332,34.72999954223633,34.970001220703125,23.008583068847656,575300,0.0,False
2013-05-13,34.849998474121094,34.849998474121094,34.61000061035156,34.66999816894531,22.81120491027832,335000,0.0,False
2013-05-14,34.63999938964844,34.83000183105469,34.630001068115234,34.79999923706055,22.89673614501953,298700,0.0,False
2013-05-15,34.619998931884766,34.65999984741211,34.47999954223633,34.58000183105469,22.75198745727539,636600,0.0,False
2013-05-16,34.40999984741211,34.619998931884766,34.29999923706055,34.380001068115234,22.62040138244629,390400,0.0,False
2013-05-17,34.41999816894531,34.52000045776367,34.369998931884766,34.5099983215332,22.705928802490234,253600,0.0,False
2013-05-20,34.529998779296875,34.75,34.459999084472656,34.72999954223633,22.850683212280273,420700,0.0,False
2013-05-21,34.810001373291016,34.900001525878906,34.599998474121094,34.66999816894531,22.81120491027832,462300,0.0,False
2013-05-22,34.709999084472656,35.029998779296875,34.25,34.380001068115234,22.62040138244629,360600,0.0,False
2013-05-23,34.099998474121094,34.40999984741211,33.90999984741211,34.34000015258789,22.594079971313477,313900,0.0,False
2013-05-24,34.13999938964844,34.13999938964844,33.970001220703125,34.060001373291016,22.409849166870117,203000,0.0,False
2013-05-28,34.439998626708984,34.439998626708984,34.060001373291016,34.119998931884766,22.44932746887207,248300,0.0,False
2013-05-29,34.099998474121094,34.189998626708984,33.86000061035156,34.18000030517578,22.488807678222656,438000,0.0,False
2013-05-30,34.2599983215332,34.52000045776367,34.25,34.43000030517578,22.653289794921875,217600,0.0,False
2013-05-31,34.279998779296875,34.369998931884766,33.66999816894531,33.70000076293945,22.172990798950195,303500,0.0,False
2013-06-03,33.810001373291016,34.119998931884766,33.810001373291016,34.099998474121094,22.43617820739746,209800,0.0,False
2013-06-04,34.06999969482422,34.06999969482422,33.720001220703125,33.90999984741211,22.311161041259766,161200,0.0,False
2013-06-05,33.70000076293945,33.7400016784668,33.36000061035156,33.36000061035156,21.949283599853516,269400,0.0,False
2013-06-06,33.349998474121094,33.58000183105469,33.220001220703125,33.56999969482422,22.087453842163086,189700,0.0,False
2013-06-07,33.70000076293945,33.70000076293945,33.43000030517578,33.56999969482422,22.087453842163086,197300,0.0,False
2013-06-10,33.56999969482422,33.599998474121094,33.439998626708984,33.540000915527344,22.067718505859375,249900,0.0,False
2013-06-11,32.95000076293945,33.20000076293945,32.93000030517578,32.9900016784668,21.705848693847656,280800,0.0,False
2013-06-12,33.2400016784668,33.2400016784668,32.779998779296875,32.79999923706055,21.58083724975586,177000,0.0,False
2013-06-13,32.720001220703125,33.38999938964844,32.720001220703125,33.36000061035156,21.949283599853516,256700,0.0,False
2013-06-14,33.290000915527344,33.470001220703125,33.060001373291016,33.119998931884766,21.7913818359375,369000,0.0,False
2013-06-17,33.41999816894531,33.41999816894531,33.02000045776367,33.290000915527344,21.903234481811523,288100,0.0,False
2013-06-18,33.349998474121094,33.400001525878906,33.22999954223633,33.349998474121094,21.942705154418945,153300,0.0,False
2013-06-19,33.25,33.29999923706055,32.7599983215332,32.790000915527344,21.57425308227539,186300,0.0,False
2013-06-20,32.279998779296875,32.279998779296875,31.540000915527344,31.68000030517578,20.843923568725586,439300,0.0,False
2013-06-21,31.719999313354492,31.809999465942383,31.31999969482422,31.65999984741211,20.830766677856445,169700,0.0,False
2013-06-24,31.049999237060547,31.31999969482422,30.729999542236328,31.030000686645508,20.416257858276367,164400,0.0,False
2013-06-25,31.18000030517578,31.360000610351562,31.059999465942383,31.309999465942383,20.60048484802246,184000,0.0,False
2013-06-26,31.3700008392334,31.389999389648438,31.149999618530273,31.329999923706055,20.613649368286133,378500,0.0,False
2013-06-27,31.489999771118164,31.6299991607666,31.40999984741211,31.450000762939453,20.692596435546875,197200,0.0,False
2013-06-28,31.329999923706055,31.639999389648438,31.260000228881836,31.530000686645508,20.745227813720703,416000,0.0,False
2013-07-01,31.790000915527344,31.920000076293945,31.579999923706055,31.6200008392334,20.804452896118164,123900,0.0,False
2013-07-02,31.520000457763672,31.709999084472656,31.34000015258789,31.5,20.725502014160156,237500,0.0,False
2013-07-03,31.440000534057617,31.530000686645508,31.280000686645508,31.420000076293945,20.6728572845459,316300,0.0,False
2013-07-05,31.280000686645508,31.360000610351562,31.100000381469727,31.360000610351562,20.633386611938477,151500,0.0,False
2013-07-08,31.399999618530273,31.6200008392334,31.399999618530273,31.469999313354492,20.705751419067383,188800,0.0,False
2013-07-09,31.829999923706055,31.959999084472656,31.670000076293945,31.959999084472656,21.028152465820312,169400,0.0,False
2013-07-10,31.920000076293945,31.940000534057617,31.700000762939453,31.780000686645508,20.90972328186035,1656700,0.0,False
2013-07-11,32.459999084472656,32.79999923706055,32.459999084472656,32.790000915527344,21.57425308227539,174700,0.0,False
2013-07-12,32.77000045776367,32.77000045776367,32.34000015258789,32.560001373291016,21.422922134399414,596500,0.0,False
2013-07-15,32.58000183105469,32.65999984741211,32.54999923706055,32.61000061035156,21.45581817626953,242400,0.0,False
2013-07-16,32.54999923706055,32.79999923706055,32.54999923706055,32.7599983215332,21.55451774597168,775500,0.0,False
2013-07-17,33.029998779296875,33.060001373291016,32.720001220703125,32.93000030517578,21.666366577148438,260800,0.0,False
2013-07-18,33.040000915527344,33.13999938964844,32.779998779296875,33.040000915527344,21.73874855041504,583100,0.0,False
2013-07-19,33.04999923706055,33.29999923706055,33.040000915527344,33.290000915527344,21.903234481811523,135000,0.0,False
2013-07-22,33.38999938964844,33.529998779296875,33.349998474121094,33.47999954223633,22.028242111206055,281100,0.0,False
2013-07-23,33.59000015258789,33.93000030517578,33.310001373291016,33.720001220703125,22.186147689819336,165100,0.0,False
2013-07-24,33.720001220703125,33.720001220703125,33.099998474121094,33.20000076293945,21.844018936157227,85100,0.0,False
2013-07-25,33.0,33.40999984741211,33.0,33.369998931884766,21.955862045288086,1578800,0.0,False
2013-07-26,33.18000030517578,33.369998931884766,33.02000045776367,33.33000183105469,21.929553985595703,224600,0.0,False
2013-07-29,33.18000030517578,33.310001373291016,33.06999969482422,33.27000045776367,21.89007568359375,138800,0.0,False
2013-07-30,32.66999816894531,32.66999816894531,32.47999954223633,32.63999938964844,21.47555923461914,269500,0.0,False
2013-07-31,32.5,32.68000030517578,32.34000015258789,32.349998474121094,21.284751892089844,309200,0.0,False
2013-08-01,32.529998779296875,32.68000030517578,32.470001220703125,32.599998474121094,21.449241638183594,1553200,0.0,False
2013-08-02,32.5,32.560001373291016,32.439998626708984,32.47999954223633,21.370288848876953,517500,0.0,False
2013-08-05,32.58000183105469,32.58000183105469,32.29999923706055,32.5,21.38344955444336,401900,0.0,False
2013-08-06,32.25,32.2599983215332,31.989999771118164,32.099998474121094,21.120269775390625,569100,0.0,False
2013-08-07,32.060001373291016,32.08000183105469,31.940000534057617,31.959999084472656,21.028152465820312,229800,0.0,False
2013-08-08,32.36000061035156,32.709999084472656,32.33000183105469,32.68000030517578,21.501876831054688,369600,0.0,False
2013-08-09,32.81999969482422,32.93000030517578,32.720001220703125,32.849998474121094,21.613733291625977,111500,0.0,False
2013-08-12,32.779998779296875,33.040000915527344,32.779998779296875,33.040000915527344,21.73874855041504,135300,0.0,False
2013-08-13,33.029998779296875,33.130001068115234,32.97999954223633,33.04999923706055,21.745319366455078,178900,0.0,False
2013-08-14,33.060001373291016,33.290000915527344,33.060001373291016,33.16999816894531,21.824277877807617,156700,0.0,False
2013-08-15,32.79999923706055,33.209999084472656,32.72999954223633,33.18000030517578,21.83085823059082,126200,0.0,False
2013-08-16,33.099998474121094,33.16999816894531,32.91999816894531,33.040000915527344,21.73874855041504,141500,0.0,False
2013-08-19,33.0099983215332,33.0099983215332,32.54999923706055,32.58000183105469,21.43608856201172,373300,0.0,False
2013-08-20,32.650001525878906,32.81999969482422,32.5,32.709999084472656,21.521615982055664,235400,0.0,False
2013-08-21,32.5099983215332,32.58000183105469,32.220001220703125,32.2400016784668,21.21238136291504,262100,0.0,False
2013-08-22,32.369998931884766,32.709999084472656,32.369998931884766,32.619998931884766,21.46240234375,285600,0.0,False
2013-08-23,32.689998626708984,32.95000076293945,32.65999984741211,32.90999984741211,21.653207778930664,130700,0.0,False
2013-08-26,33.08000183105469,33.119998931884766,32.779998779296875,32.869998931884766,21.62688636779785,92500,0.0,False
2013-08-27,32.77000045776367,32.810001373291016,32.369998931884766,32.45000076293945,21.350553512573242,139400,0.0,False
2013-08-28,32.56999969482422,32.810001373291016,32.54999923706055,32.599998474121094,21.449241638183594,242700,0.0,False
2013-08-29,32.380001068115234,32.58000183105469,32.34000015258789,32.40999984741211,21.324237823486328,136400,0.0,False
2013-08-30,32.5,32.5,32.25,32.27000045776367,21.23212242126465,100900,0.0,False
2013-09-03,32.7400016784668,32.83000183105469,32.56999969482422,32.599998474121094,21.449241638183594,88100,0.0,False
2013-09-04,32.630001068115234,32.91999816894531,32.630001068115234,32.90999984741211,21.653207778930664,102700,0.0,False
2013-09-05,32.93000030517578,32.93000030517578,32.84000015258789,32.90999984741211,21.653207778930664,266600,0.0,False
2013-09-06,33.189998626708984,33.20000076293945,32.959999084472656,33.060001373291016,21.751907348632812,205700,0.0,False
2013-09-09,33.380001068115234,33.58000183105469,33.349998474121094,33.56999969482422,22.087453842163086,187000,0.0,False
2013-09-10,33.599998474121094,33.70000076293945,33.529998779296875,33.65999984741211,22.146671295166016,103000,0.0,False
2013-09-11,33.58000183105469,33.880001068115234,33.54999923706055,33.869998931884766,22.284847259521484,154300,0.0,False
2013-09-12,33.63999938964844,33.88999938964844,33.61000061035156,33.63999938964844,22.133512496948242,261400,0.0,False
2013-09-13,33.59000015258789,33.81999969482422,33.56999969482422,33.72999954223633,22.192733764648438,348000,0.0,False
2013-09-16,34.130001068115234,34.13999938964844,33.90999984741211,33.9900016784668,22.363798141479492,81000,0.0,False
2013-09-17,33.97999954223633,34.040000915527344,33.939998626708984,34.0099983215332,22.376951217651367,91100,0.0,False
2013-09-18,33.849998474121094,34.9900016784668,33.81999969482422,34.880001068115234,22.94937515258789,115300,0.0,False
2013-09-19,34.7599983215332,34.81999969482422,34.61000061035156,34.720001220703125,22.8441104888916,185400,0.0,False
2013-09-20,34.4900016784668,34.52000045776367,34.209999084472656,34.25,22.53486442565918,182700,0.0,False
2013-09-23,34.209999084472656,34.33000183105469,34.150001525878906,34.16999816894531,22.48222541809082,125400,0.0,False
2013-09-24,34.02000045776367,34.209999084472656,33.939998626708984,33.9900016784668,22.363798141479492,138900,0.0,False
2013-09-25,34.060001373291016,34.279998779296875,34.060001373291016,34.130001068115234,22.45591163635254,216700,0.0,False
2013-09-26,34.22999954223633,34.2599983215332,34.040000915527344,34.119998931884766,22.44932746887207,184000,0.0,False
2013-09-27,33.97999954223633,34.08000183105469,33.93000030517578,34.02000045776367,22.3835391998291,284200,0.0,False
2013-09-30,33.540000915527344,33.810001373291016,33.540000915527344,33.70000076293945,22.172990798950195,312000,0.0,False
2013-10-01,33.61000061035156,33.810001373291016,33.47999954223633,33.810001373291016,22.2453670501709,801900,0.0,False
2013-10-02,33.560001373291016,33.93000030517578,33.560001373291016,33.84000015258789,22.265100479125977,144900,0.0,False
2013-10-03,33.77000045776367,33.779998779296875,33.459999084472656,33.630001068115234,22.126937866210938,95400,0.0,False
2013-10-04,33.540000915527344,33.84000015258789,33.540000915527344,33.810001373291016,22.2453670501709,223300,0.0,False
2013-10-07,33.650001525878906,33.790000915527344,33.599998474121094,33.599998474121094,22.10719108581543,144200,0.0,False
2013-10-08,33.650001525878906,33.650001525878906,33.16999816894531,33.220001220703125,21.857175827026367,122400,0.0,False
2013-10-09,33.16999816894531,33.31999969482422,33.0099983215332,33.22999954223633,21.863754272460938,128400,0.0,False
2013-10-10,33.45000076293945,33.68000030517578,33.41999816894531,33.619998931884766,22.1203556060791,368600,0.0,False
2013-10-11,33.540000915527344,33.79999923706055,33.540000915527344,33.75,22.205888748168945,125300,0.0,False
2013-10-14,33.7400016784668,34.0,33.59000015258789,33.9900016784668,22.363798141479492,55900,0.0,False
2013-10-15,33.790000915527344,34.0,33.7400016784668,33.900001525878906,22.304582595825195,143200,0.0,False
2013-10-16,33.9900016784668,34.189998626708984,33.9900016784668,34.130001068115234,22.45591163635254,217600,0.0,False
2013-10-17,34.2400016784668,34.540000915527344,34.2400016784668,34.52000045776367,22.712509155273438,118200,0.0,False
2013-10-18,34.560001373291016,34.68000030517578,34.560001373291016,34.59000015258789,22.758567810058594,135700,0.0,False
2013-10-21,34.650001525878906,34.720001220703125,34.59000015258789,34.720001220703125,22.8441104888916,154900,0.0,False
2013-10-22,35.0099983215332,35.18000030517578,34.970001220703125,35.119998931884766,23.107275009155273,110300,0.0,False
2013-10-23,34.849998474121094,34.88999938964844,34.72999954223633,34.83000183105469,22.91647720336914,195000,0.0,False
2013-10-24,34.900001525878906,35.0,34.81999969482422,34.959999084472656,23.00200843811035,202700,0.0,False
2013-10-25,34.97999954223633,35.13999938964844,34.939998626708984,35.119998931884766,23.107275009155273,136900,0.0,False
2013-10-28,35.04999923706055,35.2599983215332,35.02000045776367,35.209999084472656,23.1664981842041,120400,0.0,False
2013-10-29,35.310001373291016,35.310001373291016,35.060001373291016,35.099998474121094,23.094120025634766,102800,0.0,False
2013-10-30,35.2599983215332,35.2599983215332,34.72999954223633,34.970001220703125,23.008583068847656,246900,0.0,False
2013-10-31,34.900001525878906,35.0,34.720001220703125,34.72999954223633,22.850683212280273,102300,0.0,False
2013-11-01,34.65999984741211,34.66999816894531,34.33000183105469,34.540000915527344,22.725669860839844,105700,0.0,False
2013-11-04,34.720001220703125,34.91999816894531,34.68000030517578,34.88999938964844,22.95595932006836,141900,0.0,False
2013-11-05,34.95000076293945,34.95000076293945,34.689998626708984,34.75,22.86383819580078,97900,0.0,False
2013-11-06,34.88999938964844,35.0099983215332,34.83000183105469,34.88999938964844,22.95595932006836,198500,0.0,False
2013-11-07,34.900001525878906,34.90999984741211,34.40999984741211,34.470001220703125,22.67961883544922,205800,0.0,False
2013-11-08,34.400001525878906,34.720001220703125,34.2400016784668,34.720001220703125,22.8441104888916,221800,0.0,False
2013-11-11,34.650001525878906,34.68000030517578,34.56999969482422,34.630001068115234,22.78487777709961,46100,0.0,False
2013-11-12,34.58000183105469,34.58000183105469,34.290000915527344,34.400001525878906,22.633556365966797,68200,0.0,False
2013-11-13,34.349998474121094,34.56999969482422,34.11000061035156,34.560001373291016,22.73883056640625,280800,0.0,False
2013-11-14,34.54999923706055,34.79999923706055,34.45000076293945,34.72999954223633,22.850683212280273,232100,0.0,False
2013-11-15,34.939998626708984,34.97999954223633,34.849998474121094,34.95000076293945,22.99542999267578,98800,0.0,False
2013-11-18,35.029998779296875,35.130001068115234,34.79999923706055,34.79999923706055,22.89673614501953,147100,0.0,False
2013-11-19,34.86000061035156,34.970001220703125,34.709999084472656,34.86000061035156,22.936208724975586,178400,0.0,False
2013-11-20,34.88999938964844,34.88999938964844,34.439998626708984,34.540000915527344,22.725669860839844,96600,0.0,False
2013-11-21,34.5099983215332,34.650001525878906,34.470001220703125,34.63999938964844,22.791465759277344,214400,0.0,False
2013-11-22,34.54999923706055,34.689998626708984,34.52000045776367,34.65999984741211,22.80462074279785,112100,0.0,False
2013-11-25,34.54999923706055,34.54999923706055,34.38999938964844,34.439998626708984,22.659873962402344,103500,0.0,False
2013-11-26,34.220001220703125,34.34000015258789,34.189998626708984,34.25,22.53486442565918,165100,0.0,False
2013-11-27,34.279998779296875,34.310001373291016,34.099998474121094,34.22999954223633,22.521699905395508,283400,0.0,False
2013-11-29,34.400001525878906,34.529998779296875,34.34000015258789,34.34000015258789,22.594079971313477,93400,0.0,False
2013-12-02,34.18000030517578,34.20000076293945,33.970001220703125,34.0,22.370376586914062,173700,0.0,False
2013-12-03,33.720001220703125,33.939998626708984,33.689998626708984,33.84000015258789,22.265100479125977,267100,0.0,False
2013-12-04,33.83000183105469,33.9900016784668,33.72999954223633,33.90999984741211,22.311161041259766,274200,0.0,False
2013-12-05,33.689998626708984,33.880001068115234,33.66999816894531,33.75,22.205888748168945,657800,0.0,False
2013-12-06,34.02000045776367,34.09000015258789,33.939998626708984,33.9900016784668,22.363798141479492,175500,0.0,False
2013-12-09,34.029998779296875,34.08000183105469,33.97999954223633,34.04999923706055,22.403274536132812,153700,0.0,False
2013-12-10,33.97999954223633,34.119998931884766,33.959999084472656,33.959999084472656,22.344057083129883,297600,0.0,False
2013-12-11,33.90999984741211,33.959999084472656,33.459999084472656,33.54999923706055,22.074295043945312,322100,0.0,False
2013-12-12,33.2599983215332,33.349998474121094,33.13999938964844,33.20000076293945,21.844018936157227,445200,0.0,False
2013-12-13,33.279998779296875,33.36000061035156,33.189998626708984,33.349998474121094,21.942705154418945,385700,0.0,False
2013-12-16,33.400001525878906,33.66999816894531,33.400001525878906,33.56999969482422,22.087453842163086,488300,0.0,False
2013-12-17,33.5,33.63999938964844,33.439998626708984,33.56999969482422,22.087453842163086,688300,0.0,False
2013-12-18,33.56999969482422,34.08000183105469,33.529998779296875,33.959999084472656,22.344057083129883,339100,0.0,False
2013-12-19,33.810001373291016,33.9900016784668,33.75,33.9900016784668,22.363798141479492,1113000,0.0,False
2013-12-20,33.88999938964844,34.2400016784668,33.88999938964844,34.11000061035156,22.442747116088867,408000,0.0,False
2013-12-23,34.189998626708984,34.400001525878906,34.060001373291016,34.400001525878906,22.633556365966797,669900,0.0,False
2013-12-24,34.349998474121094,34.63999938964844,34.27000045776367,34.61000061035156,22.771724700927734,466600,0.0,False
2013-12-26,34.5099983215332,34.7599983215332,34.5099983215332,34.720001220703125,22.8441104888916,411300,0.0,False
2013-12-27,34.189998626708984,34.290000915527344,34.15999984741211,34.2400016784668,22.988445281982422,343900,0.0,False
2013-12-30,34.41999816894531,34.41999816894531,34.209999084472656,34.29999923706055,23.028730392456055,346100,0.0,False
2013-12-31,34.400001525878906,34.400001525878906,34.209999084472656,34.310001373291016,23.03545379638672,544400,0.0,False
2014-01-02,34.209999084472656,34.209999084472656,33.939998626708984,34.0,22.827312469482422,133500,0.0,False
2014-01-03,34.150001525878906,34.150001525878906,33.95000076293945,33.9900016784668,22.820602416992188,172100,0.0,False
2014-01-06,33.91999816894531,33.970001220703125,33.79999923706055,33.849998474121094,22.726608276367188,270900,0.0,False
2014-01-07,33.79999923706055,33.880001068115234,33.7400016784668,33.790000915527344,22.686323165893555,176000,0.0,False
2014-01-08,33.849998474121094,33.88999938964844,33.720001220703125,33.79999923706055,22.693035125732422,277900,0.0,False
2014-01-09,33.77000045776367,33.77000045776367,33.439998626708984,33.61000061035156,22.565471649169922,207300,0.0,False
2014-01-10,33.619998931884766,33.959999084472656,33.619998931884766,33.869998931884766,22.740039825439453,149400,0.0,False
2014-01-13,33.7599983215332,33.88999938964844,33.529998779296875,33.63999938964844,22.585613250732422,203800,0.0,False
2014-01-14,33.709999084472656,33.95000076293945,33.66999816894531,33.88999938964844,22.75346565246582,231200,0.0,False
2014-01-15,33.93000030517578,34.11000061035156,33.880001068115234,34.060001373291016,22.867599487304688,200500,0.0,False
2014-01-16,34.29999923706055,34.33000183105469,34.09000015258789,34.2599983215332,23.00188446044922,124300,0.0,False
2014-01-17,34.279998779296875,34.470001220703125,34.279998779296875,34.34000015258789,23.055591583251953,213500,0.0,False
2014-01-21,34.38999938964844,34.400001525878906,34.2400016784668,34.36000061035156,23.06902503967285,304300,0.0,False
2014-01-22,34.290000915527344,34.400001525878906,34.209999084472656,34.29999923706055,23.028730392456055,265700,0.0,False
2014-01-23,34.119998931884766,34.22999954223633,33.86000061035156,34.02000045776367,22.840747833251953,119900,0.0,False
2014-01-24,33.79999923706055,33.79999923706055,33.18000030517578,33.18000030517578,22.276775360107422,280500,0.0,False
2014-01-27,33.279998779296875,33.31999969482422,32.83000183105469,33.04999923706055,22.189491271972656,188700,0.0,False
2014-01-28,33.029998779296875,33.31999969482422,33.029998779296875,33.29999923706055,22.357343673706055,186000,0.0,False
2014-01-29,33.04999923706055,33.400001525878906,32.97999954223633,33.15999984741211,22.263351440429688,128300,0.0,False
2014-01-30,33.220001220703125,33.220001220703125,32.880001068115234,33.06999969482422,22.202919006347656,168500,0.0,False
2014-01-31,32.56999969482422,32.93000030517578,32.52000045776367,32.83000183105469,22.04178810119629,147500,0.0,False
2014-02-03,32.869998931884766,32.869998931884766,32.08000183105469,32.09000015258789,21.544960021972656,353000,0.0,False
2014-02-04,32.380001068115234,32.54999923706055,32.29999923706055,32.4900016784668,21.813514709472656,209100,0.0,False
2014-02-05,32.380001068115234,32.47999954223633,32.27000045776367,32.40999984741211,21.759809494018555,256200,0.0,False
2014-02-06,32.5099983215332,32.95000076293945,32.5099983215332,32.90999984741211,22.095502853393555,115000,0.0,False
2014-02-07,33.060001373291016,33.40999984741211,33.040000915527344,33.400001525878906,22.42447853088379,110100,0.0,False
2014-02-10,33.27000045776367,33.61000061035156,33.27000045776367,33.599998474121094,22.558757781982422,1105400,0.0,False
2014-02-11,33.75,34.16999816894531,33.720001220703125,34.09000015258789,22.88774299621582,97100,0.0,False
2014-02-12,34.20000076293945,34.2599983215332,34.02000045776367,34.08000183105469,22.881032943725586,93100,0.0,False
2014-02-13,33.790000915527344,34.25,33.790000915527344,34.209999084472656,22.968307495117188,187900,0.0,False
2014-02-14,34.380001068115234,34.599998474121094,34.349998474121094,34.54999923706055,23.19658088684082,105800,0.0,False
2014-02-18,34.689998626708984,34.75,34.599998474121094,34.63999938964844,23.25700569152832,123400,0.0,False
2014-02-19,34.66999816894531,34.900001525878906,34.47999954223633,34.47999954223633,23.14958381652832,102200,0.0,False
2014-02-20,34.58000183105469,34.849998474121094,34.529998779296875,34.75,23.330862045288086,673500,0.0,False
2014-02-21,34.7599983215332,34.91999816894531,34.7400016784668,34.790000915527344,23.357715606689453,104900,0.0,False
2014-02-24,34.869998931884766,35.04999923706055,34.83000183105469,34.83000183105469,23.38456916809082,192100,0.0,False
2014-02-25,34.70000076293945,34.81999969482422,34.61000061035156,34.630001068115234,23.250288009643555,145100,0.0,False
2014-02-26,34.5099983215332,34.650001525878906,34.41999816894531,34.5099983215332,23.169727325439453,137900,0.0,False
2014-02-27,34.439998626708984,34.7599983215332,34.439998626708984,34.66999816894531,23.277149200439453,104300,0.0,False
2014-02-28,34.650001525878906,34.84000015258789,34.61000061035156,34.689998626708984,23.290573120117188,216800,0.0,False
2014-03-03,34.56999969482422,34.63999938964844,34.36000061035156,34.470001220703125,23.142871856689453,159700,0.0,False
2014-03-04,34.75,34.91999816894531,34.75,34.81999969482422,23.37785530090332,94000,0.0,False
2014-03-05,34.95000076293945,35.0,34.81999969482422,34.90999984741211,23.438283920288086,135000,0.0,False
2014-03-06,35.11000061035156,35.400001525878906,35.11000061035156,35.29999923706055,23.700130462646484,254200,0.0,False
2014-03-07,35.310001373291016,35.310001373291016,34.810001373291016,34.939998626708984,23.45842170715332,421600,0.0,False
2014-03-10,34.630001068115234,34.65999984741211,34.4900016784668,34.650001525878906,23.26371955871582,108500,0.0,False
2014-03-11,34.650001525878906,34.7400016784668,34.2400016784668,34.279998779296875,23.015304565429688,147600,0.0,False
2014-03-12,34.119998931884766,34.40999984741211,34.119998931884766,34.369998931884766,23.075727462768555,159600,0.0,False
2014-03-13,34.4900016784668,34.529998779296875,34.0,34.08000183105469,22.881032943725586,125600,0.0,False
2014-03-14,34.0,34.2599983215332,34.0,34.11000061035156,22.90117073059082,150200,0.0,False
2014-03-17,34.4900016784668,34.58000183105469,34.33000183105469,34.349998474121094,23.062305450439453,108900,0.0,False
2014-03-18,34.290000915527344,34.619998931884766,34.279998779296875,34.52000045776367,23.176441192626953,250100,0.0,False
2014-03-19,34.29999923706055,34.40999984741211,33.84000015258789,33.93000030517578,22.780323028564453,212600,0.0,False
2014-03-20,33.689998626708984,34.040000915527344,33.650001525878906,33.95000076293945,22.79375648498535,84800,0.0,False
2014-03-21,34.08000183105469,34.34000015258789,34.02000045776367,34.130001068115234,22.914602279663086,121300,0.0,False
2014-03-24,34.25,34.290000915527344,33.93000030517578,34.11000061035156,22.90117073059082,180300,0.0,False
2014-03-25,34.38999938964844,34.59000015258789,34.36000061035156,34.47999954223633,23.14958381652832,76500,0.0,False
2014-03-26,34.66999816894531,34.779998779296875,34.290000915527344,34.290000915527344,23.02202033996582,85500,0.0,False
2014-03-27,34.290000915527344,34.59000015258789,34.290000915527344,34.58000183105469,23.216720581054688,325600,0.0,False
2014-03-28,34.68000030517578,34.959999084472656,34.68000030517578,34.880001068115234,23.41814422607422,100500,0.0,False
2014-03-31,34.959999084472656,35.09000015258789,34.900001525878906,35.060001373291016,23.53899383544922,110700,0.0,False
2014-04-01,35.20000076293945,35.22999954223633,34.959999084472656,35.099998474121094,23.56584358215332,92700,0.0,False
2014-04-02,35.060001373291016,35.29999923706055,35.060001373291016,35.22999954223633,23.653127670288086,135600,0.0,False
2014-04-03,35.209999084472656,35.220001220703125,35.0,35.16999816894531,23.612842559814453,116800,0.0,False
2014-04-04,35.43000030517578,35.529998779296875,35.06999969482422,35.099998474121094,23.56584358215332,93700,0.0,False
2014-04-07,35.2599983215332,35.29999923706055,34.869998931884766,34.959999084472656,23.471847534179688,112800,0.0,False
2014-04-08,35.220001220703125,35.40999984741211,35.13999938964844,35.310001373291016,23.70684242248535,56900,0.0,False
2014-04-09,35.400001525878906,35.66999816894531,35.290000915527344,35.59000015258789,23.89482879638672,130300,0.0,False
2014-04-10,35.40999984741211,35.59000015258789,35.0099983215332,35.09000015258789,23.559133529663086,114400,0.0,False
2014-04-11,35.02000045776367,35.060001373291016,34.79999923706055,34.84000015258789,23.391286849975586,91600,0.0,False
2014-04-14,34.959999084472656,35.25,34.93000030517578,35.08000183105469,23.552419662475586,133200,0.0,False
2014-04-15,34.93000030517578,35.029998779296875,34.65999984741211,34.9900016784668,23.49199676513672,132700,0.0,False
2014-04-16,35.13999938964844,35.45000076293945,35.13999938964844,35.369998931884766,23.74711799621582,148000,0.0,False
2014-04-17,35.290000915527344,35.56999969482422,35.290000915527344,35.4900016784668,23.82769775390625,102100,0.0,False
2014-04-21,35.4900016784668,35.529998779296875,35.38999938964844,35.52000045776367,23.847827911376953,127300,0.0,False
2014-04-22,35.40999984741211,35.599998474121094,35.380001068115234,35.470001220703125,23.81426239013672,104100,0.0,False
2014-04-23,35.54999923706055,35.56999969482422,35.38999938964844,35.540000915527344,23.861263275146484,74500,0.0,False
2014-04-24,35.59000015258789,35.61000061035156,35.439998626708984,35.540000915527344,23.861263275146484,98800,0.0,False
2014-04-25,35.40999984741211,35.529998779296875,35.310001373291016,35.459999084472656,23.807540893554688,75000,0.0,False
2014-04-28,35.290000915527344,35.4900016784668,35.15999984741211,35.380001068115234,23.753841400146484,40000,0.0,False
2014-04-29,35.650001525878906,35.790000915527344,35.599998474121094,35.72999954223633,23.98883056640625,206500,0.0,False
2014-04-30,35.72999954223633,35.88999938964844,35.66999816894531,35.880001068115234,24.08953285217285,92800,0.0,False
2014-05-01,35.68000030517578,35.83000183105469,35.650001525878906,35.75,24.002254486083984,85300,0.0,False
2014-05-02,35.56999969482422,35.93000030517578,35.56999969482422,35.91999816894531,24.116382598876953,90400,0.0,False
2014-05-05,35.7400016784668,35.95000076293945,35.72999954223633,35.880001068115234,24.08953285217285,84400,0.0,False
2014-05-06,35.91999816894531,36.029998779296875,35.84000015258789,35.939998626708984,24.129817962646484,83800,0.0,False
2014-05-07,36.029998779296875,36.20000076293945,35.88999938964844,36.18000030517578,24.290952682495117,80100,0.0,False
2014-05-08,36.20000076293945,36.279998779296875,36.0,36.08000183105469,24.22381019592285,254700,0.0,False
2014-05-09,35.91999816894531,36.0,35.84000015258789,35.90999984741211,24.109678268432617,265800,0.0,False
2014-05-12,36.08000183105469,36.36000061035156,36.08000183105469,36.36000061035156,24.411808013916016,165200,0.0,False
2014-05-13,36.369998931884766,36.47999954223633,36.36000061035156,36.40999984741211,24.44536590576172,85200,0.0,False
2014-05-14,36.5,36.63999938964844,36.45000076293945,36.4900016784668,24.499082565307617,71200,0.0,False
2014-05-15,36.41999816894531,36.43000030517578,36.060001373291016,36.150001525878906,24.27080535888672,206800,0.0,False
2014-05-16,36.04999923706055,36.209999084472656,36.02000045776367,36.209999084472656,24.311086654663086,73300,0.0,False
2014-05-19,36.22999954223633,36.25,36.13999938964844,36.2400016784668,24.331239700317383,54600,0.0,False
2014-05-20,36.060001373291016,36.099998474121094,35.869998931884766,35.9900016784668,24.16338348388672,103000,0.0,False
2014-05-21,36.099998474121094,36.22999954223633,36.0,36.15999984741211,24.27752113342285,69600,0.0,False
2014-05-22,36.11000061035156,36.310001373291016,36.11000061035156,36.22999954223633,24.32451820373535,95700,0.0,False
2014-05-23,36.130001068115234,36.31999969482422,36.130001068115234,36.290000915527344,24.364805221557617,80600,0.0,False
2014-05-27,36.25,36.29999923706055,36.040000915527344,36.099998474121094,24.23723793029785,102000,0.0,False
2014-05-28,36.119998931884766,36.119998931884766,35.93000030517578,36.029998779296875,24.190242767333984,82900,0.0,False
2014-05-29,36.099998474121094,36.2599983215332,36.02000045776367,36.2599983215332,24.344667434692383,250100,0.0,False
2014-05-30,36.04999923706055,36.09000015258789,35.88999938964844,36.04999923706055,24.20367431640625,275400,0.0,False
2014-06-02,36.099998474121094,36.15999984741211,36.0099983215332,36.119998931884766,24.250667572021484,115000,0.0,False
2014-06-03,36.06999969482422,36.06999969482422,35.88999938964844,36.060001373291016,24.21038818359375,127700,0.0,False
2014-06-04,36.029998779296875,36.029998779296875,35.869998931884766,35.97999954223633,24.15666389465332,109100,0.0,False
2014-06-05,36.13999938964844,36.27000045776367,35.959999084472656,36.22999954223633,24.32451820373535,122900,0.0,False
2014-06-06,36.2400016784668,36.400001525878906,36.189998626708984,36.400001525878906,24.43865203857422,68900,0.0,False
2014-06-09,36.4900016784668,36.529998779296875,36.349998474121094,36.369998931884766,24.41851806640625,70700,0.0,False
2014-06-10,36.40999984741211,36.439998626708984,36.25,36.439998626708984,24.465513229370117,81000,0.0,False
2014-06-11,36.36000061035156,36.439998626708984,36.310001373291016,36.41999816894531,24.452083587646484,119600,0.0,False
2014-06-12,36.45000076293945,36.45000076293945,36.25,36.36000061035156,24.411808013916016,82100,0.0,False
2014-06-13,36.349998474121094,36.540000915527344,36.290000915527344,36.52000045776367,24.519224166870117,103800,0.0,False
2014-06-16,36.560001373291016,36.65999984741211,36.52000045776367,36.61000061035156,24.57965087890625,88300,0.0,False
2014-06-17,36.5,36.619998931884766,36.369998931884766,36.56999969482422,24.552804946899414,99500,0.0,False
2014-06-18,36.58000183105469,37.09000015258789,36.58000183105469,37.08000183105469,24.895204544067383,107600,0.0,False
2014-06-19,37.06999969482422,37.33000183105469,37.06999969482422,37.33000183105469,25.063051223754883,254900,0.0,False
2014-06-20,37.41999816894531,37.41999816894531,37.27000045776367,37.31999969482422,25.05632972717285,165300,0.0,False
2014-06-23,37.439998626708984,37.66999816894531,37.38999938964844,37.63999938964844,25.27117347717285,172500,0.0,False
2014-06-24,37.540000915527344,37.630001068115234,37.209999084472656,37.2400016784668,25.002626419067383,96800,0.0,False
2014-06-25,37.029998779296875,37.31999969482422,37.029998779296875,37.22999954223633,24.99591064453125,106500,0.0,False
2014-06-26,37.310001373291016,37.38999938964844,37.04999923706055,37.369998931884766,25.089908599853516,160800,0.0,False
2014-06-27,37.18000030517578,37.380001068115234,37.16999816894531,37.369998931884766,25.089908599853516,85400,0.0,False
2014-06-30,37.130001068115234,37.439998626708984,37.130001068115234,37.380001068115234,25.096620559692383,151300,0.0,False
2014-07-01,37.599998474121094,37.72999954223633,37.56999969482422,37.599998474121094,25.244333267211914,201700,0.0,False
2014-07-02,37.5099983215332,37.81999969482422,37.5099983215332,37.810001373291016,25.385316848754883,132000,0.0,False
2014-07-03,37.75,38.04999923706055,37.75,37.9900016784668,25.50617218017578,103500,0.0,False
2014-07-07,37.79999923706055,38.18000030517578,37.77000045776367,37.880001068115234,25.432321548461914,243600,0.0,False
2014-07-08,37.7400016784668,37.79999923706055,37.630001068115234,37.77000045776367,25.358463287353516,114400,0.0,False
2014-07-09,37.79999923706055,37.95000076293945,37.7400016784668,37.939998626708984,25.47259521484375,123300,0.0,False
2014-07-10,37.630001068115234,37.810001373291016,37.439998626708984,37.56999969482422,25.22418212890625,168000,0.0,False
2014-07-11,37.61000061035156,37.61000061035156,37.38999938964844,37.47999954223633,25.163753509521484,97800,0.0,False
2014-07-14,37.689998626708984,37.689998626708984,37.529998779296875,37.650001525878906,25.277902603149414,80700,0.0,False
2014-07-15,37.84000015258789,37.84000015258789,37.310001373291016,37.470001220703125,25.15704345703125,89800,0.0,False
2014-07-16,37.790000915527344,37.90999984741211,37.709999084472656,37.900001525878906,25.445737838745117,69600,0.0,False
2014-07-17,37.7599983215332,37.81999969482422,37.45000076293945,37.5,25.177186965942383,274500,0.0,False
2014-07-18,37.4900016784668,37.75,37.470001220703125,37.72999954223633,25.33161163330078,87900,0.0,False
2014-07-21,37.70000076293945,37.72999954223633,37.47999954223633,37.70000076293945,25.31146240234375,94100,0.0,False
2014-07-22,38.029998779296875,38.029998779296875,37.90999984741211,37.959999084472656,25.486021041870117,89000,0.0,False
2014-07-23,37.959999084472656,38.08000183105469,37.88999938964844,37.9900016784668,25.50617218017578,91900,0.0,False
2014-07-24,38.16999816894531,38.20000076293945,38.0,38.08000183105469,25.56659698486328,101200,0.0,False
2014-07-25,37.90999984741211,38.040000915527344,37.84000015258789,37.959999084472656,25.486021041870117,112900,0.0,False
2014-07-28,37.95000076293945,38.0099983215332,37.709999084472656,37.9900016784668,25.50617218017578,104000,0.0,False
2014-07-29,37.900001525878906,38.0099983215332,37.75,37.7599983215332,25.351741790771484,120500,0.0,False
2014-07-30,37.90999984741211,37.90999984741211,37.40999984741211,37.52000045776367,25.19062042236328,66800,0.0,False
2014-07-31,37.36000061035156,37.5099983215332,36.83000183105469,36.84000015258789,24.734067916870117,165300,0.0,False
2014-08-01,36.900001525878906,36.91999816894531,36.5099983215332,36.66999816894531,24.619937896728516,78900,0.0,False
2014-08-04,36.900001525878906,37.119998931884766,36.650001525878906,37.02000045776367,24.854917526245117,73500,0.0,False
2014-08-05,36.83000183105469,36.91999816894531,36.529998779296875,36.709999084472656,24.64678955078125,116500,0.0,False
2014-08-06,36.63999938964844,36.90999984741211,36.63999938964844,36.84000015258789,24.734067916870117,162600,0.0,False
2014-08-07,36.81999969482422,36.869998931884766,36.34000015258789,36.529998779296875,24.52593231201172,85600,0.0,False
2014-08-08,36.4900016784668,36.849998474121094,36.380001068115234,36.849998474121094,24.740779876708984,140500,0.0,False
2014-08-11,37.029998779296875,37.150001525878906,36.81999969482422,37.06999969482422,24.888486862182617,146700,0.0,False
2014-08-12,37.040000915527344,37.06999969482422,36.900001525878906,37.02000045776367,24.854917526245117,97200,0.0,False
2014-08-13,37.18000030517578,37.18000030517578,36.900001525878906,37.0,24.841493606567383,131800,0.0,False
2014-08-14,37.0,37.04999923706055,36.88999938964844,37.0,24.841493606567383,60900,0.0,False
2014-08-15,37.060001373291016,37.15999984741211,36.79999923706055,37.029998779296875,24.861631393432617,269900,0.0,False
2014-08-18,37.130001068115234,37.33000183105469,37.130001068115234,37.33000183105469,25.063051223754883,114500,0.0,False
2014-08-19,37.13999938964844,37.38999938964844,37.13999938964844,37.27000045776367,25.02277374267578,117200,0.0,False
2014-08-20,37.209999084472656,37.38999938964844,37.15999984741211,37.380001068115234,25.096620559692383,115400,0.0,False
2014-08-21,37.310001373291016,37.310001373291016,37.150001525878906,37.2400016784668,25.002626419067383,126800,0.0,False
2014-08-22,37.040000915527344,37.08000183105469,36.86000061035156,36.95000076293945,24.80792236328125,117000,0.0,False
2014-08-25,37.04999923706055,37.18000030517578,37.0099983215332,37.16999816894531,24.95562744140625,81300,0.0,False
2014-08-26,37.189998626708984,37.34000015258789,37.13999938964844,37.29999923706055,25.042909622192383,728500,0.0,False
2014-08-27,37.290000915527344,37.38999938964844,37.290000915527344,37.369998931884766,25.089908599853516,128000,0.0,False
2014-08-28,37.119998931884766,37.18000030517578,37.040000915527344,37.16999816894531,24.95562744140625,119900,0.0,False
2014-08-29,37.119998931884766,37.22999954223633,37.06999969482422,37.22999954223633,24.99591064453125,147000,0.0,False
2014-09-02,37.279998779296875,37.279998779296875,36.900001525878906,36.97999954223633,24.82805824279785,164800,0.0,False
2014-09-03,37.2599983215332,37.290000915527344,37.130001068115234,37.20000076293945,24.975770950317383,249800,0.0,False
2014-09-04,37.279998779296875,37.279998779296875,36.66999816894531,36.7599983215332,24.680355072021484,104400,0.0,False
2014-09-05,36.79999923706055,36.88999938964844,36.65999984741211,36.84000015258789,24.734067916870117,118600,0.0,False
2014-09-08,36.79999923706055,36.83000183105469,36.349998474121094,36.45000076293945,24.47222328186035,90600,0.0,False
2014-09-09,36.279998779296875,36.34000015258789,36.099998474121094,36.20000076293945,24.304386138916016,241700,0.0,False
2014-09-10,36.099998474121094,36.209999084472656,35.88999938964844,36.209999084472656,24.311086654663086,160000,0.0,False
2014-09-11,35.84000015258789,36.099998474121094,35.84000015258789,36.09000015258789,24.23052406311035,180700,0.0,False
2014-09-12,36.130001068115234,36.130001068115234,35.7599983215332,35.88999938964844,24.096250534057617,213800,0.0,False
2014-09-15,35.790000915527344,35.93000030517578,35.70000076293945,35.869998931884766,24.082820892333984,105900,0.0,False
2014-09-16,35.779998779296875,36.25,35.779998779296875,36.130001068115234,24.25737953186035,187600,0.0,False
2014-09-17,36.13999938964844,36.18000030517578,35.869998931884766,35.869998931884766,24.082820892333984,137700,0.0,False
2014-09-18,35.939998626708984,36.029998779296875,35.86000061035156,35.880001068115234,24.08953285217285,139900,0.0,False
2014-09-19,35.90999984741211,35.939998626708984,35.630001068115234,35.689998626708984,23.961971282958984,94700,0.0,False
2014-09-22,35.560001373291016,35.560001373291016,35.119998931884766,35.20000076293945,23.632984161376953,114900,0.0,False
2014-09-23,35.119998931884766,35.279998779296875,35.08000183105469,35.130001068115234,23.585987091064453,176300,0.0,False
2014-09-24,35.06999969482422,35.369998931884766,34.95000076293945,35.310001373291016,23.70684242248535,220800,0.0,False
2014-09-25,34.88999938964844,34.900001525878906,34.61000061035156,34.709999084472656,23.30401611328125,210000,0.0,False
2014-09-26,34.599998474121094,34.849998474121094,34.540000915527344,34.83000183105469,23.38456916809082,132200,0.0,False
2014-09-29,34.5,34.650001525878906,34.31999969482422,34.58000183105469,23.216720581054688,173200,0.0,False
2014-09-30,34.40999984741211,34.58000183105469,34.2599983215332,34.400001525878906,23.095876693725586,272900,0.0,False
2014-10-01,34.209999084472656,34.2400016784668,33.779998779296875,33.900001525878906,22.76017951965332,167600,0.0,False
2014-10-02,33.7599983215332,33.81999969482422,33.349998474121094,33.7400016784668,22.652761459350586,331300,0.0,False
2014-10-03,33.72999954223633,33.72999954223633,33.31999969482422,33.439998626708984,22.451330184936523,318100,0.0,False
2014-10-06,33.709999084472656,33.959999084472656,33.58000183105469,33.810001373291016,22.69975471496582,689300,0.0,False
2014-10-07,33.650001525878906,33.779998779296875,33.220001220703125,33.33000183105469,22.377487182617188,458100,0.0,False
2014-10-08,33.11000061035156,33.79999923706055,32.90999984741211,33.77000045776367,22.672901153564453,201100,0.0,False
2014-10-09,33.58000183105469,33.58000183105469,32.84000015258789,32.869998931884766,22.068639755249023,204200,0.0,False
2014-10-10,32.65999984741211,32.83000183105469,32.29999923706055,32.349998474121094,21.71951675415039,192300,0.0,False
2014-10-13,32.59000015258789,32.810001373291016,32.25,32.27000045776367,21.66580581665039,148100,0.0,False
2014-10-14,32.5099983215332,32.77000045776367,32.25,32.34000015258789,21.712806701660156,182100,0.0,False
2014-10-15,32.02000045776367,32.29999923706055,31.510000228881836,32.13999938964844,21.578527450561523,387000,0.0,False
2014-10-16,31.6200008392334,32.529998779296875,31.6200008392334,32.11000061035156,21.558382034301758,3149800,0.0,False
2014-10-17,32.5099983215332,32.70000076293945,32.31999969482422,32.43000030517578,21.77322769165039,296400,0.0,False
2014-10-20,32.470001220703125,32.779998779296875,32.439998626708984,32.7599983215332,21.994792938232422,325300,0.0,False
2014-10-21,33.060001373291016,33.27000045776367,32.97999954223633,33.25,22.323774337768555,231900,0.0,False
2014-10-22,33.08000183105469,33.2400016784668,32.779998779296875,32.779998779296875,22.008216857910156,179400,0.0,False
2014-10-23,32.95000076293945,33.13999938964844,32.880001068115234,32.95000076293945,22.122352600097656,280600,0.0,False
2014-10-24,32.869998931884766,33.16999816894531,32.869998931884766,33.099998474121094,22.223060607910156,312600,0.0,False
2014-10-27,32.900001525878906,32.900001525878906,32.58000183105469,32.7400016784668,21.981359481811523,269400,0.0,False
2014-10-28,33.040000915527344,33.279998779296875,32.959999084472656,33.25,22.323774337768555,215300,0.0,False
2014-10-29,33.45000076293945,33.540000915527344,32.900001525878906,33.0,22.155921936035156,227100,0.0,False
2014-10-30,32.900001525878906,33.119998931884766,32.66999816894531,32.90999984741211,22.095502853393555,376400,0.0,False
2014-10-31,33.0,33.220001220703125,32.619998931884766,33.15999984741211,22.263351440429688,337800,0.0,False
2014-11-03,33.040000915527344,33.099998474121094,32.75,32.77000045776367,22.001508712768555,217100,0.0,False
2014-11-04,32.66999816894531,32.66999816894531,32.459999084472656,32.54999923706055,21.85379409790039,614600,0.0,False
2014-11-05,32.56999969482422,32.77000045776367,32.459999084472656,32.630001068115234,21.907512664794922,306000,0.0,False
2014-11-06,32.58000183105469,32.790000915527344,32.58000183105469,32.68000030517578,21.941083908081055,353700,0.0,False
2014-11-07,32.84000015258789,33.2599983215332,32.84000015258789,33.16999816894531,22.270063400268555,208600,0.0,False
2014-11-10,33.400001525878906,33.400001525878906,33.06999969482422,33.099998474121094,22.223060607910156,163300,0.0,False
2014-11-11,33.08000183105469,33.34000015258789,33.029998779296875,33.279998779296875,22.343915939331055,116700,0.0,False
2014-11-12,33.22999954223633,33.400001525878906,33.130001068115234,33.22999954223633,22.31034278869629,142600,0.0,False
2014-11-13,33.209999084472656,33.27000045776367,32.93000030517578,33.040000915527344,22.182781219482422,88800,0.0,False
2014-11-14,32.93000030517578,33.31999969482422,32.93000030517578,33.310001373291016,22.36406135559082,233000,0.0,False
2014-11-17,33.209999084472656,33.38999938964844,33.150001525878906,33.279998779296875,22.343915939331055,119100,0.0,False
2014-11-18,33.369998931884766,33.70000076293945,33.369998931884766,33.65999984741211,22.599040985107422,424800,0.0,False
2014-11-19,33.5,33.599998474121094,33.349998474121094,33.47999954223633,22.478195190429688,249400,0.0,False
2014-11-20,33.369998931884766,33.59000015258789,33.369998931884766,33.5099983215332,22.498340606689453,405200,0.0,False
2014-11-21,34.040000915527344,34.290000915527344,33.95000076293945,34.08000183105469,22.881032943725586,245000,0.0,False
2014-11-24,34.16999816894531,34.16999816894531,33.77000045776367,33.91999816894531,22.773605346679688,838300,0.0,False
2014-11-25,33.880001068115234,33.91999816894531,33.7400016784668,33.79999923706055,22.693035125732422,225200,0.0,False
2014-11-26,33.81999969482422,33.86000061035156,33.68000030517578,33.810001373291016,22.69975471496582,1246700,0.0,False
2014-11-28,33.040000915527344,33.040000915527344,32.540000915527344,32.54999923706055,21.85379409790039,219700,0.0,False
2014-12-01,32.4900016784668,32.66999816894531,32.25,32.560001373291016,21.860509872436523,267600,0.0,False
2014-12-02,32.459999084472656,32.86000061035156,32.41999816894531,32.66999816894531,21.93436622619629,347400,0.0,False
2014-12-03,32.65999984741211,33.08000183105469,32.650001525878906,32.93000030517578,22.108928680419922,373300,0.0,False
2014-12-04,32.86000061035156,32.86000061035156,32.529998779296875,32.54999923706055,21.85379409790039,552200,0.0,False
2014-12-05,32.52000045776367,32.529998779296875,32.31999969482422,32.36000061035156,21.72623634338379,622800,0.0,False
2014-12-08,32.119998931884766,32.150001525878906,31.690000534057617,31.739999771118164,21.309978485107422,673400,0.0,False
2014-12-09,31.59000015258789,31.969999313354492,31.440000534057617,31.84000015258789,21.37710952758789,355800,0.0,False
2014-12-10,31.690000534057617,31.770000457763672,31.1200008392334,31.270000457763672,20.994417190551758,1102900,0.0,False
2014-12-11,31.100000381469727,31.329999923706055,30.959999084472656,31.010000228881836,20.81985855102539,1089600,0.0,False
2014-12-12,30.739999771118164,30.809999465942383,30.280000686645508,30.280000686645508,20.329736709594727,570000,0.0,False
2014-12-15,30.31999969482422,30.440000534057617,29.75,29.770000457763672,19.987329483032227,1066900,0.0,False
2014-12-16,29.809999465942383,30.450000762939453,29.700000762939453,29.850000381469727,20.04104995727539,1720900,0.0,False
2014-12-17,30.110000610351562,30.959999084472656,30.100000381469727,30.729999542236328,20.631868362426758,1159700,0.0,False
2014-12-18,31.219999313354492,31.3700008392334,30.8799991607666,31.3700008392334,21.061559677124023,1066500,0.0,False
2014-12-19,31.43000030517578,31.950000762939453,31.43000030517578,31.8799991607666,21.403961181640625,536500,0.0,False
2014-12-22,31.90999984741211,31.959999084472656,31.639999389648438,31.709999084472656,21.28982925415039,2028100,0.0,False
2014-12-23,31.68000030517578,31.93000030517578,31.6200008392334,31.850000381469727,21.383825302124023,1687000,0.0,False
2014-12-24,31.860000610351562,31.889999389648438,31.690000534057617,31.829999923706055,21.37040138244629,580000,0.0,False
2014-12-26,31.90999984741211,32.06999969482422,31.829999923706055,31.860000610351562,21.39053726196289,1446300,0.0,False
2014-12-29,31.0,31.209999084472656,30.989999771118164,31.010000228881836,21.395370483398438,1446900,0.0,False
2014-12-30,31.010000228881836,31.09000015258789,30.93000030517578,30.969999313354492,21.367774963378906,1831200,0.0,False
2014-12-31,30.899999618530273,30.950000762939453,30.6200008392334,30.6200008392334,21.12628936767578,3711400,0.0,False
2015-01-02,30.649999618530273,30.829999923706055,30.559999465942383,30.790000915527344,21.243574142456055,164100,0.0,False
2015-01-05,30.3799991607666,30.3799991607666,29.75,29.860000610351562,20.601926803588867,418200,0.0,False
2015-01-06,29.860000610351562,30.190000534057617,29.670000076293945,29.84000015258789,20.588125228881836,324900,0.0,False
2015-01-07,30.059999465942383,30.200000762939453,29.979999542236328,30.09000015258789,20.760618209838867,406000,0.0,False
2015-01-08,30.309999465942383,30.719999313354492,30.309999465942383,30.610000610351562,21.119388580322266,285700,0.0,False
2015-01-09,30.649999618530273,30.709999084472656,30.399999618530273,30.6299991607666,21.133182525634766,412400,0.0,False
2015-01-12,30.43000030517578,30.43000030517578,30.09000015258789,30.309999465942383,20.912403106689453,299900,0.0,False
2015-01-13,30.34000015258789,30.459999084472656,29.75,29.979999542236328,20.684715270996094,596400,0.0,False
2015-01-14,29.489999771118164,29.579999923706055,29.110000610351562,29.520000457763672,20.36734390258789,257000,0.0,False
2015-01-15,29.799999237060547,29.889999389648438,29.56999969482422,29.59000015258789,20.415637969970703,338900,0.0,False
2015-01-16,29.75,30.309999465942383,29.75,30.290000915527344,20.898609161376953,133900,0.0,False
2015-01-20,30.31999969482422,30.399999618530273,30.200000762939453,30.34000015258789,20.933103561401367,817600,0.0,False
2015-01-21,30.3700008392334,30.809999465942383,30.3700008392334,30.799999237060547,21.250473022460938,421800,0.0,False
2015-01-22,30.969999313354492,31.190000534057617,30.8799991607666,31.139999389648438,21.485065460205078,299700,0.0,False
2015-01-23,30.8799991607666,30.8799991607666,30.559999465942383,30.56999969482422,21.09178924560547,260300,0.0,False
2015-01-26,30.6200008392334,30.899999618530273,30.459999084472656,30.889999389648438,21.312572479248047,338700,0.0,False
2015-01-27,30.59000015258789,31.040000915527344,30.59000015258789,30.940000534057617,21.34707260131836,459900,0.0,False
2015-01-28,30.940000534057617,30.940000534057617,30.219999313354492,30.299999237060547,20.905500411987305,243600,0.0,False
2015-01-29,30.329999923706055,30.329999923706055,29.920000076293945,30.260000228881836,20.87790298461914,272300,0.0,False
2015-01-30,29.959999084472656,30.520000457763672,29.959999084472656,30.209999084472656,20.84340476989746,480000,0.0,False
2015-02-02,30.420000076293945,30.84000015258789,30.389999389648438,30.770000457763672,21.229774475097656,249700,0.0,False
2015-02-03,31.139999389648438,31.68000030517578,31.139999389648438,31.6299991607666,21.823137283325195,1340800,0.0,False
2015-02-04,31.399999618530273,31.459999084472656,31.200000762939453,31.239999771118164,21.554061889648438,317400,0.0,False
2015-02-05,31.3799991607666,31.8799991607666,31.3799991607666,31.8700008392334,21.98872184753418,419600,0.0,False
2015-02-06,31.65999984741211,31.65999984741211,31.299999237060547,31.389999389648438,21.65754508972168,872300,0.0,False
2015-02-09,31.5,31.700000762939453,31.5,31.56999969482422,21.781736373901367,477700,0.0,False
2015-02-10,31.5,31.5,31.1200008392334,31.389999389648438,21.65754508972168,246200,0.0,False
2015-02-11,31.149999618530273,31.31999969482422,30.979999542236328,31.25,21.56095314025879,681100,0.0,False
2015-02-12,31.649999618530273,31.81999969482422,31.549999237060547,31.780000686645508,21.9266357421875,333200,0.0,False
2015-02-13,31.989999771118164,32.31999969482422,31.989999771118164,32.31999969482422,22.299203872680664,332300,0.0,False
2015-02-17,32.15999984741211,32.279998779296875,32.02000045776367,32.189998626708984,22.209508895874023,282300,0.0,False
2015-02-18,31.979999542236328,32.290000915527344,31.979999542236328,32.27000045776367,22.264705657958984,341500,0.0,False
2015-02-19,31.889999389648438,32.13999938964844,31.739999771118164,32.02000045776367,22.092222213745117,606500,0.0,False
2015-02-20,31.93000030517578,32.220001220703125,31.8799991607666,32.20000076293945,22.216411590576172,298700,0.0,False
2015-02-23,31.940000534057617,31.940000534057617,31.760000228881836,31.8799991607666,21.995624542236328,374300,0.0,False
2015-02-24,32.029998779296875,32.279998779296875,31.959999084472656,32.22999954223633,22.23710823059082,203400,0.0,False
2015-02-25,32.279998779296875,32.310001373291016,32.18000030517578,32.290000915527344,22.27850914001465,254700,0.0,False
2015-02-26,32.2400016784668,32.2400016784668,31.8799991607666,31.950000762939453,22.043920516967773,223700,0.0,False
2015-02-27,31.950000762939453,32.099998474121094,31.950000762939453,32.0099983215332,22.0853214263916,529700,0.0,False
2015-03-02,31.90999984741211,31.90999984741211,31.690000534057617,31.84000015258789,21.968027114868164,429400,0.0,False
2015-03-03,31.780000686645508,31.780000686645508,31.600000381469727,31.6299991607666,21.823137283325195,227000,0.0,False
2015-03-04,31.469999313354492,31.469999313354492,31.1299991607666,31.270000457763672,21.574750900268555,558800,0.0,False
2015-03-05,31.309999465942383,31.309999465942383,31.1200008392334,31.15999984741211,21.498863220214844,207700,0.0,False
2015-03-06,30.899999618530273,30.899999618530273,30.40999984741211,30.450000762939453,21.008996963500977,201000,0.0,False
2015-03-09,30.489999771118164,30.510000228881836,30.3700008392334,30.3799991607666,20.960695266723633,127300,0.0,False
2015-03-10,29.940000534057617,29.979999542236328,29.6200008392334,29.6200008392334,20.43633460998535,193600,0.0,False
2015-03-11,29.690000534057617,29.690000534057617,29.389999389648438,29.600000381469727,20.42253875732422,251300,0.0,False
2015-03-12,29.920000076293945,30.0,29.65999984741211,29.690000534057617,20.484628677368164,804100,0.0,False
2015-03-13,29.520000457763672,29.520000457763672,29.020000457763672,29.309999465942383,20.222455978393555,157900,0.0,False
2015-03-16,29.3700008392334,29.520000457763672,29.239999771118164,29.5,20.353544235229492,177800,0.0,False
2015-03-17,29.440000534057617,29.559999465942383,29.34000015258789,29.5,20.353544235229492,219800,0.0,False
2015-03-18,29.3799991607666,30.260000228881836,29.34000015258789,30.170000076293945,20.81580924987793,198300,0.0,False
2015-03-19,29.989999771118164,29.989999771118164,29.639999389648438,29.700000762939453,20.491531372070312,97100,0.0,False
2015-03-20,30.030000686645508,30.540000915527344,30.030000686645508,30.3700008392334,20.953805923461914,240900,0.0,False
2015-03-23,30.489999771118164,30.639999389648438,30.469999313354492,30.579999923706055,21.098690032958984,193800,0.0,False
2015-03-24,30.65999984741211,30.65999984741211,30.399999618530273,30.399999618530273,20.97450065612793,265400,0.0,False
2015-03-25,30.559999465942383,30.690000534057617,30.3700008392334,30.399999618530273,20.97450065612793,187500,0.0,False
2015-03-26,30.3700008392334,30.5,30.149999618530273,30.219999313354492,20.850309371948242,430900,0.0,False
2015-03-27,30.09000015258789,30.09000015258789,29.920000076293945,29.959999084472656,20.670921325683594,169600,0.0,False
2015-03-30,29.959999084472656,30.299999237060547,29.959999084472656,30.229999542236328,20.85720443725586,303200,0.0,False
2015-03-31,29.829999923706055,30.030000686645508,29.809999465942383,29.84000015258789,20.588125228881836,514400,0.0,False
2015-04-01,30.0,30.1299991607666,29.90999984741211,30.049999237060547,20.73301887512207,464800,0.0,False
2015-04-02,30.059999465942383,30.229999542236328,30.059999465942383,30.18000030517578,20.822702407836914,298600,0.0,False
2015-04-06,30.200000762939453,30.709999084472656,30.200000762939453,30.579999923706055,21.098690032958984,220600,0.0,False
2015-04-07,30.649999618530273,30.860000610351562,30.6200008392334,30.690000534057617,21.174592971801758,192900,0.0,False
2015-04-08,31.0,31.149999618530273,30.719999313354492,30.780000686645508,21.23667335510254,238600,0.0,False
2015-04-09,30.799999237060547,30.8700008392334,30.709999084472656,30.829999923706055,21.271175384521484,125800,0.0,False
2015-04-10,30.829999923706055,30.93000030517578,30.81999969482422,30.8700008392334,21.298778533935547,206400,0.0,False
2015-04-13,30.81999969482422,30.8799991607666,30.649999618530273,30.68000030517578,21.167688369750977,202000,0.0,False
2015-04-14,30.920000076293945,31.100000381469727,30.90999984741211,31.040000915527344,21.416065216064453,278100,0.0,False
2015-04-15,31.260000228881836,31.6200008392334,31.260000228881836,31.540000915527344,21.761037826538086,296400,0.0,False
2015-04-16,31.600000381469727,31.799999237060547,31.450000762939453,31.670000076293945,21.850736618041992,155100,0.0,False
2015-04-17,31.260000228881836,31.389999389648438,31.15999984741211,31.280000686645508,21.5816593170166,198100,0.0,False
2015-04-20,31.350000381469727,31.489999771118164,31.290000915527344,31.34000015258789,21.62305450439453,258600,0.0,False
2015-04-21,31.350000381469727,31.350000381469727,31.170000076293945,31.200000762939453,21.526458740234375,155300,0.0,False
2015-04-22,31.229999542236328,31.290000915527344,31.020000457763672,31.260000228881836,21.567853927612305,152300,0.0,False
2015-04-23,31.34000015258789,31.760000228881836,31.329999923706055,31.690000534057617,21.86454200744629,219000,0.0,False
2015-04-24,31.799999237060547,31.950000762939453,31.760000228881836,31.850000381469727,21.974929809570312,208300,0.0,False
2015-04-27,32.15999984741211,32.16999816894531,31.959999084472656,32.0,22.078420639038086,126800,0.0,False
2015-04-28,32.0099983215332,32.2400016784668,32.0099983215332,32.2400016784668,22.244007110595703,112400,0.0,False
2015-04-29,32.0099983215332,32.2400016784668,31.979999542236328,32.20000076293945,22.216411590576172,172900,0.0,False
2015-04-30,31.969999313354492,31.969999313354492,31.770000457763672,31.850000381469727,21.974929809570312,344200,0.0,False
2015-05-01,32.08000183105469,32.33000183105469,31.979999542236328,32.33000183105469,22.30611228942871,351200,0.0,False
2015-05-04,32.439998626708984,32.439998626708984,32.25,32.29999923706055,22.2854061126709,271500,0.0,False
2015-05-05,32.33000183105469,32.4900016784668,32.0099983215332,32.040000915527344,22.106016159057617,273600,0.0,False
2015-05-06,32.29999923706055,32.29999923706055,31.899999618530273,31.959999084472656,22.05081558227539,222000,0.0,False
2015-05-07,31.829999923706055,31.90999984741211,31.549999237060547,31.90999984741211,22.016324996948242,124100,0.0,False
2015-05-08,32.38999938964844,32.59000015258789,32.34000015258789,32.529998779296875,22.444089889526367,200600,0.0,False
2015-05-11,32.439998626708984,32.560001373291016,32.279998779296875,32.349998474121094,22.319900512695312,140800,0.0,False
2015-05-12,32.29999923706055,32.5,32.189998626708984,32.41999816894531,22.36819076538086,166100,0.0,False
2015-05-13,32.54999923706055,32.7400016784668,32.529998779296875,32.540000915527344,22.450990676879883,217400,0.0,False
2015-05-14,32.66999816894531,32.83000183105469,32.61000061035156,32.720001220703125,22.575180053710938,199200,0.0,False
2015-05-15,32.45000076293945,32.7599983215332,32.45000076293945,32.720001220703125,22.575180053710938,217000,0.0,False
2015-05-18,32.52000045776367,32.61000061035156,32.5,32.52000045776367,22.43719482421875,129400,0.0,False
2015-05-19,32.310001373291016,32.310001373291016,32.040000915527344,32.09000015258789,22.140518188476562,195100,0.0,False
2015-05-20,32.09000015258789,32.33000183105469,32.09000015258789,32.209999084472656,22.223310470581055,145100,0.0,False
2015-05-21,32.33000183105469,32.40999984741211,32.16999816894531,32.369998931884766,22.333702087402344,94800,0.0,False
2015-05-22,32.119998931884766,32.27000045776367,32.119998931884766,32.130001068115234,22.16811752319336,161900,0.0,False
2015-05-26,31.90999984741211,31.90999984741211,31.459999084472656,31.520000457763672,21.74724006652832,164100,0.0,False
2015-05-27,31.549999237060547,31.670000076293945,31.43000030517578,31.639999389648438,21.830039978027344,219200,0.0,False
2015-05-28,31.479999542236328,31.56999969482422,31.25,31.540000915527344,21.761037826538086,1031900,0.0,False
2015-05-29,31.43000030517578,31.5,31.260000228881836,31.309999465942383,21.602357864379883,179300,0.0,False
2015-06-01,31.450000762939453,31.450000762939453,30.93000030517578,31.030000686645508,21.40917205810547,121300,0.0,False
2015-06-02,31.1299991607666,31.520000457763672,31.1299991607666,31.40999984741211,21.671348571777344,157600,0.0,False
2015-06-03,31.360000610351562,31.530000686645508,31.309999465942383,31.350000381469727,21.62995147705078,275200,0.0,False
2015-06-04,31.110000610351562,31.110000610351562,30.770000457763672,30.809999465942383,21.257375717163086,162600,0.0,False
2015-06-05,30.610000610351562,30.799999237060547,30.450000762939453,30.670000076293945,21.16078758239746,245300,0.0,False
2015-06-08,30.6200008392334,30.65999984741211,30.440000534057617,30.479999542236328,21.029695510864258,412600,0.0,False
2015-06-09,30.479999542236328,30.600000381469727,30.40999984741211,30.40999984741211,20.98140525817871,168300,0.0,False
2015-06-10,30.969999313354492,31.059999465942383,30.920000076293945,30.93000030517578,21.340171813964844,160400,0.0,False
2015-06-11,30.940000534057617,30.950000762939453,30.780000686645508,30.90999984741211,21.326377868652344,106500,0.0,False
2015-06-12,30.670000076293945,30.729999542236328,30.559999465942383,30.65999984741211,21.153886795043945,154500,0.0,False
2015-06-15,30.479999542236328,30.56999969482422,30.3799991607666,30.5,21.04349136352539,154000,0.0,False
2015-06-16,30.3700008392334,30.579999923706055,30.3700008392334,30.549999237060547,21.077987670898438,114600,0.0,False
2015-06-17,30.549999237060547,30.68000030517578,30.299999237060547,30.649999618530273,21.146989822387695,149700,0.0,False
2015-06-18,30.940000534057617,30.979999542236328,30.75,30.860000610351562,21.2918758392334,199200,0.0,False
2015-06-19,30.860000610351562,30.860000610351562,30.59000015258789,30.6200008392334,21.12628936767578,198200,0.0,False
2015-06-22,30.84000015258789,30.8799991607666,30.739999771118164,30.799999237060547,21.250473022460938,166400,0.0,False
2015-06-23,30.739999771118164,30.860000610351562,30.739999771118164,30.799999237060547,21.250473022460938,245900,0.0,False
2015-06-24,30.799999237060547,30.899999618530273,30.649999618530273,30.670000076293945,21.16078758239746,148300,0.0,False
2015-06-25,30.719999313354492,30.739999771118164,30.479999542236328,30.520000457763672,21.057289123535156,146800,0.0,False
2015-06-26,30.440000534057617,30.530000686645508,30.299999237060547,30.450000762939453,21.008996963500977,146500,0.0,False
2015-06-29,30.040000915527344,30.1200008392334,29.700000762939453,29.700000762939453,20.491531372070312,156100,0.0,False
2015-06-30,30.079999923706055,30.079999923706055,29.649999618530273,29.760000228881836,20.532928466796875,324800,0.0,False
2015-07-01,29.770000457763672,29.770000457763672,29.489999771118164,29.530000686645508,20.374242782592773,122100,0.0,False
2015-07-02,29.729999542236328,29.940000534057617,29.729999542236328,29.770000457763672,20.53983497619629,180700,0.0,False
2015-07-06,29.219999313354492,29.43000030517578,29.15999984741211,29.239999771118164,20.174158096313477,233400,0.0,False
2015-07-07,29.059999465942383,29.06999969482422,28.399999618530273,28.969999313354492,19.987873077392578,267300,0.0,False
2015-07-08,28.639999389648438,28.75,28.329999923706055,28.3700008392334,19.57390022277832,163400,0.0,False
2015-07-09,28.860000610351562,28.920000076293945,28.5,28.510000228881836,19.670494079589844,313400,0.0,False
2015-07-10,29.010000228881836,29.06999969482422,28.829999923706055,28.940000534057617,19.96717071533203,283600,0.0,False
2015-07-13,29.06999969482422,29.079999923706055,28.8700008392334,29.049999237060547,20.043062210083008,227900,0.0,False
2015-07-14,29.06999969482422,29.209999084472656,29.040000915527344,29.15999984741211,20.118959426879883,381700,0.0,False
2015-07-15,29.18000030517578,29.190000534057617,28.860000610351562,28.950000762939453,19.974075317382812,226900,0.0,False
2015-07-16,29.049999237060547,29.139999389648438,28.969999313354492,29.010000228881836,20.01546287536621,218100,0.0,False
2015-07-17,28.829999923706055,28.889999389648438,28.690000534057617,28.829999923706055,19.891273498535156,174900,0.0,False
2015-07-20,28.530000686645508,28.559999465942383,28.399999618530273,28.399999618530273,19.594593048095703,3025600,0.0,False
2015-07-21,28.34000015258789,28.639999389648438,28.34000015258789,28.43000030517578,19.615297317504883,307300,0.0,False
2015-07-22,28.1299991607666,28.139999389648438,27.950000762939453,27.979999542236328,19.3048152923584,159600,0.0,False
2015-07-23,28.010000228881836,28.010000228881836,27.649999618530273,27.709999084472656,19.1185302734375,715400,0.0,False
2015-07-24,27.59000015258789,27.59000015258789,27.1200008392334,27.239999771118164,18.794252395629883,359700,0.0,False
2015-07-27,27.149999618530273,27.149999618530273,26.780000686645508,26.860000610351562,18.532075881958008,619000,0.0,False
2015-07-28,27.079999923706055,27.360000610351562,26.90999984741211,27.290000915527344,18.828750610351562,865500,0.0,False
2015-07-29,27.299999237060547,27.610000610351562,27.219999313354492,27.549999237060547,19.00813865661621,355700,0.0,False
2015-07-30,27.489999771118164,27.559999465942383,27.329999923706055,27.489999771118164,18.96674346923828,400000,0.0,False
2015-07-31,27.610000610351562,27.610000610351562,27.309999465942383,27.34000015258789,18.86324691772461,466100,0.0,False
2015-08-03,27.079999923706055,27.170000076293945,26.940000534057617,26.979999542236328,18.6148681640625,379700,0.0,False
2015-08-04,27.219999313354492,27.299999237060547,27.010000228881836,27.06999969482422,18.676963806152344,593300,0.0,False
2015-08-05,27.3799991607666,27.520000457763672,27.15999984741211,27.18000030517578,18.752859115600586,421200,0.0,False
2015-08-06,27.09000015258789,27.260000228881836,26.979999542236328,27.239999771118164,18.794252395629883,193800,0.0,False
2015-08-07,27.1299991607666,27.260000228881836,26.989999771118164,27.020000457763672,18.64246940612793,253800,0.0,False
2015-08-10,27.079999923706055,27.6200008392334,27.020000457763672,27.600000381469727,19.042634963989258,185500,0.0,False
2015-08-11,27.1299991607666,27.1299991607666,26.8700008392334,27.110000610351562,18.70456314086914,506100,0.0,False
2015-08-12,27.020000457763672,27.299999237060547,26.860000610351562,27.270000457763672,18.81495475769043,292000,0.0,False
2015-08-13,27.200000762939453,27.200000762939453,26.969999313354492,26.989999771118164,18.621763229370117,158000,0.0,False
2015-08-14,26.989999771118164,27.100000381469727,26.90999984741211,26.950000762939453,18.59416961669922,454000,0.0,False
2015-08-17,26.780000686645508,26.969999313354492,26.719999313354492,26.950000762939453,18.59416961669922,306300,0.0,False
2015-08-18,26.899999618530273,26.899999618530273,26.649999618530273,26.790000915527344,18.483779907226562,374900,0.0,False
2015-08-19,26.540000915527344,26.540000915527344,26.18000030517578,26.309999465942383,18.15260124206543,322500,0.0,False
2015-08-20,26.280000686645508,26.360000610351562,26.0,26.030000686645508,17.959413528442383,326900,0.0,False
2015-08-21,25.829999923706055,25.950000762939453,25.290000915527344,25.34000015258789,17.483346939086914,327400,0.0,False
2015-08-24,24.84000015258789,24.84000015258789,21.6200008392334,24.049999237060547,16.593307495117188,595800,0.0,False
2015-08-25,24.850000381469727,24.850000381469727,23.93000030517578,23.940000534057617,16.517417907714844,662500,0.0,False
2015-08-26,24.559999465942383,24.559999465942383,23.790000915527344,24.290000915527344,16.758901596069336,955000,0.0,False
2015-08-27,24.579999923706055,25.329999923706055,24.540000915527344,25.219999313354492,17.400554656982422,622400,0.0,False
2015-08-28,25.100000381469727,25.579999923706055,25.100000381469727,25.489999771118164,17.586837768554688,304100,0.0,False
2015-08-31,25.25,25.579999923706055,25.079999923706055,25.540000915527344,17.621341705322266,2019900,0.0,False
2015-09-01,25.030000686645508,25.040000915527344,24.440000534057617,24.540000915527344,16.93138885498047,693900,0.0,False
2015-09-02,24.90999984741211,24.90999984741211,24.3700008392334,24.700000762939453,17.041784286499023,631700,0.0,False
2015-09-03,24.799999237060547,25.219999313354492,24.780000686645508,24.8700008392334,17.15907096862793,306200,0.0,False
2015-09-04,24.489999771118164,24.530000686645508,24.260000228881836,24.360000610351562,16.80719566345215,588600,0.0,False
2015-09-08,24.770000457763672,25.010000228881836,24.729999542236328,24.979999542236328,17.234966278076172,342400,0.0,False
2015-09-09,25.290000915527344,25.389999389648438,24.719999313354492,24.75,17.076282501220703,582300,0.0,False
2015-09-10,24.770000457763672,25.020000457763672,24.68000030517578,24.8799991607666,17.165969848632812,277900,0.0,False
2015-09-11,24.790000915527344,24.850000381469727,24.6200008392334,24.850000381469727,17.145275115966797,207300,0.0,False
2015-09-14,24.709999084472656,24.780000686645508,24.5,24.68000030517578,17.02797508239746,452600,0.0,False
2015-09-15,24.729999542236328,24.899999618530273,24.65999984741211,24.889999389648438,17.172870635986328,209300,0.0,False
2015-09-16,25.049999237060547,25.450000762939453,25.049999237060547,25.420000076293945,17.53854751586914,279500,0.0,False
2015-09-17,25.31999969482422,25.799999237060547,25.270000457763672,25.40999984741211,17.531646728515625,174400,0.0,False
2015-09-18,25.030000686645508,25.1299991607666,24.729999542236328,24.790000915527344,17.1038761138916,342400,0.0,False
2015-09-21,24.799999237060547,24.799999237060547,24.559999465942383,24.65999984741211,17.014183044433594,195000,0.0,False
2015-09-22,23.989999771118164,24.049999237060547,23.780000686645508,23.950000762939453,16.524316787719727,253400,0.0,False
2015-09-23,23.959999084472656,23.959999084472656,23.489999771118164,23.510000228881836,16.220741271972656,300800,0.0,False
2015-09-24,23.239999771118164,23.600000381469727,23.15999984741211,23.530000686645508,16.234535217285156,424700,0.0,False
2015-09-25,23.700000762939453,23.700000762939453,23.389999389648438,23.5,16.213842391967773,309900,0.0,False
2015-09-28,23.190000534057617,23.190000534057617,22.700000762939453,22.739999771118164,15.689477920532227,433200,0.0,False
2015-09-29,22.889999389648438,23.040000915527344,22.850000381469727,23.010000228881836,15.875762939453125,765500,0.0,False
2015-09-30,23.290000915527344,23.479999542236328,23.219999313354492,23.479999542236328,16.200037002563477,620900,0.0,False
2015-10-01,23.81999969482422,23.81999969482422,23.299999237060547,23.479999542236328,16.200037002563477,1725900,0.0,False
2015-10-02,23.360000610351562,24.190000534057617,23.360000610351562,24.18000030517578,16.68300437927246,605500,0.0,False
2015-10-05,24.6200008392334,24.829999923706055,24.579999923706055,24.780000686645508,17.096981048583984,345300,0.0,False
2015-10-06,24.84000015258789,25.299999237060547,24.84000015258789,25.239999771118164,17.414356231689453,459000,0.0,False
2015-10-07,25.780000686645508,26.079999923706055,25.59000015258789,25.8700008392334,17.84902572631836,426100,0.0,False
2015-10-08,25.81999969482422,26.299999237060547,25.760000228881836,26.25,18.111202239990234,406400,0.0,False
2015-10-09,26.489999771118164,26.639999389648438,26.31999969482422,26.399999618530273,18.214693069458008,793400,0.0,False
2015-10-12,26.360000610351562,26.360000610351562,26.100000381469727,26.1200008392334,18.021514892578125,176900,0.0,False
2015-10-13,25.709999084472656,26.020000457763672,25.6200008392334,25.799999237060547,17.800724029541016,223500,0.0,False
2015-10-14,25.989999771118164,26.260000228881836,25.959999084472656,26.190000534057617,18.069805145263672,655200,0.0,False
2015-10-15,26.280000686645508,26.530000686645508,26.100000381469727,26.530000686645508,18.30438995361328,320700,0.0,False
2015-10-16,26.549999237060547,26.549999237060547,26.260000228881836,26.40999984741211,18.22159767150879,146400,0.0,False
2015-10-19,26.139999389648438,26.139999389648438,25.8700008392334,25.979999542236328,17.924915313720703,212400,0.0,False
2015-10-20,25.850000381469727,26.149999618530273,25.829999923706055,26.020000457763672,17.9525146484375,509800,0.0,False
2015-10-21,26.100000381469727,26.100000381469727,25.770000457763672,25.809999465942383,17.807621002197266,225700,0.0,False
2015-10-22,25.950000762939453,26.309999465942383,25.950000762939453,26.260000228881836,18.11810302734375,203100,0.0,False
2015-10-23,26.440000534057617,26.440000534057617,26.190000534057617,26.34000015258789,18.17329978942871,224100,0.0,False
2015-10-26,26.299999237060547,26.309999465942383,25.989999771118164,25.989999771118164,17.93181800842285,293700,0.0,False
2015-10-27,25.729999542236328,25.729999542236328,25.459999084472656,25.610000610351562,17.669635772705078,217500,0.0,False
2015-10-28,25.549999237060547,26.049999237060547,25.549999237060547,25.81999969482422,17.81452178955078,261700,0.0,False
2015-10-29,25.540000915527344,25.739999771118164,25.469999313354492,25.489999771118164,17.586837768554688,226400,0.0,False
2015-10-30,25.530000686645508,25.709999084472656,25.43000030517578,25.5,17.59374237060547,425000,0.0,False
2015-11-02,25.489999771118164,25.940000534057617,25.489999771118164,25.850000381469727,17.835222244262695,418000,0.0,False
2015-11-03,25.899999618530273,26.3700008392334,25.860000610351562,26.280000686645508,18.13190269470215,392500,0.0,False
2015-11-04,26.420000076293945,26.420000076293945,25.959999084472656,26.030000686645508,17.959413528442383,270700,0.0,False
2015-11-05,25.790000915527344,25.920000076293945,25.6200008392334,25.729999542236328,17.75242805480957,615700,0.0,False
2015-11-06,25.399999618530273,25.399999618530273,25.1200008392334,25.299999237060547,17.45574951171875,487800,0.0,False
2015-11-09,25.209999084472656,25.270000457763672,24.920000076293945,25.139999389648438,17.345354080200195,746900,0.0,False
2015-11-10,25.030000686645508,25.049999237060547,24.8799991607666,24.940000534057617,17.207368850708008,376500,0.0,False
2015-11-11,25.020000457763672,25.040000915527344,24.739999771118164,24.770000457763672,17.090076446533203,426800,0.0,False
2015-11-12,24.43000030517578,24.520000457763672,24.219999313354492,24.25,16.731304168701172,500200,0.0,False
2015-11-13,24.350000381469727,24.3700008392334,24.100000381469727,24.25,16.731304168701172,250900,0.0,False
2015-11-16,24.3700008392334,24.65999984741211,24.239999771118164,24.6299991607666,16.993480682373047,504000,0.0,False
2015-11-17,24.729999542236328,24.729999542236328,24.440000534057617,24.510000228881836,16.910694122314453,550400,0.0,False
2015-11-18,24.65999984741211,24.899999618530273,24.56999969482422,24.8799991607666,17.165969848632812,614100,0.0,False
2015-11-19,24.899999618530273,25.0,24.850000381469727,24.889999389648438,17.172870635986328,640500,0.0,False
2015-11-20,24.979999542236328,25.049999237060547,24.59000015258789,24.610000610351562,16.979686737060547,1472000,0.0,False
2015-11-23,24.520000457763672,24.639999389648438,24.459999084472656,24.520000457763672,16.917583465576172,579600,0.0,False
2015-11-24,24.479999542236328,24.84000015258789,24.479999542236328,24.760000228881836,17.083179473876953,628700,0.0,False
2015-11-25,24.760000228881836,24.780000686645508,24.56999969482422,24.68000030517578,17.02797508239746,599400,0.0,False
2015-11-27,24.540000915527344,24.59000015258789,24.469999313354492,24.510000228881836,16.910694122314453,141300,0.0,False
2015-11-30,24.6299991607666,24.709999084472656,24.5,24.610000610351562,16.979686737060547,432700,0.0,False
2015-12-01,24.739999771118164,24.81999969482422,24.709999084472656,24.809999465942383,17.11767578125,314800,0.0,False
2015-12-02,24.649999618530273,24.690000534057617,24.270000457763672,24.350000381469727,16.800296783447266,540800,0.0,False
2015-12-03,24.579999923706055,24.579999923706055,24.100000381469727,24.219999313354492,16.710599899291992,1584800,0.0,False
2015-12-04,24.040000915527344,24.360000610351562,24.030000686645508,24.34000015258789,16.793392181396484,406100,0.0,False
2015-12-07,24.020000457763672,24.020000457763672,23.59000015258789,23.739999771118164,16.37942886352539,501000,0.0,False
2015-12-08,23.309999465942383,23.420000076293945,23.06999969482422,23.18000030517578,15.993056297302246,1011400,0.0,False
2015-12-09,23.34000015258789,23.790000915527344,23.280000686645508,23.469999313354492,16.193143844604492,1519200,0.0,False
2015-12-10,23.5,23.75,23.469999313354492,23.489999771118164,16.206939697265625,787300,0.0,False
2015-12-11,23.1200008392334,23.139999389648438,22.860000610351562,22.90999984741211,15.806771278381348,703200,0.0,False
2015-12-14,22.90999984741211,22.90999984741211,22.510000228881836,22.709999084472656,15.668779373168945,1273100,0.0,False
2015-12-15,22.93000030517578,23.1200008392334,22.90999984741211,23.040000915527344,15.896463394165039,987800,0.0,False
2015-12-16,23.170000076293945,23.43000030517578,23.030000686645508,23.3799991607666,16.131044387817383,773800,0.0,False
2015-12-17,23.31999969482422,23.31999969482422,22.739999771118164,22.739999771118164,15.689477920532227,1440500,0.0,False
2015-12-18,22.770000457763672,22.940000534057617,22.6299991607666,22.700000762939453,15.661881446838379,830200,0.0,False
2015-12-21,22.93000030517578,23.06999969482422,22.6299991607666,22.780000686645508,15.71707534790039,2328400,0.0,False
2015-12-22,22.780000686645508,23.149999618530273,22.780000686645508,23.100000381469727,15.937858581542969,849600,0.0,False
2015-12-23,22.40999984741211,22.899999618530273,22.40999984741211,22.889999389648438,16.50833511352539,1716100,0.0,False
2015-12-24,22.8799991607666,22.979999542236328,22.760000228881836,22.8700008392334,16.493907928466797,1028500,0.0,False
2015-12-28,22.639999389648438,22.68000030517578,22.469999313354492,22.510000228881836,16.234268188476562,2014500,0.0,False
2015-12-29,22.75,22.850000381469727,22.6200008392334,22.719999313354492,16.385725021362305,1196800,0.0,False
2015-12-30,22.579999923706055,22.579999923706055,22.389999389648438,22.389999389648438,16.147735595703125,1271700,0.0,False
2015-12-31,22.350000381469727,22.43000030517578,22.209999084472656,22.25,16.046762466430664,1349300,0.0,False
2016-01-04,22.09000015258789,22.1299991607666,21.809999465942383,22.110000610351562,15.945796966552734,553900,0.0,False
2016-01-05,22.139999389648438,22.149999618530273,21.8799991607666,22.110000610351562,15.945796966552734,422700,0.0,False
2016-01-06,21.559999465942383,21.65999984741211,21.3799991607666,21.5,15.505860328674316,344600,0.0,False
2016-01-07,21.0,21.200000762939453,20.850000381469727,20.8700008392334,15.051499366760254,741900,0.0,False
2016-01-08,21.010000228881836,21.030000686645508,20.56999969482422,20.6200008392334,14.871200561523438,344800,0.0,False
2016-01-11,20.790000915527344,20.790000915527344,20.139999389648438,20.329999923706055,14.662053108215332,603300,0.0,False
2016-01-12,20.549999237060547,20.549999237060547,19.90999984741211,20.18000030517578,14.553873062133789,354400,0.0,False
2016-01-13,20.40999984741211,20.469999313354492,19.8700008392334,19.940000534057617,14.380779266357422,299100,0.0,False
2016-01-14,20.139999389648438,20.559999465942383,19.989999771118164,20.440000534057617,14.741378784179688,353200,0.0,False
2016-01-15,19.790000915527344,19.950000762939453,19.549999237060547,19.760000228881836,14.25096607208252,438000,0.0,False
2016-01-19,20.059999465942383,20.059999465942383,19.40999984741211,19.6299991607666,14.157209396362305,822500,0.0,False
2016-01-20,19.290000915527344,19.389999389648438,18.690000534057617,19.270000457763672,13.897579193115234,873800,0.0,False
2016-01-21,19.309999465942383,19.790000915527344,19.18000030517578,19.68000030517578,14.193268775939941,531500,0.0,False
2016-01-22,20.149999618530273,20.329999923706055,19.920000076293945,20.139999389648438,14.525018692016602,984600,0.0,False
2016-01-25,19.969999313354492,20.06999969482422,19.639999389648438,19.649999618530273,14.171632766723633,1156000,0.0,False
2016-01-26,19.899999618530273,20.299999237060547,19.850000381469727,20.299999237060547,14.640417098999023,286600,0.0,False
2016-01-27,20.239999771118164,20.6299991607666,20.09000015258789,20.280000686645508,14.625988960266113,312900,0.0,False
2016-01-28,20.690000534057617,20.770000457763672,20.350000381469727,20.649999618530273,14.892841339111328,279800,0.0,False
2016-01-29,20.649999618530273,21.09000015258789,20.649999618530273,21.09000015258789,15.210161209106445,474500,0.0,False
2016-02-01,20.8700008392334,21.020000457763672,20.649999618530273,20.959999084472656,15.116410255432129,427700,0.0,False
2016-02-02,20.43000030517578,20.43000030517578,20.1200008392334,20.209999084472656,14.575507164001465,442900,0.0,False
2016-02-03,20.579999923706055,21.010000228881836,20.209999084472656,20.989999771118164,15.138042449951172,322800,0.0,False
2016-02-04,21.350000381469727,21.889999389648438,21.350000381469727,21.65999984741211,15.62125015258789,565000,0.0,False
2016-02-05,21.520000457763672,21.739999771118164,21.489999771118164,21.6299991607666,15.599614143371582,211500,0.0,False
2016-02-08,21.3700008392334,21.59000015258789,21.3700008392334,21.559999465942383,15.549129486083984,276300,0.0,False
2016-02-09,21.18000030517578,21.270000457763672,20.93000030517578,21.059999465942383,15.188528060913086,170100,0.0,False
2016-02-10,21.049999237060547,21.1299991607666,20.8700008392334,20.920000076293945,15.08755874633789,377400,0.0,False
2016-02-11,20.770000457763672,20.809999465942383,20.450000762939453,20.700000762939453,14.928898811340332,189000,0.0,False
2016-02-12,21.049999237060547,21.399999618530273,20.959999084472656,21.399999618530273,15.433735847473145,162800,0.0,False
2016-02-16,21.56999969482422,21.65999984741211,21.389999389648438,21.6299991607666,15.599614143371582,252600,0.0,False
2016-02-17,21.920000076293945,22.40999984741211,21.920000076293945,22.350000381469727,16.118877410888672,357300,0.0,False
2016-02-18,22.530000686645508,22.530000686645508,22.229999542236328,22.329999923706055,16.104455947875977,1017300,0.0,False
2016-02-19,22.190000534057617,22.200000762939453,22.020000457763672,22.190000534057617,16.003490447998047,137900,0.0,False
2016-02-22,22.579999923706055,22.850000381469727,22.540000915527344,22.809999465942383,16.450632095336914,444300,0.0,False
2016-02-23,22.59000015258789,22.639999389648438,22.270000457763672,22.329999923706055,16.104455947875977,435700,0.0,False
2016-02-24,21.770000457763672,22.229999542236328,21.729999542236328,22.200000762939453,16.010696411132812,288000,0.0,False
2016-02-25,22.229999542236328,22.3799991607666,21.989999771118164,22.3700008392334,16.133304595947266,249700,0.0,False
2016-02-26,22.510000228881836,22.59000015258789,22.31999969482422,22.350000381469727,16.118877410888672,310600,0.0,False
2016-02-29,22.520000457763672,22.739999771118164,22.459999084472656,22.489999771118164,16.219846725463867,1115400,0.0,False
2016-03-01,22.829999923706055,22.940000534057617,22.549999237060547,22.8799991607666,16.501115798950195,236900,0.0,False
2016-03-02,22.81999969482422,23.360000610351562,22.780000686645508,23.34000015258789,16.83287239074707,279400,0.0,False
2016-03-03,23.40999984741211,23.75,23.360000610351562,23.719999313354492,17.10693359375,353100,0.0,False
2016-03-04,23.950000762939453,24.5,23.950000762939453,24.219999313354492,17.467533111572266,404300,0.0,False
2016-03-07,24.200000762939453,24.780000686645508,24.200000762939453,24.739999771118164,17.84255599975586,290800,0.0,False
2016-03-08,24.280000686645508,24.280000686645508,23.719999313354492,23.75,17.128562927246094,288200,0.0,False
2016-03-09,23.8799991607666,24.1299991607666,23.65999984741211,24.020000457763672,17.323286056518555,345800,0.0,False
2016-03-10,23.90999984741211,24.079999923706055,23.68000030517578,23.989999771118164,17.30164909362793,308200,0.0,False
2016-03-11,24.219999313354492,24.450000762939453,24.219999313354492,24.389999389648438,17.590133666992188,393000,0.0,False
2016-03-14,24.270000457763672,24.3700008392334,24.100000381469727,24.25,17.489166259765625,325800,0.0,False
2016-03-15,23.860000610351562,23.940000534057617,23.719999313354492,23.920000076293945,17.251169204711914,336100,0.0,False
2016-03-16,23.860000610351562,24.540000915527344,23.81999969482422,24.530000686645508,17.69110870361328,307600,0.0,False
2016-03-17,24.860000610351562,25.25,24.809999465942383,25.1200008392334,18.116615295410156,287100,0.0,False
2016-03-18,25.329999923706055,25.399999618530273,25.030000686645508,25.09000015258789,18.094974517822266,242200,0.0,False
2016-03-21,24.8799991607666,25.010000228881836,24.719999313354492,24.8700008392334,18.023235321044922,436200,0.0,False
2016-03-22,24.6299991607666,24.81999969482422,24.6299991607666,24.729999542236328,17.92177391052246,223400,0.0,False
2016-03-23,24.479999542236328,24.479999542236328,23.959999084472656,23.969999313354492,17.37100601196289,221900,0.0,False
2016-03-24,23.700000762939453,24.0,23.520000457763672,23.979999542236328,17.378253936767578,413800,0.0,False
2016-03-28,24.100000381469727,24.100000381469727,23.850000381469727,24.030000686645508,17.41448402404785,294000,0.0,False
2016-03-29,23.780000686645508,24.229999542236328,23.639999389648438,24.209999084472656,17.544923782348633,446100,0.0,False
2016-03-30,24.520000457763672,24.65999984741211,24.31999969482422,24.399999618530273,17.68262481689453,355400,0.0,False
2016-03-31,24.3799991607666,24.469999313354492,24.190000534057617,24.209999084472656,17.544923782348633,429500,0.0,False
2016-04-01,23.860000610351562,24.09000015258789,23.649999618530273,24.049999237060547,17.428979873657227,627400,0.0,False
2016-04-04,24.059999465942383,24.100000381469727,23.760000228881836,23.780000686645508,17.233314514160156,1807400,0.0,False
2016-04-05,23.43000030517578,23.59000015258789,23.350000381469727,23.510000228881836,17.037647247314453,546300,0.0,False
2016-04-06,23.489999771118164,23.790000915527344,23.31999969482422,23.770000457763672,17.226062774658203,333000,0.0,False
2016-04-07,23.56999969482422,23.700000762939453,23.3799991607666,23.489999771118164,17.023149490356445,764100,0.0,False
2016-04-08,23.920000076293945,24.110000610351562,23.899999618530273,24.040000915527344,17.421730041503906,431000,0.0,False
2016-04-11,24.360000610351562,24.540000915527344,24.31999969482422,24.3700008392334,17.660877227783203,459900,0.0,False
2016-04-12,24.56999969482422,25.049999237060547,24.489999771118164,25.0,18.117435455322266,390100,0.0,False
2016-04-13,25.3700008392334,25.440000534057617,25.219999313354492,25.3799991607666,18.392824172973633,496000,0.0,False
2016-04-14,25.440000534057617,25.440000534057617,25.18000030517578,25.25,18.298616409301758,359900,0.0,False
2016-04-15,25.15999984741211,25.299999237060547,25.0,25.239999771118164,18.29136848449707,374600,0.0,False
2016-04-18,25.020000457763672,25.549999237060547,25.0,25.530000686645508,18.50153350830078,355600,0.0,False
2016-04-19,25.860000610351562,26.350000381469727,25.850000381469727,26.34000015258789,19.08853530883789,318100,0.0,False
2016-04-20,26.329999923706055,26.719999313354492,26.309999465942383,26.510000228881836,19.21173095703125,303500,0.0,False
2016-04-21,26.649999618530273,26.75,26.190000534057617,26.260000228881836,19.030559539794922,441400,0.0,False
2016-04-22,26.139999389648438,26.40999984741211,26.1200008392334,26.280000686645508,19.045055389404297,339700,0.0,False
2016-04-25,26.030000686645508,26.1299991607666,25.829999923706055,25.93000030517578,18.79140853881836,413300,0.0,False
2016-04-26,26.09000015258789,26.25,25.950000762939453,26.25,19.0233154296875,316500,0.0,False
2016-04-27,26.200000762939453,26.579999923706055,26.200000762939453,26.540000915527344,19.233478546142578,543900,0.0,False
2016-04-28,26.559999465942383,26.93000030517578,26.489999771118164,26.6299991607666,19.29869842529297,444600,0.0,False
2016-04-29,26.780000686645508,27.06999969482422,26.760000228881836,26.979999542236328,19.55234146118164,480900,0.0,False
2016-05-02,27.1200008392334,27.1200008392334,26.81999969482422,26.959999084472656,19.5378475189209,534100,0.0,False
2016-05-03,26.489999771118164,26.489999771118164,26.010000228881836,26.030000686645508,18.863876342773438,423600,0.0,False
2016-05-04,25.68000030517578,25.84000015258789,25.3799991607666,25.450000762939453,18.443553924560547,364500,0.0,False
2016-05-05,25.649999618530273,25.75,25.270000457763672,25.3700008392334,18.38558006286621,345600,0.0,False
2016-05-06,25.239999771118164,25.649999618530273,25.190000534057617,25.559999465942383,18.523263931274414,334500,0.0,False
2016-05-09,25.209999084472656,25.209999084472656,24.739999771118164,24.84000015258789,18.001493453979492,478500,0.0,False
2016-05-10,24.940000534057617,25.309999465942383,24.8799991607666,25.299999237060547,18.334848403930664,326100,0.0,False
2016-05-11,25.350000381469727,25.549999237060547,25.219999313354492,25.3799991607666,18.392824172973633,282300,0.0,False
2016-05-12,25.719999313354492,25.790000915527344,25.25,25.3700008392334,18.38558006286621,469400,0.0,False
2016-05-13,25.18000030517578,25.360000610351562,25.020000457763672,25.079999923706055,18.175418853759766,169900,0.0,False
2016-05-16,25.31999969482422,25.670000076293945,25.31999969482422,25.530000686645508,18.50153350830078,569900,0.0,False
2016-05-17,25.510000228881836,25.799999237060547,25.40999984741211,25.600000381469727,18.55225944519043,636300,0.0,False
2016-05-18,25.440000534057617,25.600000381469727,25.0,25.079999923706055,18.175418853759766,631400,0.0,False
2016-05-19,24.760000228881836,25.139999389648438,24.670000076293945,25.1200008392334,18.204410552978516,5925500,0.0,False
2016-05-20,25.270000457763672,25.360000610351562,25.1200008392334,25.190000534057617,18.25513458251953,483000,0.0,False
2016-05-23,25.059999465942383,25.389999389648438,25.059999465942383,25.25,18.298616409301758,1837600,0.0,False
2016-05-24,25.31999969482422,25.459999084472656,25.270000457763672,25.31999969482422,18.349342346191406,353300,0.0,False
2016-05-25,25.469999313354492,25.809999465942383,25.469999313354492,25.770000457763672,18.67546272277832,352800,0.0,False
2016-05-26,25.979999542236328,26.040000915527344,25.719999313354492,25.75,18.66096305847168,711200,0.0,False
2016-05-27,25.670000076293945,25.700000762939453,25.520000457763672,25.59000015258789,18.545011520385742,507200,0.0,False
2016-05-31,25.520000457763672,25.719999313354492,25.3700008392334,25.40999984741211,18.414569854736328,602300,0.0,False
2016-06-01,25.1299991607666,25.350000381469727,25.049999237060547,25.34000015258789,18.363842010498047,557700,0.0,False
2016-06-02,25.1200008392334,25.350000381469727,25.09000015258789,25.329999923706055,18.356592178344727,660200,0.0,False
2016-06-03,25.670000076293945,25.899999618530273,25.639999389648438,25.889999389648438,18.762426376342773,360500,0.0,False
2016-06-06,26.1299991607666,26.3799991607666,26.1299991607666,26.350000381469727,19.095783233642578,444000,0.0,False
2016-06-07,26.459999084472656,26.579999923706055,26.40999984741211,26.510000228881836,19.21173095703125,678700,0.0,False
2016-06-08,26.81999969482422,26.959999084472656,26.729999542236328,26.729999542236328,19.37116813659668,513200,0.0,False
2016-06-09,26.3700008392334,26.440000534057617,26.290000915527344,26.389999389648438,19.124773025512695,381600,0.0,False
2016-06-10,26.079999923706055,26.110000610351562,25.729999542236328,25.809999465942383,18.70444679260254,586500,0.0,False
2016-06-13,25.690000534057617,25.93000030517578,25.6200008392334,25.639999389648438,18.581247329711914,463500,0.0,False
2016-06-14,25.450000762939453,25.549999237060547,25.1200008392334,25.280000686645508,18.32036018371582,463200,0.0,False
2016-06-15,25.440000534057617,25.700000762939453,25.389999389648438,25.510000228881836,18.487035751342773,516400,0.0,False
2016-06-16,25.270000457763672,25.530000686645508,25.09000015258789,25.510000228881836,18.487035751342773,643400,0.0,False
2016-06-17,25.690000534057617,25.84000015258789,25.56999969482422,25.809999465942383,18.70444679260254,425500,0.0,False
2016-06-20,26.09000015258789,26.200000762939453,26.040000915527344,26.049999237060547,18.99317169189453,343600,0.0,False
2016-06-21,26.059999465942383,26.200000762939453,25.899999618530273,26.09000015258789,19.022335052490234,446900,0.0,False
2016-06-22,26.209999084472656,26.260000228881836,26.040000915527344,26.049999237060547,18.99317169189453,509800,0.0,False
2016-06-23,26.450000762939453,26.68000030517578,26.389999389648438,26.670000076293945,19.445213317871094,421500,0.0,False
2016-06-24,25.450000762939453,25.770000457763672,25.209999084472656,25.239999771118164,18.402597427368164,632700,0.0,False
2016-06-27,24.979999542236328,25.100000381469727,24.540000915527344,24.760000228881836,18.05262565612793,655100,0.0,False
2016-06-28,25.139999389648438,25.299999237060547,25.059999465942383,25.290000915527344,18.43904685974121,527000,0.0,False
2016-06-29,25.700000762939453,25.940000534057617,25.65999984741211,25.8700008392334,18.86193084716797,287500,0.0,False
2016-06-30,26.049999237060547,26.350000381469727,25.93000030517578,26.350000381469727,19.21190643310547,691900,0.0,False
2016-07-01,26.420000076293945,26.610000610351562,26.399999618530273,26.579999923706055,19.37959861755371,369100,0.0,False
2016-07-05,26.440000534057617,26.489999771118164,26.100000381469727,26.190000534057617,19.095247268676758,360700,0.0,False
2016-07-06,26.06999969482422,26.420000076293945,25.959999084472656,26.420000076293945,19.262937545776367,339100,0.0,False
2016-07-07,26.510000228881836,26.579999923706055,26.030000686645508,26.139999389648438,19.058794021606445,356600,0.0,False
2016-07-08,26.43000030517578,26.670000076293945,26.3700008392334,26.6299991607666,19.416051864624023,271800,0.0,False
2016-07-11,26.829999923706055,27.049999237060547,26.829999923706055,26.950000762939453,19.649372100830078,243900,0.0,False
2016-07-12,27.290000915527344,27.530000686645508,27.280000686645508,27.3700008392334,19.955591201782227,237900,0.0,False
2016-07-13,27.610000610351562,27.610000610351562,27.290000915527344,27.459999084472656,20.021211624145508,629700,0.0,False
2016-07-14,27.6200008392334,27.729999542236328,27.510000228881836,27.700000762939453,20.19619369506836,2021600,0.0,False
2016-07-15,27.6299991607666,27.709999084472656,27.489999771118164,27.549999237060547,20.086833953857422,2281700,0.0,False
2016-07-18,27.510000228881836,27.670000076293945,27.3799991607666,27.670000076293945,20.1743221282959,389000,0.0,False
2016-07-19,27.3700008392334,27.3799991607666,27.190000534057617,27.25,19.868101119995117,448700,0.0,False
2016-07-20,27.030000686645508,27.1299991607666,26.799999237060547,27.0,19.685821533203125,424900,0.0,False
2016-07-21,27.110000610351562,27.31999969482422,27.06999969482422,27.139999389648438,19.78788948059082,819100,0.0,False
2016-07-22,27.110000610351562,27.170000076293945,26.959999084472656,27.06999969482422,19.736860275268555,3494100,0.0,False
2016-07-25,26.979999542236328,26.979999542236328,26.639999389648438,26.739999771118164,19.496253967285156,398300,0.0,False
2016-07-26,26.790000915527344,27.06999969482422,26.770000457763672,27.059999465942383,19.729568481445312,441100,0.0,False
2016-07-27,27.18000030517578,27.350000381469727,26.90999984741211,27.200000762939453,19.831642150878906,791600,0.0,False
2016-07-28,27.219999313354492,27.290000915527344,27.030000686645508,27.149999618530273,19.795185089111328,500100,0.0,False
2016-07-29,27.100000381469727,27.350000381469727,27.0,27.329999923706055,19.926422119140625,612800,0.0,False
2016-08-01,27.219999313354492,27.219999313354492,26.93000030517578,26.940000534057617,19.64207649230957,455800,0.0,False
2016-08-02,27.030000686645508,27.170000076293945,26.84000015258789,27.049999237060547,19.722274780273438,371500,0.0,False
2016-08-03,26.959999084472656,27.170000076293945,26.850000381469727,27.170000076293945,19.809770584106445,501700,0.0,False
2016-08-04,27.1200008392334,27.260000228881836,27.010000228881836,27.209999084472656,19.838926315307617,527000,0.0,False
2016-08-05,27.200000762939453,27.329999923706055,27.139999389648438,27.329999923706055,19.926422119140625,340100,0.0,False
2016-08-08,27.420000076293945,27.610000610351562,27.420000076293945,27.530000686645508,20.072246551513672,356700,0.0,False
2016-08-09,27.6200008392334,27.709999084472656,27.510000228881836,27.559999465942383,20.094118118286133,585700,0.0,False
2016-08-10,27.770000457763672,27.809999465942383,27.530000686645508,27.530000686645508,20.072246551513672,374600,0.0,False
2016-08-11,27.6200008392334,27.809999465942383,27.579999923706055,27.760000228881836,20.239944458007812,295100,0.0,False
2016-08-12,27.690000534057617,27.739999771118164,27.479999542236328,27.549999237060547,20.086833953857422,332400,0.0,False
2016-08-15,27.6200008392334,27.739999771118164,27.6200008392334,27.65999984741211,20.16702651977539,265800,0.0,False
2016-08-16,27.799999237060547,27.84000015258789,27.700000762939453,27.760000228881836,20.239944458007812,459600,0.0,False
2016-08-17,27.690000534057617,27.719999313354492,27.40999984741211,27.68000030517578,20.181610107421875,238300,0.0,False
2016-08-18,27.760000228881836,27.899999618530273,27.739999771118164,27.889999389648438,20.334726333618164,738300,0.0,False
2016-08-19,27.600000381469727,27.639999389648438,27.510000228881836,27.610000610351562,20.13057518005371,184800,0.0,False
2016-08-22,27.40999984741211,27.559999465942383,27.329999923706055,27.549999237060547,20.086833953857422,514900,0.0,False
2016-08-23,27.75,27.8799991607666,27.719999313354492,27.739999771118164,20.225358963012695,376100,0.0,False
2016-08-24,27.549999237060547,27.579999923706055,27.219999313354492,27.239999771118164,19.860803604125977,223200,0.0,False
2016-08-25,27.1200008392334,27.280000686645508,27.100000381469727,27.18000030517578,19.817062377929688,393900,0.0,False
2016-08-26,27.31999969482422,27.639999389648438,26.920000076293945,27.030000686645508,19.707698822021484,582800,0.0,False
2016-08-29,26.8799991607666,27.25,26.8799991607666,27.200000762939453,19.831642150878906,504200,0.0,False
2016-08-30,27.1200008392334,27.25,26.889999389648438,26.969999313354492,19.6639461517334,550000,0.0,False
2016-08-31,26.760000228881836,26.780000686645508,26.520000457763672,26.639999389648438,19.423343658447266,735200,0.0,False
2016-09-01,26.6299991607666,26.790000915527344,26.549999237060547,26.770000457763672,19.51812744140625,285600,0.0,False
2016-09-02,27.149999618530273,27.239999771118164,27.010000228881836,27.190000534057617,19.82435417175293,260700,0.0,False
2016-09-06,27.389999389648438,27.65999984741211,27.34000015258789,27.65999984741211,20.16702651977539,6447000,0.0,False
2016-09-07,27.649999618530273,27.700000762939453,27.510000228881836,27.610000610351562,20.13057518005371,389100,0.0,False
2016-09-08,27.639999389648438,27.739999771118164,27.479999542236328,27.639999389648438,20.152442932128906,358900,0.0,False
2016-09-09,27.40999984741211,27.40999984741211,26.8700008392334,26.8799991607666,19.598323822021484,428900,0.0,False
2016-09-12,26.59000015258789,27.18000030517578,26.59000015258789,27.1200008392334,19.773317337036133,572800,0.0,False
2016-09-13,26.760000228881836,26.760000228881836,26.18000030517578,26.290000915527344,19.16815757751465,371600,0.0,False
2016-09-14,26.3799991607666,26.5,26.149999618530273,26.219999313354492,19.11711883544922,3219900,0.0,False
2016-09-15,26.239999771118164,26.520000457763672,26.1200008392334,26.40999984741211,19.25564956665039,310000,0.0,False
2016-09-16,26.209999084472656,26.25,26.030000686645508,26.139999389648438,19.058794021606445,372600,0.0,False
2016-09-19,26.360000610351562,26.440000534057617,26.190000534057617,26.239999771118164,19.224369049072266,240400,0.0,False
2016-09-20,26.309999465942383,26.3799991607666,26.200000762939453,26.239999771118164,19.224369049072266,392400,0.0,False
2016-09-21,26.43000030517578,26.989999771118164,26.43000030517578,26.979999542236328,19.766521453857422,653400,0.0,False
2016-09-22,27.399999618530273,27.549999237060547,27.25,27.309999465942383,20.00828742980957,1007800,0.0,False
2016-09-23,27.239999771118164,27.31999969482422,27.0,27.040000915527344,19.810476303100586,1213000,0.0,False
2016-09-26,26.989999771118164,27.06999969482422,26.829999923706055,26.84000015258789,19.663949966430664,501000,0.0,False
2016-09-27,26.700000762939453,26.860000610351562,26.579999923706055,26.809999465942383,19.6419734954834,789000,0.0,False
2016-09-28,26.8700008392334,27.479999542236328,26.760000228881836,27.450000762939453,20.11085319519043,841200,0.0,False
2016-09-29,27.549999237060547,27.709999084472656,27.25,27.3799991607666,20.059574127197266,648000,0.0,False
2016-09-30,27.540000915527344,27.639999389648438,27.440000534057617,27.530000686645508,20.16946792602539,435800,0.0,False
2016-10-03,27.489999771118164,27.559999465942383,27.40999984741211,27.5,20.147489547729492,530100,0.0,False
2016-10-04,27.530000686645508,27.530000686645508,26.979999542236328,27.049999237060547,19.81780242919922,685700,0.0,False
2016-10-05,27.280000686645508,27.389999389648438,27.1299991607666,27.31999969482422,20.01561737060547,326400,0.0,False
2016-10-06,27.229999542236328,27.270000457763672,27.09000015258789,27.209999084472656,19.935016632080078,232300,0.0,False
2016-10-07,27.280000686645508,27.360000610351562,26.899999618530273,27.09000015258789,19.847103118896484,389900,0.0,False
2016-10-10,27.25,27.43000030517578,27.25,27.360000610351562,20.044925689697266,198900,0.0,False
2016-10-11,27.270000457763672,27.270000457763672,26.809999465942383,26.90999984741211,19.71523666381836,582600,0.0,False
2016-10-12,26.969999313354492,27.1299991607666,26.8700008392334,27.020000457763672,19.795822143554688,332000,0.0,False
2016-10-13,26.610000610351562,26.920000076293945,26.489999771118164,26.81999969482422,19.649293899536133,535400,0.0,False
2016-10-14,26.940000534057617,27.030000686645508,26.670000076293945,26.670000076293945,19.539398193359375,681300,0.0,False
2016-10-17,26.709999084472656,26.770000457763672,26.6299991607666,26.65999984741211,19.532081604003906,538600,0.0,False
2016-10-18,27.059999465942383,27.149999618530273,26.93000030517578,27.049999237060547,19.81780242919922,528800,0.0,False
2016-10-19,27.149999618530273,27.389999389648438,27.100000381469727,27.299999237060547,20.000961303710938,402000,0.0,False
2016-10-20,27.219999313354492,27.360000610351562,27.06999969482422,27.31999969482422,20.01561737060547,368600,0.0,False
2016-10-21,27.190000534057617,27.3700008392334,27.1200008392334,27.34000015258789,20.0302677154541,249700,0.0,False
2016-10-24,27.3700008392334,27.420000076293945,27.079999923706055,27.229999542236328,19.949676513671875,387600,0.0,False
2016-10-25,27.3700008392334,27.559999465942383,27.3700008392334,27.489999771118164,20.140161514282227,920500,0.0,False
2016-10-26,27.290000915527344,27.459999084472656,27.219999313354492,27.350000381469727,20.037593841552734,531600,0.0,False
2016-10-27,27.40999984741211,27.43000030517578,27.239999771118164,27.270000457763672,19.978988647460938,626100,0.0,False
2016-10-28,27.25,27.459999084472656,27.25,27.309999465942383,20.00828742980957,1121200,0.0,False
2016-10-31,27.309999465942383,27.479999542236328,27.270000457763672,27.440000534057617,20.103530883789062,751400,0.0,False
2016-11-01,27.59000015258789,27.729999542236328,27.389999389648438,27.5,20.147489547729492,565000,0.0,False
2016-11-02,27.489999771118164,27.639999389648438,27.34000015258789,27.350000381469727,20.037593841552734,1056300,0.0,False
2016-11-03,27.360000610351562,27.459999084472656,27.25,27.290000915527344,19.99363136291504,548300,0.0,False
2016-11-04,27.1200008392334,27.25,27.079999923706055,27.100000381469727,19.854434967041016,1165900,0.0,False
2016-11-07,27.510000228881836,27.600000381469727,27.440000534057617,27.59000015258789,20.213422775268555,473300,0.0,False
2016-11-08,27.56999969482422,28.020000457763672,27.56999969482422,27.920000076293945,20.455196380615234,668100,0.0,False
2016-11-09,27.899999618530273,28.40999984741211,27.899999618530273,28.280000686645508,20.718944549560547,595600,0.0,False
2016-11-10,28.489999771118164,28.540000915527344,28.149999618530273,28.209999084472656,20.667659759521484,639000,0.0,False
2016-11-11,28.1299991607666,28.1299991607666,27.520000457763672,27.65999984741211,20.26470947265625,510700,0.0,False
2016-11-14,27.690000534057617,27.84000015258789,27.479999542236328,27.809999465942383,20.374605178833008,950600,0.0,False
2016-11-15,27.600000381469727,27.940000534057617,27.510000228881836,27.920000076293945,20.455196380615234,865900,0.0,False
2016-11-16,27.809999465942383,27.809999465942383,27.549999237060547,27.670000076293945,20.272035598754883,1042400,0.0,False
2016-11-17,27.770000457763672,27.899999618530273,27.549999237060547,27.6299991607666,20.24272918701172,1140000,0.0,False
2016-11-18,27.559999465942383,27.600000381469727,27.3700008392334,27.530000686645508,20.16946792602539,821400,0.0,False
2016-11-21,27.850000381469727,28.020000457763672,27.850000381469727,27.989999771118164,20.5064754486084,1109200,0.0,False
2016-11-22,28.260000228881836,28.40999984741211,28.15999984741211,28.3700008392334,20.784881591796875,3810700,0.0,False
2016-11-23,28.15999984741211,28.40999984741211,27.889999389648438,28.360000610351562,20.777555465698242,1292300,0.0,False
2016-11-25,28.40999984741211,28.459999084472656,28.3799991607666,28.40999984741211,20.81418800354004,423900,0.0,False
2016-11-28,28.469999313354492,28.469999313354492,28.34000015258789,28.350000381469727,20.77022361755371,964300,0.0,False
2016-11-29,28.06999969482422,28.139999389648438,27.8700008392334,28.049999237060547,20.550437927246094,4026700,0.0,False
2016-11-30,28.18000030517578,28.399999618530273,28.170000076293945,28.290000915527344,20.72627067565918,1322100,0.0,False
2016-12-01,28.649999618530273,28.700000762939453,28.399999618530273,28.469999313354492,20.858144760131836,1167500,0.0,False
2016-12-02,28.479999542236328,28.729999542236328,28.420000076293945,28.68000030517578,21.011999130249023,861300,0.0,False
2016-12-05,28.84000015258789,29.149999618530273,28.829999923706055,29.040000915527344,21.275747299194336,828600,0.0,False
2016-12-06,28.989999771118164,29.06999969482422,28.889999389648438,29.049999237060547,21.283069610595703,1108800,0.0,False
2016-12-07,29.190000534057617,29.510000228881836,29.190000534057617,29.489999771118164,21.60543441772461,1358300,0.0,False
2016-12-08,29.579999923706055,29.700000762939453,29.459999084472656,29.6299991607666,21.707998275756836,1339200,0.0,False
2016-12-09,29.639999389648438,29.639999389648438,29.450000762939453,29.559999465942383,21.656721115112305,581200,0.0,False
2016-12-12,29.799999237060547,29.90999984741211,29.610000610351562,29.649999618530273,21.722658157348633,780600,0.0,False
2016-12-13,29.780000686645508,29.780000686645508,29.43000030517578,29.549999237060547,21.64939308166504,873900,0.0,False
2016-12-14,29.43000030517578,29.56999969482422,28.860000610351562,28.889999389648438,21.165847778320312,843900,0.0,False
2016-12-15,28.610000610351562,28.729999542236328,28.450000762939453,28.670000076293945,21.004671096801758,1163500,0.0,False
2016-12-16,28.709999084472656,28.760000228881836,28.579999923706055,28.639999389648438,20.98269271850586,778000,0.0,False
2016-12-19,28.6200008392334,28.6200008392334,28.360000610351562,28.43000030517578,20.828840255737305,1039300,0.0,False
2016-12-20,28.510000228881836,28.610000610351562,28.399999618530273,28.600000381469727,20.953386306762695,845000,0.0,False
2016-12-21,28.579999923706055,28.649999618530273,28.549999237060547,28.559999465942383,20.9240779876709,1054800,0.0,False
2016-12-22,28.399999618530273,28.479999542236328,28.350000381469727,28.389999389648438,20.86748504638672,1084800,0.0,False
2016-12-23,28.399999618530273,28.459999084472656,28.329999923706055,28.440000534057617,20.90423583984375,610500,0.0,False
2016-12-27,28.5,28.600000381469727,28.5,28.579999923706055,21.007144927978516,1023500,0.0,False
2016-12-28,28.6200008392334,28.719999313354492,28.530000686645508,28.579999923706055,21.007144927978516,467700,0.0,False
2016-12-29,28.65999984741211,28.8700008392334,28.65999984741211,28.81999969482422,21.183549880981445,736700,0.0,False
2016-12-30,28.969999313354492,28.969999313354492,28.610000610351562,28.65999984741211,21.06594467163086,775300,0.0,False
2017-01-03,28.959999084472656,29.049999237060547,28.860000610351562,28.989999771118164,21.308507919311523,734600,0.0,False
2017-01-04,29.190000534057617,29.229999542236328,29.049999237060547,29.209999084472656,21.470205307006836,1166900,0.0,False
2017-01-05,29.34000015258789,29.579999923706055,29.34000015258789,29.520000457763672,21.69806671142578,874700,0.0,False
2017-01-06,29.350000381469727,29.350000381469727,29.190000534057617,29.229999542236328,21.484907150268555,926000,0.0,False
2017-01-09,29.270000457763672,29.270000457763672,29.09000015258789,29.110000610351562,21.39670181274414,952100,0.0,False
2017-01-10,29.360000610351562,29.440000534057617,29.280000686645508,29.299999237060547,21.536365509033203,756100,0.0,False
2017-01-11,29.40999984741211,29.649999618530273,29.299999237060547,29.649999618530273,21.793622970581055,934100,0.0,False
2017-01-12,29.940000534057617,29.940000534057617,29.639999389648438,29.690000534057617,21.823022842407227,609200,0.0,False
2017-01-13,29.56999969482422,29.770000457763672,29.56999969482422,29.739999771118164,21.859773635864258,531800,0.0,False
2017-01-17,29.950000762939453,29.969999313354492,29.8700008392334,29.8799991607666,21.96268081665039,1161100,0.0,False
2017-01-18,29.84000015258789,29.979999542236328,29.739999771118164,29.809999465942383,21.911231994628906,699400,0.0,False
2017-01-19,29.81999969482422,29.81999969482422,29.600000381469727,29.690000534057617,21.823022842407227,1008500,0.0,False
2017-01-20,29.729999542236328,29.90999984741211,29.729999542236328,29.850000381469727,21.940628051757812,2201300,0.0,False
2017-01-23,29.969999313354492,30.079999923706055,29.8799991607666,30.06999969482422,22.10233497619629,774600,0.0,False
2017-01-24,30.239999771118164,30.6200008392334,30.239999771118164,30.549999237060547,22.455148696899414,725800,0.0,False
2017-01-25,30.559999465942383,30.65999984741211,30.469999313354492,30.6299991607666,22.51395034790039,1187400,0.0,False
2017-01-26,30.479999542236328,30.479999542236328,30.219999313354492,30.239999771118164,22.227294921875,878200,0.0,False
2017-01-27,30.200000762939453,30.239999771118164,30.1299991607666,30.209999084472656,22.205238342285156,882200,0.0,False
2017-01-30,30.059999465942383,30.059999465942383,29.790000915527344,29.889999389648438,21.97002601623535,1020600,0.0,False
2017-01-31,30.049999237060547,30.100000381469727,29.93000030517578,30.100000381469727,22.124385833740234,1454100,0.0,False
2017-02-01,30.239999771118164,30.239999771118164,29.959999084472656,30.15999984741211,22.168485641479492,1030300,0.0,False
2017-02-02,30.209999084472656,30.280000686645508,30.15999984741211,30.270000457763672,22.24934196472168,1068200,0.0,False
2017-02-03,30.190000534057617,30.280000686645508,30.079999923706055,30.1299991607666,22.146438598632812,1127400,0.0,False
2017-02-06,30.09000015258789,30.09000015258789,29.90999984741211,30.040000915527344,22.080284118652344,881600,0.0,False
2017-02-07,29.959999084472656,30.059999465942383,29.899999618530273,29.940000534057617,22.006778717041016,754300,0.0,False
2017-02-08,29.899999618530273,30.100000381469727,29.84000015258789,30.030000686645508,22.072933197021484,1105600,0.0,False
2017-02-09,30.06999969482422,30.079999923706055,29.959999084472656,30.030000686645508,22.072933197021484,876200,0.0,False
2017-02-10,30.15999984741211,30.420000076293945,30.15999984741211,30.399999618530273,22.34489631652832,758200,0.0,False
2017-02-13,30.549999237060547,30.6200008392334,30.489999771118164,30.549999237060547,22.455148696899414,899100,0.0,False
2017-02-14,30.549999237060547,30.549999237060547,30.260000228881836,30.489999771118164,22.41104507446289,1230300,0.0,False
2017-02-15,30.329999923706055,30.530000686645508,30.329999923706055,30.5,22.41840362548828,858800,0.0,False
2017-02-16,30.549999237060547,30.549999237060547,30.3799991607666,30.420000076293945,22.359594345092773,481400,0.0,False
2017-02-17,30.25,30.25,30.1299991607666,30.229999542236328,22.21993637084961,721100,0.0,False
2017-02-21,30.270000457763672,30.43000030517578,30.270000457763672,30.40999984741211,22.352245330810547,702100,0.0,False
2017-02-22,30.209999084472656,30.25,30.049999237060547,30.1200008392334,22.13908576965332,1199300,0.0,False
2017-02-23,30.280000686645508,30.34000015258789,29.989999771118164,30.0,22.05088233947754,886300,0.0,False
2017-02-24,29.649999618530273,29.829999923706055,29.649999618530273,29.709999084472656,21.837722778320312,924000,0.0,False
2017-02-27,29.75,29.8700008392334,29.649999618530273,29.670000076293945,21.808317184448242,797900,0.0,False
2017-02-28,29.549999237060547,29.739999771118164,29.549999237060547,29.59000015258789,21.749526977539062,823400,0.0,False
2017-03-01,29.829999923706055,30.079999923706055,29.75,30.030000686645508,22.072933197021484,963400,0.0,False
2017-03-02,29.860000610351562,29.899999618530273,29.600000381469727,29.610000610351562,21.764223098754883,1104000,0.0,False
2017-03-03,29.579999923706055,29.790000915527344,29.579999923706055,29.770000457763672,21.881824493408203,796900,0.0,False
2017-03-06,29.579999923706055,29.579999923706055,29.420000076293945,29.5,21.683368682861328,552500,0.0,False
2017-03-07,29.489999771118164,29.489999771118164,29.329999923706055,29.34000015258789,21.565765380859375,639800,0.0,False
2017-03-08,29.25,29.280000686645508,28.899999618530273,28.920000076293945,21.257051467895508,813400,0.0,False
2017-03-09,28.799999237060547,28.969999313354492,28.709999084472656,28.8700008392334,21.220298767089844,759100,0.0,False
2017-03-10,29.100000381469727,29.100000381469727,28.8799991607666,29.040000915527344,21.34525489807129,1076000,0.0,False
2017-03-13,29.1299991607666,29.229999542236328,29.1200008392334,29.190000534057617,21.455509185791016,797400,0.0,False
2017-03-14,29.030000686645508,29.030000686645508,28.850000381469727,28.899999618530273,21.24234962463379,880900,0.0,False
2017-03-15,29.1200008392334,29.690000534057617,29.010000228881836,29.68000030517578,21.81568145751953,1024700,0.0,False
2017-03-16,29.860000610351562,29.8799991607666,29.670000076293945,29.670000076293945,21.808317184448242,1923300,0.0,False
2017-03-17,29.760000228881836,29.84000015258789,29.719999313354492,29.729999542236328,21.85243034362793,734100,0.0,False
2017-03-20,29.56999969482422,29.649999618530273,29.469999313354492,29.6200008392334,21.862022399902344,435500,0.0,False
2017-03-21,29.75,29.75,29.329999923706055,29.350000381469727,21.662731170654297,784600,0.0,False
2017-03-22,29.290000915527344,29.489999771118164,29.290000915527344,29.459999084472656,21.743925094604492,706500,0.0,False
2017-03-23,29.3799991607666,29.489999771118164,29.34000015258789,29.3799991607666,21.68488121032715,694500,0.0,False
2017-03-24,29.43000030517578,29.43000030517578,29.299999237060547,29.34000015258789,21.655359268188477,832100,0.0,False
2017-03-27,29.040000915527344,29.299999237060547,29.040000915527344,29.270000457763672,21.603696823120117,641100,0.0,False
2017-03-28,29.290000915527344,29.420000076293945,29.25,29.350000381469727,21.662731170654297,697100,0.0,False
2017-03-29,29.31999969482422,29.559999465942383,29.260000228881836,29.530000686645508,21.795595169067383,1077400,0.0,False
2017-03-30,29.579999923706055,29.670000076293945,29.5,29.540000915527344,21.8029727935791,471900,0.0,False
2017-03-31,29.43000030517578,29.540000915527344,29.350000381469727,29.450000762939453,21.73655128479004,808200,0.0,False
2017-04-03,29.459999084472656,29.489999771118164,29.260000228881836,29.459999084472656,21.743925094604492,808100,0.0,False
2017-04-04,29.459999084472656,29.670000076293945,29.40999984741211,29.670000076293945,21.898921966552734,1140400,0.0,False
2017-04-05,29.81999969482422,29.979999542236328,29.6200008392334,29.6200008392334,21.862022399902344,1013900,0.0,False
2017-04-06,29.760000228881836,29.809999465942383,29.670000076293945,29.739999771118164,21.950590133666992,579600,0.0,False
2017-04-07,29.729999542236328,29.829999923706055,29.639999389648438,29.65999984741211,21.891544342041016,602300,0.0,False
2017-04-10,29.729999542236328,29.8799991607666,29.690000534057617,29.81999969482422,22.009632110595703,420200,0.0,False
2017-04-11,29.920000076293945,29.959999084472656,29.700000762939453,29.950000762939453,22.105588912963867,595100,0.0,False
2017-04-12,29.850000381469727,29.8799991607666,29.65999984741211,29.790000915527344,21.987491607666016,448600,0.0,False
2017-04-13,29.75,29.75,29.459999084472656,29.459999084472656,21.743925094604492,603900,0.0,False
2017-04-17,29.6200008392334,29.6299991607666,29.5,29.6299991607666,21.869400024414062,558300,0.0,False
2017-04-18,29.399999618530273,29.450000762939453,29.280000686645508,29.350000381469727,21.662731170654297,576400,0.0,False
2017-04-19,29.399999618530273,29.399999618530273,28.969999313354492,29.020000457763672,21.419172286987305,538800,0.0,False
2017-04-20,29.1200008392334,29.280000686645508,29.1200008392334,29.219999313354492,21.566783905029297,1306600,0.0,False
2017-04-21,29.18000030517578,29.200000762939453,29.079999923706055,29.15999984741211,21.522499084472656,508700,0.0,False
2017-04-24,29.459999084472656,29.5,29.3799991607666,29.440000534057617,21.729162216186523,459000,0.0,False
2017-04-25,29.450000762939453,29.559999465942383,29.43000030517578,29.540000915527344,21.8029727935791,543600,0.0,False
2017-04-26,29.329999923706055,29.549999237060547,29.290000915527344,29.40999984741211,21.7070255279541,901300,0.0,False
2017-04-27,29.34000015258789,29.34000015258789,29.09000015258789,29.209999084472656,21.559404373168945,662500,0.0,False
2017-04-28,29.270000457763672,29.3700008392334,29.270000457763672,29.290000915527344,21.61845588684082,568000,0.0,False
2017-05-01,29.270000457763672,29.31999969482422,29.200000762939453,29.209999084472656,21.559404373168945,593900,0.0,False
2017-05-02,29.1299991607666,29.139999389648438,28.989999771118164,29.030000686645508,21.426546096801758,596000,0.0,False
2017-05-03,28.780000686645508,28.799999237060547,28.68000030517578,28.68000030517578,21.1682186126709,624600,0.0,False
2017-05-04,28.549999237060547,28.549999237060547,28.3799991607666,28.450000762939453,20.998464584350586,749100,0.0,False
2017-05-05,28.540000915527344,28.90999984741211,28.540000915527344,28.899999618530273,21.330604553222656,2036500,0.0,False
2017-05-08,28.760000228881836,28.780000686645508,28.639999389648438,28.780000686645508,21.24202537536621,548200,0.0,False
2017-05-09,28.829999923706055,28.84000015258789,28.6200008392334,28.670000076293945,21.160844802856445,813800,0.0,False
2017-05-10,28.829999923706055,28.979999542236328,28.770000457763672,28.940000534057617,21.360118865966797,435300,0.0,False
2017-05-11,28.899999618530273,28.959999084472656,28.809999465942383,28.940000534057617,21.360118865966797,479400,0.0,False
2017-05-12,28.959999084472656,29.030000686645508,28.920000076293945,29.020000457763672,21.419172286987305,688500,0.0,False
2017-05-15,29.309999465942383,29.350000381469727,29.239999771118164,29.280000686645508,21.611072540283203,706000,0.0,False
2017-05-16,29.3799991607666,29.459999084472656,29.3700008392334,29.420000076293945,21.714397430419922,669600,0.0,False
2017-05-17,29.299999237060547,29.389999389648438,29.15999984741211,29.170000076293945,21.529884338378906,1017700,0.0,False
2017-05-18,28.93000030517578,29.079999923706055,28.780000686645508,28.989999771118164,21.397029876708984,566400,0.0,False
2017-05-19,29.280000686645508,29.489999771118164,29.229999542236328,29.43000030517578,21.721782684326172,442600,0.0,False
2017-05-22,29.549999237060547,29.56999969482422,29.440000534057617,29.489999771118164,21.766077041625977,473400,0.0,False
2017-05-23,29.459999084472656,29.540000915527344,29.3799991607666,29.459999084472656,21.743925094604492,528300,0.0,False
2017-05-24,29.3700008392334,29.479999542236328,29.31999969482422,29.459999084472656,21.743925094604492,440800,0.0,False
2017-05-25,29.40999984741211,29.559999465942383,29.25,29.290000915527344,21.61845588684082,632800,0.0,False
2017-05-26,29.270000457763672,29.280000686645508,29.200000762939453,29.229999542236328,21.57416534423828,514600,0.0,False
2017-05-30,29.15999984741211,29.209999084472656,29.1299991607666,29.149999618530273,21.51512336730957,551100,0.0,False
2017-05-31,29.079999923706055,29.110000610351562,28.90999984741211,28.979999542236328,21.389646530151367,378400,0.0,False
2017-06-01,28.959999084472656,29.110000610351562,28.899999618530273,29.049999237060547,21.44131088256836,542500,0.0,False
2017-06-02,29.06999969482422,29.09000015258789,28.969999313354492,29.020000457763672,21.419172286987305,381200,0.0,False
2017-06-05,28.920000076293945,29.0,28.8799991607666,28.969999313354492,21.382265090942383,311000,0.0,False
2017-06-06,28.950000762939453,29.239999771118164,28.93000030517578,29.239999771118164,21.581552505493164,462100,0.0,False
2017-06-07,29.170000076293945,29.280000686645508,28.950000762939453,29.040000915527344,21.433929443359375,465600,0.0,False
2017-06-08,28.940000534057617,29.1200008392334,28.940000534057617,29.079999923706055,21.463455200195312,484200,0.0,False
2017-06-09,29.040000915527344,29.25,29.040000915527344,29.190000534057617,21.544641494750977,1249500,0.0,False
2017-06-12,29.18000030517578,29.389999389648438,29.149999618530273,29.219999313354492,21.566783905029297,606800,0.0,False
2017-06-13,29.239999771118164,29.3799991607666,29.200000762939453,29.350000381469727,21.662731170654297,797400,0.0,False
2017-06-14,29.469999313354492,29.469999313354492,28.920000076293945,28.989999771118164,21.397029876708984,957200,0.0,False
2017-06-15,28.68000030517578,28.719999313354492,28.549999237060547,28.649999618530273,21.146080017089844,4977300,0.0,False
2017-06-16,28.729999542236328,28.829999923706055,28.649999618530273,28.829999923706055,21.278932571411133,1946700,0.0,False
2017-06-19,28.68000030517578,28.739999771118164,28.610000610351562,28.610000610351562,21.267040252685547,536200,0.0,False
2017-06-20,28.350000381469727,28.350000381469727,28.110000610351562,28.18000030517578,20.947402954101562,661200,0.0,False
2017-06-21,28.200000762939453,28.329999923706055,28.030000686645508,28.100000381469727,20.88793182373047,1540100,0.0,False
2017-06-22,28.100000381469727,28.290000915527344,28.09000015258789,28.200000762939453,20.962276458740234,658800,0.0,False
2017-06-23,28.270000457763672,28.389999389648438,28.209999084472656,28.3700008392334,21.088640213012695,562900,0.0,False
2017-06-26,28.389999389648438,28.459999084472656,28.290000915527344,28.309999465942383,21.044038772583008,621400,0.0,False
2017-06-27,28.520000457763672,28.56999969482422,28.34000015258789,28.350000381469727,21.073772430419922,1659200,0.0,False
2017-06-28,28.510000228881836,28.670000076293945,28.469999313354492,28.6299991607666,21.281904220581055,888600,0.0,False
2017-06-29,28.649999618530273,28.690000534057617,28.40999984741211,28.5,21.185277938842773,574700,0.0,False
2017-06-30,28.6299991607666,28.639999389648438,28.459999084472656,28.56999969482422,21.2373046875,911200,0.0,False
2017-07-03,28.670000076293945,28.8700008392334,28.670000076293945,28.81999969482422,21.42314910888672,343500,0.0,False
2017-07-05,28.780000686645508,28.780000686645508,28.6200008392334,28.690000534057617,21.32651710510254,391700,0.0,False
2017-07-06,28.649999618530273,28.65999984741211,28.43000030517578,28.440000534057617,21.140670776367188,555500,0.0,False
2017-07-07,28.440000534057617,28.440000534057617,28.270000457763672,28.40999984741211,21.11837387084961,505100,0.0,False
2017-07-10,28.299999237060547,28.690000534057617,28.299999237060547,28.639999389648438,21.289342880249023,488000,0.0,False
2017-07-11,28.670000076293945,28.829999923706055,28.559999465942383,28.829999923706055,21.430578231811523,396000,0.0,False
2017-07-12,29.040000915527344,29.15999984741211,28.979999542236328,29.030000686645508,21.57925033569336,499000,0.0,False
2017-07-13,29.059999465942383,29.18000030517578,29.030000686645508,29.1299991607666,21.653581619262695,213000,0.0,False
2017-07-14,29.31999969482422,29.459999084472656,29.31999969482422,29.43000030517578,21.87657928466797,286900,0.0,False
2017-07-17,29.420000076293945,29.559999465942383,29.420000076293945,29.459999084472656,21.898876190185547,348700,0.0,False
2017-07-18,29.489999771118164,29.489999771118164,29.3700008392334,29.450000762939453,21.891447067260742,341700,0.0,False
2017-07-19,29.440000534057617,29.649999618530273,29.440000534057617,29.639999389648438,22.03268051147461,246400,0.0,False
2017-07-20,29.6299991607666,29.68000030517578,29.540000915527344,29.6200008392334,22.01781463623047,789200,0.0,False
2017-07-21,29.520000457763672,29.559999465942383,29.3799991607666,29.450000762939453,21.891447067260742,358500,0.0,False
2017-07-24,29.440000534057617,29.489999771118164,29.360000610351562,29.40999984741211,21.861713409423828,246500,0.0,False
2017-07-25,29.639999389648438,29.860000610351562,29.639999389648438,29.81999969482422,22.166486740112305,359800,0.0,False
2017-07-26,29.889999389648438,30.1200008392334,29.829999923706055,30.030000686645508,22.32258415222168,263800,0.0,False
2017-07-27,30.100000381469727,30.100000381469727,29.860000610351562,30.020000457763672,22.315155029296875,668400,0.0,False
2017-07-28,29.93000030517578,30.1299991607666,29.93000030517578,30.1200008392334,22.389488220214844,212600,0.0,False
2017-07-31,30.229999542236328,30.31999969482422,30.18000030517578,30.25,22.48612403869629,489200,0.0,False
2017-08-01,30.329999923706055,30.399999618530273,30.229999542236328,30.329999923706055,22.545591354370117,256400,0.0,False
2017-08-02,30.209999084472656,30.290000915527344,30.079999923706055,30.260000228881836,22.493549346923828,311600,0.0,False
2017-08-03,30.190000534057617,30.270000457763672,30.110000610351562,30.15999984741211,22.419218063354492,305800,0.0,False
2017-08-04,30.200000762939453,30.260000228881836,30.09000015258789,30.219999313354492,22.463825225830078,223600,0.0,False
2017-08-07,30.260000228881836,30.389999389648438,30.260000228881836,30.360000610351562,22.56789207458496,219800,0.0,False
2017-08-08,30.270000457763672,30.350000381469727,30.18000030517578,30.239999771118164,22.478681564331055,335100,0.0,False
2017-08-09,30.170000076293945,30.290000915527344,30.15999984741211,30.290000915527344,22.515857696533203,536000,0.0,False
2017-08-10,30.219999313354492,30.25,30.020000457763672,30.030000686645508,22.32258415222168,381600,0.0,False
2017-08-11,29.93000030517578,29.93000030517578,29.81999969482422,29.860000610351562,22.196224212646484,376900,0.0,False
2017-08-14,29.93000030517578,30.059999465942383,29.899999618530273,29.920000076293945,22.24081802368164,1055900,0.0,False
2017-08-15,29.700000762939453,29.770000457763672,29.639999389648438,29.760000228881836,22.12188148498535,247300,0.0,False
2017-08-16,29.889999389648438,30.040000915527344,29.8799991607666,30.0,22.300289154052734,439700,0.0,False
2017-08-17,29.940000534057617,29.989999771118164,29.65999984741211,29.670000076293945,22.05498504638672,480800,0.0,False
2017-08-18,29.739999771118164,29.84000015258789,29.670000076293945,29.739999771118164,22.107023239135742,250400,0.0,False
2017-08-21,29.790000915527344,29.889999389648438,29.790000915527344,29.84000015258789,22.18134880065918,466800,0.0,False
2017-08-22,29.969999313354492,30.079999923706055,29.969999313354492,29.989999771118164,22.29285430908203,548400,0.0,False
2017-08-23,29.920000076293945,30.170000076293945,29.920000076293945,30.149999618530273,22.41179084777832,385200,0.0,False
2017-08-24,30.200000762939453,30.25,30.110000610351562,30.18000030517578,22.4340877532959,339300,0.0,False
2017-08-25,30.360000610351562,30.420000076293945,30.280000686645508,30.350000381469727,22.560462951660156,453800,0.0,False
2017-08-28,30.450000762939453,30.450000762939453,30.299999237060547,30.440000534057617,22.627361297607422,299500,0.0,False
2017-08-29,30.350000381469727,30.469999313354492,30.329999923706055,30.459999084472656,22.642221450805664,248300,0.0,False
2017-08-30,30.3700008392334,30.459999084472656,30.360000610351562,30.3799991607666,22.5827579498291,325100,0.0,False
2017-08-31,30.610000610351562,30.719999313354492,30.549999237060547,30.700000762939453,22.82062339782715,296800,0.0,False
2017-09-01,30.90999984741211,30.989999771118164,30.790000915527344,30.969999313354492,23.021329879760742,196500,0.0,False
2017-09-05,30.989999771118164,31.09000015258789,30.780000686645508,30.899999618530273,22.96929359436035,326400,0.0,False
2017-09-06,30.979999542236328,31.239999771118164,30.979999542236328,31.190000534057617,23.184865951538086,248100,0.0,False
2017-09-07,31.350000381469727,31.469999313354492,31.350000381469727,31.440000534057617,23.370702743530273,326300,0.0,False
2017-09-08,31.440000534057617,31.440000534057617,31.1200008392334,31.200000762939453,23.192302703857422,292000,0.0,False
2017-09-11,31.260000228881836,31.389999389648438,31.260000228881836,31.31999969482422,23.28150177001953,281500,0.0,False
2017-09-12,31.3700008392334,31.43000030517578,31.34000015258789,31.399999618530273,23.340965270996094,223000,0.0,False
2017-09-13,31.290000915527344,31.290000915527344,31.18000030517578,31.229999542236328,23.214595794677734,222600,0.0,False
2017-09-14,31.149999618530273,31.239999771118164,31.079999923706055,31.239999771118164,23.222030639648438,177500,0.0,False
2017-09-15,31.15999984741211,31.270000457763672,31.15999984741211,31.25,23.229467391967773,261900,0.0,False
2017-09-18,31.049999237060547,31.170000076293945,31.040000915527344,31.1299991607666,23.30432891845703,258900,0.0,False
2017-09-19,31.149999618530273,31.239999771118164,31.1299991607666,31.209999084472656,23.364213943481445,238800,0.0,False
2017-09-20,31.209999084472656,31.420000076293945,31.030000686645508,31.149999618530273,23.319299697875977,469500,0.0,False
2017-09-21,31.040000915527344,31.190000534057617,31.020000457763672,31.1200008392334,23.29684066772461,395800,0.0,False
2017-09-22,31.15999984741211,31.260000228881836,31.1200008392334,31.209999084472656,23.364213943481445,479800,0.0,False
2017-09-25,31.139999389648438,31.239999771118164,31.1299991607666,31.229999542236328,23.37918472290039,396000,0.0,False
2017-09-26,31.1200008392334,31.15999984741211,31.020000457763672,31.06999969482422,23.259410858154297,284400,0.0,False
2017-09-27,31.010000228881836,31.020000457763672,30.8700008392334,31.0,23.207008361816406,310400,0.0,False
2017-09-28,30.93000030517578,31.059999465942383,30.90999984741211,31.0,23.207008361816406,245600,0.0,False
2017-09-29,31.079999923706055,31.190000534057617,31.040000915527344,31.149999618530273,23.319299697875977,187000,0.0,False
2017-10-02,31.06999969482422,31.25,31.06999969482422,31.25,23.3941650390625,187100,0.0,False
2017-10-03,31.309999465942383,31.420000076293945,31.290000915527344,31.420000076293945,23.521425247192383,414600,0.0,False
2017-10-04,31.420000076293945,31.520000457763672,31.420000076293945,31.479999542236328,23.56634521484375,167700,0.0,False
2017-10-05,31.510000228881836,31.6299991607666,31.510000228881836,31.530000686645508,23.603776931762695,389900,0.0,False
2017-10-06,31.43000030517578,31.43000030517578,31.299999237060547,31.420000076293945,23.521425247192383,341800,0.0,False
2017-10-09,31.420000076293945,31.459999084472656,31.329999923706055,31.3700008392334,23.483997344970703,104200,0.0,False
2017-10-10,31.530000686645508,31.579999923706055,31.489999771118164,31.530000686645508,23.603776931762695,470300,0.0,False
2017-10-11,31.540000915527344,31.56999969482422,31.450000762939453,31.56999969482422,23.63372230529785,136400,0.0,False
2017-10-12,31.459999084472656,31.6200008392334,31.459999084472656,31.579999923706055,23.641202926635742,175200,0.0,False
2017-10-13,31.84000015258789,31.950000762939453,31.84000015258789,31.899999618530273,23.880760192871094,419000,0.0,False
2017-10-16,32.02000045776367,32.119998931884766,31.93000030517578,31.950000762939453,23.91819190979004,392900,0.0,False
2017-10-17,31.84000015258789,31.8700008392334,31.719999313354492,31.81999969482422,23.820873260498047,331700,0.0,False
2017-10-18,31.780000686645508,31.81999969482422,31.639999389648438,31.700000762939453,23.731037139892578,243600,0.0,False
2017-10-19,31.6299991607666,31.739999771118164,31.600000381469727,31.719999313354492,23.746009826660156,397100,0.0,False
2017-10-20,31.75,31.790000915527344,31.690000534057617,31.739999771118164,23.760984420776367,375500,0.0,False
2017-10-23,31.709999084472656,31.780000686645508,31.68000030517578,31.68000030517578,23.716066360473633,189200,0.0,False
2017-10-24,31.729999542236328,31.860000610351562,31.729999542236328,31.829999923706055,23.828357696533203,216300,0.0,False
2017-10-25,31.760000228881836,31.770000457763672,31.479999542236328,31.610000610351562,23.663660049438477,220500,0.0,False
2017-10-26,31.649999618530273,31.68000030517578,31.489999771118164,31.520000457763672,23.59628677368164,316300,0.0,False
2017-10-27,31.510000228881836,31.549999237060547,31.290000915527344,31.530000686645508,23.603776931762695,408900,0.0,False
2017-10-30,31.510000228881836,31.690000534057617,31.510000228881836,31.649999618530273,23.6936092376709,216900,0.0,False
2017-10-31,31.6299991607666,31.729999542236328,31.520000457763672,31.65999984741211,23.70109748840332,383300,0.0,False
2017-11-01,32.02000045776367,32.130001068115234,31.899999618530273,31.950000762939453,23.91819190979004,261000,0.0,False
2017-11-02,31.950000762939453,32.08000183105469,31.950000762939453,32.02000045776367,23.970590591430664,279900,0.0,False
2017-11-03,32.04999923706055,32.04999923706055,31.799999237060547,31.93000030517578,23.90321922302246,378200,0.0,False
2017-11-06,31.979999542236328,32.310001373291016,31.979999542236328,32.310001373291016,24.187694549560547,178100,0.0,False
2017-11-07,32.310001373291016,32.310001373291016,32.06999969482422,32.18000030517578,24.09037208557129,258900,0.0,False
2017-11-08,32.220001220703125,32.279998779296875,32.15999984741211,32.25,24.142776489257812,256200,0.0,False
2017-11-09,32.0099983215332,32.130001068115234,31.950000762939453,32.09000015258789,24.022993087768555,292000,0.0,False
2017-11-10,32.06999969482422,32.099998474121094,31.920000076293945,31.989999771118164,23.948139190673828,231700,0.0,False
2017-11-13,31.81999969482422,32.0,31.81999969482422,31.950000762939453,23.91819190979004,233100,0.0,False
2017-11-14,31.729999542236328,31.75,31.579999923706055,31.6200008392334,23.6711483001709,268000,0.0,False
2017-11-15,31.31999969482422,31.420000076293945,31.229999542236328,31.350000381469727,23.469026565551758,244000,0.0,False
2017-11-16,31.459999084472656,31.5,31.3799991607666,31.459999084472656,23.551372528076172,278800,0.0,False
2017-11-17,31.440000534057617,31.549999237060547,31.389999389648438,31.520000457763672,23.59628677368164,193200,0.0,False
2017-11-20,31.440000534057617,31.540000915527344,31.40999984741211,31.479999542236328,23.56634521484375,272500,0.0,False
2017-11-21,31.6299991607666,31.780000686645508,31.6299991607666,31.670000076293945,23.70857810974121,227100,0.0,False
2017-11-22,31.90999984741211,31.959999084472656,31.860000610351562,31.93000030517578,23.90321922302246,213400,0.0,False
2017-11-24,32.02000045776367,32.060001373291016,32.0,32.02000045776367,23.970590591430664,65300,0.0,False
2017-11-27,32.0,32.0,31.770000457763672,31.790000915527344,23.798412322998047,191500,0.0,False
2017-11-28,31.760000228881836,31.90999984741211,31.739999771118164,31.889999389648438,23.873273849487305,384400,0.0,False
2017-11-29,31.780000686645508,31.850000381469727,31.670000076293945,31.709999084472656,23.7385196685791,213200,0.0,False
2017-11-30,31.770000457763672,31.920000076293945,31.739999771118164,31.799999237060547,23.805898666381836,206100,0.0,False
2017-12-01,31.799999237060547,31.989999771118164,31.709999084472656,31.920000076293945,23.895732879638672,255800,0.0,False
2017-12-04,32.02000045776367,32.040000915527344,31.829999923706055,31.829999923706055,23.828357696533203,299900,0.0,False
2017-12-05,31.729999542236328,31.770000457763672,31.6299991607666,31.6299991607666,23.678634643554688,299300,0.0,False
2017-12-06,31.530000686645508,31.549999237060547,31.40999984741211,31.43000030517578,23.528911590576172,201700,0.0,False
2017-12-07,31.260000228881836,31.5,31.209999084472656,31.469999313354492,23.558860778808594,219000,0.0,False
2017-12-08,31.56999969482422,31.6299991607666,31.510000228881836,31.56999969482422,23.63372230529785,329100,0.0,False
2017-12-11,31.709999084472656,31.760000228881836,31.649999618530273,31.739999771118164,23.760984420776367,276700,0.0,False
2017-12-12,31.760000228881836,31.829999923706055,31.709999084472656,31.780000686645508,23.790925979614258,549200,0.0,False
2017-12-13,31.860000610351562,32.08000183105469,31.81999969482422,32.0,23.95562171936035,280100,0.0,False
2017-12-14,31.959999084472656,32.02000045776367,31.8799991607666,31.8799991607666,23.865787506103516,268200,0.0,False
2017-12-15,32.060001373291016,32.060001373291016,31.950000762939453,31.979999542236328,23.940649032592773,209300,0.0,False
2017-12-18,32.209999084472656,32.400001525878906,32.209999084472656,32.310001373291016,24.187694549560547,427700,0.0,False
2017-12-19,32.290000915527344,32.31999969482422,32.20000076293945,32.20000076293945,24.105342864990234,387000,0.0,False
2017-12-20,32.40999984741211,32.5,32.310001373291016,32.470001220703125,24.307472229003906,235600,0.0,False
2017-12-21,32.47999954223633,32.77000045776367,32.45000076293945,32.7400016784668,24.60051155090332,643600,0.0,False
2017-12-22,32.689998626708984,32.83000183105469,32.689998626708984,32.79999923706055,24.645591735839844,610300,0.0,False
2017-12-26,32.810001373291016,33.0099983215332,32.79999923706055,33.0099983215332,24.803382873535156,353800,0.0,False
2017-12-27,33.11000061035156,33.16999816894531,33.06999969482422,33.11000061035156,24.878528594970703,591800,0.0,False
2017-12-28,33.279998779296875,33.310001373291016,33.22999954223633,33.310001373291016,25.0288028717041,360600,0.0,False
2017-12-29,33.470001220703125,33.470001220703125,33.279998779296875,33.290000915527344,25.013776779174805,283500,0.0,False
2018-01-02,33.560001373291016,33.91999816894531,33.5099983215332,33.91999816894531,25.487146377563477,1351000,0.0,False
2018-01-03,33.939998626708984,34.09000015258789,33.869998931884766,34.09000015258789,25.614891052246094,846900,0.0,False
2018-01-04,34.150001525878906,34.310001373291016,34.150001525878906,34.29999923706055,25.77268409729004,590700,0.0,False
2018-01-05,34.33000183105469,34.380001068115234,34.189998626708984,34.349998474121094,25.810251235961914,433400,0.0,False
2018-01-08,34.369998931884766,34.41999816894531,34.29999923706055,34.41999816894531,25.86284828186035,236900,0.0,False
2018-01-09,34.41999816894531,34.43000030517578,34.290000915527344,34.34000015258789,25.802743911743164,354300,0.0,False
2018-01-10,34.290000915527344,34.38999938964844,34.25,34.279998779296875,25.757654190063477,490000,0.0,False
2018-01-11,34.380001068115234,34.7400016784668,34.380001068115234,34.7400016784668,26.103296279907227,531100,0.0,False
2018-01-12,34.88999938964844,35.04999923706055,34.810001373291016,35.04999923706055,26.33622169494629,318000,0.0,False
2018-01-16,35.0,35.0,34.650001525878906,34.68000030517578,26.058208465576172,270500,0.0,False
2018-01-17,34.7400016784668,34.970001220703125,34.630001068115234,34.84000015258789,26.178434371948242,382100,0.0,False
2018-01-18,34.72999954223633,34.79999923706055,34.619998931884766,34.68000030517578,26.058208465576172,545000,0.0,False
2018-01-19,34.790000915527344,34.81999969482422,34.65999984741211,34.81999969482422,26.163400650024414,276000,0.0,False
2018-01-22,34.900001525878906,35.130001068115234,34.849998474121094,35.130001068115234,26.396339416503906,294400,0.0,False
2018-01-23,34.90999984741211,35.0,34.779998779296875,34.9900016784668,26.291141510009766,454800,0.0,False
2018-01-24,35.220001220703125,35.43000030517578,35.16999816894531,35.290000915527344,26.516555786132812,519200,0.0,False
2018-01-25,35.529998779296875,35.540000915527344,35.09000015258789,35.18000030517578,26.433908462524414,648400,0.0,False
2018-01-26,35.22999954223633,35.43000030517578,35.18000030517578,35.41999816894531,26.614242553710938,789900,0.0,False
2018-01-29,35.380001068115234,35.400001525878906,35.130001068115234,35.16999816894531,26.426387786865234,624800,0.0,False
2018-01-30,34.90999984741211,35.0,34.66999816894531,34.68000030517578,26.058208465576172,565300,0.0,False
2018-01-31,34.900001525878906,34.900001525878906,34.58000183105469,34.720001220703125,26.088266372680664,379700,0.0,False
2018-02-01,34.709999084472656,34.880001068115234,34.630001068115234,34.810001373291016,26.155895233154297,403600,0.0,False
2018-02-02,34.41999816894531,34.41999816894531,33.68000030517578,33.689998626708984,25.3143310546875,352300,0.0,False
2018-02-05,33.599998474121094,33.7599983215332,32.54999923706055,32.66999816894531,24.54791259765625,669600,0.0,False
2018-02-06,32.439998626708984,33.29999923706055,32.34000015258789,33.20000076293945,24.94615364074707,599700,0.0,False
2018-02-07,32.869998931884766,33.15999984741211,32.58000183105469,32.58000183105469,24.480289459228516,598800,0.0,False
2018-02-08,32.72999954223633,32.72999954223633,31.770000457763672,31.809999465942383,23.90172004699707,557400,0.0,False
2018-02-09,32.040000915527344,32.15999984741211,31.139999389648438,32.02000045776367,24.05950927734375,613900,0.0,False
2018-02-12,32.22999954223633,32.61000061035156,32.119998931884766,32.4900016784668,24.41266441345215,416000,0.0,False
2018-02-13,32.470001220703125,32.630001068115234,32.380001068115234,32.599998474121094,24.49531364440918,473500,0.0,False
2018-02-14,32.279998779296875,33.25,32.25,33.220001220703125,24.9611873626709,425700,0.0,False
2018-02-15,33.540000915527344,33.540000915527344,33.11000061035156,33.43000030517578,25.11897087097168,660900,0.0,False
2018-02-16,33.279998779296875,33.54999923706055,33.209999084472656,33.310001373291016,25.0288028717041,357700,0.0,False
2018-02-20,33.06999969482422,33.29999923706055,32.939998626708984,33.029998779296875,24.81840705871582,345500,0.0,False
2018-02-21,33.279998779296875,33.560001373291016,33.02000045776367,33.029998779296875,24.81840705871582,459800,0.0,False
2018-02-22,33.20000076293945,33.529998779296875,33.150001525878906,33.290000915527344,25.013776779174805,331700,0.0,False
2018-02-23,33.43000030517578,33.84000015258789,33.43000030517578,33.81999969482422,25.412012100219727,479500,0.0,False
2018-02-26,34.0,34.06999969482422,33.779998779296875,34.04999923706055,25.58483123779297,299200,0.0,False
2018-02-27,33.95000076293945,33.959999084472656,33.45000076293945,33.470001220703125,25.14902687072754,576100,0.0,False
2018-02-28,33.45000076293945,33.5,32.90999984741211,32.90999984741211,24.728248596191406,304800,0.0,False
2018-03-01,32.779998779296875,32.95000076293945,32.38999938964844,32.650001525878906,24.53289031982422,387400,0.0,False
2018-03-02,32.41999816894531,32.68000030517578,32.2599983215332,32.630001068115234,24.517864227294922,342900,0.0,False
2018-03-05,32.40999984741211,32.970001220703125,32.400001525878906,32.939998626708984,24.750783920288086,357800,0.0,False
2018-03-06,33.20000076293945,33.33000183105469,33.06999969482422,33.20000076293945,24.94615364074707,310200,0.0,False
2018-03-07,32.900001525878906,33.119998931884766,32.77000045776367,32.970001220703125,24.77333641052246,212300,0.0,False
2018-03-08,32.959999084472656,32.959999084472656,32.70000076293945,32.81999969482422,24.66062355041504,325900,0.0,False
2018-03-09,33.0099983215332,33.220001220703125,32.959999084472656,33.220001220703125,24.9611873626709,276000,0.0,False
2018-03-12,33.22999954223633,33.38999938964844,33.16999816894531,33.27000045776367,24.99875831604004,316300,0.0,False
2018-03-13,33.36000061035156,33.5,33.08000183105469,33.130001068115234,24.8935546875,227500,0.0,False
2018-03-14,33.369998931884766,33.40999984741211,33.099998474121094,33.15999984741211,24.916095733642578,389700,0.0,False
2018-03-15,33.13999938964844,33.16999816894531,32.79999923706055,32.79999923706055,24.645591735839844,1028500,0.0,False
2018-03-16,32.84000015258789,33.02000045776367,32.84000015258789,32.93000030517578,24.743276596069336,230700,0.0,False
2018-03-19,32.630001068115234,32.63999938964844,32.220001220703125,32.36000061035156,24.437429428100586,240100,0.0,False
2018-03-20,32.38999938964844,32.52000045776367,32.34000015258789,32.369998931884766,24.444976806640625,410500,0.0,False
2018-03-21,32.5,33.0099983215332,32.470001220703125,32.939998626708984,24.87542724609375,341500,0.0,False
2018-03-22,32.58000183105469,32.630001068115234,32.16999816894531,32.16999816894531,24.293943405151367,453000,0.0,False
2018-03-23,32.31999969482422,32.4900016784668,32.0099983215332,32.029998779296875,24.188220977783203,310300,0.0,False
2018-03-26,32.43000030517578,32.61000061035156,32.16999816894531,32.58000183105469,24.603565216064453,576500,0.0,False
2018-03-27,32.66999816894531,32.79999923706055,32.2400016784668,32.31999969482422,24.407222747802734,329200,0.0,False
2018-03-28,32.22999954223633,32.29999923706055,31.969999313354492,32.029998779296875,24.188220977783203,357900,0.0,False
2018-03-29,32.16999816894531,32.66999816894531,32.16999816894531,32.58000183105469,24.603565216064453,357300,0.0,False
2018-04-02,32.459999084472656,32.54999923706055,31.889999389648438,32.11000061035156,24.24863624572754,391900,0.0,False
2018-04-03,32.310001373291016,32.52000045776367,32.16999816894531,32.470001220703125,24.52050018310547,286300,0.0,False
2018-04-04,32.02000045776367,32.5,31.940000534057617,32.459999084472656,24.51294708251953,278800,0.0,False
2018-04-05,32.599998474121094,32.959999084472656,32.599998474121094,32.869998931884766,24.82257080078125,208600,0.0,False
2018-04-06,32.720001220703125,32.900001525878906,32.31999969482422,32.4900016784668,24.535602569580078,187100,0.0,False
2018-04-09,32.599998474121094,32.90999984741211,32.36000061035156,32.63999938964844,24.648881912231445,202900,0.0,False
2018-04-10,33.06999969482422,33.47999954223633,33.06999969482422,33.34000015258789,25.177499771118164,335300,0.0,False
2018-04-11,33.2599983215332,33.56999969482422,33.2599983215332,33.459999084472656,25.268125534057617,309100,0.0,False
2018-04-12,33.45000076293945,33.599998474121094,33.349998474121094,33.52000045776367,25.313432693481445,195100,0.0,False
2018-04-13,33.650001525878906,33.77000045776367,33.56999969482422,33.65999984741211,25.41915512084961,226800,0.0,False
2018-04-16,33.75,33.810001373291016,33.650001525878906,33.709999084472656,25.45691680908203,218800,0.0,False
2018-04-17,33.77000045776367,34.0,33.709999084472656,33.93000030517578,25.62305450439453,285100,0.0,False
2018-04-18,34.29999923706055,34.63999938964844,34.29999923706055,34.52000045776367,26.068603515625,191700,0.0,False
2018-04-19,34.650001525878906,34.709999084472656,34.38999938964844,34.540000915527344,26.083711624145508,256800,0.0,False
2018-04-20,34.439998626708984,34.439998626708984,34.220001220703125,34.33000183105469,25.92512321472168,263500,0.0,False
2018-04-23,34.130001068115234,34.22999954223633,34.0099983215332,34.189998626708984,25.819393157958984,330500,0.0,False
2018-04-24,34.290000915527344,34.400001525878906,33.90999984741211,34.060001373291016,25.72122573852539,358900,0.0,False
2018-04-25,33.88999938964844,34.04999923706055,33.720001220703125,34.0099983215332,25.6834659576416,325000,0.0,False
2018-04-26,34.13999938964844,34.310001373291016,34.099998474121094,34.290000915527344,25.894922256469727,295400,0.0,False
2018-04-27,34.150001525878906,34.2599983215332,34.06999969482422,34.189998626708984,25.819393157958984,249500,0.0,False
2018-04-30,34.029998779296875,34.150001525878906,33.93000030517578,33.959999084472656,25.645708084106445,553000,0.0,False
2018-05-01,33.7599983215332,33.79999923706055,33.4900016784668,33.7400016784668,25.479570388793945,257000,0.0,False
2018-05-02,33.880001068115234,34.11000061035156,33.790000915527344,33.84000015258789,25.555084228515625,303700,0.0,False
2018-05-03,33.939998626708984,33.97999954223633,33.61000061035156,33.91999816894531,25.615497589111328,455400,0.0,False
2018-05-04,33.83000183105469,34.18000030517578,33.689998626708984,34.130001068115234,25.774091720581055,281800,0.0,False
2018-05-07,34.20000076293945,34.33000183105469,34.0,34.06999969482422,25.728775024414062,485200,0.0,False
2018-05-08,33.900001525878906,34.04999923706055,33.689998626708984,34.029998779296875,25.698566436767578,681200,0.0,False
2018-05-09,34.25,34.5,34.25,34.41999816894531,25.993091583251953,346800,0.0,False
2018-05-10,34.650001525878906,34.869998931884766,34.56999969482422,34.849998474121094,26.317808151245117,401000,0.0,False
2018-05-11,34.9900016784668,35.099998474121094,34.91999816894531,34.959999084472656,26.4008731842041,284900,0.0,False
2018-05-14,35.13999938964844,35.25,35.09000015258789,35.150001525878906,26.544374465942383,234400,0.0,False
2018-05-15,34.90999984741211,35.040000915527344,34.75,34.9900016784668,26.423545837402344,212500,0.0,False
2018-05-16,35.08000183105469,35.279998779296875,35.08000183105469,35.27000045776367,26.634984970092773,178200,0.0,False
2018-05-17,35.290000915527344,35.43000030517578,35.27000045776367,35.36000061035156,26.70296287536621,264900,0.0,False
2018-05-18,35.220001220703125,35.220001220703125,35.08000183105469,35.150001525878906,26.544374465942383,203200,0.0,False
2018-05-21,35.349998474121094,35.459999084472656,35.25,35.400001525878906,26.73316764831543,243500,0.0,False
2018-05-22,35.380001068115234,35.4900016784668,35.189998626708984,35.189998626708984,26.574575424194336,305300,0.0,False
2018-05-23,34.720001220703125,34.90999984741211,34.599998474121094,34.90999984741211,26.363121032714844,425300,0.0,False
2018-05-24,34.66999816894531,34.7400016784668,34.4900016784668,34.709999084472656,26.21208381652832,274000,0.0,False
2018-05-25,34.34000015258789,34.34000015258789,34.130001068115234,34.22999954223633,25.849605560302734,197700,0.0,False
2018-05-29,33.849998474121094,34.060001373291016,33.720001220703125,33.810001373291016,25.532442092895508,332700,0.0,False
2018-05-30,34.02000045776367,34.5099983215332,34.02000045776367,34.470001220703125,26.030841827392578,228700,0.0,False
2018-05-31,34.41999816894531,34.4900016784668,34.25,34.33000183105469,25.92512321472168,146800,0.0,False
2018-06-01,34.56999969482422,34.619998931884766,34.5,34.59000015258789,26.121471405029297,485400,0.0,False
2018-06-04,34.7599983215332,34.869998931884766,34.529998779296875,34.58000183105469,26.113914489746094,135200,0.0,False
2018-06-05,34.560001373291016,34.7400016784668,34.540000915527344,34.63999938964844,26.159221649169922,217800,0.0,False
2018-06-06,34.939998626708984,35.16999816894531,34.79999923706055,35.150001525878906,26.544374465942383,217400,0.0,False
2018-06-07,35.279998779296875,35.349998474121094,35.040000915527344,35.150001525878906,26.544374465942383,377000,0.0,False
2018-06-08,35.099998474121094,35.16999816894531,34.9900016784668,35.11000061035156,26.51416015625,189200,0.0,False
2018-06-11,35.15999984741211,35.369998931884766,35.13999938964844,35.290000915527344,26.650087356567383,465100,0.0,False
2018-06-12,35.08000183105469,35.189998626708984,34.93000030517578,35.02000045776367,26.44619369506836,235700,0.0,False
2018-06-13,35.060001373291016,35.11000061035156,34.849998474121094,35.0,26.431089401245117,248900,0.0,False
2018-06-14,34.970001220703125,35.040000915527344,34.83000183105469,34.83000183105469,26.302711486816406,228200,0.0,False
2018-06-15,34.61000061035156,34.61000061035156,34.18000030517578,34.290000915527344,25.894922256469727,418100,0.0,False
2018-06-18,33.72999954223633,34.09000015258789,33.720001220703125,34.02000045776367,25.90177345275879,154900,0.0,False
2018-06-19,33.470001220703125,33.68000030517578,33.369998931884766,33.63999938964844,25.612445831298828,197700,0.0,False
2018-06-20,33.7599983215332,33.79999923706055,33.529998779296875,33.59000015258789,25.574382781982422,191100,0.0,False
2018-06-21,33.45000076293945,33.5,33.2400016784668,33.279998779296875,25.33835792541504,164500,0.0,False
2018-06-22,33.790000915527344,33.91999816894531,33.75,33.84000015258789,25.76471519470215,401200,0.0,False
2018-06-25,33.52000045776367,33.619998931884766,33.15999984741211,33.290000915527344,25.345970153808594,306900,0.0,False
2018-06-26,33.36000061035156,33.65999984741211,33.34000015258789,33.59000015258789,25.574382781982422,340000,0.0,False
2018-06-27,33.70000076293945,34.0,33.5099983215332,33.5099983215332,25.51346778869629,244000,0.0,False
2018-06-28,33.47999954223633,33.66999816894531,33.38999938964844,33.599998474121094,25.58199119567871,163500,0.0,False
2018-06-29,33.75,34.08000183105469,33.75,33.88999938964844,25.80278968811035,614800,0.0,False
2018-07-02,33.560001373291016,33.560001373291016,33.33000183105469,33.47999954223633,25.49062728881836,193600,0.0,False
2018-07-03,33.650001525878906,33.900001525878906,33.5,33.54999923706055,25.543920516967773,285300,0.0,False
2018-07-05,33.810001373291016,33.810001373291016,33.59000015258789,33.72999954223633,25.680967330932617,178400,0.0,False
2018-07-06,33.65999984741211,33.9900016784668,33.630001068115234,33.91999816894531,25.825626373291016,465800,0.0,False
2018-07-09,34.08000183105469,34.290000915527344,34.08000183105469,34.290000915527344,26.107343673706055,222900,0.0,False
2018-07-10,34.310001373291016,34.43000030517578,34.310001373291016,34.38999938964844,26.183475494384766,205200,0.0,False
2018-07-11,33.93000030517578,33.970001220703125,33.459999084472656,33.52000045776367,25.521087646484375,155600,0.0,False
2018-07-12,33.650001525878906,33.77000045776367,33.560001373291016,33.75,25.696197509765625,168000,0.0,False
2018-07-13,33.59000015258789,33.7400016784668,33.560001373291016,33.689998626708984,25.650514602661133,175500,0.0,False
2018-07-16,33.5,33.56999969482422,33.29999923706055,33.439998626708984,25.460180282592773,174900,0.0,False
2018-07-17,33.34000015258789,33.58000183105469,33.31999969482422,33.470001220703125,25.483016967773438,329900,0.0,False
2018-07-18,33.369998931884766,33.529998779296875,33.2599983215332,33.5,25.5058536529541,296500,0.0,False
2018-07-19,33.209999084472656,33.279998779296875,33.08000183105469,33.119998931884766,25.21653938293457,1698900,0.0,False
2018-07-20,33.06999969482422,33.16999816894531,33.06999969482422,33.09000015258789,25.193695068359375,377100,0.0,False
2018-07-23,33.09000015258789,33.15999984741211,33.0,33.029998779296875,25.14801025390625,341000,0.0,False
2018-07-24,33.41999816894531,33.720001220703125,33.41999816894531,33.5,25.5058536529541,291700,0.0,False
2018-07-25,33.59000015258789,33.880001068115234,33.459999084472656,33.880001068115234,25.795177459716797,234400,0.0,False
2018-07-26,33.70000076293945,33.84000015258789,33.650001525878906,33.72999954223633,25.680967330932617,575600,0.0,False
2018-07-27,33.7400016784668,33.91999816894531,33.65999984741211,33.720001220703125,25.67336654663086,307700,0.0,False
2018-07-30,33.810001373291016,33.900001525878906,33.709999084472656,33.709999084472656,25.66574478149414,231000,0.0,False
2018-07-31,33.97999954223633,34.099998474121094,33.91999816894531,34.02000045776367,25.90177345275879,259200,0.0,False
2018-08-01,33.7599983215332,33.7599983215332,33.540000915527344,33.54999923706055,25.543920516967773,592100,0.0,False
2018-08-02,33.20000076293945,33.58000183105469,33.20000076293945,33.56999969482422,25.559158325195312,629800,0.0,False
2018-08-03,33.529998779296875,33.72999954223633,33.529998779296875,33.70000076293945,25.658132553100586,185300,0.0,False
2018-08-06,33.58000183105469,33.75,33.54999923706055,33.630001068115234,25.604839324951172,184800,0.0,False
2018-08-07,34.0099983215332,34.06999969482422,33.81999969482422,33.84000015258789,25.76471519470215,192900,0.0,False
2018-08-08,33.81999969482422,33.849998474121094,33.689998626708984,33.79999923706055,25.734275817871094,145800,0.0,False
2018-08-09,33.790000915527344,33.86000061035156,33.689998626708984,33.689998626708984,25.650514602661133,188600,0.0,False
2018-08-10,33.2599983215332,33.310001373291016,33.150001525878906,33.2400016784668,25.307899475097656,221800,0.0,False
2018-08-13,33.11000061035156,33.20000076293945,32.79999923706055,32.869998931884766,25.026193618774414,270000,0.0,False
2018-08-14,32.97999954223633,33.060001373291016,32.86000061035156,32.939998626708984,25.079486846923828,309100,0.0,False
2018-08-15,32.459999084472656,32.459999084472656,31.850000381469727,31.969999313354492,24.340965270996094,293200,0.0,False
2018-08-16,32.209999084472656,32.38999938964844,32.16999816894531,32.220001220703125,24.53130531311035,385200,0.0,False
2018-08-17,32.16999816894531,32.529998779296875,32.16999816894531,32.459999084472656,24.714038848876953,263600,0.0,False
2018-08-20,32.599998474121094,32.709999084472656,32.599998474121094,32.650001525878906,24.858692169189453,438900,0.0,False
2018-08-21,32.720001220703125,32.869998931884766,32.689998626708984,32.720001220703125,24.9119930267334,343900,0.0,False
2018-08-22,32.83000183105469,33.0099983215332,32.83000183105469,32.939998626708984,25.079486846923828,180500,0.0,False
2018-08-23,32.81999969482422,32.81999969482422,32.630001068115234,32.650001525878906,24.858692169189453,429600,0.0,False
2018-08-24,32.939998626708984,33.189998626708984,32.880001068115234,33.06999969482422,25.178466796875,412500,0.0,False
2018-08-27,33.22999954223633,33.5,33.22999954223633,33.41999816894531,25.4449462890625,228200,0.0,False
2018-08-28,33.58000183105469,33.70000076293945,33.400001525878906,33.400001525878906,25.42972183227539,250900,0.0,False
2018-08-29,33.459999084472656,33.72999954223633,33.45000076293945,33.68000030517578,25.642900466918945,257800,0.0,False
2018-08-30,33.439998626708984,33.4900016784668,33.25,33.310001373291016,25.361196517944336,299300,0.0,False
2018-08-31,33.16999816894531,33.34000015258789,33.04999923706055,33.130001068115234,25.224149703979492,220700,0.0,False
2018-09-04,32.83000183105469,32.83000183105469,32.63999938964844,32.70000076293945,24.896760940551758,291700,0.0,False
2018-09-05,32.63999938964844,32.63999938964844,32.400001525878906,32.599998474121094,24.82062530517578,380500,0.0,False
2018-09-06,32.540000915527344,32.68000030517578,32.220001220703125,32.349998474121094,24.630287170410156,193000,0.0,False
2018-09-07,32.09000015258789,32.25,32.040000915527344,32.15999984741211,24.48562240600586,299200,0.0,False
2018-09-10,32.29999923706055,32.40999984741211,32.18000030517578,32.18000030517578,24.500850677490234,325300,0.0,False
2018-09-11,32.04999923706055,32.369998931884766,32.0,32.369998931884766,24.645511627197266,292100,0.0,False
2018-09-12,32.459999084472656,32.75,32.459999084472656,32.65999984741211,24.866302490234375,261500,0.0,False
2018-09-13,32.880001068115234,32.97999954223633,32.709999084472656,32.81999969482422,24.98812484741211,204500,0.0,False
2018-09-14,32.88999938964844,33.040000915527344,32.83000183105469,32.91999816894531,25.06426239013672,235400,0.0,False
2018-09-17,33.02000045776367,33.2400016784668,33.02000045776367,33.06999969482422,25.178466796875,287800,0.0,False
2018-09-18,33.2599983215332,33.45000076293945,33.2599983215332,33.40999984741211,25.437334060668945,232200,0.0,False
2018-09-19,33.5,33.7599983215332,33.5,33.68000030517578,25.642900466918945,173200,0.0,False
2018-09-20,34.040000915527344,34.09000015258789,33.86000061035156,33.970001220703125,25.863704681396484,274700,0.0,False
2018-09-21,34.029998779296875,34.13999938964844,34.0099983215332,34.060001373291016,25.932222366333008,220500,0.0,False
2018-09-24,33.90999984741211,34.02000045776367,33.75,33.77000045776367,25.93453025817871,155800,0.0,False
2018-09-25,34.060001373291016,34.189998626708984,34.029998779296875,34.040000915527344,26.141881942749023,183800,0.0,False
2018-09-26,33.97999954223633,34.130001068115234,33.83000183105469,33.86000061035156,26.003644943237305,257300,0.0,False
2018-09-27,33.83000183105469,33.95000076293945,33.7599983215332,33.84000015258789,25.98828125,206900,0.0,False
2018-09-28,33.7599983215332,33.9900016784668,33.7599983215332,33.84000015258789,25.98828125,190400,0.0,False
2018-10-01,33.91999816894531,34.06999969482422,33.880001068115234,34.029998779296875,26.13419532775879,406000,0.0,False
2018-10-02,34.0,34.2599983215332,34.0,34.18000030517578,26.249399185180664,301900,0.0,False
2018-10-03,34.290000915527344,34.33000183105469,34.08000183105469,34.13999938964844,26.21867561340332,237000,0.0,False
2018-10-04,34.06999969482422,34.11000061035156,33.7599983215332,33.93000030517578,26.057405471801758,326700,0.0,False
2018-10-05,33.79999923706055,33.86000061035156,33.540000915527344,33.709999084472656,25.88844871520996,176000,0.0,False
2018-10-08,33.5,33.779998779296875,33.45000076293945,33.75,25.919164657592773,448100,0.0,False
2018-10-09,33.630001068115234,33.900001525878906,33.54999923706055,33.790000915527344,25.949888229370117,560800,0.0,False
2018-10-10,33.709999084472656,33.709999084472656,32.84000015258789,32.84000015258789,25.220312118530273,404300,0.0,False
2018-10-11,32.720001220703125,32.880001068115234,32.349998474121094,32.52000045776367,24.974559783935547,297900,0.0,False
2018-10-12,32.939998626708984,32.939998626708984,32.40999984741211,32.709999084472656,25.120473861694336,534700,0.0,False
2018-10-15,32.79999923706055,32.95000076293945,32.72999954223633,32.7599983215332,25.158870697021484,365700,0.0,False
2018-10-16,32.9900016784668,33.16999816894531,32.900001525878906,33.130001068115234,25.44301986694336,329500,0.0,False
2018-10-17,33.04999923706055,33.04999923706055,32.7599983215332,32.959999084472656,25.312469482421875,649100,0.0,False
2018-10-18,32.70000076293945,32.849998474121094,32.36000061035156,32.45000076293945,24.920799255371094,420500,0.0,False
2018-10-19,32.599998474121094,32.84000015258789,32.540000915527344,32.58000183105469,25.020633697509766,443300,0.0,False
2018-10-22,32.650001525878906,32.65999984741211,32.33000183105469,32.45000076293945,24.920799255371094,435300,0.0,False
2018-10-23,31.899999618530273,32.040000915527344,31.5,31.889999389648438,24.49073028564453,330800,0.0,False
2018-10-24,31.829999923706055,31.829999923706055,30.829999923706055,30.84000015258789,23.684356689453125,770800,0.0,False
2018-10-25,31.100000381469727,31.280000686645508,30.969999313354492,31.110000610351562,23.891712188720703,407400,0.0,False
2018-10-26,30.700000762939453,31.209999084472656,30.549999237060547,30.979999542236328,23.79187774658203,404600,0.0,False
2018-10-29,31.31999969482422,31.3700008392334,30.469999313354492,30.719999313354492,23.592199325561523,684200,0.0,False
2018-10-30,30.81999969482422,31.260000228881836,30.799999237060547,31.229999542236328,23.983869552612305,375700,0.0,False
2018-10-31,31.489999771118164,31.68000030517578,31.43000030517578,31.479999542236328,24.175865173339844,308600,0.0,False
2018-11-01,31.799999237060547,32.279998779296875,31.799999237060547,32.2400016784668,24.75952911376953,970300,0.0,False
2018-11-02,32.4900016784668,32.54999923706055,31.93000030517578,32.18000030517578,24.713443756103516,422200,0.0,False
2018-11-05,32.349998474121094,32.45000076293945,32.16999816894531,32.29999923706055,24.805604934692383,592800,0.0,False
2018-11-06,32.349998474121094,32.52000045776367,32.349998474121094,32.47999954223633,24.94383430480957,323600,0.0,False
2018-11-07,32.810001373291016,32.900001525878906,32.650001525878906,32.900001525878906,25.266389846801758,613200,0.0,False
2018-11-08,32.810001373291016,32.900001525878906,32.43000030517578,32.52000045776367,24.974559783935547,506000,0.0,False
2018-11-09,32.15999984741211,32.20000076293945,31.920000076293945,32.11000061035156,24.659690856933594,304000,0.0,False
2018-11-12,32.08000183105469,32.16999816894531,31.639999389648438,31.639999389648438,24.298744201660156,239100,0.0,False
2018-11-13,31.6200008392334,31.739999771118164,31.270000457763672,31.34000015258789,24.068347930908203,633400,0.0,False
2018-11-14,31.469999313354492,31.479999542236328,30.979999542236328,31.18000030517578,23.945472717285156,400700,0.0,False
2018-11-15,31.079999923706055,31.670000076293945,31.079999923706055,31.579999923706055,24.252653121948242,922100,0.0,False
2018-11-16,31.59000015258789,31.93000030517578,31.579999923706055,31.860000610351562,24.46769142150879,629400,0.0,False
2018-11-19,31.780000686645508,31.809999465942383,31.5,31.610000610351562,24.27570152282715,564700,0.0,False
2018-11-20,31.229999542236328,31.229999542236328,30.700000762939453,30.790000915527344,23.645965576171875,712300,0.0,False
2018-11-21,31.059999465942383,31.450000762939453,31.059999465942383,31.280000686645508,24.02227020263672,635400,0.0,False
2018-11-23,30.6299991607666,30.649999618530273,30.389999389648438,30.479999542236328,23.407888412475586,431100,0.0,False
2018-11-26,30.549999237060547,30.770000457763672,30.549999237060547,30.639999389648438,23.530759811401367,523700,0.0,False
2018-11-27,30.43000030517578,30.510000228881836,30.280000686645508,30.440000534057617,23.377168655395508,569300,0.0,False
2018-11-28,30.520000457763672,31.020000457763672,30.34000015258789,31.0,23.80723762512207,530400,0.0,False
2018-11-29,31.030000686645508,31.219999313354492,30.899999618530273,31.030000686645508,23.830278396606445,536800,0.0,False
2018-11-30,30.780000686645508,30.920000076293945,30.690000534057617,30.8799991607666,23.715076446533203,853400,0.0,False
2018-12-03,31.670000076293945,31.799999237060547,31.399999618530273,31.649999618530273,24.306421279907227,1068500,0.0,False
2018-12-04,31.56999969482422,31.729999542236328,30.969999313354492,31.0,23.80723762512207,828500,0.0,False
2018-12-06,30.399999618530273,30.65999984741211,30.030000686645508,30.6299991607666,23.523086547851562,1667700,0.0,False
2018-12-07,30.780000686645508,31.139999389648438,30.31999969482422,30.399999618530273,23.34644889831543,915100,0.0,False
2018-12-10,30.229999542236328,30.329999923706055,29.760000228881836,30.09000015258789,23.108379364013672,1146400,0.0,False
2018-12-11,30.5,30.610000610351562,29.979999542236328,30.170000076293945,23.169811248779297,1319500,0.0,False
2018-12-12,30.610000610351562,30.809999465942383,30.450000762939453,30.450000762939453,23.384851455688477,982600,0.0,False
2018-12-13,30.6299991607666,30.700000762939453,30.450000762939453,30.549999237060547,23.461647033691406,1118800,0.0,False
2018-12-14,30.290000915527344,30.360000610351562,30.040000915527344,30.110000610351562,23.123743057250977,813200,0.0,False
2018-12-17,30.260000228881836,30.309999465942383,29.709999084472656,29.850000381469727,22.92406463623047,1536700,0.0,False
2018-12-18,29.959999084472656,30.040000915527344,29.639999389648438,29.709999084472656,22.81654930114746,2004500,0.0,False
2018-12-19,29.889999389648438,30.190000534057617,29.25,29.329999923706055,22.52471923828125,2027900,0.0,False
2018-12-20,29.34000015258789,29.540000915527344,28.93000030517578,29.100000381469727,22.348079681396484,2843400,0.0,False
2018-12-21,28.90999984741211,29.190000534057617,28.540000915527344,28.610000610351562,22.14067840576172,3009200,0.0,False
2018-12-24,28.579999923706055,28.68000030517578,28.1299991607666,28.1299991607666,21.76922035217285,1762000,0.0,False
2018-12-26,28.280000686645508,29.1299991607666,28.030000686645508,29.110000610351562,22.52762222290039,1668600,0.0,False
2018-12-27,28.610000610351562,29.209999084472656,28.5,29.18000030517578,22.581789016723633,2105500,0.0,False
2018-12-28,29.3700008392334,29.43000030517578,29.06999969482422,29.1299991607666,22.543102264404297,1581900,0.0,False
2018-12-31,29.290000915527344,29.34000015258789,29.1200008392334,29.280000686645508,22.6591796875,1659900,0.0,False
2019-01-02,28.770000457763672,29.399999618530273,28.670000076293945,29.329999923706055,22.697877883911133,953700,0.0,False
2019-01-03,29.25,29.299999237060547,28.8700008392334,29.0,22.44249725341797,798100,0.0,False
2019-01-04,29.540000915527344,30.1200008392334,29.530000686645508,30.059999465942383,23.262805938720703,731500,0.0,False
2019-01-07,30.1299991607666,30.479999542236328,30.040000915527344,30.299999237060547,23.448537826538086,1481600,0.0,False
2019-01-08,30.440000534057617,30.559999465942383,30.34000015258789,30.5,23.603315353393555,427200,0.0,False
2019-01-09,30.770000457763672,31.010000228881836,30.729999542236328,30.899999618530273,23.912866592407227,406200,0.0,False
2019-01-10,30.719999313354492,31.040000915527344,30.649999618530273,31.0,23.99025535583496,623500,0.0,False
2019-01-11,30.809999465942383,30.959999084472656,30.719999313354492,30.899999618530273,23.912866592407227,520600,0.0,False
2019-01-14,30.6200008392334,30.850000381469727,30.6200008392334,30.719999313354492,23.7735652923584,603200,0.0,False
2019-01-15,30.809999465942383,30.969999313354492,30.690000534057617,30.8700008392334,23.889652252197266,531700,0.0,False
2019-01-16,30.770000457763672,30.969999313354492,30.770000457763672,30.860000610351562,23.881908416748047,508800,0.0,False
2019-01-17,30.719999313354492,31.299999237060547,30.719999313354492,31.219999313354492,24.16050910949707,900300,0.0,False
2019-01-18,31.489999771118164,31.559999465942383,31.34000015258789,31.510000228881836,24.384931564331055,723600,0.0,False
2019-01-22,31.200000762939453,31.200000762939453,30.809999465942383,30.920000076293945,23.928342819213867,760600,0.0,False
2019-01-23,31.010000228881836,31.06999969482422,30.729999542236328,30.920000076293945,23.928342819213867,713800,0.0,False
2019-01-24,30.81999969482422,31.1200008392334,30.809999465942383,30.969999313354492,23.967041015625,552800,0.0,False
2019-01-25,31.309999465942383,31.540000915527344,31.309999465942383,31.360000610351562,24.26885223388672,474600,0.0,False
2019-01-28,30.989999771118164,31.09000015258789,30.850000381469727,31.09000015258789,24.059900283813477,600900,0.0,False
2019-01-29,31.260000228881836,31.420000076293945,31.260000228881836,31.309999465942383,24.230161666870117,729800,0.0,False
2019-01-30,31.579999923706055,31.989999771118164,31.520000457763672,31.850000381469727,24.64805030822754,474500,0.0,False
2019-01-31,31.90999984741211,32.15999984741211,31.90999984741211,32.11000061035156,24.849262237548828,471300,0.0,False
2019-02-01,32.20000076293945,32.2599983215332,32.04999923706055,32.2400016784668,24.949867248535156,326000,0.0,False
2019-02-04,32.029998779296875,32.20000076293945,31.899999618530273,32.16999816894531,24.89568519592285,369800,0.0,False
2019-02-05,32.220001220703125,32.279998779296875,32.11000061035156,32.2400016784668,24.949867248535156,428300,0.0,False
2019-02-06,32.16999816894531,32.20000076293945,32.0,32.0,24.764135360717773,440000,0.0,False
2019-02-07,31.809999465942383,31.860000610351562,31.479999542236328,31.65999984741211,24.501012802124023,299400,0.0,False
2019-02-08,31.459999084472656,31.540000915527344,31.239999771118164,31.510000228881836,24.384931564331055,544600,0.0,False
2019-02-11,31.3799991607666,31.440000534057617,31.31999969482422,31.399999618530273,24.299806594848633,594000,0.0,False
2019-02-12,31.56999969482422,31.799999237060547,31.549999237060547,31.719999313354492,24.54744529724121,421700,0.0,False
2019-02-13,31.84000015258789,32.06999969482422,31.829999923706055,31.8700008392334,24.663532257080078,418400,0.0,False
2019-02-14,31.780000686645508,32.0099983215332,31.690000534057617,31.8700008392334,24.663532257080078,366600,0.0,False
2019-02-15,32.189998626708984,32.279998779296875,32.11000061035156,32.27000045776367,24.97308349609375,519000,0.0,False
2019-02-19,32.209999084472656,32.630001068115234,32.209999084472656,32.540000915527344,25.18202781677246,332200,0.0,False
2019-02-20,32.61000061035156,33.040000915527344,32.599998474121094,32.88999938964844,25.45288848876953,559200,0.0,False
2019-02-21,32.72999954223633,32.75,32.529998779296875,32.66999816894531,25.282634735107422,289000,0.0,False
2019-02-22,32.88999938964844,32.95000076293945,32.81999969482422,32.900001525878906,25.46062469482422,207000,0.0,False
2019-02-25,32.93000030517578,33.02000045776367,32.900001525878906,32.900001525878906,25.46062469482422,710300,0.0,False
2019-02-26,32.93000030517578,33.040000915527344,32.810001373291016,32.959999084472656,25.50705909729004,200300,0.0,False
2019-02-27,32.939998626708984,33.040000915527344,32.84000015258789,32.939998626708984,25.4915771484375,621800,0.0,False
2019-02-28,32.77000045776367,32.77000045776367,32.529998779296875,32.56999969482422,25.205242156982422,262800,0.0,False
2019-03-01,32.65999984741211,32.75,32.5099983215332,32.630001068115234,25.251680374145508,461000,0.0,False
2019-03-04,32.709999084472656,32.72999954223633,32.38999938964844,32.65999984741211,25.274885177612305,398500,0.0,False
2019-03-05,32.61000061035156,32.72999954223633,32.58000183105469,32.68000030517578,25.29037094116211,324800,0.0,False
2019-03-06,32.689998626708984,32.70000076293945,32.459999084472656,32.47999954223633,25.135589599609375,610600,0.0,False
2019-03-07,32.439998626708984,32.439998626708984,32.119998931884766,32.189998626708984,24.911169052124023,234400,0.0,False
2019-03-08,31.850000381469727,32.029998779296875,31.780000686645508,31.989999771118164,24.75639533996582,244700,0.0,False
2019-03-11,32.130001068115234,32.439998626708984,32.130001068115234,32.439998626708984,25.104639053344727,350200,0.0,False
2019-03-12,32.459999084472656,32.619998931884766,32.459999084472656,32.5,25.15107536315918,263400,0.0,False
2019-03-13,32.720001220703125,32.939998626708984,32.709999084472656,32.93000030517578,25.483840942382812,569500,0.0,False
2019-03-14,32.880001068115234,32.88999938964844,32.7599983215332,32.7599983215332,25.352279663085938,223600,0.0,False
2019-03-15,32.47999954223633,32.689998626708984,32.47999954223633,32.560001373291016,25.421772003173828,215800,0.0,False
2019-03-18,32.68000030517578,32.83000183105469,32.68000030517578,32.79999923706055,25.609148025512695,276900,0.0,False
2019-03-19,33.029998779296875,33.099998474121094,32.79999923706055,32.86000061035156,25.655996322631836,221100,0.0,False
2019-03-20,32.70000076293945,33.099998474121094,32.56999969482422,32.900001525878906,25.687232971191406,177500,0.0,False
2019-03-21,32.900001525878906,33.11000061035156,32.86000061035156,33.06999969482422,25.81995964050293,254400,0.0,False
2019-03-22,32.79999923706055,32.810001373291016,32.279998779296875,32.33000183105469,25.24219512939453,242800,0.0,False
2019-03-25,32.27000045776367,32.5,32.2599983215332,32.40999984741211,25.304651260375977,301500,0.0,False
2019-03-26,32.529998779296875,32.720001220703125,32.529998779296875,32.68000030517578,25.515464782714844,280100,0.0,False
2019-03-27,32.560001373291016,32.65999984741211,32.310001373291016,32.529998779296875,25.398345947265625,256500,0.0,False
2019-03-28,32.459999084472656,32.599998474121094,32.380001068115234,32.560001373291016,25.421772003173828,220000,0.0,False
2019-03-29,32.810001373291016,32.869998931884766,32.65999984741211,32.75,25.570114135742188,242200,0.0,False
2019-04-01,33.09000015258789,33.220001220703125,33.09000015258789,33.18000030517578,25.90584373474121,345800,0.0,False
2019-04-02,33.18000030517578,33.2400016784668,33.029998779296875,33.13999938964844,25.87461280822754,254600,0.0,False
2019-04-03,33.40999984741211,33.47999954223633,33.189998626708984,33.279998779296875,25.983922958374023,489200,0.0,False
2019-04-04,33.11000061035156,33.40999984741211,33.06999969482422,33.38999938964844,26.06980323791504,412700,0.0,False
2019-04-05,33.400001525878906,33.58000183105469,33.38999938964844,33.540000915527344,26.186922073364258,166900,0.0,False
2019-04-08,33.65999984741211,33.779998779296875,33.630001068115234,33.779998779296875,26.374305725097656,230500,0.0,False
2019-04-09,33.630001068115234,33.630001068115234,33.439998626708984,33.45000076293945,26.116655349731445,128300,0.0,False
2019-04-10,33.52000045776367,33.66999816894531,33.52000045776367,33.56999969482422,26.210346221923828,179000,0.0,False
2019-04-11,33.380001068115234,33.439998626708984,33.22999954223633,33.310001373291016,26.007343292236328,150700,0.0,False
2019-04-12,33.61000061035156,33.61000061035156,33.45000076293945,33.470001220703125,26.13226890563965,274000,0.0,False
2019-04-15,33.470001220703125,33.5,33.369998931884766,33.47999954223633,26.140071868896484,178300,0.0,False
2019-04-16,33.40999984741211,33.5099983215332,33.40999984741211,33.4900016784668,26.147886276245117,214300,0.0,False
2019-04-17,33.54999923706055,33.61000061035156,33.41999816894531,33.439998626708984,26.108844757080078,346400,0.0,False
2019-04-18,33.369998931884766,33.45000076293945,33.279998779296875,33.369998931884766,26.05419158935547,146200,0.0,False
2019-04-22,33.400001525878906,33.4900016784668,33.38999938964844,33.47999954223633,26.140071868896484,211800,0.0,False
2019-04-23,33.40999984741211,33.529998779296875,33.36000061035156,33.5099983215332,26.163496017456055,308100,0.0,False
2019-04-24,33.2599983215332,33.2599983215332,32.97999954223633,32.97999954223633,25.74968719482422,429000,0.0,False
2019-04-25,32.86000061035156,32.93000030517578,32.79999923706055,32.869998931884766,25.66380500793457,205900,0.0,False
2019-04-26,32.849998474121094,32.849998474121094,32.689998626708984,32.790000915527344,25.601350784301758,291900,0.0,False
2019-04-29,32.81999969482422,32.86000061035156,32.72999954223633,32.790000915527344,25.601350784301758,255700,0.0,False
2019-04-30,32.790000915527344,32.900001525878906,32.689998626708984,32.869998931884766,25.66380500793457,249200,0.0,False
2019-05-01,32.81999969482422,32.849998474121094,32.40999984741211,32.43000030517578,25.32026481628418,888600,0.0,False
2019-05-02,32.2599983215332,32.349998474121094,32.06999969482422,32.099998474121094,25.06261444091797,242900,0.0,False
2019-05-03,32.29999923706055,32.59000015258789,32.29999923706055,32.59000015258789,25.44519805908203,205800,0.0,False
2019-05-06,31.889999389648438,32.29999923706055,31.8700008392334,32.2599983215332,25.187538146972656,263400,0.0,False
2019-05-07,31.979999542236328,32.0,31.700000762939453,31.850000381469727,24.86742401123047,242800,0.0,False
2019-05-08,31.799999237060547,31.969999313354492,31.780000686645508,31.84000015258789,24.859619140625,272800,0.0,False
2019-05-09,31.549999237060547,31.790000915527344,31.420000076293945,31.700000762939453,24.75031089782715,169800,0.0,False
2019-05-10,31.670000076293945,32.060001373291016,31.489999771118164,31.940000534057617,24.93769645690918,382600,0.0,False
2019-05-13,31.520000457763672,31.56999969482422,31.209999084472656,31.270000457763672,24.414581298828125,200000,0.0,False
2019-05-14,31.540000915527344,31.729999542236328,31.540000915527344,31.559999465942383,24.641002655029297,317400,0.0,False
2019-05-15,31.440000534057617,31.729999542236328,31.389999389648438,31.649999618530273,24.711273193359375,230000,0.0,False
2019-05-16,31.770000457763672,31.93000030517578,31.75,31.770000457763672,24.804967880249023,231000,0.0,False
2019-05-17,31.559999465942383,31.770000457763672,31.549999237060547,31.600000381469727,24.672237396240234,162800,0.0,False
2019-05-20,31.510000228881836,31.670000076293945,31.450000762939453,31.450000762939453,24.55512046813965,397200,0.0,False
2019-05-21,31.520000457763672,31.700000762939453,31.459999084472656,31.639999389648438,24.703468322753906,160000,0.0,False
2019-05-22,31.540000915527344,31.579999923706055,31.360000610351562,31.360000610351562,24.484853744506836,471200,0.0,False
2019-05-23,31.010000228881836,31.010000228881836,30.799999237060547,30.90999984741211,24.133502960205078,241500,0.0,False
2019-05-24,31.239999771118164,31.239999771118164,31.010000228881836,31.149999618530273,24.320892333984375,240900,0.0,False
2019-05-28,31.260000228881836,31.329999923706055,31.0,31.0,24.203773498535156,529400,0.0,False
2019-05-29,30.780000686645508,30.889999389648438,30.670000076293945,30.889999389648438,24.117889404296875,175300,0.0,False
2019-05-30,30.829999923706055,30.940000534057617,30.760000228881836,30.799999237060547,24.04762077331543,329500,0.0,False
2019-05-31,30.479999542236328,30.790000915527344,30.479999542236328,30.709999084472656,23.97735023498535,276000,0.0,False
2019-06-03,30.799999237060547,31.200000762939453,30.799999237060547,31.1299991607666,24.305274963378906,451700,0.0,False
2019-06-04,31.260000228881836,31.56999969482422,31.209999084472656,31.520000457763672,24.609773635864258,302300,0.0,False
2019-06-05,31.6200008392334,31.6299991607666,31.270000457763672,31.399999618530273,24.516080856323242,228800,0.0,False
2019-06-06,31.510000228881836,31.719999313354492,31.450000762939453,31.65999984741211,24.719079971313477,244600,0.0,False
2019-06-07,31.809999465942383,32.0099983215332,31.799999237060547,31.84000015258789,24.859619140625,306900,0.0,False
2019-06-10,31.850000381469727,31.989999771118164,31.850000381469727,31.8799991607666,24.890844345092773,227800,0.0,False
2019-06-11,32.25,32.349998474121094,32.220001220703125,32.22999954223633,25.16411590576172,349000,0.0,False
2019-06-12,32.13999938964844,32.29999923706055,32.119998931884766,32.130001068115234,25.086040496826172,210200,0.0,False
2019-06-13,32.31999969482422,32.459999084472656,32.310001373291016,32.380001068115234,25.281234741210938,221900,0.0,False
2019-06-14,32.34000015258789,32.349998474121094,32.2400016784668,32.279998779296875,25.20315170288086,256900,0.0,False
2019-06-17,32.2400016784668,32.279998779296875,32.150001525878906,32.18000030517578,25.125078201293945,253100,0.0,False
2019-06-18,32.47999954223633,32.7400016784668,32.47999954223633,32.720001220703125,25.546693801879883,246200,0.0,False
2019-06-19,32.63999938964844,32.779998779296875,32.529998779296875,32.68000030517578,25.515464782714844,245300,0.0,False
2019-06-20,33.09000015258789,33.15999984741211,33.02000045776367,33.08000183105469,25.82777214050293,2163900,0.0,False
2019-06-21,32.81999969482422,32.91999816894531,32.81999969482422,32.86000061035156,25.888431549072266,1631000,0.0,False
2019-06-24,32.900001525878906,32.9900016784668,32.86000061035156,32.88999938964844,25.912065505981445,716800,0.0,False
2019-06-25,33.0099983215332,33.060001373291016,32.77000045776367,32.79999923706055,25.84115982055664,1127900,0.0,False
2019-06-26,32.88999938964844,33.04999923706055,32.869998931884766,32.939998626708984,25.951454162597656,380000,0.0,False
2019-06-27,32.97999954223633,33.0,32.779998779296875,32.810001373291016,25.849040985107422,388600,0.0,False
2019-06-28,32.900001525878906,33.02000045776367,32.900001525878906,33.0099983215332,26.00660514831543,358300,0.0,False
2019-07-01,33.27000045776367,33.290000915527344,33.0099983215332,33.040000915527344,26.030244827270508,517000,0.0,False
2019-07-02,33.13999938964844,33.150001525878906,32.9900016784668,33.040000915527344,26.030244827270508,567700,0.0,False
2019-07-03,33.099998474121094,33.13999938964844,33.029998779296875,33.13999938964844,26.10902214050293,125300,0.0,False
2019-07-05,32.72999954223633,32.900001525878906,32.58000183105469,32.849998474121094,25.880552291870117,133300,0.0,False
2019-07-08,32.900001525878906,32.959999084472656,32.810001373291016,32.810001373291016,25.849040985107422,224200,0.0,False
2019-07-09,32.619998931884766,32.70000076293945,32.52000045776367,32.70000076293945,25.762378692626953,164300,0.0,False
2019-07-10,32.880001068115234,32.9900016784668,32.81999969482422,32.900001525878906,25.919944763183594,183600,0.0,False
2019-07-11,32.91999816894531,32.91999816894531,32.70000076293945,32.849998474121094,25.880552291870117,236900,0.0,False
2019-07-12,32.81999969482422,32.95000076293945,32.81999969482422,32.900001525878906,25.919944763183594,150300,0.0,False
2019-07-15,33.02000045776367,33.06999969482422,32.91999816894531,32.95000076293945,25.95933723449707,245600,0.0,False
2019-07-16,32.79999923706055,32.959999084472656,32.689998626708984,32.689998626708984,25.75449562072754,183100,0.0,False
2019-07-17,32.709999084472656,32.79999923706055,32.63999938964844,32.68000030517578,25.746623992919922,127900,0.0,False
2019-07-18,32.61000061035156,32.90999984741211,32.59000015258789,32.86000061035156,25.888431549072266,568900,0.0,False
2019-07-19,32.900001525878906,33.04999923706055,32.88999938964844,32.95000076293945,25.95933723449707,200200,0.0,False
2019-07-22,33.0,33.06999969482422,32.900001525878906,32.97999954223633,25.982969284057617,180600,0.0,False
2019-07-23,33.119998931884766,33.189998626708984,33.040000915527344,33.11000061035156,26.085391998291016,217200,0.0,False
2019-07-24,32.900001525878906,33.04999923706055,32.900001525878906,33.04999923706055,26.038122177124023,402500,0.0,False
2019-07-25,32.93000030517578,32.93000030517578,32.54999923706055,32.63999938964844,25.71510887145996,289700,0.0,False
2019-07-26,32.59000015258789,32.619998931884766,32.4900016784668,32.560001373291016,25.652080535888672,171500,0.0,False
2019-07-29,32.58000183105469,32.58000183105469,32.439998626708984,32.5099983215332,25.612686157226562,211000,0.0,False
2019-07-30,32.369998931884766,32.709999084472656,32.36000061035156,32.650001525878906,25.722986221313477,316400,0.0,False
2019-07-31,32.630001068115234,32.72999954223633,32.11000061035156,32.380001068115234,25.510269165039062,183600,0.0,False
2019-08-01,31.940000534057617,32.2599983215332,31.729999542236328,31.84000015258789,25.0848388671875,345700,0.0,False
2019-08-02,31.639999389648438,31.65999984741211,31.25,31.40999984741211,24.74606704711914,319100,0.0,False
2019-08-05,30.93000030517578,30.959999084472656,30.520000457763672,30.739999771118164,24.218210220336914,712600,0.0,False
2019-08-06,30.809999465942383,30.940000534057617,30.489999771118164,30.809999465942383,24.273357391357422,595400,0.0,False
2019-08-07,30.479999542236328,30.829999923706055,30.389999389648438,30.770000457763672,24.241844177246094,814500,0.0,False
2019-08-08,30.950000762939453,31.479999542236328,30.950000762939453,31.469999313354492,24.7933349609375,666800,0.0,False
2019-08-09,31.290000915527344,31.31999969482422,31.020000457763672,31.139999389648438,24.533344268798828,393500,0.0,False
2019-08-12,30.959999084472656,30.959999084472656,30.6200008392334,30.6200008392334,24.12367057800293,325500,0.0,False
2019-08-13,30.6299991607666,31.110000610351562,30.6200008392334,31.0,24.42304801940918,298800,0.0,False
2019-08-14,30.420000076293945,30.440000534057617,29.979999542236328,29.979999542236328,23.619447708129883,659100,0.0,False
2019-08-15,29.979999542236328,30.079999923706055,29.81999969482422,30.010000228881836,23.643085479736328,1681700,0.0,False
2019-08-16,30.09000015258789,30.299999237060547,30.06999969482422,30.299999237060547,23.87156105041504,462000,0.0,False
2019-08-19,30.479999542236328,30.56999969482422,30.459999084472656,30.510000228881836,24.037004470825195,411200,0.0,False
2019-08-20,30.450000762939453,30.469999313354492,30.31999969482422,30.389999389648438,23.942466735839844,301300,0.0,False
2019-08-21,30.530000686645508,30.56999969482422,30.40999984741211,30.489999771118164,24.021251678466797,2219900,0.0,False
2019-08-22,30.510000228881836,30.610000610351562,30.360000610351562,30.360000610351562,23.918834686279297,622300,0.0,False
2019-08-23,30.25,30.489999771118164,29.799999237060547,29.809999465942383,23.485523223876953,405800,0.0,False
2019-08-26,30.09000015258789,30.1299991607666,29.959999084472656,30.049999237060547,23.674604415893555,380100,0.0,False
2019-08-27,30.1299991607666,30.219999313354492,29.979999542236328,30.030000686645508,23.658843994140625,387100,0.0,False
2019-08-28,30.020000457763672,30.31999969482422,30.020000457763672,30.239999771118164,23.82428550720215,301800,0.0,False
2019-08-29,30.5,30.639999389648438,30.489999771118164,30.530000686645508,24.052762985229492,352300,0.0,False
2019-08-30,30.760000228881836,30.8799991607666,30.709999084472656,30.790000915527344,24.257600784301758,511800,0.0,False
2019-09-03,30.549999237060547,30.690000534057617,30.479999542236328,30.649999618530273,24.147306442260742,355800,0.0,False
2019-09-04,30.950000762939453,31.1299991607666,30.950000762939453,31.09000015258789,24.49395751953125,625700,0.0,False
2019-09-05,31.299999237060547,31.399999618530273,31.229999542236328,31.229999542236328,24.604248046875,453600,0.0,False
2019-09-06,31.280000686645508,31.389999389648438,31.270000457763672,31.280000686645508,24.64364242553711,226500,0.0,False
2019-09-09,31.360000610351562,31.40999984741211,31.309999465942383,31.3799991607666,24.722427368164062,255900,0.0,False
2019-09-10,31.43000030517578,31.739999771118164,31.43000030517578,31.6200008392334,24.91150665283203,259500,0.0,False
2019-09-11,31.809999465942383,31.90999984741211,31.739999771118164,31.8700008392334,25.10846710205078,387400,0.0,False
2019-09-12,31.8799991607666,32.0099983215332,31.739999771118164,31.90999984741211,25.139986038208008,305700,0.0,False
2019-09-13,32.119998931884766,32.220001220703125,32.099998474121094,32.130001068115234,25.313308715820312,289400,0.0,False
2019-09-16,32.4900016784668,32.58000183105469,32.34000015258789,32.5099983215332,25.612686157226562,1083900,0.0,False
2019-09-17,32.40999984741211,32.4900016784668,32.220001220703125,32.41999816894531,25.541780471801758,304200,0.0,False
2019-09-18,32.310001373291016,32.34000015258789,32.029998779296875,32.20000076293945,25.36845588684082,154900,0.0,False
2019-09-19,32.25,32.310001373291016,32.119998931884766,32.130001068115234,25.313308715820312,217300,0.0,False
2019-09-20,31.829999923706055,31.950000762939453,31.75,31.780000686645508,25.267196655273438,179400,0.0,False
2019-09-23,31.600000381469727,31.799999237060547,31.600000381469727,31.719999313354492,25.2194881439209,269200,0.0,False
2019-09-24,31.690000534057617,31.690000534057617,31.34000015258789,31.469999313354492,25.02072525024414,329300,0.0,False
2019-09-25,31.280000686645508,31.3700008392334,31.200000762939453,31.290000915527344,24.877613067626953,149200,0.0,False
2019-09-26,31.3700008392334,31.3799991607666,31.190000534057617,31.209999084472656,24.814006805419922,176700,0.0,False
2019-09-27,31.200000762939453,31.309999465942383,31.09000015258789,31.219999313354492,24.82196044921875,383300,0.0,False
2019-09-30,31.110000610351562,31.170000076293945,31.06999969482422,31.149999618530273,24.766300201416016,172700,0.0,False
2019-10-01,31.09000015258789,31.139999389648438,30.719999313354492,30.729999542236328,24.432376861572266,214400,0.0,False
2019-10-02,30.40999984741211,30.420000076293945,30.059999465942383,30.190000534057617,24.003042221069336,797200,0.0,False
2019-10-03,30.0,30.280000686645508,29.899999618530273,30.260000228881836,24.058696746826172,539400,0.0,False
2019-10-04,30.209999084472656,30.469999313354492,30.200000762939453,30.450000762939453,24.209760665893555,234600,0.0,False
2019-10-07,30.399999618530273,30.559999465942383,30.299999237060547,30.309999465942383,24.098445892333984,319000,0.0,False
2019-10-08,30.209999084472656,30.25,30.049999237060547,30.059999465942383,23.89967918395996,581500,0.0,False
2019-10-09,30.25,30.350000381469727,30.15999984741211,30.270000457763672,24.0666446685791,448700,0.0,False
2019-10-10,30.360000610351562,30.670000076293945,30.360000610351562,30.649999618530273,24.3687744140625,239200,0.0,False
2019-10-11,31.010000228881836,31.229999542236328,31.010000228881836,31.110000610351562,24.734498977661133,285300,0.0,False
2019-10-14,30.860000610351562,30.959999084472656,30.850000381469727,30.889999389648438,24.55958366394043,141500,0.0,False
2019-10-15,30.829999923706055,31.040000915527344,30.799999237060547,30.940000534057617,24.599342346191406,264400,0.0,False
2019-10-16,30.799999237060547,30.93000030517578,30.770000457763672,30.770000457763672,24.464174270629883,515100,0.0,False
2019-10-17,30.889999389648438,30.959999084472656,30.81999969482422,30.829999923706055,24.511884689331055,333900,0.0,False
2019-10-18,30.809999465942383,30.959999084472656,30.75,30.84000015258789,24.51982879638672,730600,0.0,False
2019-10-21,31.020000457763672,31.15999984741211,30.989999771118164,31.049999237060547,24.68679428100586,158700,0.0,False
2019-10-22,31.100000381469727,31.290000915527344,31.06999969482422,31.139999389648438,24.758352279663086,222200,0.0,False
2019-10-23,31.139999389648438,31.290000915527344,31.139999389648438,31.260000228881836,24.853757858276367,227400,0.0,False
2019-10-24,31.469999313354492,31.469999313354492,31.25,31.260000228881836,24.853757858276367,262900,0.0,False
2019-10-25,31.350000381469727,31.559999465942383,31.350000381469727,31.530000686645508,25.06842613220215,191500,0.0,False
2019-10-28,31.6299991607666,31.81999969482422,31.549999237060547,31.549999237060547,25.08432960510254,225100,0.0,False
2019-10-29,31.3799991607666,31.649999618530273,31.3799991607666,31.579999923706055,25.108179092407227,307000,0.0,False
2019-10-30,31.479999542236328,31.5,31.239999771118164,31.469999313354492,25.02072525024414,262300,0.0,False
2019-10-31,31.389999389648438,31.389999389648438,31.190000534057617,31.389999389648438,24.957120895385742,401000,0.0,False
2019-11-01,31.540000915527344,31.860000610351562,31.540000915527344,31.84000015258789,25.314903259277344,206800,0.0,False
2019-11-04,32.119998931884766,32.33000183105469,32.119998931884766,32.2400016784668,25.63292694091797,267300,0.0,False
2019-11-05,32.290000915527344,32.45000076293945,32.290000915527344,32.41999816894531,25.776039123535156,696000,0.0,False
2019-11-06,32.33000183105469,32.40999984741211,32.15999984741211,32.15999984741211,25.56932258605957,504800,0.0,False
2019-11-07,32.400001525878906,32.4900016784668,32.310001373291016,32.400001525878906,25.760141372680664,252700,0.0,False
2019-11-08,32.150001525878906,32.18000030517578,32.0,32.18000030517578,25.585224151611328,265600,0.0,False
2019-11-11,31.860000610351562,32.040000915527344,31.850000381469727,32.0,25.44211196899414,374900,0.0,False
2019-11-12,32.0099983215332,32.13999938964844,31.979999542236328,32.029998779296875,25.46595573425293,401000,0.0,False
2019-11-13,31.920000076293945,32.0,31.8799991607666,31.899999618530273,25.362600326538086,478400,0.0,False
2019-11-14,31.93000030517578,32.02000045776367,31.799999237060547,31.920000076293945,25.378503799438477,218600,0.0,False
2019-11-15,32.029998779296875,32.189998626708984,32.02000045776367,32.130001068115234,25.545469284057617,201000,0.0,False
2019-11-18,32.029998779296875,32.040000915527344,31.950000762939453,32.02000045776367,25.4580135345459,353700,0.0,False
2019-11-19,32.060001373291016,32.099998474121094,31.940000534057617,31.950000762939453,25.402353286743164,265500,0.0,False
2019-11-20,31.90999984741211,32.029998779296875,31.790000915527344,31.8700008392334,25.338747024536133,307500,0.0,False
2019-11-21,31.81999969482422,31.93000030517578,31.739999771118164,31.8700008392334,25.338747024536133,277900,0.0,False
2019-11-22,31.989999771118164,32.029998779296875,31.8700008392334,31.90999984741211,25.370555877685547,179300,0.0,False
2019-11-25,31.920000076293945,32.060001373291016,31.920000076293945,32.02000045776367,25.4580135345459,368100,0.0,False
2019-11-26,31.969999313354492,32.0099983215332,31.90999984741211,31.989999771118164,25.434160232543945,198600,0.0,False
2019-11-27,31.969999313354492,32.040000915527344,31.899999618530273,32.02000045776367,25.4580135345459,282700,0.0,False
2019-11-29,31.850000381469727,31.93000030517578,31.84000015258789,31.850000381469727,25.322845458984375,87000,0.0,False
2019-12-02,31.93000030517578,31.969999313354492,31.81999969482422,31.889999389648438,25.354652404785156,345700,0.0,False
2019-12-03,31.600000381469727,31.65999984741211,31.520000457763672,31.65999984741211,25.17179298400879,296500,0.0,False
2019-12-04,31.770000457763672,31.940000534057617,31.770000457763672,31.81999969482422,25.299001693725586,1155600,0.0,False
2019-12-05,31.81999969482422,31.899999618530273,31.75,31.829999923706055,25.306949615478516,363400,0.0,False
2019-12-06,31.940000534057617,32.20000076293945,31.940000534057617,32.08000183105469,25.505718231201172,826100,0.0,False
2019-12-09,32.119998931884766,32.220001220703125,32.060001373291016,32.060001373291016,25.48981285095215,1717700,0.0,False
2019-12-10,32.119998931884766,32.13999938964844,32.040000915527344,32.06999969482422,25.49776840209961,919600,0.0,False
2019-12-11,32.189998626708984,32.40999984741211,32.15999984741211,32.380001068115234,25.74423599243164,1316100,0.0,False
2019-12-12,32.41999816894531,32.709999084472656,32.38999938964844,32.63999938964844,25.95095443725586,6236400,0.0,False
2019-12-13,32.72999954223633,32.97999954223633,32.66999816894531,32.720001220703125,26.01456069946289,796300,0.0,False
2019-12-16,33.02000045776367,33.16999816894531,33.02000045776367,33.060001373291016,26.28488540649414,620800,0.0,False
2019-12-17,33.02000045776367,33.11000061035156,33.0099983215332,33.0099983215332,26.245126724243164,418800,0.0,False
2019-12-18,33.02000045776367,33.08000183105469,32.970001220703125,33.04999923706055,26.276926040649414,825200,0.0,False
2019-12-19,33.11000061035156,33.150001525878906,33.04999923706055,33.06999969482422,26.292831420898438,945100,0.0,False
2019-12-20,32.970001220703125,33.060001373291016,32.95000076293945,32.97999954223633,26.391254425048828,857100,0.0,False
2019-12-23,32.97999954223633,33.15999984741211,32.959999084472656,33.15999984741211,26.535295486450195,874900,0.0,False
2019-12-24,33.16999816894531,33.31999969482422,33.16999816894531,33.25,26.607316970825195,213600,0.0,False
2019-12-26,33.290000915527344,33.47999954223633,33.290000915527344,33.41999816894531,26.743356704711914,360000,0.0,False
2019-12-27,33.560001373291016,33.56999969482422,33.400001525878906,33.41999816894531,26.743356704711914,924500,0.0,False
2019-12-30,33.470001220703125,33.52000045776367,33.34000015258789,33.34000015258789,26.679336547851562,315800,0.0,False
2019-12-31,33.31999969482422,33.529998779296875,33.310001373291016,33.529998779296875,26.831378936767578,266500,0.0,False
2020-01-02,33.68000030517578,33.7599983215332,33.529998779296875,33.66999816894531,26.943408966064453,1101800,0.0,False
2020-01-03,33.5099983215332,33.61000061035156,33.400001525878906,33.41999816894531,26.743356704711914,771400,0.0,False
2020-01-06,33.4900016784668,33.59000015258789,33.45000076293945,33.58000183105469,26.871383666992188,543900,0.0,False
2020-01-07,33.400001525878906,33.4900016784668,33.34000015258789,33.459999084472656,26.775362014770508,439400,0.0,False
2020-01-08,33.4900016784668,33.4900016784668,33.2599983215332,33.31999969482422,26.663333892822266,580900,0.0,False
2020-01-09,33.25,33.25,33.099998474121094,33.25,26.607316970825195,300500,0.0,False
2020-01-10,33.25,33.349998474121094,33.16999816894531,33.209999084472656,26.575307846069336,289100,0.0,False
2020-01-13,33.209999084472656,33.400001525878906,33.16999816894531,33.38999938964844,26.719341278076172,318600,0.0,False
2020-01-14,33.290000915527344,33.41999816894531,33.27000045776367,33.349998474121094,26.68733787536621,874900,0.0,False
2020-01-15,33.290000915527344,33.400001525878906,33.27000045776367,33.310001373291016,26.655332565307617,380100,0.0,False
2020-01-16,33.41999816894531,33.4900016784668,33.380001068115234,33.4900016784668,26.799367904663086,622800,0.0,False
2020-01-17,33.56999969482422,33.58000183105469,33.41999816894531,33.5,26.807369232177734,618500,0.0,False
2020-01-21,33.349998474121094,33.349998474121094,33.13999938964844,33.13999938964844,26.519287109375,395100,0.0,False
2020-01-22,33.209999084472656,33.209999084472656,33.029998779296875,33.09000015258789,26.479284286499023,299000,0.0,False
2020-01-23,32.689998626708984,32.869998931884766,32.54999923706055,32.81999969482422,26.263219833374023,359300,0.0,False
2020-01-24,32.779998779296875,32.779998779296875,32.43000030517578,32.54999923706055,26.04715919494629,451500,0.0,False
2020-01-27,31.8799991607666,31.920000076293945,31.649999618530273,31.649999618530273,25.326963424682617,946700,0.0,False
2020-01-28,31.729999542236328,31.8799991607666,31.709999084472656,31.8700008392334,25.503013610839844,462600,0.0,False
2020-01-29,31.90999984741211,31.950000762939453,31.760000228881836,31.760000228881836,25.414989471435547,384500,0.0,False
2020-01-30,31.549999237060547,31.8700008392334,31.520000457763672,31.860000610351562,25.495014190673828,1852400,0.0,False
2020-01-31,31.459999084472656,31.479999542236328,31.139999389648438,31.260000228881836,25.01487922668457,533300,0.0,False
2020-02-03,31.139999389648438,31.270000457763672,31.040000915527344,31.1200008392334,24.90284538269043,573000,0.0,False
2020-02-04,31.559999465942383,31.59000015258789,31.479999542236328,31.510000228881836,25.21493148803711,495700,0.0,False
2020-02-05,31.850000381469727,32.119998931884766,31.850000381469727,32.11000061035156,25.695068359375,542200,0.0,False
2020-02-06,32.150001525878906,32.150001525878906,31.90999984741211,31.90999984741211,25.535024642944336,339700,0.0,False
2020-02-07,31.690000534057617,31.690000534057617,31.43000030517578,31.440000534057617,25.158920288085938,1139300,0.0,False
2020-02-10,31.3799991607666,31.5,31.350000381469727,31.459999084472656,25.174924850463867,967900,0.0,False
2020-02-11,31.760000228881836,31.969999313354492,31.75,31.760000228881836,25.414989471435547,388800,0.0,False
2020-02-12,32.11000061035156,32.13999938964844,32.04999923706055,32.099998474121094,25.68705940246582,235300,0.0,False
2020-02-13,31.90999984741211,31.979999542236328,31.809999465942383,31.84000015258789,25.4790096282959,513500,0.0,False
2020-02-14,31.899999618530273,31.899999618530273,31.6299991607666,31.729999542236328,25.39098358154297,291100,0.0,False
2020-02-18,31.559999465942383,31.68000030517578,31.520000457763672,31.65999984741211,25.334970474243164,465800,0.0,False
2020-02-19,31.81999969482422,31.979999542236328,31.81999969482422,31.889999389648438,25.519018173217773,492600,0.0,False
2020-02-20,31.850000381469727,32.029998779296875,31.739999771118164,31.84000015258789,25.4790096282959,1441700,0.0,False
2020-02-21,31.780000686645508,31.81999969482422,31.639999389648438,31.770000457763672,25.42299461364746,731400,0.0,False
2020-02-24,30.790000915527344,30.81999969482422,30.579999923706055,30.579999923706055,24.470731735229492,1035000,0.0,False
2020-02-25,30.649999618530273,30.719999313354492,29.68000030517578,29.709999084472656,23.774538040161133,1608900,0.0,False
2020-02-26,29.81999969482422,30.049999237060547,29.459999084472656,29.459999084472656,23.574485778808594,2076400,0.0,False
2020-02-27,28.969999313354492,29.149999618530273,28.239999771118164,28.270000457763672,22.62221908569336,2634500,0.0,False
2020-02-28,27.25,27.90999984741211,26.989999771118164,27.799999237060547,22.246118545532227,3331400,0.0,False
2020-03-02,28.100000381469727,28.75,27.84000015258789,28.75,23.006324768066406,2028500,0.0,False
2020-03-03,28.90999984741211,29.270000457763672,28.299999237060547,28.540000915527344,22.83828353881836,4714300,0.0,False
2020-03-04,29.170000076293945,29.389999389648438,28.860000610351562,29.360000610351562,23.494461059570312,6027600,0.0,False
2020-03-05,28.770000457763672,28.93000030517578,28.420000076293945,28.59000015258789,22.878292083740234,2924500,0.0,False
2020-03-06,28.0,28.06999969482422,27.40999984741211,27.739999771118164,22.19810676574707,2482500,0.0,False
2020-03-09,24.729999542236328,25.399999618530273,23.06999969482422,24.399999618530273,19.525365829467773,1434000,0.0,False
2020-03-10,25.700000762939453,25.739999771118164,24.600000381469727,25.700000762939453,20.56565284729004,2725400,0.0,False
2020-03-11,24.84000015258789,24.979999542236328,23.770000457763672,24.030000686645508,19.229291915893555,3270200,0.0,False
2020-03-12,21.93000030517578,22.1299991607666,20.969999313354492,21.110000610351562,16.892648696899414,2848500,0.0,False
2020-03-13,22.760000228881836,22.8700008392334,20.989999771118164,22.239999771118164,17.796894073486328,2276600,0.0,False
2020-03-16,19.93000030517578,21.15999984741211,19.329999923706055,20.299999237060547,16.244464874267578,1617400,0.0,False
2020-03-17,20.59000015258789,21.639999389648438,20.43000030517578,21.329999923706055,17.068695068359375,1556500,0.0,False
2020-03-18,20.079999923706055,20.5,18.719999313354492,19.18000030517578,15.34821605682373,1564500,0.0,False
2020-03-19,19.239999771118164,20.329999923706055,18.700000762939453,19.989999771118164,15.9963960647583,2091400,0.0,False
2020-03-20,20.200000762939453,20.3799991607666,19.059999465942383,19.25,15.603277206420898,1896500,0.0,False
2020-03-23,19.309999465942383,19.559999465942383,18.850000381469727,19.15999984741211,15.530330657958984,3877600,0.0,False
2020-03-24,20.8700008392334,21.530000686645508,20.530000686645508,21.43000030517578,17.370304107666016,1743200,0.0,False
2020-03-25,21.860000610351562,22.920000076293945,21.469999313354492,22.219999313354492,18.010637283325195,2320600,0.0,False
2020-03-26,22.649999618530273,23.1200008392334,22.530000686645508,22.959999084472656,18.610454559326172,2837500,0.0,False
2020-03-27,22.010000228881836,22.100000381469727,21.579999923706055,21.690000534057617,17.58104133605957,3690400,0.0,False
2020-03-30,21.920000076293945,22.34000015258789,21.780000686645508,22.329999923706055,18.09980010986328,2449000,0.0,False
2020-03-31,22.56999969482422,23.020000457763672,22.299999237060547,22.530000686645508,18.261913299560547,3211600,0.0,False
2020-04-01,22.18000030517578,22.510000228881836,21.90999984741211,22.020000457763672,17.848529815673828,1902300,0.0,False
2020-04-02,22.469999313354492,23.5,22.3700008392334,23.0,18.64287567138672,970400,0.0,False
2020-04-03,22.8799991607666,23.079999923706055,22.270000457763672,22.520000457763672,18.253812789916992,1556300,0.0,False
2020-04-06,23.219999313354492,23.649999618530273,23.110000610351562,23.610000610351562,19.13731575012207,855300,0.0,False
2020-04-07,24.459999084472656,24.6299991607666,23.780000686645508,23.790000915527344,19.283222198486328,939600,0.0,False
2020-04-08,23.979999542236328,24.520000457763672,23.790000915527344,24.40999984741211,19.785770416259766,1245900,0.0,False
2020-04-09,24.959999084472656,25.43000030517578,24.579999923706055,25.0,20.264001846313477,950400,0.0,False
2020-04-13,25.100000381469727,25.219999313354492,24.649999618530273,25.030000686645508,20.288314819335938,941000,0.0,False
2020-04-14,25.399999618530273,25.59000015258789,25.010000228881836,25.110000610351562,20.353164672851562,853000,0.0,False
2020-04-15,24.229999542236328,24.290000915527344,23.90999984741211,24.149999618530273,19.57501792907715,867300,0.0,False
2020-04-16,24.219999313354492,24.219999313354492,23.719999313354492,24.040000915527344,19.48586082458496,963700,0.0,False
2020-04-17,24.489999771118164,24.920000076293945,24.399999618530273,24.8700008392334,20.15863037109375,891900,0.0,False
2020-04-20,24.209999084472656,24.850000381469727,24.209999084472656,24.290000915527344,19.688501358032227,598000,0.0,False
2020-04-21,23.59000015258789,23.989999771118164,23.5,23.690000534057617,19.202157974243164,900600,0.0,False
2020-04-22,24.3799991607666,24.59000015258789,24.219999313354492,24.530000686645508,19.883037567138672,1332200,0.0,False
2020-04-23,24.790000915527344,25.3700008392334,24.790000915527344,24.850000381469727,20.14241600036621,970300,0.0,False
2020-04-24,25.09000015258789,25.260000228881836,24.709999084472656,24.989999771118164,20.255887985229492,773200,0.0,False
2020-04-27,25.040000915527344,25.43000030517578,24.829999923706055,25.31999969482422,20.52337646484375,828700,0.0,False
2020-04-28,25.719999313354492,25.809999465942383,25.360000610351562,25.65999984741211,20.798965454101562,607100,0.0,False
2020-04-29,26.209999084472656,26.729999542236328,26.190000534057617,26.6200008392334,21.57710075378418,1188000,0.0,False
2020-04-30,26.280000686645508,26.280000686645508,25.670000076293945,25.84000015258789,20.94487190246582,700100,0.0,False
2020-05-01,25.149999618530273,25.280000686645508,24.8799991607666,25.0,20.264001846313477,772400,0.0,False
2020-05-04,24.84000015258789,25.260000228881836,24.75,25.229999542236328,20.450424194335938,631100,0.0,False
2020-05-05,25.68000030517578,25.90999984741211,25.459999084472656,25.579999923706055,20.734121322631836,813300,0.0,False
2020-05-06,25.579999923706055,25.649999618530273,25.030000686645508,25.030000686645508,20.288314819335938,698500,0.0,False
2020-05-07,25.459999084472656,25.799999237060547,25.459999084472656,25.59000015258789,20.742231369018555,486700,0.0,False
2020-05-08,26.0,26.229999542236328,25.940000534057617,26.219999313354492,21.25288200378418,560000,0.0,False
2020-05-11,25.889999389648438,25.90999984741211,25.600000381469727,25.719999313354492,20.847604751586914,762300,0.0,False
2020-05-12,25.899999618530273,25.969999313354492,25.329999923706055,25.329999923706055,20.531484603881836,878500,0.0,False
2020-05-13,25.40999984741211,25.40999984741211,24.709999084472656,24.860000610351562,20.1505184173584,855000,0.0,False
2020-05-14,24.469999313354492,25.110000610351562,24.25,25.110000610351562,20.353164672851562,860700,0.0,False
2020-05-15,25.200000762939453,25.450000762939453,25.059999465942383,25.280000686645508,20.490955352783203,1177100,0.0,False
2020-05-18,26.239999771118164,26.649999618530273,26.239999771118164,26.510000228881836,21.48794174194336,1329500,0.0,False
2020-05-19,26.610000610351562,26.719999313354492,26.350000381469727,26.350000381469727,21.35825538635254,785200,0.0,False
2020-05-20,26.81999969482422,27.020000457763672,26.780000686645508,26.850000381469727,21.763532638549805,860300,0.0,False
2020-05-21,26.809999465942383,26.8799991607666,26.350000381469727,26.510000228881836,21.48794174194336,972800,0.0,False
2020-05-22,26.329999923706055,26.3700008392334,26.190000534057617,26.360000610351562,21.36635971069336,545700,0.0,False
2020-05-26,26.959999084472656,27.049999237060547,26.729999542236328,26.75,21.682476043701172,553700,0.0,False
2020-05-27,26.979999542236328,27.100000381469727,26.600000381469727,27.09000015258789,21.95806312561035,795200,0.0,False
2020-05-28,27.270000457763672,27.40999984741211,26.950000762939453,26.989999771118164,21.87700843811035,479400,0.0,False
2020-05-29,26.969999313354492,27.139999389648438,26.739999771118164,27.020000457763672,21.901329040527344,401800,0.0,False
2020-06-01,27.139999389648438,27.68000030517578,27.09000015258789,27.670000076293945,22.42818832397461,413200,0.0,False
2020-06-02,27.979999542236328,28.190000534057617,27.8799991607666,28.190000534057617,22.849679946899414,338800,0.0,False
2020-06-03,28.40999984741211,28.690000534057617,28.40999984741211,28.56999969482422,23.157697677612305,661900,0.0,False
2020-06-04,28.399999618530273,28.65999984741211,28.329999923706055,28.559999465942383,23.149593353271484,533800,0.0,False
2020-06-05,29.260000228881836,29.68000030517578,29.260000228881836,29.479999542236328,23.895305633544922,885500,0.0,False
2020-06-08,29.920000076293945,30.200000762939453,29.68000030517578,30.18000030517578,24.46269416809082,1125100,0.0,False
2020-06-09,29.559999465942383,29.829999923706055,29.420000076293945,29.68000030517578,24.05742073059082,375900,0.0,False
2020-06-10,29.670000076293945,29.700000762939453,29.09000015258789,29.280000686645508,23.733192443847656,628400,0.0,False
2020-06-11,28.239999771118164,28.420000076293945,27.200000762939453,27.280000686645508,22.11207389831543,1214200,0.0,False
2020-06-12,28.239999771118164,28.350000381469727,27.440000534057617,27.920000076293945,22.630836486816406,310700,0.0,False
2020-06-15,27.09000015258789,28.020000457763672,26.8799991607666,27.8799991607666,22.59841537475586,538300,0.0,False
2020-06-16,28.6299991607666,28.65999984741211,27.889999389648438,28.260000228881836,22.906421661376953,437800,0.0,False
2020-06-17,28.34000015258789,28.3700008392334,27.969999313354492,28.0,22.6956729888916,748800,0.0,False
2020-06-18,27.75,28.0,27.690000534057617,27.8700008392334,22.590303421020508,487000,0.0,False
2020-06-19,28.06999969482422,28.06999969482422,27.520000457763672,27.579999923706055,22.507877349853516,762600,0.0,False
2020-06-22,27.709999084472656,27.959999084472656,27.600000381469727,27.899999618530273,22.769023895263672,473400,0.0,False
2020-06-23,28.309999465942383,28.360000610351562,28.079999923706055,28.110000610351562,22.940404891967773,557400,0.0,False
2020-06-24,27.770000457763672,27.829999923706055,27.149999618530273,27.290000915527344,22.271211624145508,1031300,0.0,False
2020-06-25,27.229999542236328,27.600000381469727,27.139999389648438,27.579999923706055,22.507877349853516,495500,0.0,False
2020-06-26,27.43000030517578,27.43000030517578,27.0,27.1299991607666,22.1406307220459,602400,0.0,False
2020-06-29,27.34000015258789,27.469999313354492,27.170000076293945,27.43000030517578,22.385467529296875,495800,0.0,False
2020-06-30,27.209999084472656,27.780000686645508,27.149999618530273,27.639999389648438,22.556846618652344,316600,0.0,False
2020-07-01,27.649999618530273,27.760000228881836,27.399999618530273,27.59000015258789,22.516035079956055,428600,0.0,False
2020-07-02,27.8799991607666,28.200000762939453,27.760000228881836,27.770000457763672,22.662931442260742,419100,0.0,False
2020-07-06,28.170000076293945,28.299999237060547,27.959999084472656,28.079999923706055,22.915922164916992,315000,0.0,False
2020-07-07,27.90999984741211,28.09000015258789,27.81999969482422,27.84000015258789,22.720064163208008,572100,0.0,False
2020-07-08,28.020000457763672,28.219999313354492,27.850000381469727,28.049999237060547,22.891441345214844,427700,0.0,False
2020-07-09,28.1200008392334,28.1200008392334,27.360000610351562,27.520000457763672,22.458911895751953,373300,0.0,False
2020-07-10,27.6200008392334,27.8799991607666,27.479999542236328,27.8700008392334,22.744544982910156,393800,0.0,False
2020-07-13,28.15999984741211,28.31999969482422,27.709999084472656,27.739999771118164,22.638456344604492,524400,0.0,False
2020-07-14,27.700000762939453,28.479999542236328,27.700000762939453,28.450000762939453,23.217880249023438,604000,0.0,False
2020-07-15,28.809999465942383,28.8700008392334,28.610000610351562,28.799999237060547,23.503511428833008,561800,0.0,False
2020-07-16,28.549999237060547,28.739999771118164,28.43000030517578,28.559999465942383,23.30765151977539,446200,0.0,False
2020-07-17,28.729999542236328,28.81999969482422,28.639999389648438,28.790000915527344,23.49535369873047,429300,0.0,False
2020-07-20,28.770000457763672,28.90999984741211,28.719999313354492,28.809999465942383,23.511676788330078,247400,0.0,False
2020-07-21,28.969999313354492,29.399999618530273,28.969999313354492,29.219999313354492,23.84627342224121,448300,0.0,False
2020-07-22,29.190000534057617,29.309999465942383,29.09000015258789,29.290000915527344,23.90340232849121,303800,0.0,False
2020-07-23,29.219999313354492,29.420000076293945,28.969999313354492,29.1299991607666,23.772823333740234,749600,0.0,False
2020-07-24,29.149999618530273,29.329999923706055,29.09000015258789,29.219999313354492,23.84627342224121,358500,0.0,False
2020-07-27,29.530000686645508,29.799999237060547,29.459999084472656,29.780000686645508,24.303281784057617,413900,0.0,False
2020-07-28,29.59000015258789,29.65999984741211,29.440000534057617,29.479999542236328,24.058460235595703,428100,0.0,False
2020-07-29,29.65999984741211,29.8700008392334,29.559999465942383,29.799999237060547,24.319604873657227,332700,0.0,False
2020-07-30,29.270000457763672,29.290000915527344,28.90999984741211,29.229999542236328,23.85443687438965,656400,0.0,False
2020-07-31,29.15999984741211,29.15999984741211,28.84000015258789,29.110000610351562,23.756505966186523,539100,0.0,False
2020-08-03,29.229999542236328,29.309999465942383,29.100000381469727,29.290000915527344,23.90340232849121,709400,0.0,False
2020-08-04,29.270000457763672,29.850000381469727,29.260000228881836,29.850000381469727,24.360410690307617,468600,0.0,False
2020-08-05,30.34000015258789,30.579999923706055,30.260000228881836,30.260000228881836,24.695009231567383,1070200,0.0,False
2020-08-06,30.209999084472656,30.270000457763672,30.0,30.170000076293945,24.621562957763672,1574400,0.0,False
2020-08-07,29.799999237060547,29.850000381469727,29.559999465942383,29.829999923706055,24.344087600708008,683700,0.0,False
2020-08-10,30.0,30.270000457763672,30.0,30.1299991607666,24.588916778564453,771100,0.0,False
2020-08-11,30.200000762939453,30.3700008392334,29.739999771118164,29.770000457763672,24.295122146606445,658500,0.0,False
2020-08-12,30.309999465942383,30.350000381469727,30.100000381469727,30.100000381469727,24.564437866210938,444500,0.0,False
2020-08-13,30.15999984741211,30.280000686645508,30.0,30.09000015258789,24.5562744140625,220400,0.0,False
2020-08-14,29.989999771118164,30.09000015258789,29.90999984741211,30.049999237060547,24.523632049560547,398900,0.0,False
2020-08-17,30.43000030517578,30.479999542236328,30.34000015258789,30.469999313354492,24.86638832092285,450100,0.0,False
2020-08-18,30.56999969482422,30.690000534057617,30.290000915527344,30.40999984741211,24.81742286682129,325200,0.0,False
2020-08-19,30.3799991607666,30.420000076293945,29.950000762939453,29.979999542236328,24.466501235961914,541500,0.0,False
2020-08-20,29.639999389648438,29.81999969482422,29.56999969482422,29.809999465942383,24.3277645111084,3983500,0.0,False
2020-08-21,29.549999237060547,29.549999237060547,29.389999389648438,29.510000228881836,24.08293914794922,588400,0.0,False
2020-08-24,29.8799991607666,29.950000762939453,29.790000915527344,29.90999984741211,24.409379959106445,348600,0.0,False
2020-08-25,29.950000762939453,29.950000762939453,29.530000686645508,29.739999771118164,24.270639419555664,459200,0.0,False
2020-08-26,29.68000030517578,29.860000610351562,29.639999389648438,29.829999923706055,24.344087600708008,605100,0.0,False
2020-08-27,29.979999542236328,29.989999771118164,29.459999084472656,29.6200008392334,24.172712326049805,767500,0.0,False
2020-08-28,29.790000915527344,29.989999771118164,29.729999542236328,29.989999771118164,24.474660873413086,1315900,0.0,False
2020-08-31,30.0,30.0,29.719999313354492,29.719999313354492,24.254316329956055,458800,0.0,False
2020-09-01,29.829999923706055,29.829999923706055,29.670000076293945,29.81999969482422,24.335927963256836,596900,0.0,False
2020-09-02,29.8799991607666,29.979999542236328,29.65999984741211,29.969999313354492,24.458345413208008,933500,0.0,False
2020-09-03,29.809999465942383,29.969999313354492,29.270000457763672,29.420000076293945,24.009489059448242,1570800,0.0,False
2020-09-04,29.600000381469727,29.719999313354492,29.049999237060547,29.510000228881836,24.08293914794922,717800,0.0,False
2020-09-08,29.030000686645508,29.229999542236328,28.690000534057617,28.899999618530273,23.585121154785156,749400,0.0,False
2020-09-09,29.280000686645508,29.639999389648438,29.270000457763672,29.479999542236328,24.058460235595703,804700,0.0,False
2020-09-10,29.579999923706055,29.649999618530273,28.989999771118164,29.010000228881836,23.674896240234375,677200,0.0,False
2020-09-11,29.299999237060547,29.43000030517578,29.110000610351562,29.280000686645508,23.89523696899414,710000,0.0,False
2020-09-14,29.5,29.6200008392334,29.440000534057617,29.540000915527344,24.107425689697266,704100,0.0,False
2020-09-15,29.860000610351562,29.969999313354492,29.65999984741211,29.700000762939453,24.23799705505371,576500,0.0,False
2020-09-16,29.84000015258789,30.170000076293945,29.760000228881836,29.8700008392334,24.376733779907227,2422500,0.0,False
2020-09-17,29.520000457763672,29.809999465942383,29.329999923706055,29.799999237060547,24.319604873657227,696000,0.0,False
2020-09-18,29.469999313354492,29.559999465942383,29.15999984741211,29.170000076293945,24.026382446289062,954200,0.0,False
2020-09-21,28.440000534057617,28.450000762939453,27.979999542236328,28.280000686645508,23.293319702148438,517700,0.0,False
2020-09-22,28.329999923706055,28.469999313354492,28.020000457763672,28.229999542236328,23.252132415771484,624200,0.0,False
2020-09-23,28.15999984741211,28.25,27.3700008392334,27.420000076293945,22.584962844848633,686100,0.0,False
2020-09-24,27.3700008392334,27.81999969482422,27.15999984741211,27.600000381469727,22.73322296142578,808500,0.0,False
2020-09-25,27.31999969482422,27.719999313354492,27.219999313354492,27.68000030517578,22.799116134643555,1250200,0.0,False
2020-09-28,27.950000762939453,28.100000381469727,27.8700008392334,27.920000076293945,22.996797561645508,914500,0.0,False
2020-09-29,27.8799991607666,27.8799991607666,27.520000457763672,27.6299991607666,22.7579345703125,841800,0.0,False
2020-09-30,27.690000534057617,27.940000534057617,27.6299991607666,27.760000228881836,22.865013122558594,1167900,0.0,False
2020-10-01,27.760000228881836,27.780000686645508,27.459999084472656,27.59000015258789,22.724985122680664,490000,0.0,False
2020-10-02,27.200000762939453,27.75,27.200000762939453,27.600000381469727,22.73322296142578,667000,0.0,False
2020-10-05,27.850000381469727,28.190000534057617,27.850000381469727,28.190000534057617,23.21918487548828,718000,0.0,False
2020-10-06,28.3799991607666,28.450000762939453,27.739999771118164,27.799999237060547,22.89795684814453,841900,0.0,False
2020-10-07,28.0,28.170000076293945,27.940000534057617,28.09000015258789,23.136821746826172,406100,0.0,False
2020-10-08,28.31999969482422,28.559999465942383,28.299999237060547,28.540000915527344,23.507471084594727,1457100,0.0,False
2020-10-09,28.8700008392334,28.899999618530273,28.690000534057617,28.799999237060547,23.721620559692383,986100,0.0,False
2020-10-12,28.81999969482422,28.889999389648438,28.690000534057617,28.860000610351562,23.77104377746582,344800,0.0,False
2020-10-13,28.65999984741211,28.65999984741211,28.43000030517578,28.520000457763672,23.490995407104492,420000,0.0,False
2020-10-14,28.549999237060547,28.809999465942383,28.510000228881836,28.520000457763672,23.490995407104492,427800,0.0,False
2020-10-15,28.0,28.420000076293945,27.93000030517578,28.399999618530273,23.392154693603516,635200,0.0,False
2020-10-16,28.450000762939453,28.450000762939453,28.229999542236328,28.229999542236328,23.252132415771484,340000,0.0,False
2020-10-19,28.350000381469727,28.459999084472656,27.940000534057617,27.959999084472656,23.029741287231445,520900,0.0,False
2020-10-20,28.049999237060547,28.229999542236328,28.040000915527344,28.06999969482422,23.120342254638672,507600,0.0,False
2020-10-21,28.049999237060547,28.299999237060547,28.020000457763672,28.020000457763672,23.07916259765625,508000,0.0,False
2020-10-22,27.959999084472656,28.260000228881836,27.809999465942383,28.209999084472656,23.235660552978516,670900,0.0,False
2020-10-23,28.299999237060547,28.350000381469727,28.110000610351562,28.219999313354492,23.243896484375,346200,0.0,False
2020-10-26,27.8799991607666,27.940000534057617,27.459999084472656,27.639999389648438,22.76616859436035,757100,0.0,False
2020-10-27,27.530000686645508,27.56999969482422,27.389999389648438,27.389999389648438,22.560253143310547,726200,0.0,False
2020-10-28,26.690000534057617,26.81999969482422,26.43000030517578,26.489999771118164,21.818952560424805,965500,0.0,False
2020-10-29,26.350000381469727,26.90999984741211,26.190000534057617,26.799999237060547,22.074281692504883,875500,0.0,False
2020-10-30,26.729999542236328,26.799999237060547,26.43000030517578,26.760000228881836,22.041339874267578,2196300,0.0,False
2020-11-02,27.1200008392334,27.43000030517578,26.969999313354492,27.3799991607666,22.552021026611328,674200,0.0,False
2020-11-03,27.81999969482422,27.81999969482422,27.450000762939453,27.5,22.650856018066406,897700,0.0,False
2020-11-04,27.479999542236328,27.760000228881836,27.15999984741211,27.43000030517578,22.593198776245117,656500,0.0,False
2020-11-05,27.860000610351562,28.239999771118164,27.860000610351562,28.149999618530273,23.18623924255371,962100,0.0,False
2020-11-06,28.280000686645508,28.40999984741211,28.170000076293945,28.25,23.26860809326172,432600,0.0,False
2020-11-09,29.639999389648438,30.010000228881836,29.209999084472656,29.34000015258789,24.16640281677246,1972400,0.0,False
2020-11-10,29.670000076293945,29.84000015258789,29.549999237060547,29.780000686645508,24.5288143157959,1038800,0.0,False
2020-11-11,29.8700008392334,29.920000076293945,29.670000076293945,29.790000915527344,24.53705406188965,767400,0.0,False
2020-11-12,29.59000015258789,29.690000534057617,29.1299991607666,29.25,24.092273712158203,823800,0.0,False
2020-11-13,29.479999542236328,29.81999969482422,29.479999542236328,29.770000457763672,24.520580291748047,723300,0.0,False
2020-11-16,30.399999618530273,30.600000381469727,30.219999313354492,30.600000381469727,25.2042293548584,535100,0.0,False
2020-11-17,30.440000534057617,30.700000762939453,30.239999771118164,30.639999389648438,25.237171173095703,486800,0.0,False
2020-11-18,30.65999984741211,30.75,30.200000762939453,30.200000762939453,24.874759674072266,479800,0.0,False
2020-11-19,29.8799991607666,30.260000228881836,29.8799991607666,30.25,24.91594123840332,465300,0.0,False
2020-11-20,30.280000686645508,30.360000610351562,30.190000534057617,30.309999465942383,24.965364456176758,706500,0.0,False
2020-11-23,30.59000015258789,30.969999313354492,30.59000015258789,30.90999984741211,25.459562301635742,369000,0.0,False
2020-11-24,31.280000686645508,31.860000610351562,31.280000686645508,31.81999969482422,26.209102630615234,669300,0.0,False
2020-11-25,31.68000030517578,31.790000915527344,31.489999771118164,31.700000762939453,26.110258102416992,453600,0.0,False
2020-11-27,31.6299991607666,31.809999465942383,31.610000610351562,31.729999542236328,26.13496971130371,326700,0.0,False
2020-11-30,31.520000457763672,31.520000457763672,30.90999984741211,30.940000534057617,25.484272003173828,909400,0.0,False
2020-12-01,31.600000381469727,31.65999984741211,31.489999771118164,31.59000015258789,26.019657135009766,401900,0.0,False
2020-12-02,31.559999465942383,32.0099983215332,31.5,31.850000381469727,26.23381233215332,544300,0.0,False
2020-12-03,32.06999969482422,32.310001373291016,31.93000030517578,32.16999816894531,26.497379302978516,1107900,0.0,False
2020-12-04,32.41999816894531,32.79999923706055,32.41999816894531,32.790000915527344,27.008058547973633,594500,0.0,False
2020-12-07,32.689998626708984,32.790000915527344,32.529998779296875,32.619998931884766,26.8680362701416,785900,0.0,False
2020-12-08,32.5,32.83000183105469,32.439998626708984,32.77000045776367,26.9915828704834,449100,0.0,False
2020-12-09,32.880001068115234,32.97999954223633,32.40999984741211,32.66999816894531,26.909215927124023,541700,0.0,False
2020-12-10,32.689998626708984,33.16999816894531,32.689998626708984,33.09000015258789,27.255159378051758,467500,0.0,False
2020-12-11,32.869998931884766,33.029998779296875,32.72999954223633,32.95000076293945,27.139842987060547,489400,0.0,False
2020-12-14,33.15999984741211,33.20000076293945,32.470001220703125,32.470001220703125,26.744483947753906,510400,0.0,False
2020-12-15,32.779998779296875,33.040000915527344,32.65999984741211,33.0,27.181026458740234,360900,0.0,False
2020-12-16,33.029998779296875,33.04999923706055,32.81999969482422,32.95000076293945,27.139842987060547,480600,0.0,False
2020-12-17,33.33000183105469,33.38999938964844,33.15999984741211,33.290000915527344,27.41989517211914,372700,0.0,False
2020-12-18,33.04999923706055,33.04999923706055,32.70000076293945,32.779998779296875,27.153982162475586,333200,0.0,False
2020-12-21,32.040000915527344,32.47999954223633,31.950000762939453,32.40999984741211,26.847484588623047,432400,0.0,False
2020-12-22,32.290000915527344,32.290000915527344,31.899999618530273,31.959999084472656,26.474716186523438,199500,0.0,False
2020-12-23,32.220001220703125,32.560001373291016,32.220001220703125,32.43000030517578,26.864057540893555,626900,0.0,False
2020-12-24,32.5,32.5,32.369998931884766,32.47999954223633,26.905473709106445,371200,0.0,False
2020-12-28,32.720001220703125,32.79999923706055,32.45000076293945,32.4900016784668,26.913759231567383,667100,0.0,False
2020-12-29,32.70000076293945,32.7599983215332,32.40999984741211,32.45000076293945,26.880619049072266,573500,0.0,False
2020-12-30,32.560001373291016,32.880001068115234,32.54999923706055,32.7400016784668,27.120847702026367,369300,0.0,False
2020-12-31,32.65999984741211,32.65999984741211,32.5,32.540000915527344,26.95517921447754,418900,0.0,False
2021-01-04,33.2599983215332,33.52000045776367,32.939998626708984,33.150001525878906,27.460481643676758,582000,0.0,False
2021-01-05,33.33000183105469,34.09000015258789,33.33000183105469,33.849998474121094,28.040342330932617,443000,0.0,False
2021-01-06,34.27000045776367,34.95000076293945,34.2400016784668,34.7400016784668,28.777589797973633,1052800,0.0,False
2021-01-07,35.0099983215332,35.209999084472656,34.93000030517578,35.16999816894531,29.133779525756836,419600,0.0,False
2021-01-08,35.2599983215332,35.290000915527344,34.7599983215332,35.150001525878906,29.11722183227539,392900,0.0,False
2021-01-11,34.4900016784668,34.91999816894531,34.41999816894531,34.810001373291016,28.8355770111084,395900,0.0,False
2021-01-12,34.959999084472656,35.36000061035156,34.84000015258789,35.34000015258789,29.274614334106445,792500,0.0,False
2021-01-13,35.34000015258789,35.349998474121094,35.06999969482422,35.119998931884766,29.092369079589844,423400,0.0,False
2021-01-14,35.31999969482422,35.790000915527344,35.310001373291016,35.65999984741211,29.539688110351562,655100,0.0,False
2021-01-15,35.150001525878906,35.150001525878906,34.560001373291016,34.72999954223633,28.76930809020996,503400,0.0,False
2021-01-19,35.0099983215332,35.06999969482422,34.83000183105469,35.029998779296875,29.017822265625,471300,0.0,False
2021-01-20,35.2599983215332,35.380001068115234,35.13999938964844,35.349998474121094,29.28289794921875,492100,0.0,False
2021-01-21,35.400001525878906,35.400001525878906,34.880001068115234,34.900001525878906,28.910133361816406,1289300,0.0,False
2021-01-22,34.34000015258789,34.70000076293945,34.22999954223633,34.61000061035156,28.669906616210938,595700,0.0,False
2021-01-25,34.33000183105469,34.41999816894531,33.95000076293945,34.400001525878906,28.49594497680664,260400,0.0,False
2021-01-26,34.56999969482422,34.619998931884766,34.150001525878906,34.15999984741211,28.29714012145996,329900,0.0,False
2021-01-27,33.52000045776367,33.7599983215332,33.029998779296875,33.290000915527344,27.576457977294922,436500,0.0,False
2021-01-28,33.47999954223633,33.900001525878906,33.47999954223633,33.790000915527344,27.99064064025879,570800,0.0,False
2021-01-29,33.560001373291016,33.63999938964844,32.88999938964844,33.0099983215332,27.344512939453125,493600,0.0,False
2021-02-01,33.58000183105469,33.61000061035156,33.189998626708984,33.4900016784668,27.742122650146484,323700,0.0,False
2021-02-02,33.619998931884766,33.70000076293945,33.400001525878906,33.529998779296875,27.775264739990234,470600,0.0,False
2021-02-03,33.65999984741211,34.0,33.63999938964844,33.93000030517578,28.10661506652832,359200,0.0,False
2021-02-04,33.86000061035156,33.97999954223633,33.66999816894531,33.95000076293945,28.123188018798828,429400,0.0,False
2021-02-05,34.29999923706055,34.4900016784668,34.16999816894531,34.4900016784668,28.57050323486328,360200,0.0,False
2021-02-08,34.83000183105469,35.15999984741211,34.810001373291016,35.130001068115234,29.10065269470215,545600,0.0,False
2021-02-09,35.130001068115234,35.209999084472656,34.88999938964844,35.130001068115234,29.10065269470215,775100,0.0,False
2021-02-10,35.36000061035156,35.459999084472656,34.880001068115234,35.209999084472656,29.166915893554688,600600,0.0,False
2021-02-11,35.2400016784668,35.25,34.810001373291016,35.099998474121094,29.075801849365234,410200,0.0,False
2021-02-12,34.91999816894531,35.41999816894531,34.880001068115234,35.400001525878906,29.324317932128906,1066300,0.0,False
2021-02-16,35.93000030517578,36.18000030517578,35.86000061035156,36.0,29.82133674621582,1240400,0.0,False
2021-02-17,36.0,36.02000045776367,35.68000030517578,35.97999954223633,29.804773330688477,1516700,0.0,False
2021-02-18,35.970001220703125,36.029998779296875,35.4900016784668,35.66999816894531,29.547977447509766,7582700,0.0,False
2021-02-19,35.880001068115234,36.16999816894531,35.880001068115234,36.08000183105469,29.88760757446289,924500,0.0,False
2021-02-22,36.060001373291016,36.77000045776367,36.02000045776367,36.560001373291016,30.285226821899414,1728600,0.0,False
2021-02-23,36.58000183105469,36.810001373291016,35.84000015258789,36.720001220703125,30.417768478393555,1839200,0.0,False
2021-02-24,36.59000015258789,37.279998779296875,36.4900016784668,37.189998626708984,30.807104110717773,1444400,0.0,False
2021-02-25,37.27000045776367,37.349998474121094,36.2599983215332,36.40999984741211,30.160968780517578,1988100,0.0,False
2021-02-26,36.150001525878906,36.150001525878906,35.2400016784668,35.52000045776367,29.42371940612793,2861300,0.0,False
2021-03-01,36.09000015258789,36.41999816894531,36.09000015258789,36.220001220703125,30.003582000732422,1154400,0.0,False
2021-03-02,36.2599983215332,36.650001525878906,36.2599983215332,36.459999084472656,30.202383041381836,2020200,0.0,False
2021-03-03,36.38999938964844,36.77000045776367,36.25,36.43000030517578,30.17753791809082,1427600,0.0,False
2021-03-04,36.400001525878906,36.790000915527344,35.650001525878906,36.099998474121094,29.904176712036133,1766700,0.0,False
2021-03-05,36.630001068115234,36.959999084472656,35.9900016784668,36.880001068115234,30.550296783447266,1055500,0.0,False
2021-03-08,36.86000061035156,37.15999984741211,36.68000030517578,36.849998474121094,30.52545928955078,875600,0.0,False
2021-03-09,36.959999084472656,37.16999816894531,36.720001220703125,36.97999954223633,30.633136749267578,2222100,0.0,False
2021-03-10,36.959999084472656,37.36000061035156,36.90999984741211,37.310001373291016,30.906503677368164,1018800,0.0,False
2021-03-11,37.540000915527344,37.880001068115234,37.4900016784668,37.77000045776367,31.287559509277344,1445300,0.0,False
2021-03-12,37.61000061035156,37.849998474121094,37.5,37.84000015258789,31.34554100036621,621400,0.0,False
2021-03-15,37.810001373291016,37.810001373291016,37.31999969482422,37.7400016784668,31.262704849243164,752800,0.0,False
2021-03-16,37.61000061035156,37.61000061035156,37.20000076293945,37.290000915527344,30.889936447143555,807000,0.0,False
2021-03-17,37.0099983215332,37.540000915527344,36.90999984741211,37.4900016784668,31.05561637878418,608600,0.0,False
2021-03-18,37.22999954223633,37.38999938964844,36.619998931884766,36.72999954223633,30.42605209350586,687400,0.0,False
2021-03-19,36.41999816894531,36.599998474121094,36.029998779296875,36.439998626708984,30.3826904296875,895400,0.0,False
2021-03-22,36.369998931884766,36.369998931884766,36.150001525878906,36.20000076293945,30.182598114013672,617400,0.0,False
2021-03-23,35.869998931884766,35.900001525878906,35.27000045776367,35.369998931884766,29.490554809570312,1053200,0.0,False
2021-03-24,35.529998779296875,36.0099983215332,35.529998779296875,35.630001068115234,29.707338333129883,934500,0.0,False
2021-03-25,35.29999923706055,35.720001220703125,34.9900016784668,35.689998626708984,29.757360458374023,1017100,0.0,False
2021-03-26,36.0,36.54999923706055,36.0,36.54999923706055,30.474401473999023,969400,0.0,False
2021-03-29,36.400001525878906,36.56999969482422,36.20000076293945,36.470001220703125,30.40771484375,949900,0.0,False
2021-03-30,36.22999954223633,36.36000061035156,36.04999923706055,36.310001373291016,30.274307250976562,973500,0.0,False
2021-03-31,36.290000915527344,36.34000015258789,36.13999938964844,36.189998626708984,30.174243927001953,766500,0.0,False
2021-04-01,36.400001525878906,36.63999938964844,36.25,36.630001068115234,30.541105270385742,794000,0.0,False
2021-04-05,36.849998474121094,36.9900016784668,36.84000015258789,36.900001525878906,30.7662296295166,1522200,0.0,False
2021-04-06,36.869998931884766,37.119998931884766,36.810001373291016,36.81999969482422,30.69952964782715,870700,0.0,False
2021-04-07,36.93000030517578,37.040000915527344,36.7599983215332,36.90999984741211,30.774560928344727,1034900,0.0,False
2021-04-08,36.88999938964844,36.93000030517578,36.689998626708984,36.93000030517578,30.791240692138672,433600,0.0,False
2021-04-09,36.709999084472656,36.83000183105469,36.65999984741211,36.79999923706055,30.682849884033203,620200,0.0,False
2021-04-12,36.790000915527344,36.869998931884766,36.4900016784668,36.540000915527344,30.46607780456543,664400,0.0,False
2021-04-13,36.630001068115234,36.779998779296875,36.560001373291016,36.68000030517578,30.582796096801758,771100,0.0,False
2021-04-14,36.86000061035156,37.529998779296875,36.86000061035156,37.400001525878906,31.18311309814453,1285500,0.0,False
2021-04-15,37.650001525878906,37.790000915527344,37.5099983215332,37.790000915527344,31.50828742980957,877900,0.0,False
2021-04-16,37.90999984741211,37.93000030517578,37.66999816894531,37.84000015258789,31.549976348876953,513500,0.0,False
2021-04-19,37.88999938964844,38.029998779296875,37.66999816894531,37.849998474121094,31.558311462402344,619000,0.0,False
2021-04-20,37.630001068115234,37.65999984741211,37.119998931884766,37.290000915527344,31.09140396118164,912400,0.0,False
2021-04-21,37.08000183105469,37.75,36.9900016784668,37.75,31.474933624267578,945400,0.0,False
2021-04-22,37.619998931884766,37.619998931884766,37.20000076293945,37.29999923706055,31.09973907470703,663100,0.0,False
2021-04-23,37.5,37.81999969482422,37.349998474121094,37.68000030517578,31.416574478149414,466900,0.0,False
2021-04-26,37.880001068115234,38.119998931884766,37.880001068115234,38.06999969482422,31.741748809814453,474300,0.0,False
2021-04-27,37.97999954223633,38.13999938964844,37.90999984741211,38.06999969482422,31.741748809814453,467400,0.0,False
2021-04-28,38.150001525878906,38.63999938964844,38.099998474121094,38.58000183105469,32.16696548461914,836500,0.0,False
2021-04-29,38.689998626708984,38.720001220703125,38.13999938964844,38.45000076293945,32.058570861816406,1097600,0.0,False
2021-04-30,38.099998474121094,38.20000076293945,37.630001068115234,37.66999816894531,31.40822982788086,602100,0.0,False
2021-05-03,37.9900016784668,38.41999816894531,37.93000030517578,38.34000015258789,31.966873168945312,652500,0.0,False
2021-05-04,38.25,38.439998626708984,38.0099983215332,38.380001068115234,32.00021743774414,724900,0.0,False
2021-05-05,38.650001525878906,39.099998474121094,38.540000915527344,39.029998779296875,32.54216384887695,626200,0.0,False
2021-05-06,39.20000076293945,39.61000061035156,38.91999816894531,39.61000061035156,33.025753021240234,618000,0.0,False
2021-05-07,39.66999816894531,40.31999969482422,39.599998474121094,40.31999969482422,33.617733001708984,855500,0.0,False
2021-05-10,40.779998779296875,40.88999938964844,40.209999084472656,40.27000045776367,33.576045989990234,934300,0.0,False
2021-05-11,39.720001220703125,40.13999938964844,39.5,40.040000915527344,33.38426971435547,1361900,0.0,False
2021-05-12,39.900001525878906,40.13999938964844,39.290000915527344,39.400001525878906,32.85065460205078,1348400,0.0,False
2021-05-13,39.099998474121094,39.529998779296875,38.86000061035156,39.25,32.7255973815918,1436100,0.0,False
2021-05-14,39.380001068115234,39.84000015258789,39.380001068115234,39.810001373291016,33.1925048828125,964600,0.0,False
2021-05-17,39.68000030517578,40.27000045776367,39.630001068115234,40.25,33.55936813354492,891400,0.0,False
2021-05-18,40.40999984741211,40.5099983215332,39.9900016784668,40.02000045776367,33.36759948730469,1159300,0.0,False
2021-05-19,39.279998779296875,39.400001525878906,38.79999923706055,39.099998474121094,32.60052490234375,1239200,0.0,False
2021-05-20,39.11000061035156,39.2599983215332,38.900001525878906,39.16999816894531,32.65889358520508,856500,0.0,False
2021-05-21,39.2400016784668,39.459999084472656,38.970001220703125,39.060001373291016,32.56718826293945,616000,0.0,False
2021-05-24,39.16999816894531,39.380001068115234,39.040000915527344,39.27000045776367,32.742271423339844,462500,0.0,False
2021-05-25,39.279998779296875,39.279998779296875,38.81999969482422,38.84000015258789,32.38374710083008,733000,0.0,False
2021-05-26,38.84000015258789,39.119998931884766,38.779998779296875,39.029998779296875,32.54216384887695,1008200,0.0,False
2021-05-27,39.33000183105469,39.45000076293945,39.209999084472656,39.29999923706055,32.767276763916016,724700,0.0,False
2021-05-28,39.36000061035156,39.470001220703125,39.27000045776367,39.41999816894531,32.867332458496094,625600,0.0,False
2021-06-01,40.06999969482422,40.290000915527344,40.06999969482422,40.20000076293945,33.517677307128906,1192700,0.0,False
2021-06-02,40.36000061035156,40.5099983215332,40.15999984741211,40.43000030517578,33.70944595336914,815900,0.0,False
2021-06-03,40.130001068115234,40.130001068115234,39.84000015258789,40.119998931884766,33.45097351074219,789500,0.0,False
2021-06-04,40.33000183105469,40.43000030517578,40.189998626708984,40.40999984741211,33.69277572631836,750900,0.0,False
2021-06-07,40.369998931884766,40.38999938964844,40.11000061035156,40.2400016784668,33.5510368347168,355700,0.0,False
2021-06-08,40.220001220703125,40.33000183105469,39.939998626708984,40.2599983215332,33.56770324707031,512600,0.0,False
2021-06-09,40.25,40.25,40.04999923706055,40.060001373291016,33.40095138549805,429300,0.0,False
2021-06-10,40.209999084472656,40.34000015258789,39.939998626708984,40.040000915527344,33.38426971435547,545900,0.0,False
2021-06-11,40.22999954223633,40.29999923706055,39.97999954223633,40.06999969482422,33.40928649902344,470500,0.0,False
2021-06-14,40.060001373291016,40.18000030517578,39.790000915527344,39.959999084472656,33.31758117675781,350800,0.0,False
2021-06-15,39.779998779296875,39.810001373291016,39.52000045776367,39.7599983215332,33.15081787109375,486900,0.0,False
2021-06-16,39.68000030517578,39.72999954223633,39.130001068115234,39.2599983215332,32.73393249511719,758200,0.0,False
2021-06-17,39.0099983215332,39.040000915527344,37.959999084472656,38.25,31.89181900024414,845600,0.0,False
2021-06-18,37.4900016784668,37.59000015258789,37.18000030517578,37.209999084472656,31.21977424621582,760400,0.0,False
2021-06-21,37.369998931884766,38.099998474121094,37.369998931884766,38.0099983215332,31.890981674194336,1159500,0.0,False
2021-06-22,38.04999923706055,38.349998474121094,37.79999923706055,38.2400016784668,32.08396911621094,473800,0.0,False
2021-06-23,38.5099983215332,38.720001220703125,38.29999923706055,38.29999923706055,32.13429641723633,615100,0.0,False
2021-06-24,38.540000915527344,38.70000076293945,38.41999816894531,38.63999938964844,32.419559478759766,1133900,0.0,False
2021-06-25,38.86000061035156,38.869998931884766,38.65999984741211,38.709999084472656,32.47829818725586,441900,0.0,False
2021-06-28,38.709999084472656,38.709999084472656,38.189998626708984,38.279998779296875,32.117515563964844,525600,0.0,False
2021-06-29,38.290000915527344,38.459999084472656,38.16999816894531,38.16999816894531,32.02521514892578,456400,0.0,False
2021-06-30,38.13999938964844,38.29999923706055,38.040000915527344,38.290000915527344,32.12590789794922,800900,0.0,False
2021-07-01,38.650001525878906,38.70000076293945,38.349998474121094,38.439998626708984,32.251766204833984,475100,0.0,False
2021-07-02,38.5099983215332,38.58000183105469,38.2599983215332,38.540000915527344,32.335655212402344,357600,0.0,False
2021-07-06,38.689998626708984,38.689998626708984,37.81999969482422,38.029998779296875,31.907756805419922,651400,0.0,False
2021-07-07,38.11000061035156,38.34000015258789,37.7599983215332,38.040000915527344,31.916152954101562,565800,0.0,False
2021-07-08,37.43000030517578,37.720001220703125,37.22999954223633,37.59000015258789,31.53858757019043,641200,0.0,False
2021-07-09,37.95000076293945,38.400001525878906,37.90999984741211,38.349998474121094,32.17625045776367,584500,0.0,False
2021-07-12,38.13999938964844,38.459999084472656,37.970001220703125,38.349998474121094,32.17625045776367,382300,0.0,False
2021-07-13,38.279998779296875,38.38999938964844,38.130001068115234,38.150001525878906,32.008445739746094,1085500,0.0,False
2021-07-14,38.40999984741211,38.59000015258789,37.939998626708984,37.9900016784668,31.87420082092285,371200,0.0,False
2021-07-15,37.7599983215332,37.9900016784668,37.61000061035156,37.79999923706055,31.71479606628418,909300,0.0,False
2021-07-16,37.779998779296875,37.779998779296875,36.939998626708984,37.0099983215332,31.051963806152344,463600,0.0,False
2021-07-19,36.220001220703125,36.27000045776367,35.77000045776367,36.029998779296875,30.22972869873047,2029200,0.0,False
2021-07-20,35.970001220703125,36.529998779296875,35.84000015258789,36.38999938964844,30.53177833557129,1124300,0.0,False
2021-07-21,36.65999984741211,37.16999816894531,36.65999984741211,37.11000061035156,31.13587760925293,613600,0.0,False
2021-07-22,37.189998626708984,37.189998626708984,36.790000915527344,37.0,31.043575286865234,581200,0.0,False
2021-07-23,37.04999923706055,37.04999923706055,36.779998779296875,36.970001220703125,31.018404006958008,418000,0.0,False
2021-07-26,37.11000061035156,37.560001373291016,37.11000061035156,37.540000915527344,31.496644973754883,348800,0.0,False
2021-07-27,37.33000183105469,37.400001525878906,37.029998779296875,37.310001373291016,31.303672790527344,1316100,0.0,False
2021-07-28,37.38999938964844,37.79999923706055,37.2599983215332,37.689998626708984,31.62249755859375,780200,0.0,False
2021-07-29,38.15999984741211,38.380001068115234,38.150001525878906,38.2599983215332,32.10073471069336,588100,0.0,False
2021-07-30,37.9900016784668,38.15999984741211,37.63999938964844,37.810001373291016,31.723180770874023,674700,0.0,False
2021-08-02,38.040000915527344,38.290000915527344,37.65999984741211,37.66999816894531,31.605712890625,535200,0.0,False
2021-08-03,37.81999969482422,38.2400016784668,37.560001373291016,38.22999954223633,32.07556915283203,762000,0.0,False
2021-08-04,38.13999938964844,38.15999984741211,37.70000076293945,37.70000076293945,31.63088607788086,629500,0.0,False
2021-08-05,37.70000076293945,37.810001373291016,37.52000045776367,37.54999923706055,31.505033493041992,536100,0.0,False
2021-08-06,37.650001525878906,37.790000915527344,37.5,37.63999938964844,31.580547332763672,437400,0.0,False
2021-08-09,37.619998931884766,37.70000076293945,37.45000076293945,37.59000015258789,31.53858757019043,312600,0.0,False
2021-08-10,37.66999816894531,38.060001373291016,37.65999984741211,38.060001373291016,31.932933807373047,625400,0.0,False
2021-08-11,38.16999816894531,38.310001373291016,38.06999969482422,38.279998779296875,32.117515563964844,1890000,0.0,False
2021-08-12,38.20000076293945,38.25,37.849998474121094,38.189998626708984,32.04199981689453,6598900,0.0,False
2021-08-13,38.209999084472656,38.310001373291016,38.119998931884766,38.2400016784668,32.08396911621094,1361700,0.0,False
2021-08-16,37.869998931884766,37.869998931884766,37.56999969482422,37.779998779296875,31.6980037689209,1051600,0.0,False
2021-08-17,37.470001220703125,37.540000915527344,36.97999954223633,37.2400016784668,31.24493980407715,1594900,0.0,False
2021-08-18,37.060001373291016,37.08000183105469,36.560001373291016,36.560001373291016,30.674407958984375,1369100,0.0,False
2021-08-19,36.060001373291016,36.060001373291016,35.540000915527344,35.720001220703125,29.969636917114258,1526200,0.0,False
2021-08-20,35.59000015258789,35.869998931884766,35.47999954223633,35.83000183105469,30.061927795410156,898100,0.0,False
2021-08-23,36.18000030517578,36.4900016784668,36.150001525878906,36.459999084472656,30.590505599975586,923500,0.0,False
2021-08-24,36.70000076293945,36.970001220703125,36.68000030517578,36.849998474121094,30.91773223876953,1082400,0.0,False
2021-08-25,36.869998931884766,37.130001068115234,36.709999084472656,37.040000915527344,31.077138900756836,2587000,0.0,False
2021-08-26,36.81999969482422,36.95000076293945,36.59000015258789,36.68000030517578,30.775087356567383,1074700,0.0,False
2021-08-27,36.900001525878906,37.540000915527344,36.900001525878906,37.459999084472656,31.429519653320312,1437500,0.0,False
2021-08-30,37.66999816894531,37.66999816894531,37.40999984741211,37.41999816894531,31.39595603942871,1033000,0.0,False
2021-08-31,37.33000183105469,37.41999816894531,37.18000030517578,37.279998779296875,31.278499603271484,997300,0.0,False
2021-09-01,37.209999084472656,37.279998779296875,37.06999969482422,37.18000030517578,31.194602966308594,999800,0.0,False
2021-09-02,37.349998474121094,37.75,37.33000183105469,37.66999816894531,31.605712890625,1165000,0.0,False
2021-09-03,37.68000030517578,37.84000015258789,37.650001525878906,37.75,31.67283821105957,1295800,0.0,False
2021-09-07,37.5,37.7400016784668,37.43000030517578,37.439998626708984,31.41274642944336,932000,0.0,False
2021-09-08,37.380001068115234,37.41999816894531,36.93000030517578,37.04999923706055,31.085527420043945,775200,0.0,False
2021-09-09,37.0,37.220001220703125,36.88999938964844,37.0099983215332,31.051963806152344,1169000,0.0,False
2021-09-10,37.439998626708984,37.47999954223633,37.02000045776367,37.04999923706055,31.085527420043945,1161800,0.0,False
2021-09-13,37.33000183105469,37.52000045776367,37.27000045776367,37.43000030517578,31.40435028076172,1054100,0.0,False
2021-09-14,37.4900016784668,37.5,36.90999984741211,36.939998626708984,30.993236541748047,776100,0.0,False
2021-09-15,37.18000030517578,37.7400016784668,37.18000030517578,37.72999954223633,31.65605926513672,2088000,0.0,False
2021-09-16,37.36000061035156,37.36000061035156,36.91999816894531,37.16999816894531,31.18621063232422,858700,0.0,False
2021-09-17,36.2400016784668,36.290000915527344,35.75,35.93000030517578,30.593584060668945,1105300,0.0,False
2021-09-20,35.0,35.209999084472656,34.650001525878906,35.130001068115234,29.912395477294922,1389700,0.0,False
2021-09-21,35.45000076293945,35.529998779296875,35.08000183105469,35.310001373291016,30.06566619873047,1702100,0.0,False
2021-09-22,35.93000030517578,36.33000183105469,35.900001525878906,35.91999816894531,30.585071563720703,1323500,0.0,False
2021-09-23,36.130001068115234,36.61000061035156,36.130001068115234,36.52000045776367,31.095949172973633,866400,0.0,False
2021-09-24,36.25,36.529998779296875,36.16999816894531,36.45000076293945,31.036354064941406,767100,0.0,False
2021-09-27,36.7400016784668,37.09000015258789,36.70000076293945,36.9900016784668,31.49614906311035,1053100,0.0,False
2021-09-28,36.939998626708984,37.0099983215332,36.599998474121094,36.68000030517578,31.2321834564209,1099000,0.0,False
2021-09-29,36.70000076293945,36.810001373291016,36.4900016784668,36.619998931884766,31.18109703063965,1038200,0.0,False
2021-09-30,36.70000076293945,37.0,36.560001373291016,36.599998474121094,31.1640682220459,1026400,0.0,False
2021-10-01,36.810001373291016,37.2400016784668,36.630001068115234,37.16999816894531,31.649412155151367,663000,0.0,False
2021-10-04,37.310001373291016,37.61000061035156,37.209999084472656,37.31999969482422,31.777130126953125,1442200,0.0,False
2021-10-05,37.4900016784668,37.790000915527344,37.31999969482422,37.61000061035156,32.02405548095703,983200,0.0,False
2021-10-06,37.119998931884766,37.47999954223633,36.90999984741211,37.47999954223633,31.913379669189453,1142100,0.0,False
2021-10-07,37.619998931884766,38.040000915527344,37.61000061035156,37.93000030517578,32.296539306640625,1442200,0.0,False
2021-10-08,38.13999938964844,38.34000015258789,38.13999938964844,38.290000915527344,32.60307312011719,638200,0.0,False
2021-10-11,38.72999954223633,38.95000076293945,38.47999954223633,38.5099983215332,32.79039001464844,683300,0.0,False
2021-10-12,38.470001220703125,38.70000076293945,38.349998474121094,38.40999984741211,32.705238342285156,1469700,0.0,False
2021-10-13,38.41999816894531,38.7599983215332,38.16999816894531,38.70000076293945,32.952171325683594,1020400,0.0,False
2021-10-14,39.18000030517578,39.2599983215332,38.9900016784668,39.2599983215332,33.42899703979492,490900,0.0,False
2021-10-15,39.529998779296875,39.59000015258789,39.36000061035156,39.40999984741211,33.55671691894531,867900,0.0,False
2021-10-18,39.31999969482422,39.459999084472656,39.189998626708984,39.310001373291016,33.47157669067383,821300,0.0,False
2021-10-19,39.4900016784668,39.619998931884766,39.34000015258789,39.56999969482422,33.692962646484375,1255000,0.0,False
2021-10-20,39.43000030517578,39.79999923706055,39.310001373291016,39.75,33.84621810913086,1274900,0.0,False
2021-10-21,39.36000061035156,39.36000061035156,38.88999938964844,39.119998931884766,33.309791564941406,774400,0.0,False
2021-10-22,39.189998626708984,39.4900016784668,38.9900016784668,39.279998779296875,33.44602966308594,1114600,0.0,False
2021-10-25,39.56999969482422,39.790000915527344,39.5,39.65999984741211,33.769596099853516,1120800,0.0,False
2021-10-26,39.77000045776367,39.77000045776367,39.45000076293945,39.56999969482422,33.692962646484375,563000,0.0,False
2021-10-27,39.279998779296875,39.36000061035156,38.88999938964844,38.93000030517578,33.148014068603516,1144800,0.0,False
2021-10-28,38.880001068115234,39.16999816894531,38.83000183105469,39.130001068115234,33.31830978393555,1310600,0.0,False
2021-10-29,38.869998931884766,38.9900016784668,38.65999984741211,38.790000915527344,33.02881622314453,1407700,0.0,False
2021-11-01,38.93000030517578,39.119998931884766,38.81999969482422,39.029998779296875,33.233158111572266,1049200,0.0,False
2021-11-02,38.70000076293945,38.70000076293945,38.310001373291016,38.459999084472656,32.74781799316406,764000,0.0,False
2021-11-03,38.20000076293945,38.68000030517578,38.15999984741211,38.650001525878906,32.90959167480469,1469100,0.0,False
2021-11-04,38.849998474121094,38.869998931884766,38.36000061035156,38.470001220703125,32.7563362121582,1248500,0.0,False
2021-11-05,38.68000030517578,38.810001373291016,38.529998779296875,38.75,32.994747161865234,857400,0.0,False
2021-11-08,39.0,39.290000915527344,39.0,39.15999984741211,33.34385299682617,889600,0.0,False
2021-11-09,39.15999984741211,39.209999084472656,38.7599983215332,39.20000076293945,33.37791061401367,1321100,0.0,False
2021-11-10,39.099998474121094,39.2599983215332,38.56999969482422,38.68000030517578,32.935150146484375,1516700,0.0,False
2021-11-11,39.220001220703125,39.439998626708984,39.13999938964844,39.290000915527344,33.45454025268555,1054900,0.0,False
2021-11-12,39.18000030517578,39.310001373291016,39.06999969482422,39.310001373291016,33.47157669067383,730000,0.0,False
2021-11-15,39.27000045776367,39.41999816894531,39.02000045776367,39.33000183105469,33.48859786987305,782800,0.0,False
2021-11-16,39.29999923706055,39.40999984741211,39.11000061035156,39.150001525878906,33.33534240722656,738500,0.0,False
2021-11-17,39.060001373291016,39.25,38.81999969482422,38.900001525878906,33.12247085571289,1301000,0.0,False
2021-11-18,38.86000061035156,38.970001220703125,38.560001373291016,38.869998931884766,33.096923828125,1875300,0.0,False
2021-11-19,38.61000061035156,38.61000061035156,38.20000076293945,38.209999084472656,32.53494644165039,1520900,0.0,False
2021-11-22,38.08000183105469,38.66999816894531,38.040000915527344,38.380001068115234,32.67970275878906,1465300,0.0,False
2021-11-23,38.65999984741211,38.95000076293945,38.59000015258789,38.93000030517578,33.148014068603516,1576200,0.0,False
2021-11-24,38.75,39.02000045776367,38.72999954223633,38.90999984741211,33.130985260009766,900700,0.0,False
2021-11-26,37.56999969482422,37.619998931884766,37.16999816894531,37.58000183105469,31.998517990112305,1718400,0.0,False
2021-11-29,38.130001068115234,38.2599983215332,37.7599983215332,37.970001220703125,32.330596923828125,1497000,0.0,False
2021-11-30,37.790000915527344,38.040000915527344,37.20000076293945,37.36000061035156,31.811189651489258,5146200,0.0,False
2021-12-01,37.970001220703125,38.34000015258789,36.93000030517578,36.93000030517578,31.445053100585938,2154900,0.0,False
2021-12-02,37.220001220703125,37.93000030517578,37.099998474121094,37.81999969482422,32.20287322998047,1776100,0.0,False
2021-12-03,37.95000076293945,38.11000061035156,37.2599983215332,37.5099983215332,31.93891716003418,2535400,0.0,False
2021-12-06,37.90999984741211,38.369998931884766,37.790000915527344,38.16999816894531,32.50088119506836,1833800,0.0,False
2021-12-07,38.63999938964844,39.119998931884766,38.63999938964844,38.88999938964844,33.11396408081055,1153500,0.0,False
2021-12-08,39.0099983215332,39.099998474121094,38.939998626708984,39.04999923706055,33.25019073486328,968600,0.0,False
2021-12-09,38.75,38.77000045776367,38.529998779296875,38.619998931884766,32.884056091308594,626500,0.0,False
2021-12-10,38.849998474121094,38.90999984741211,38.5099983215332,38.779998779296875,33.02029037475586,975700,0.0,False
2021-12-13,38.65999984741211,38.65999984741211,38.20000076293945,38.34000015258789,32.64564514160156,979500,0.0,False
2021-12-14,38.22999954223633,38.65999984741211,38.189998626708984,38.2400016784668,32.56049728393555,670200,0.0,False
2021-12-15,38.0,38.459999084472656,37.66999816894531,38.369998931884766,32.671180725097656,1527600,0.0,False
2021-12-16,38.650001525878906,39.150001525878906,38.650001525878906,38.779998779296875,33.02029037475586,1887800,0.0,False
2021-12-17,38.369998931884766,38.439998626708984,37.97999954223633,38.02000045776367,32.71398162841797,1478100,0.0,False
2021-12-20,37.47999954223633,37.66999816894531,37.11000061035156,37.630001068115234,32.37840270996094,1876200,0.0,False
2021-12-21,38.08000183105469,38.47999954223633,38.08000183105469,38.43000030517578,33.06675338745117,1456600,0.0,False
2021-12-22,38.43000030517578,38.81999969482422,38.20000076293945,38.79999923706055,33.38511276245117,897400,0.0,False
2021-12-23,38.900001525878906,39.130001068115234,38.83000183105469,39.06999969482422,33.61743927001953,629200,0.0,False
2021-12-27,38.95000076293945,39.470001220703125,38.79999923706055,39.439998626708984,33.93579864501953,2725500,0.0,False
2021-12-28,39.45000076293945,39.66999816894531,39.36000061035156,39.459999084472656,33.953006744384766,1232200,0.0,False
2021-12-29,39.38999938964844,39.619998931884766,39.31999969482422,39.45000076293945,33.94440841674805,903500,0.0,False
2021-12-30,39.380001068115234,39.630001068115234,39.279998779296875,39.290000915527344,33.806732177734375,1131400,0.0,False
2021-12-31,39.33000183105469,39.58000183105469,39.33000183105469,39.4900016784668,33.97882080078125,870700,0.0,False
2022-01-03,39.45000076293945,39.77000045776367,39.45000076293945,39.72999954223633,34.18532943725586,1202500,0.0,False
2022-01-04,39.83000183105469,40.36000061035156,39.83000183105469,40.119998931884766,34.52090072631836,1234600,0.0,False
2022-01-05,40.36000061035156,40.65999984741211,39.779998779296875,39.81999969482422,34.26277160644531,7885000,0.0,False
2022-01-06,40.04999923706055,40.2599983215332,39.7599983215332,40.040000915527344,34.45206069946289,1354300,0.0,False
2022-01-07,40.29999923706055,40.65999984741211,40.209999084472656,40.630001068115234,34.95972442626953,1002900,0.0,False
2022-01-10,40.459999084472656,40.540000915527344,40.02000045776367,40.540000915527344,34.88228988647461,1452500,0.0,False
2022-01-11,40.619998931884766,41.36000061035156,40.459999084472656,41.36000061035156,35.58784103393555,1514800,0.0,False
2022-01-12,41.7400016784668,42.02000045776367,41.65999984741211,42.02000045776367,36.15574264526367,1307100,0.0,False
2022-01-13,41.97999954223633,42.15999984741211,41.65999984741211,41.75,35.923423767089844,1387400,0.0,False
2022-01-14,41.52000045776367,42.060001373291016,41.4900016784668,42.029998779296875,36.16434097290039,720600,0.0,False
2022-01-18,41.7599983215332,42.08000183105469,41.56999969482422,41.90999984741211,36.06108093261719,2552700,0.0,False
2022-01-19,42.33000183105469,42.540000915527344,42.060001373291016,42.33000183105469,36.4224739074707,1375800,0.0,False
2022-01-20,42.290000915527344,42.54999923706055,41.650001525878906,41.709999084472656,35.88899230957031,1629500,0.0,False
2022-01-21,41.43000030517578,41.52000045776367,40.7599983215332,40.88999938964844,35.183441162109375,2239700,0.0,False
2022-01-24,39.88999938964844,40.61000061035156,39.20000076293945,40.56999969482422,34.908103942871094,2541600,0.0,False
2022-01-25,40.310001373291016,41.279998779296875,39.77000045776367,41.119998931884766,35.381343841552734,2010200,0.0,False
2022-01-26,41.470001220703125,41.849998474121094,40.68000030517578,41.06999969482422,35.338314056396484,3080400,0.0,False
2022-01-27,41.470001220703125,41.959999084472656,40.900001525878906,41.20000076293945,35.4501838684082,2242700,0.0,False
2022-01-28,40.91999816894531,41.18000030517578,40.41999816894531,41.18000030517578,35.43296813964844,1443700,0.0,False
2022-01-31,40.93000030517578,41.369998931884766,40.75,41.31999969482422,35.553428649902344,1354300,0.0,False
2022-02-01,41.599998474121094,42.310001373291016,41.5,42.29999923706055,36.396663665771484,2508900,0.0,False
2022-02-02,42.369998931884766,42.630001068115234,42.029998779296875,42.58000183105469,36.63758850097656,1266400,0.0,False
2022-02-03,42.349998474121094,42.470001220703125,42.08000183105469,42.189998626708984,36.3020133972168,1678200,0.0,False
2022-02-04,42.380001068115234,42.79999923706055,42.2599983215332,42.560001373291016,36.62038040161133,1567200,0.0,False
2022-02-07,42.63999938964844,43.29999923706055,42.56999969482422,43.099998474121094,37.085018157958984,989100,0.0,False
2022-02-08,43.13999938964844,43.310001373291016,42.779998779296875,43.310001373291016,37.265708923339844,1331500,0.0,False
2022-02-09,43.5099983215332,43.900001525878906,43.45000076293945,43.810001373291016,37.69593048095703,1097400,0.0,False
2022-02-10,43.470001220703125,44.40999984741211,43.36000061035156,43.560001373291016,37.4808235168457,2204400,0.0,False
2022-02-11,43.61000061035156,44.11000061035156,43.54999923706055,43.95000076293945,37.81639099121094,2543000,0.0,False
2022-02-14,43.880001068115234,44.08000183105469,43.34000015258789,43.689998626708984,37.59267807006836,2358400,0.0,False
2022-02-15,43.470001220703125,43.689998626708984,43.08000183105469,43.63999938964844,37.549659729003906,1769900,0.0,False
2022-02-16,43.75,44.369998931884766,43.75,44.08000183105469,37.928245544433594,1894800,0.0,False
2022-02-17,44.040000915527344,44.20000076293945,43.779998779296875,43.970001220703125,37.833595275878906,1400600,0.0,False
2022-02-18,43.970001220703125,44.08000183105469,43.47999954223633,43.689998626708984,37.59267807006836,1651700,0.0,False
2022-02-22,43.779998779296875,43.849998474121094,42.88999938964844,43.279998779296875,37.239891052246094,2267400,0.0,False
2022-02-23,43.34000015258789,43.65999984741211,43.119998931884766,43.209999084472656,37.179664611816406,2179500,0.0,False
2022-02-24,42.59000015258789,42.7400016784668,41.9900016784668,42.720001220703125,36.758052825927734,3214500,0.0,False
2022-02-25,42.959999084472656,44.08000183105469,42.959999084472656,44.08000183105469,37.928245544433594,4319400,0.0,False
2022-02-28,43.34000015258789,44.060001373291016,43.310001373291016,44.029998779296875,37.885223388671875,3885800,0.0,False
2022-03-01,44.09000015258789,44.66999816894531,43.790000915527344,44.279998779296875,38.100337982177734,3582300,0.0,False
2022-03-02,45.189998626708984,45.470001220703125,44.88999938964844,45.40999984741211,39.072635650634766,2814700,0.0,False
2022-03-03,45.150001525878906,45.54999923706055,44.810001373291016,45.04999923706055,38.76287078857422,2404300,0.0,False
2022-03-04,44.61000061035156,45.4900016784668,44.61000061035156,45.41999816894531,39.08123016357422,2527000,0.0,False
2022-03-07,45.529998779296875,46.34000015258789,45.16999816894531,45.59000015258789,39.227516174316406,2270000,0.0,False
2022-03-08,45.599998474121094,46.16999816894531,44.9900016784668,45.29999923706055,38.977989196777344,2946800,0.0,False
2022-03-09,44.650001525878906,45.189998626708984,44.209999084472656,45.0,38.7198486328125,1610300,0.0,False
2022-03-10,45.189998626708984,46.02000045776367,45.16999816894531,45.95000076293945,39.53727722167969,3863900,0.0,False
2022-03-11,45.58000183105469,45.86000061035156,45.380001068115234,45.40999984741211,39.072635650634766,1477000,0.0,False
2022-03-14,45.130001068115234,45.130001068115234,43.9900016784668,44.27000045776367,38.09172821044922,2169400,0.0,False
2022-03-15,43.40999984741211,44.0,43.11000061035156,43.83000183105469,37.71314239501953,1825800,0.0,False
2022-03-16,44.47999954223633,44.56999969482422,43.5099983215332,44.25,38.07451248168945,1035900,0.0,False
2022-03-17,44.790000915527344,45.400001525878906,44.599998474121094,45.400001525878906,39.06402587890625,1347800,0.0,False
2022-03-18,44.84000015258789,45.279998779296875,44.83000183105469,45.279998779296875,39.264339447021484,935500,0.0,False
2022-03-21,45.810001373291016,46.4900016784668,45.810001373291016,46.47999954223633,40.304908752441406,1130300,0.0,False
2022-03-22,46.56999969482422,46.65999984741211,46.04999923706055,46.41999816894531,40.25288391113281,987900,0.0,False
2022-03-23,46.689998626708984,47.060001373291016,46.65999984741211,46.91999816894531,40.686458587646484,807200,0.0,False
2022-03-24,47.08000183105469,47.34000015258789,46.90999984741211,47.11000061035156,40.85121154785156,1235800,0.0,False
2022-03-25,47.040000915527344,47.790000915527344,47.040000915527344,47.7599983215332,41.414859771728516,842800,0.0,False
2022-03-28,47.130001068115234,47.130001068115234,46.66999816894531,46.97999954223633,40.738487243652344,1544400,0.0,False
2022-03-29,46.2599983215332,46.630001068115234,45.689998626708984,46.61000061035156,40.41764831542969,1525100,0.0,False
2022-03-30,47.130001068115234,47.529998779296875,47.130001068115234,47.310001373291016,41.02465057373047,2810300,0.0,False
2022-03-31,47.22999954223633,47.5,46.83000183105469,46.83000183105469,40.60841751098633,1222200,0.0,False
2022-04-01,47.119998931884766,47.70000076293945,47.119998931884766,47.599998474121094,41.27611541748047,1484200,0.0,False
2022-04-04,48.040000915527344,48.040000915527344,47.279998779296875,47.619998931884766,41.293460845947266,1109800,0.0,False
2022-04-05,47.709999084472656,48.040000915527344,46.77000045776367,46.77000045776367,40.55637741088867,2350100,0.0,False
2022-04-06,47.08000183105469,47.31999969482422,46.650001525878906,46.9900016784668,40.74715805053711,1849000,0.0,False
2022-04-07,46.9900016784668,47.619998931884766,46.779998779296875,47.47999954223633,41.17206573486328,2863100,0.0,False
2022-04-08,47.779998779296875,48.31999969482422,47.77000045776367,48.209999084472656,41.805076599121094,987900,0.0,False
2022-04-11,48.0,48.06999969482422,47.459999084472656,47.619998931884766,41.293460845947266,817300,0.0,False
2022-04-12,48.18000030517578,48.47999954223633,47.84000015258789,47.9900016784668,41.61430358886719,1135700,0.0,False
2022-04-13,48.40999984741211,48.709999084472656,47.97999954223633,48.709999084472656,42.2386474609375,1552500,0.0,False
2022-04-14,48.619998931884766,48.880001068115234,48.45000076293945,48.70000076293945,42.22997283935547,760200,0.0,False
2022-04-18,48.90999984741211,49.22999954223633,48.650001525878906,48.93000030517578,42.42941665649414,1336600,0.0,False
2022-04-19,48.58000183105469,48.88999938964844,48.38999938964844,48.70000076293945,42.22997283935547,1282400,0.0,False
2022-04-20,48.61000061035156,48.88999938964844,48.15999984741211,48.790000915527344,42.30802917480469,1096900,0.0,False
2022-04-21,48.7599983215332,48.790000915527344,47.0099983215332,47.13999938964844,40.877235412597656,991300,0.0,False
2022-04-22,46.77000045776367,46.90999984741211,45.5099983215332,45.529998779296875,39.48112869262695,1675600,0.0,False
2022-04-25,44.470001220703125,44.689998626708984,43.33000183105469,44.5,38.58797073364258,2311300,0.0,False
2022-04-26,44.369998931884766,44.63999938964844,43.880001068115234,43.900001525878906,38.06768035888672,1596600,0.0,False
2022-04-27,44.2599983215332,45.09000015258789,43.9900016784668,44.68000030517578,38.74406051635742,1888300,0.0,False
2022-04-28,44.7599983215332,45.630001068115234,44.45000076293945,45.43000030517578,39.394412994384766,2135200,0.0,False
2022-04-29,45.630001068115234,45.939998626708984,44.68000030517578,44.68000030517578,38.74406051635742,2039900,0.0,False
2022-05-02,44.45000076293945,44.84000015258789,43.959999084472656,44.709999084472656,38.77006912231445,1661400,0.0,False
2022-05-03,45.0099983215332,45.63999938964844,44.709999084472656,45.5099983215332,39.463775634765625,1532600,0.0,False
2022-05-04,45.689998626708984,46.58000183105469,45.189998626708984,46.470001220703125,40.29624938964844,1783300,0.0,False
2022-05-05,46.31999969482422,46.349998474121094,44.63999938964844,45.31999969482422,39.29903030395508,2352800,0.0,False
2022-05-06,45.209999084472656,45.41999816894531,44.560001373291016,45.31999969482422,39.29903030395508,1723400,0.0,False
2022-05-09,44.36000061035156,44.36000061035156,42.59000015258789,42.7400016784668,37.061790466308594,2016000,0.0,False
2022-05-10,43.279998779296875,43.720001220703125,42.349998474121094,42.86000061035156,37.16585159301758,2479600,0.0,False
2022-05-11,43.470001220703125,44.45000076293945,43.29999923706055,43.40999984741211,37.64277648925781,4280000,0.0,False
2022-05-12,42.75,43.06999969482422,42.130001068115234,42.81999969482422,37.131160736083984,1784800,0.0,False
2022-05-13,43.279998779296875,44.18000030517578,43.279998779296875,43.959999084472656,38.11970901489258,1545600,0.0,False
2022-05-16,44.0099983215332,44.88999938964844,44.0099983215332,44.63999938964844,38.70936965942383,2709700,0.0,False
2022-05-17,45.369998931884766,45.70000076293945,45.099998474121094,45.58000183105469,39.524478912353516,1935500,0.0,False
2022-05-18,45.439998626708984,45.56999969482422,44.2400016784668,44.43000030517578,38.52726364135742,1795100,0.0,False
2022-05-19,44.33000183105469,45.54999923706055,44.33000183105469,45.119998931884766,39.12559509277344,4067400,0.0,False
2022-05-20,45.54999923706055,45.72999954223633,44.41999816894531,45.130001068115234,39.13426971435547,2670800,0.0,False
2022-05-23,45.7599983215332,46.439998626708984,45.59000015258789,46.279998779296875,40.13148880004883,2526000,0.0,False
2022-05-24,45.90999984741211,46.36000061035156,45.59000015258789,46.279998779296875,40.13148880004883,1382200,0.0,False
2022-05-25,46.20000076293945,46.79999923706055,46.18000030517578,46.65999984741211,40.460994720458984,1361100,0.0,False
2022-05-26,46.61000061035156,46.91999816894531,46.560001373291016,46.77000045776367,40.55637741088867,1487100,0.0,False
2022-05-27,46.790000915527344,47.18000030517578,46.68000030517578,47.18000030517578,40.91191864013672,968500,0.0,False
2022-05-31,47.459999084472656,47.779998779296875,46.95000076293945,47.0099983215332,40.76449966430664,1425900,0.0,False
2022-06-01,47.40999984741211,47.5099983215332,46.47999954223633,46.880001068115234,40.65177536010742,1512000,0.0,False
2022-06-02,47.09000015258789,47.72999954223633,47.04999923706055,47.630001068115234,41.3021354675293,1362200,0.0,False
2022-06-03,47.2400016784668,47.560001373291016,47.13999938964844,47.36000061035156,41.06800842285156,1260800,0.0,False
2022-06-06,47.689998626708984,47.790000915527344,47.349998474121094,47.5,41.18940353393555,1150300,0.0,False
2022-06-07,47.2400016784668,48.130001068115234,47.2400016784668,48.119998931884766,41.727027893066406,823900,0.0,False
2022-06-08,47.689998626708984,47.959999084472656,47.43000030517578,47.59000015258789,41.267452239990234,603000,0.0,False
2022-06-09,47.2400016784668,47.29999923706055,46.36000061035156,46.400001525878906,40.235538482666016,3393400,0.0,False
2022-06-10,45.689998626708984,45.97999954223633,45.220001220703125,45.54999923706055,39.49847412109375,2068500,0.0,False
2022-06-13,44.2599983215332,44.400001525878906,43.279998779296875,43.72999954223633,37.92026901245117,2343000,0.0,False
2022-06-14,43.959999084472656,44.27000045776367,43.099998474121094,43.5099983215332,37.729488372802734,2861500,0.0,False
2022-06-15,43.959999084472656,44.13999938964844,43.02000045776367,43.7400016784668,37.92893981933594,3164300,0.0,False
2022-06-16,42.709999084472656,42.88999938964844,42.130001068115234,42.380001068115234,36.7496223449707,1791500,0.0,False
2022-06-17,41.52000045776367,41.58000183105469,40.2400016784668,40.459999084472656,35.59962844848633,4673200,0.0,False
2022-06-21,41.220001220703125,41.66999816894531,41.20000076293945,41.45000076293945,36.47069549560547,1364500,0.0,False
2022-06-22,40.290000915527344,40.66999816894531,40.060001373291016,40.20000076293945,35.370853424072266,1273600,0.0,False
2022-06-23,40.22999954223633,40.279998779296875,38.54999923706055,38.81999969482422,34.15663528442383,2439700,0.0,False
2022-06-24,39.380001068115234,40.06999969482422,39.040000915527344,40.02000045776367,35.21248245239258,2734500,0.0,False
2022-06-27,40.2400016784668,40.849998474121094,40.130001068115234,40.70000076293945,35.810794830322266,856600,0.0,False
2022-06-28,41.310001373291016,41.7400016784668,40.83000183105469,41.040000915527344,36.109954833984375,3461700,0.0,False
2022-06-29,41.22999954223633,41.400001525878906,40.380001068115234,40.470001220703125,35.608428955078125,839700,0.0,False
2022-06-30,39.7400016784668,40.0099983215332,39.2599983215332,39.66999816894531,34.9045295715332,2133600,0.0,False
2022-07-01,39.36000061035156,39.619998931884766,38.63999938964844,39.540000915527344,34.79014205932617,2051400,0.0,False
2022-07-05,38.66999816894531,38.66999816894531,37.540000915527344,38.220001220703125,33.62871170043945,3281800,0.0,False
2022-07-06,38.02000045776367,38.209999084472656,37.060001373291016,37.88999938964844,33.33835983276367,2569200,0.0,False
2022-07-07,38.7400016784668,39.25,38.7400016784668,39.04999923706055,34.359004974365234,1024300,0.0,False
2022-07-08,39.060001373291016,39.209999084472656,38.4900016784668,38.88999938964844,34.21822738647461,685100,0.0,False
2022-07-11,38.22999954223633,38.47999954223633,38.02000045776367,38.189998626708984,33.60231018066406,630600,0.0,False
2022-07-12,37.79999923706055,38.08000183105469,37.560001373291016,37.72999954223633,33.19757080078125,1350300,0.0,False
2022-07-13,37.47999954223633,38.220001220703125,37.349998474121094,37.86000061035156,33.31195831298828,871300,0.0,False
2022-07-14,36.70000076293945,36.70000076293945,36.040000915527344,36.619998931884766,32.22091293334961,11200500,0.0,False
2022-07-15,37.040000915527344,37.189998626708984,36.70000076293945,37.16999816894531,32.70484924316406,1592500,0.0,False
2022-07-18,38.060001373291016,38.33000183105469,37.63999938964844,37.7599983215332,33.22397232055664,1555400,0.0,False
2022-07-19,38.06999969482422,38.66999816894531,38.0,38.63999938964844,33.998260498046875,1142500,0.0,False
2022-07-20,38.470001220703125,38.689998626708984,38.2599983215332,38.619998931884766,33.98065948486328,1159100,0.0,False
2022-07-21,38.150001525878906,38.52000045776367,37.77000045776367,38.52000045776367,33.89267349243164,1726900,0.0,False
2022-07-22,38.63999938964844,38.970001220703125,38.18000030517578,38.310001373291016,33.70790481567383,1753700,0.0,False
2022-07-25,38.90999984741211,39.2400016784668,38.619998931884766,39.220001220703125,34.508583068847656,1121100,0.0,False
2022-07-26,39.349998474121094,39.529998779296875,38.939998626708984,39.099998474121094,34.40299606323242,1316800,0.0,False
2022-07-27,39.400001525878906,39.9900016784668,39.0,39.880001068115234,35.08930206298828,1462800,0.0,False
2022-07-28,40.189998626708984,40.31999969482422,39.599998474121094,40.09000015258789,35.274070739746094,1370600,0.0,False
2022-07-29,40.5099983215332,41.22999954223633,40.5,41.189998626708984,36.24192810058594,1273400,0.0,False
2022-08-01,40.880001068115234,40.97999954223633,40.4900016784668,40.720001220703125,35.82839584350586,1584700,0.0,False
2022-08-02,40.7599983215332,40.959999084472656,40.34000015258789,40.470001220703125,35.608428955078125,1267300,0.0,False
2022-08-03,40.689998626708984,40.689998626708984,39.9900016784668,40.119998931884766,35.30046844482422,1354600,0.0,False
2022-08-04,40.15999984741211,40.310001373291016,39.77000045776367,39.90999984741211,35.115699768066406,1107600,0.0,False
2022-08-05,39.650001525878906,40.56999969482422,39.650001525878906,40.5,35.634822845458984,764200,0.0,False
2022-08-08,40.849998474121094,41.22999954223633,40.79999923706055,40.91999816894531,36.004371643066406,890100,0.0,False
2022-08-09,41.04999923706055,41.380001068115234,40.970001220703125,41.130001068115234,36.18913650512695,930500,0.0,False
2022-08-10,41.619998931884766,41.900001525878906,41.290000915527344,41.779998779296875,36.76105880737305,1018800,0.0,False
2022-08-11,42.18000030517578,42.599998474121094,42.18000030517578,42.279998779296875,37.20098876953125,975700,0.0,False
2022-08-12,42.130001068115234,42.70000076293945,42.040000915527344,42.70000076293945,37.57052993774414,915200,0.0,False
2022-08-15,41.599998474121094,42.099998474121094,41.45000076293945,42.029998779296875,36.981021881103516,612900,0.0,False
2022-08-16,42.029998779296875,42.459999084472656,42.029998779296875,42.400001525878906,37.30657958984375,712600,0.0,False
2022-08-17,41.97999954223633,42.43000030517578,41.90999984741211,42.22999954223633,37.15699768066406,816700,0.0,False
2022-08-18,42.45000076293945,42.779998779296875,42.400001525878906,42.72999954223633,37.59693908691406,1260800,0.0,False
2022-08-19,42.25,42.43000030517578,42.04999923706055,42.18000030517578,37.113014221191406,566300,0.0,False
2022-08-22,41.72999954223633,42.189998626708984,41.630001068115234,42.08000183105469,37.025020599365234,670400,0.0,False
2022-08-23,42.31999969482422,43.2400016784668,42.31999969482422,43.11000061035156,37.93128967285156,960600,0.0,False
2022-08-24,42.86000061035156,43.34000015258789,42.720001220703125,43.130001068115234,37.948890686035156,994300,0.0,False
2022-08-25,43.459999084472656,43.869998931884766,43.45000076293945,43.83000183105469,38.564796447753906,670600,0.0,False
2022-08-26,43.93000030517578,44.16999816894531,43.20000076293945,43.2400016784668,38.045677185058594,865700,0.0,False
2022-08-29,42.90999984741211,43.540000915527344,42.86000061035156,43.16999816894531,37.98407745361328,1567900,0.0,False
2022-08-30,42.86000061035156,42.86000061035156,41.779998779296875,41.939998626708984,36.90184020996094,1903500,0.0,False
2022-08-31,41.52000045776367,41.88999938964844,41.290000915527344,41.5099983215332,36.523494720458984,1894300,0.0,False
2022-09-01,40.95000076293945,40.95000076293945,40.31999969482422,40.70000076293945,35.810794830322266,2261400,0.0,False
2022-09-02,41.43000030517578,41.66999816894531,40.95000076293945,41.11000061035156,36.171539306640625,1621700,0.0,False
2022-09-06,41.47999954223633,41.529998779296875,40.720001220703125,40.790000915527344,35.88998031616211,1874300,0.0,False
2022-09-07,40.290000915527344,40.880001068115234,40.15999984741211,40.77000045776367,35.87239074707031,1264000,0.0,False
2022-09-08,40.79999923706055,41.220001220703125,40.63999938964844,41.16999816894531,36.224334716796875,1625100,0.0,False
2022-09-09,41.970001220703125,42.400001525878906,41.88999938964844,42.349998474121094,37.2625846862793,708200,0.0,False
2022-09-12,42.779998779296875,42.83000183105469,42.36000061035156,42.52000045776367,37.412166595458984,1136700,0.0,False
2022-09-13,41.66999816894531,42.34000015258789,41.36000061035156,41.43000030517578,36.453102111816406,1073900,0.0,False
2022-09-14,41.66999816894531,42.029998779296875,41.52000045776367,41.849998474121094,36.82265090942383,890600,0.0,False
2022-09-15,41.47999954223633,41.650001525878906,40.91999816894531,41.040000915527344,36.109954833984375,930100,0.0,False
2022-09-16,40.11000061035156,40.209999084472656,39.61000061035156,39.939998626708984,35.64849853515625,1935400,0.0,False
2022-09-19,39.33000183105469,40.47999954223633,39.27000045776367,40.45000076293945,36.10369873046875,1119700,0.0,False
2022-09-20,40.040000915527344,40.06999969482422,39.560001373291016,39.95000076293945,35.657432556152344,650900,0.0,False
2022-09-21,40.220001220703125,40.33000183105469,39.34000015258789,39.369998931884766,35.13974380493164,976400,0.0,False
2022-09-22,39.81999969482422,40.040000915527344,39.380001068115234,39.400001525878906,35.166534423828125,1008100,0.0,False
2022-09-23,38.150001525878906,38.150001525878906,36.90999984741211,37.279998779296875,33.274314880371094,2589700,0.0,False
2022-09-26,36.77000045776367,37.349998474121094,36.33000183105469,36.439998626708984,32.524574279785156,1414700,0.0,False
2022-09-27,37.04999923706055,37.310001373291016,36.54999923706055,36.77000045776367,32.81911849975586,3325200,0.0,False
2022-09-28,36.970001220703125,38.0099983215332,36.869998931884766,37.88999938964844,33.81877517700195,1829900,0.0,False
2022-09-29,37.61000061035156,37.779998779296875,37.0099983215332,37.689998626708984,33.640262603759766,2116000,0.0,False
2022-09-30,37.5,38.13999938964844,37.279998779296875,37.59000015258789,33.551002502441406,1358900,0.0,False
2022-10-03,38.47999954223633,39.2599983215332,38.47999954223633,39.15999984741211,34.95231246948242,1513700,0.0,False
2022-10-04,39.849998474121094,40.54999923706055,39.720001220703125,40.529998779296875,36.175106048583984,1243200,0.0,False
2022-10-05,40.06999969482422,40.54999923706055,39.709999084472656,40.310001373291016,35.97875213623047,623400,0.0,False
2022-10-06,39.849998474121094,40.220001220703125,39.75,40.13999938964844,35.8270149230957,770500,0.0,False
2022-10-07,40.0,40.150001525878906,39.41999816894531,39.630001068115234,35.37180709838867,919400,0.0,False
2022-10-10,39.720001220703125,40.060001373291016,39.369998931884766,39.380001068115234,35.14867401123047,1855500,0.0,False
2022-10-11,38.95000076293945,39.560001373291016,38.619998931884766,38.86000061035156,34.684547424316406,2002800,0.0,False
2022-10-12,38.65999984741211,39.02000045776367,38.45000076293945,38.81999969482422,34.64883804321289,977100,0.0,False
2022-10-13,38.08000183105469,40.060001373291016,38.08000183105469,39.84000015258789,35.55924606323242,964300,0.0,False
2022-10-14,39.86000061035156,39.86000061035156,38.369998931884766,38.400001525878906,34.273983001708984,1083400,0.0,False
2022-10-17,39.2599983215332,39.63999938964844,39.25,39.29999923706055,35.077266693115234,684400,0.0,False
2022-10-18,39.900001525878906,40.06999969482422,39.119998931884766,39.65999984741211,35.39859390258789,570000,0.0,False
2022-10-19,39.349998474121094,39.7599983215332,39.22999954223633,39.630001068115234,35.37180709838867,732100,0.0,False
2022-10-20,39.709999084472656,40.439998626708984,39.63999938964844,39.79999923706055,35.52355194091797,1209800,0.0,False
2022-10-21,39.77000045776367,40.91999816894531,39.560001373291016,40.880001068115234,36.487510681152344,896700,0.0,False
2022-10-24,40.59000015258789,40.7400016784668,40.220001220703125,40.41999816894531,36.07692337036133,675000,0.0,False
2022-10-25,40.349998474121094,40.970001220703125,40.29999923706055,40.970001220703125,36.56782150268555,745700,0.0,False
2022-10-26,41.15999984741211,42.0099983215332,41.15999984741211,41.70000076293945,37.219398498535156,812800,0.0,False
2022-10-27,41.720001220703125,42.099998474121094,41.599998474121094,41.65999984741211,37.183685302734375,642400,0.0,False
2022-10-28,41.41999816894531,41.709999084472656,40.939998626708984,41.38999938964844,36.94269943237305,964800,0.0,False
2022-10-31,40.939998626708984,41.7400016784668,40.939998626708984,41.43000030517578,36.9784049987793,679800,0.0,False
2022-11-01,42.22999954223633,42.33000183105469,41.70000076293945,42.02000045776367,37.50501251220703,641300,0.0,False
2022-11-02,41.95000076293945,42.290000915527344,40.939998626708984,40.9900016784668,36.5856819152832,764800,0.0,False
2022-11-03,40.36000061035156,41.0,40.220001220703125,40.79999923706055,36.41609573364258,904000,0.0,False
2022-11-04,42.36000061035156,42.84000015258789,41.90999984741211,42.4900016784668,37.924503326416016,816500,0.0,False
2022-11-07,42.689998626708984,42.77000045776367,42.38999938964844,42.61000061035156,38.03160858154297,404300,0.0,False
2022-11-08,42.709999084472656,43.349998474121094,42.40999984741211,43.20000076293945,38.55821990966797,682200,0.0,False
2022-11-09,42.720001220703125,42.939998626708984,41.70000076293945,41.7599983215332,37.272945404052734,662600,0.0,False
2022-11-10,42.86000061035156,43.36000061035156,42.65999984741211,43.22999954223633,38.584991455078125,888800,0.0,False
2022-11-11,44.09000015258789,44.470001220703125,43.779998779296875,44.119998931884766,39.379356384277344,701800,0.0,False
2022-11-14,43.86000061035156,44.4900016784668,43.86000061035156,44.15999984741211,39.41506576538086,1966800,0.0,False
2022-11-15,44.849998474121094,44.849998474121094,44.220001220703125,44.56999969482422,39.78101348876953,931200,0.0,False
2022-11-16,44.279998779296875,44.470001220703125,43.86000061035156,44.0099983215332,39.28118133544922,660200,0.0,False
2022-11-17,43.290000915527344,43.81999969482422,43.09000015258789,43.79999923706055,39.09375,560400,0.0,False
2022-11-18,43.47999954223633,43.709999084472656,43.25,43.599998474121094,38.91522979736328,708000,0.0,False
2022-11-21,42.939998626708984,43.29999923706055,42.40999984741211,43.209999084472656,38.56714630126953,720800,0.0,False
2022-11-22,43.689998626708984,44.290000915527344,43.650001525878906,44.27000045776367,39.51324462890625,685300,0.0,False
2022-11-23,44.20000076293945,44.47999954223633,44.02000045776367,44.439998626708984,39.664981842041016,688700,0.0,False
2022-11-25,44.33000183105469,44.66999816894531,44.33000183105469,44.5,39.718536376953125,206800,0.0,False
2022-11-28,44.029998779296875,44.16999816894531,43.540000915527344,43.54999923706055,38.87060546875,1326900,0.0,False
2022-11-29,44.119998931884766,44.540000915527344,44.119998931884766,44.36000061035156,39.59357833862305,713600,0.0,False
2022-11-30,44.93000030517578,45.38999938964844,44.34000015258789,45.279998779296875,40.41472625732422,1031000,0.0,False
2022-12-01,45.439998626708984,45.599998474121094,45.029998779296875,45.06999969482422,40.227291107177734,666300,0.0,False
2022-12-02,44.70000076293945,45.189998626708984,44.5099983215332,45.099998474121094,40.25406265258789,436200,0.0,False
2022-12-05,45.209999084472656,45.459999084472656,44.02000045776367,44.18000030517578,39.43292236328125,1811600,0.0,False
2022-12-06,44.36000061035156,44.599998474121094,43.65999984741211,43.84000015258789,39.129451751708984,451900,0.0,False
2022-12-07,43.70000076293945,44.130001068115234,43.56999969482422,43.79999923706055,39.09375,887100,0.0,False
2022-12-08,44.349998474121094,44.47999954223633,43.970001220703125,44.08000183105469,39.343666076660156,4488400,0.0,False
2022-12-09,44.0,44.40999984741211,43.7599983215332,43.7599983215332,39.058048248291016,1134700,0.0,False
2022-12-12,43.66999816894531,44.02000045776367,43.560001373291016,43.959999084472656,39.23655319213867,1135200,0.0,False
2022-12-13,44.849998474121094,45.11000061035156,44.29999923706055,44.400001525878906,39.62929153442383,1758800,0.0,False
2022-12-14,44.47999954223633,44.52000045776367,43.81999969482422,44.11000061035156,39.370445251464844,779800,0.0,False
2022-12-15,43.5,43.7400016784668,43.16999816894531,43.349998474121094,38.692100524902344,1867600,0.0,False
2022-12-16,42.61000061035156,42.790000915527344,42.349998474121094,42.61000061035156,38.246891021728516,1238300,0.0,False
2022-12-19,43.060001373291016,43.08000183105469,42.29999923706055,42.540000915527344,38.18406295776367,1036400,0.0,False
2022-12-20,42.630001068115234,43.18000030517578,42.630001068115234,42.9900016784668,38.587989807128906,1133700,0.0,False
2022-12-21,43.45000076293945,43.83000183105469,43.36000061035156,43.70000076293945,39.225276947021484,865400,0.0,False
2022-12-22,43.459999084472656,43.459999084472656,42.439998626708984,42.9900016784668,38.587989807128906,1286700,0.0,False
2022-12-23,43.029998779296875,43.72999954223633,43.029998779296875,43.72999954223633,39.25220489501953,929200,0.0,False
2022-12-27,43.72999954223633,44.220001220703125,43.72999954223633,44.099998474121094,39.58431625366211,2749700,0.0,False
2022-12-28,44.0,44.099998474121094,43.189998626708984,43.209999084472656,38.785457611083984,1196200,0.0,False
2022-12-29,43.540000915527344,43.72999954223633,43.380001068115234,43.59000015258789,39.126548767089844,1010900,0.0,False
2022-12-30,43.25,43.63999938964844,43.2400016784668,43.470001220703125,39.018829345703125,646400,0.0,False
2023-01-03,43.529998779296875,43.72999954223633,42.56999969482422,42.77000045776367,38.390506744384766,570700,0.0,False
2023-01-04,42.7400016784668,43.11000061035156,42.52000045776367,42.95000076293945,38.55207443237305,1216100,0.0,False
2023-01-05,42.779998779296875,43.380001068115234,42.779998779296875,43.25,38.82136535644531,950400,0.0,False
2023-01-06,43.7599983215332,44.560001373291016,43.72999954223633,44.5099983215332,39.95233154296875,1104700,0.0,False
2023-01-09,45.09000015258789,45.09000015258789,44.599998474121094,44.61000061035156,40.04209899902344,1273100,0.0,False
2023-01-10,44.810001373291016,44.849998474121094,44.36000061035156,44.81999969482422,40.230587005615234,509100,0.0,False
2023-01-11,45.0,45.189998626708984,44.650001525878906,44.959999084472656,40.35625457763672,532100,0.0,False
2023-01-12,45.5,45.810001373291016,44.959999084472656,45.709999084472656,41.02946472167969,734100,0.0,False
2023-01-13,45.31999969482422,45.79999923706055,45.31999969482422,45.7599983215332,41.0743408203125,385200,0.0,False
2023-01-17,45.779998779296875,45.790000915527344,45.43000030517578,45.5099983215332,40.84993362426758,783800,0.0,False
2023-01-18,46.0,46.20000076293945,45.099998474121094,45.119998931884766,40.499874114990234,582000,0.0,False
2023-01-19,45.0,45.54999923706055,44.83000183105469,45.41999816894531,40.7691535949707,1036800,0.0,False
2023-01-20,45.279998779296875,45.849998474121094,45.16999816894531,45.849998474121094,41.155128479003906,444400,0.0,False
2023-01-23,45.83000183105469,45.9900016784668,45.66999816894531,45.86000061035156,41.164100646972656,612000,0.0,False
2023-01-24,45.689998626708984,45.970001220703125,45.20000076293945,45.95000076293945,41.24489212036133,475100,0.0,False
2023-01-25,45.47999954223633,46.13999938964844,45.41999816894531,46.119998931884766,41.3974723815918,476100,0.0,False
2023-01-26,46.25,46.630001068115234,45.93000030517578,46.61000061035156,41.83730697631836,716600,0.0,False
2023-01-27,46.279998779296875,46.560001373291016,45.970001220703125,46.119998931884766,41.3974723815918,465700,0.0,False
2023-01-30,45.779998779296875,45.97999954223633,45.4900016784668,45.54999923706055,40.88584899902344,670900,0.0,False
2023-01-31,45.380001068115234,45.97999954223633,45.220001220703125,45.97999954223633,41.271812438964844,667100,0.0,False
2023-02-01,45.61000061035156,46.2400016784668,45.209999084472656,45.900001525878906,41.200008392333984,1887100,0.0,False
2023-02-02,45.91999816894531,45.91999816894531,44.779998779296875,45.09000015258789,40.47294616699219,897200,0.0,False
2023-02-03,44.95000076293945,45.22999954223633,44.58000183105469,44.61000061035156,40.04209899902344,542700,0.0,False
2023-02-06,44.400001525878906,44.54999923706055,43.900001525878906,44.220001220703125,39.69203186035156,679500,0.0,False
2023-02-07,44.36000061035156,44.93000030517578,44.209999084472656,44.810001373291016,40.22161865234375,935700,0.0,False
2023-02-08,44.79999923706055,44.970001220703125,44.4900016784668,44.560001373291016,39.99721908569336,625600,0.0,False
2023-02-09,44.91999816894531,45.04999923706055,44.36000061035156,44.43000030517578,39.88053512573242,422100,0.0,False
2023-02-10,44.599998474121094,44.90999984741211,44.459999084472656,44.86000061035156,40.26649475097656,700000,0.0,False
2023-02-13,44.790000915527344,45.0,44.59000015258789,44.93000030517578,40.32933807373047,628600,0.0,False
2023-02-14,44.720001220703125,45.15999984741211,44.52000045776367,44.93000030517578,40.32933807373047,487600,0.0,False
2023-02-15,44.2599983215332,44.400001525878906,43.91999816894531,44.369998931884766,39.8266716003418,768000,0.0,False
2023-02-16,43.9900016784668,44.720001220703125,43.9900016784668,44.29999923706055,39.76383590698242,633700,0.0,False
2023-02-17,43.810001373291016,43.939998626708984,43.5099983215332,43.599998474121094,39.13551712036133,607900,0.0,False
2023-02-21,43.54999923706055,43.810001373291016,43.369998931884766,43.439998626708984,38.991905212402344,583800,0.0,False
2023-02-22,43.220001220703125,43.33000183105469,42.88999938964844,43.04999923706055,38.6418342590332,526200,0.0,False
2023-02-23,43.310001373291016,43.459999084472656,42.720001220703125,43.08000183105469,38.66876220703125,814700,0.0,False
2023-02-24,42.40999984741211,42.59000015258789,42.18000030517578,42.54999923706055,38.19303512573242,647900,0.0,False
2023-02-27,42.79999923706055,42.959999084472656,42.650001525878906,42.779998779296875,38.39948272705078,602800,0.0,False
2023-02-28,42.939998626708984,43.04999923706055,42.68000030517578,42.68000030517578,38.309730529785156,712100,0.0,False
2023-03-01,43.02000045776367,43.63999938964844,43.02000045776367,43.5,39.04575729370117,658800,0.0,False
2023-03-02,43.209999084472656,43.9900016784668,43.16999816894531,43.849998474121094,39.359928131103516,721100,0.0,False
2023-03-03,43.790000915527344,44.52000045776367,43.790000915527344,44.439998626708984,39.88949966430664,1400300,0.0,False
2023-03-06,44.029998779296875,44.04999923706055,43.77000045776367,43.91999816894531,39.42274856567383,632500,0.0,False
2023-03-07,43.529998779296875,43.599998474121094,42.61000061035156,42.75,38.37255096435547,922400,0.0,False
2023-03-08,42.77000045776367,43.279998779296875,42.77000045776367,42.959999084472656,38.56105422973633,680400,0.0,False
2023-03-09,42.95000076293945,43.279998779296875,42.119998931884766,42.209999084472656,37.887847900390625,1768100,0.0,False
2023-03-10,42.20000076293945,42.56999969482422,41.59000015258789,41.650001525878906,37.385189056396484,1284000,0.0,False
2023-03-13,41.209999084472656,41.9900016784668,40.90999984741211,41.540000915527344,37.28645324707031,1161200,0.0,False
2023-03-14,41.900001525878906,42.22999954223633,41.459999084472656,41.869998931884766,37.58266067504883,1140300,0.0,False
2023-03-15,40.5099983215332,40.630001068115234,39.59000015258789,40.15999984741211,36.04776382446289,1183300,0.0,False
2023-03-16,39.540000915527344,40.279998779296875,39.31999969482422,40.2599983215332,36.13751983642578,1035600,0.0,False
2023-03-17,40.099998474121094,40.18000030517578,39.65999984741211,39.93000030517578,35.98881149291992,1137200,0.0,False
2023-03-20,40.25,40.81999969482422,40.11000061035156,40.630001068115234,36.619720458984375,2386300,0.0,False
2023-03-21,41.04999923706055,41.29999923706055,40.849998474121094,41.13999938964844,37.079376220703125,1069000,0.0,False
2023-03-22,41.189998626708984,41.599998474121094,40.72999954223633,40.72999954223633,36.70984649658203,857700,0.0,False
2023-03-23,41.0,41.279998779296875,40.220001220703125,40.45000076293945,36.45747756958008,784500,0.0,False
2023-03-24,40.099998474121094,40.47999954223633,39.779998779296875,40.38999938964844,36.40340805053711,860700,0.0,False
2023-03-27,40.599998474121094,41.02000045776367,40.40999984741211,40.88999938964844,36.85405349731445,2349300,0.0,False
2023-03-28,40.880001068115234,41.45000076293945,40.880001068115234,41.29999923706055,37.22358322143555,974200,0.0,False
2023-03-29,41.599998474121094,41.84000015258789,41.56999969482422,41.7400016784668,37.620155334472656,615000,0.0,False
2023-03-30,42.209999084472656,42.29999923706055,42.029998779296875,42.20000076293945,38.034751892089844,476100,0.0,False
2023-03-31,42.20000076293945,42.36000061035156,42.15999984741211,42.290000915527344,38.115867614746094,539700,0.0,False
2023-04-03,42.83000183105469,43.279998779296875,42.83000183105469,43.25,38.98112106323242,751900,0.0,False
2023-04-04,43.13999938964844,43.13999938964844,42.63999938964844,42.88999938964844,38.656646728515625,590900,0.0,False
2023-04-05,42.72999954223633,42.869998931884766,42.40999984741211,42.79999923706055,38.57553482055664,511600,0.0,False
2023-04-06,42.79999923706055,42.79999923706055,42.369998931884766,42.5099983215332,38.314151763916016,490500,0.0,False
2023-04-10,42.31999969482422,42.84000015258789,42.31999969482422,42.79999923706055,38.57553482055664,747900,0.0,False
2023-04-11,43.119998931884766,43.61000061035156,43.119998931884766,43.5099983215332,39.215450286865234,575200,0.0,False
2023-04-12,43.79999923706055,43.83000183105469,43.459999084472656,43.56999969482422,39.26953125,767400,0.0,False
2023-04-13,43.790000915527344,44.18000030517578,43.72999954223633,44.08000183105469,39.72918701171875,2792700,0.0,False
2023-04-14,43.93000030517578,44.209999084472656,43.650001525878906,43.849998474121094,39.52190017700195,916900,0.0,False
2023-04-17,43.77000045776367,43.959999084472656,43.650001525878906,43.84000015258789,39.512874603271484,873900,0.0,False
2023-04-18,43.900001525878906,44.06999969482422,43.81999969482422,44.0099983215332,39.66610336303711,619800,0.0,False
2023-04-19,43.68000030517578,43.709999084472656,43.5,43.630001068115234,39.3236083984375,811300,0.0,False
2023-04-20,43.2599983215332,43.43000030517578,43.06999969482422,43.2400016784668,38.97209930419922,866700,0.0,False
2023-04-21,42.95000076293945,43.099998474121094,42.599998474121094,42.84000015258789,38.6115837097168,686000,0.0,False
2023-04-24,42.66999816894531,43.06999969482422,42.66999816894531,43.04999923706055,38.80085754394531,725900,0.0,False
2023-04-25,42.459999084472656,42.54999923706055,42.02000045776367,42.08000183105469,37.92660140991211,673400,0.0,False
2023-04-26,42.400001525878906,42.459999084472656,41.900001525878906,42.029998779296875,37.88152313232422,596700,0.0,False
2023-04-27,42.0,42.349998474121094,41.849998474121094,42.279998779296875,38.10686111450195,786900,0.0,False
2023-04-28,42.09000015258789,42.77000045776367,42.09000015258789,42.72999954223633,38.51243591308594,642900,0.0,False
2023-05-01,42.540000915527344,42.86000061035156,42.369998931884766,42.43000030517578,38.24205780029297,632200,0.0,False
2023-05-02,42.02000045776367,42.02000045776367,41.220001220703125,41.560001373291016,37.457923889160156,1008600,0.0,False
2023-05-03,41.38999938964844,41.7599983215332,41.290000915527344,41.310001373291016,37.232601165771484,945500,0.0,False
2023-05-04,41.310001373291016,41.47999954223633,40.95000076293945,40.95000076293945,36.90813446044922,987100,0.0,False
2023-05-05,41.43000030517578,42.06999969482422,41.43000030517578,41.88999938964844,37.755348205566406,694500,0.0,False
2023-05-08,42.15999984741211,42.31999969482422,41.689998626708984,41.75,37.62916564941406,611700,0.0,False
2023-05-09,41.45000076293945,41.689998626708984,41.279998779296875,41.560001373291016,37.457923889160156,762900,0.0,False
2023-05-10,41.72999954223633,41.75,41.04999923706055,41.349998474121094,37.26865005493164,556600,0.0,False
2023-05-11,40.63999938964844,40.709999084472656,40.36000061035156,40.599998474121094,36.59266662597656,1198400,0.0,False
2023-05-12,40.650001525878906,40.84000015258789,40.369998931884766,40.619998931884766,36.6107063293457,1087100,0.0,False
2023-05-15,40.83000183105469,41.25,40.79999923706055,41.15999984741211,37.0974006652832,558900,0.0,False
2023-05-16,40.91999816894531,40.97999954223633,40.349998474121094,40.369998931884766,36.385372161865234,406100,0.0,False
2023-05-17,40.540000915527344,40.7400016784668,40.310001373291016,40.63999938964844,36.628726959228516,462500,0.0,False
2023-05-18,40.29999923706055,40.439998626708984,40.060001373291016,40.400001525878906,36.41242218017578,673500,0.0,False
2023-05-19,40.52000045776367,40.75,40.5,40.56999969482422,36.56563949584961,489900,0.0,False
2023-05-22,40.47999954223633,40.709999084472656,40.400001525878906,40.4900016784668,36.4935417175293,439300,0.0,False
2023-05-23,40.380001068115234,40.619998931884766,40.29999923706055,40.369998931884766,36.385372161865234,649600,0.0,False
2023-05-24,40.15999984741211,40.220001220703125,39.68000030517578,39.7599983215332,35.83558654785156,1554300,0.0,False
2023-05-25,39.61000061035156,39.61000061035156,39.130001068115234,39.310001373291016,35.43000793457031,1016700,0.0,False
2023-05-26,39.59000015258789,39.75,39.439998626708984,39.54999923706055,35.64632034301758,698400,0.0,False
2023-05-30,39.31999969482422,39.31999969482422,38.84000015258789,39.02000045776367,35.16862487792969,598100,0.0,False
2023-05-31,38.619998931884766,38.70000076293945,38.400001525878906,38.529998779296875,34.72698974609375,581900,0.0,False
2023-06-01,38.630001068115234,39.279998779296875,38.58000183105469,39.150001525878906,35.28580093383789,732800,0.0,False
2023-06-02,39.81999969482422,40.130001068115234,39.81999969482422,40.060001373291016,36.10598373413086,836200,0.0,False
2023-06-05,40.220001220703125,40.220001220703125,39.86000061035156,39.939998626708984,35.99782180786133,498700,0.0,False
2023-06-06,39.65999984741211,40.33000183105469,39.619998931884766,40.279998779296875,36.30426025390625,618600,0.0,False
2023-06-07,40.43000030517578,40.79999923706055,40.400001525878906,40.650001525878906,36.63773727416992,616500,0.0,False
2023-06-08,40.79999923706055,40.93000030517578,40.400001525878906,40.790000915527344,36.763919830322266,1204500,0.0,False
2023-06-09,40.65999984741211,40.900001525878906,40.5099983215332,40.650001525878906,36.63773727416992,668000,0.0,False
2023-06-12,40.45000076293945,40.540000915527344,40.290000915527344,40.47999954223633,36.484519958496094,856600,0.0,False
2023-06-13,40.86000061035156,41.220001220703125,40.86000061035156,41.029998779296875,36.98023223876953,1416700,0.0,False
2023-06-14,41.529998779296875,41.619998931884766,40.81999969482422,41.029998779296875,36.98023223876953,1870600,0.0,False
2023-06-15,41.0,41.650001525878906,41.0,41.4900016784668,37.394832611083984,797000,0.0,False
2023-06-16,41.04999923706055,41.150001525878906,40.95000076293945,40.9900016784668,37.424964904785156,749700,0.0,False
2023-06-20,40.470001220703125,40.470001220703125,39.9900016784668,40.150001525878906,36.65802001953125,788700,0.0,False
2023-06-21,39.97999954223633,40.4900016784668,39.83000183105469,40.349998474121094,36.84062576293945,574700,0.0,False
2023-06-22,40.0,40.029998779296875,39.849998474121094,39.95000076293945,36.47541427612305,499400,0.0,False
2023-06-23,39.47999954223633,39.5099983215332,39.25,39.279998779296875,35.863685607910156,2265200,0.0,False
2023-06-26,39.34000015258789,39.790000915527344,39.2599983215332,39.70000076293945,36.247154235839844,544600,0.0,False
2023-06-27,39.650001525878906,39.77000045776367,39.40999984741211,39.689998626708984,36.2380256652832,587500,0.0,False
2023-06-28,39.54999923706055,39.630001068115234,39.209999084472656,39.56999969482422,36.12846755981445,1013600,0.0,False
2023-06-29,39.439998626708984,39.79999923706055,39.31999969482422,39.79999923706055,36.33845520019531,692100,0.0,False
2023-06-30,39.970001220703125,40.13999938964844,39.84000015258789,40.06999969482422,36.5849723815918,702300,0.0,False
2023-07-03,40.279998779296875,40.650001525878906,40.279998779296875,40.540000915527344,37.01410675048828,321600,0.0,False
2023-07-05,40.470001220703125,40.470001220703125,40.029998779296875,40.09000015258789,36.60324478149414,589300,0.0,False
2023-07-06,39.540000915527344,39.61000061035156,38.97999954223633,39.27000045776367,35.854557037353516,752500,0.0,False
2023-07-07,39.16999816894531,40.0099983215332,39.16999816894531,39.790000915527344,36.32932662963867,420000,0.0,False
2023-07-10,39.529998779296875,39.86000061035156,39.529998779296875,39.70000076293945,36.247154235839844,694000,0.0,False
2023-07-11,39.880001068115234,40.40999984741211,39.880001068115234,40.369998931884766,36.8588752746582,538200,0.0,False
2023-07-12,40.9900016784668,41.18000030517578,40.9900016784668,41.040000915527344,37.470619201660156,909800,0.0,False
2023-07-13,41.380001068115234,41.630001068115234,41.33000183105469,41.540000915527344,37.927127838134766,1065900,0.0,False
2023-07-14,41.56999969482422,41.56999969482422,40.959999084472656,40.97999954223633,37.415828704833984,614500,0.0,False
2023-07-17,40.720001220703125,40.900001525878906,40.59000015258789,40.810001373291016,37.2606201171875,589600,0.0,False
2023-07-18,40.810001373291016,41.4900016784668,40.7599983215332,41.22999954223633,37.64409255981445,877700,0.0,False
2023-07-19,41.2400016784668,41.5,41.2400016784668,41.41999816894531,37.817562103271484,431400,0.0,False
2023-07-20,41.59000015258789,41.81999969482422,41.540000915527344,41.619998931884766,38.00016403198242,502700,0.0,False
2023-07-21,41.709999084472656,41.709999084472656,41.439998626708984,41.599998474121094,37.98189926147461,339800,0.0,False
2023-07-24,41.63999938964844,42.22999954223633,41.63999938964844,42.040000915527344,38.383636474609375,487100,0.0,False
2023-07-25,42.130001068115234,42.7400016784668,42.130001068115234,42.59000015258789,38.88580322265625,874600,0.0,False
2023-07-26,42.25,42.63999938964844,42.25,42.52000045776367,38.82189178466797,404800,0.0,False
2023-07-27,42.560001373291016,42.58000183105469,41.97999954223633,42.04999923706055,38.39277267456055,531600,0.0,False
2023-07-28,42.08000183105469,42.25,41.91999816894531,42.099998474121094,38.438419342041016,369300,0.0,False
2023-07-31,42.34000015258789,42.709999084472656,42.34000015258789,42.689998626708984,38.977108001708984,489500,0.0,False
2023-08-01,42.18000030517578,42.380001068115234,41.869998931884766,42.060001373291016,38.40190505981445,774500,0.0,False
2023-08-02,41.619998931884766,41.66999816894531,41.08000183105469,41.290000915527344,37.69887161254883,619700,0.0,False
2023-08-03,41.15999984741211,41.540000915527344,40.970001220703125,41.310001373291016,37.71713638305664,375500,0.0,False
2023-08-04,41.470001220703125,42.0099983215332,41.470001220703125,41.540000915527344,37.927127838134766,431400,0.0,False
2023-08-07,41.5,41.61000061035156,41.33000183105469,41.540000915527344,37.927127838134766,665400,0.0,False
2023-08-08,40.869998931884766,41.310001373291016,40.68000030517578,41.279998779296875,37.68974304199219,763800,0.0,False
2023-08-09,41.439998626708984,41.79999923706055,41.439998626708984,41.529998779296875,37.91799545288086,411800,0.0,False
2023-08-10,41.900001525878906,42.029998779296875,41.34000015258789,41.41999816894531,37.817562103271484,700400,0.0,False
2023-08-11,41.150001525878906,41.529998779296875,41.150001525878906,41.38999938964844,37.7901725769043,360300,0.0,False
2023-08-14,40.86000061035156,40.939998626708984,40.630001068115234,40.91999816894531,37.36104965209961,437100,0.0,False
2023-08-15,40.709999084472656,40.709999084472656,39.9900016784668,40.06999969482422,36.5849723815918,726000,0.0,False
2023-08-16,39.939998626708984,40.22999954223633,39.790000915527344,39.81999969482422,36.35672378540039,512600,0.0,False
2023-08-17,40.13999938964844,40.40999984741211,40.0099983215332,40.040000915527344,36.557586669921875,577400,0.0,False
2023-08-18,39.7400016784668,40.189998626708984,39.72999954223633,40.130001068115234,36.63975524902344,456100,0.0,False
2023-08-21,40.2400016784668,40.380001068115234,40.029998779296875,40.209999084472656,36.712799072265625,473300,0.0,False
2023-08-22,40.31999969482422,40.380001068115234,40.0099983215332,40.040000915527344,36.557586669921875,440900,0.0,False
2023-08-23,40.099998474121094,40.310001373291016,39.900001525878906,40.27000045776367,36.767581939697266,368300,0.0,False
2023-08-24,40.0099983215332,40.16999816894531,39.810001373291016,39.939998626708984,36.466278076171875,737300,0.0,False
2023-08-25,40.11000061035156,40.220001220703125,39.75,40.08000183105469,36.59410858154297,705300,0.0,False
2023-08-28,40.22999954223633,40.619998931884766,40.22999954223633,40.5099983215332,36.98670196533203,386900,0.0,False
2023-08-29,40.54999923706055,41.08000183105469,40.439998626708984,41.04999923706055,37.47974395751953,436500,0.0,False
2023-08-30,41.2599983215332,41.369998931884766,41.13999938964844,41.16999816894531,37.58930206298828,388900,0.0,False
2023-08-31,41.22999954223633,41.25,40.91999816894531,40.97999954223633,37.415828704833984,326600,0.0,False
2023-09-01,41.40999984741211,41.70000076293945,41.380001068115234,41.470001220703125,37.86320877075195,418600,0.0,False
2023-09-05,41.540000915527344,41.720001220703125,41.209999084472656,41.209999084472656,37.625831604003906,336400,0.0,False
2023-09-06,41.20000076293945,41.40999984741211,40.90999984741211,41.099998474121094,37.5254020690918,290400,0.0,False
2023-09-07,40.869998931884766,41.060001373291016,40.65999984741211,40.77000045776367,37.224098205566406,426300,0.0,False
2023-09-08,40.810001373291016,41.02000045776367,40.75,40.869998931884766,37.315406799316406,378600,0.0,False
2023-09-11,41.400001525878906,41.5,41.08000183105469,41.130001068115234,37.55278396606445,330700,0.0,False
2023-09-12,41.060001373291016,41.470001220703125,41.060001373291016,41.33000183105469,37.73539733886719,308500,0.0,False
2023-09-13,41.439998626708984,41.45000076293945,41.150001525878906,41.279998779296875,37.68974304199219,298200,0.0,False
2023-09-14,41.7599983215332,42.2400016784668,41.7599983215332,42.13999938964844,38.47494125366211,641400,0.0,False
2023-09-15,41.849998474121094,42.11000061035156,41.650001525878906,41.65999984741211,38.306671142578125,532700,0.0,False
2023-09-18,41.70000076293945,41.779998779296875,41.43000030517578,41.560001373291016,38.214725494384766,331600,0.0,False
2023-09-19,41.77000045776367,41.849998474121094,41.40999984741211,41.4900016784668,38.150360107421875,484700,0.0,False
2023-09-20,41.529998779296875,41.900001525878906,41.27000045776367,41.33000183105469,38.00323486328125,334000,0.0,False
2023-09-21,41.06999969482422,41.06999969482422,40.59000015258789,40.61000061035156,37.341190338134766,927400,0.0,False
2023-09-22,40.959999084472656,41.09000015258789,40.58000183105469,40.61000061035156,37.341190338134766,348900,0.0,False
2023-09-25,40.38999938964844,40.630001068115234,40.25,40.619998931884766,37.35038375854492,497900,0.0,False
2023-09-26,40.36000061035156,40.599998474121094,40.130001068115234,40.209999084472656,36.973388671875,503900,0.0,False
2023-09-27,40.41999816894531,40.540000915527344,40.08000183105469,40.31999969482422,37.07453155517578,1373000,0.0,False
2023-09-28,40.36000061035156,40.720001220703125,40.36000061035156,40.630001068115234,37.35958480834961,326500,0.0,False
2023-09-29,41.02000045776367,41.02000045776367,40.33000183105469,40.439998626708984,37.18487548828125,494700,0.0,False
2023-10-02,40.25,40.29999923706055,39.41999816894531,39.59000015258789,36.403289794921875,519400,0.0,False
2023-10-03,39.2400016784668,39.439998626708984,38.95000076293945,39.119998931884766,35.97111892700195,1025400,0.0,False
2023-10-04,39.0,39.0099983215332,38.369998931884766,38.689998626708984,35.57573318481445,548200,0.0,False
2023-10-05,38.540000915527344,38.869998931884766,38.540000915527344,38.77000045776367,35.64929962158203,429100,0.0,False
2023-10-06,38.72999954223633,39.400001525878906,38.47999954223633,39.18000030517578,36.02629852294922,402900,0.0,False
2023-10-09,39.33000183105469,39.88999938964844,39.31999969482422,39.810001373291016,36.6055908203125,259000,0.0,False
2023-10-10,40.0,40.38999938964844,40.0,40.25,37.010169982910156,349100,0.0,False
2023-10-11,40.369998931884766,40.40999984741211,39.90999984741211,40.16999816894531,36.93659973144531,820800,0.0,False
2023-10-12,40.209999084472656,40.2400016784668,39.560001373291016,39.7599983215332,36.55961227416992,463000,0.0,False
2023-10-13,40.13999938964844,40.279998779296875,39.959999084472656,40.11000061035156,36.881439208984375,330000,0.0,False
2023-10-16,40.43000030517578,40.630001068115234,40.16999816894531,40.560001373291016,37.29521179199219,397100,0.0,False
2023-10-17,40.310001373291016,40.939998626708984,40.310001373291016,40.88999938964844,37.59865188598633,378200,0.0,False
2023-10-18,40.779998779296875,40.779998779296875,40.349998474121094,40.459999084472656,37.2032585144043,697400,0.0,False
2023-10-19,40.25,40.52000045776367,40.09000015258789,40.209999084472656,36.973388671875,528000,0.0,False
2023-10-20,39.97999954223633,39.97999954223633,39.52000045776367,39.52000045776367,36.338932037353516,489000,0.0,False
2023-10-23,38.970001220703125,39.279998779296875,38.779998779296875,38.939998626708984,35.80561828613281,391400,0.0,False
2023-10-24,39.18000030517578,39.2599983215332,38.900001525878906,39.0099983215332,35.869972229003906,515900,0.0,False
2023-10-25,39.0,39.16999816894531,38.88999938964844,38.95000076293945,35.81481170654297,387200,0.0,False
2023-10-26,38.86000061035156,39.06999969482422,38.77000045776367,38.93000030517578,35.796417236328125,491900,0.0,False
2023-10-27,39.189998626708984,39.2599983215332,38.650001525878906,38.83000183105469,35.7044677734375,656400,0.0,False
2023-10-30,39.13999938964844,39.2599983215332,38.77000045776367,38.939998626708984,35.80561828613281,514000,0.0,False
2023-10-31,38.75,38.849998474121094,38.43000030517578,38.56999969482422,35.46540069580078,720600,0.0,False
2023-11-01,38.7400016784668,38.90999984741211,38.52000045776367,38.7400016784668,35.62171173095703,507800,0.0,False
2023-11-02,39.08000183105469,39.720001220703125,39.06999969482422,39.68000030517578,36.48604965209961,479200,0.0,False
2023-11-03,39.7599983215332,40.060001373291016,39.7599983215332,39.86000061035156,36.65156173706055,389800,0.0,False
2023-11-06,39.970001220703125,39.970001220703125,39.59000015258789,39.599998474121094,36.4124870300293,323700,0.0,False
2023-11-07,39.11000061035156,39.130001068115234,38.7400016784668,38.880001068115234,35.75043869018555,745200,0.0,False
2023-11-08,38.79999923706055,39.0099983215332,38.40999984741211,38.470001220703125,35.373443603515625,1049300,0.0,False
2023-11-09,38.72999954223633,38.90999984741211,38.38999938964844,38.400001525878906,35.30908203125,502800,0.0,False
2023-11-10,38.470001220703125,38.61000061035156,38.189998626708984,38.58000183105469,35.4745979309082,424500,0.0,False
2023-11-13,38.5099983215332,38.84000015258789,38.47999954223633,38.79999923706055,35.6768798828125,523000,0.0,False
2023-11-14,39.40999984741211,39.90999984741211,39.40999984741211,39.83000183105469,36.62397384643555,664300,0.0,False
2023-11-15,39.939998626708984,40.290000915527344,39.939998626708984,40.08000183105469,36.853851318359375,1351500,0.0,False
2023-11-16,39.77000045776367,39.959999084472656,39.54999923706055,39.7400016784668,36.54121780395508,518400,0.0,False
2023-11-17,40.11000061035156,40.209999084472656,39.849998474121094,40.150001525878906,36.91822052001953,683900,0.0,False
2023-11-20,40.189998626708984,40.439998626708984,40.09000015258789,40.31999969482422,37.07453155517578,327500,0.0,False
2023-11-21,40.349998474121094,40.459999084472656,40.279998779296875,40.279998779296875,37.03774642944336,641600,0.0,False
2023-11-22,39.88999938964844,40.15999984741211,39.790000915527344,40.13999938964844,36.90901565551758,585400,0.0,False
2023-11-24,40.06999969482422,40.4900016784668,40.06999969482422,40.31999969482422,37.07453155517578,120300,0.0,False
2023-11-27,40.2599983215332,40.2599983215332,39.95000076293945,40.029998779296875,36.8078727722168,488800,0.0,False
2023-11-28,40.06999969482422,40.41999816894531,39.95000076293945,40.33000183105469,37.0837287902832,652400,0.0,False
2023-11-29,40.380001068115234,40.380001068115234,40.040000915527344,40.09000015258789,36.86304473876953,618700,0.0,False
2023-11-30,40.18000030517578,40.209999084472656,39.91999816894531,40.029998779296875,36.8078727722168,507600,0.0,False
2023-12-01,40.08000183105469,40.790000915527344,40.040000915527344,40.650001525878906,37.37797546386719,701500,0.0,False
2023-12-04,40.15999984741211,40.310001373291016,39.90999984741211,40.0,36.78029251098633,458300,0.0,False
2023-12-05,39.790000915527344,39.880001068115234,39.47999954223633,39.5,36.32053756713867,836400,0.0,False
2023-12-06,39.70000076293945,39.810001373291016,39.310001373291016,39.31999969482422,36.155025482177734,1014800,0.0,False
2023-12-07,39.61000061035156,39.720001220703125,39.5,39.599998474121094,36.4124870300293,4269400,0.0,False
2023-12-08,39.45000076293945,39.790000915527344,39.43000030517578,39.630001068115234,36.4400749206543,1105600,0.0,False
2023-12-11,39.47999954223633,39.58000183105469,39.310001373291016,39.560001373291016,36.37570571899414,652900,0.0,False
2023-12-12,39.34000015258789,39.34000015258789,38.97999954223633,39.099998474121094,35.95273208618164,1373100,0.0,False
2023-12-13,39.09000015258789,40.02000045776367,38.970001220703125,40.02000045776367,36.79867935180664,1195300,0.0,False
2023-12-14,40.4900016784668,41.060001373291016,40.4900016784668,40.869998931884766,37.580265045166016,726800,0.0,False
2023-12-15,40.40999984741211,40.40999984741211,40.04999923706055,40.11000061035156,37.30034637451172,1084700,0.0,False
2023-12-18,40.439998626708984,40.56999969482422,40.279998779296875,40.290000915527344,37.467735290527344,1054500,0.0,False
2023-12-19,40.529998779296875,40.959999084472656,40.529998779296875,40.939998626708984,38.072208404541016,1179800,0.0,False
2023-12-20,40.83000183105469,40.88999938964844,40.13999938964844,40.18000030517578,37.365440368652344,1283900,0.0,False
2023-12-21,40.52000045776367,40.720001220703125,40.45000076293945,40.70000076293945,37.84901428222656,1360000,0.0,False
2023-12-22,40.959999084472656,41.15999984741211,40.79999923706055,40.900001525878906,38.035011291503906,788000,0.0,False
2023-12-26,40.97999954223633,41.27000045776367,40.97999954223633,41.18000030517578,38.29539108276367,856200,0.0,False
2023-12-27,41.2599983215332,41.439998626708984,41.2400016784668,41.349998474121094,38.453487396240234,953300,0.0,False
2023-12-28,41.22999954223633,41.380001068115234,41.040000915527344,41.04999923706055,38.17449951171875,966400,0.0,False
2023-12-29,41.02000045776367,41.08000183105469,40.83000183105469,40.95000076293945,38.081504821777344,750400,0.0,False
2024-01-02,40.849998474121094,41.25,40.849998474121094,41.0,38.12800216674805,696200,0.0,False
2024-01-03,40.65999984741211,41.06999969482422,40.5,40.88999938964844,38.02570724487305,678100,0.0,False
2024-01-04,40.93000030517578,41.0,40.599998474121094,40.63999938964844,37.79322052001953,614800,0.0,False
2024-01-05,40.61000061035156,40.90999984741211,40.41999816894531,40.54999923706055,37.70951843261719,646700,0.0,False
2024-01-08,40.15999984741211,40.43000030517578,39.900001525878906,40.41999816894531,37.58863067626953,517600,0.0,False
2024-01-09,40.150001525878906,40.150001525878906,39.7599983215332,39.810001373291016,37.021366119384766,707900,0.0,False
2024-01-10,39.75,39.75,39.38999938964844,39.5099983215332,36.742374420166016,555500,0.0,False
2024-01-11,39.59000015258789,39.61000061035156,39.2400016784668,39.45000076293945,36.68657302856445,2530400,0.0,False
2024-01-12,39.869998931884766,39.970001220703125,39.5,39.599998474121094,36.82606887817383,909100,0.0,False
2024-01-16,39.18000030517578,39.18000030517578,38.56999969482422,38.61000061035156,35.905418395996094,806100,0.0,False
2024-01-17,38.15999984741211,38.20000076293945,37.91999816894531,38.08000183105469,35.41254425048828,577800,0.0,False
2024-01-18,38.15999984741211,38.16999816894531,37.869998931884766,38.150001525878906,35.47764587402344,618400,0.0,False
2024-01-19,38.11000061035156,38.27000045776367,37.900001525878906,38.25,35.57063674926758,894300,0.0,False
2024-01-22,37.7599983215332,37.79999923706055,37.560001373291016,37.630001068115234,34.994075775146484,657000,0.0,False
2024-01-23,37.72999954223633,38.099998474121094,37.72999954223633,37.95000076293945,35.29165267944336,638500,0.0,False
2024-01-24,38.4900016784668,38.54999923706055,38.150001525878906,38.189998626708984,35.51483917236328,754900,0.0,False
2024-01-25,38.45000076293945,38.45000076293945,38.040000915527344,38.369998931884766,35.682228088378906,928300,0.0,False
2024-01-26,38.59000015258789,38.66999816894531,38.41999816894531,38.630001068115234,35.92402267456055,1399500,0.0,False
2024-01-29,38.68000030517578,38.880001068115234,38.38999938964844,38.849998474121094,36.12860107421875,483500,0.0,False
2024-01-30,38.63999938964844,38.91999816894531,38.470001220703125,38.900001525878906,36.175106048583984,540500,0.0,False
2024-01-31,38.869998931884766,38.97999954223633,38.380001068115234,38.41999816894531,35.72872543334961,799100,0.0,False
2024-02-01,38.83000183105469,39.18000030517578,38.779998779296875,39.06999969482422,36.33319854736328,1023600,0.0,False
2024-02-02,38.79999923706055,38.79999923706055,38.43000030517578,38.560001373291016,35.85892105102539,607300,0.0,False
2024-02-05,38.13999938964844,38.290000915527344,37.849998474121094,38.02000045776367,35.35674285888672,792400,0.0,False
2024-02-06,38.13999938964844,38.4900016784668,38.11000061035156,38.38999938964844,35.700828552246094,688600,0.0,False
2024-02-07,38.349998474121094,38.380001068115234,38.130001068115234,38.29999923706055,35.61713409423828,864400,0.0,False
2024-02-08,38.15999984741211,38.25,37.97999954223633,38.099998474121094,35.43114471435547,816700,0.0,False
2024-02-09,38.11000061035156,38.20000076293945,37.86000061035156,37.9900016784668,35.328853607177734,817300,0.0,False
2024-02-12,38.060001373291016,38.540000915527344,38.060001373291016,38.43000030517578,35.73802947998047,478900,0.0,False
2024-02-13,38.04999923706055,38.15999984741211,37.40999984741211,37.61000061035156,34.97547149658203,780000,0.0,False
2024-02-14,37.83000183105469,37.869998931884766,37.59000015258789,37.79999923706055,35.15216064453125,807100,0.0,False
2024-02-15,37.869998931884766,38.540000915527344,37.869998931884766,38.5099983215332,35.81241989135742,882900,0.0,False
2024-02-16,38.54999923706055,38.90999984741211,38.54999923706055,38.709999084472656,35.998416900634766,852700,0.0,False
2024-02-20,38.630001068115234,38.630001068115234,38.31999969482422,38.380001068115234,35.691532135009766,579900,0.0,False
2024-02-21,38.41999816894531,38.54999923706055,38.279998779296875,38.52000045776367,35.82172393798828,477900,0.0,False
2024-02-22,38.61000061035156,38.83000183105469,38.52000045776367,38.720001220703125,36.00771713256836,719700,0.0,False
2024-02-23,38.63999938964844,38.720001220703125,38.459999084472656,38.63999938964844,35.93332290649414,747200,0.0,False
2024-02-26,38.459999084472656,38.47999954223633,38.22999954223633,38.400001525878906,35.71012878417969,1134200,0.0,False
2024-02-27,38.560001373291016,38.630001068115234,38.439998626708984,38.4900016784668,35.7938346862793,450400,0.0,False
2024-02-28,38.34000015258789,38.45000076293945,38.2400016784668,38.290000915527344,35.60783767700195,709200,0.0,False
2024-02-29,38.459999084472656,38.61000061035156,38.369998931884766,38.4900016784668,35.7938346862793,1413000,0.0,False
2024-03-01,38.720001220703125,39.130001068115234,38.70000076293945,38.9900016784668,36.25880432128906,610200,0.0,False
2024-03-04,38.959999084472656,38.959999084472656,38.689998626708984,38.709999084472656,35.998416900634766,869800,0.0,False
2024-03-05,38.689998626708984,38.9900016784668,38.58000183105469,38.68000030517578,35.970516204833984,645000,0.0,False
2024-03-06,39.209999084472656,39.34000015258789,39.08000183105469,39.15999984741211,36.416893005371094,729400,0.0,False
2024-03-07,39.470001220703125,39.7599983215332,39.470001220703125,39.61000061035156,36.83537292480469,660800,0.0,False
2024-03-08,39.68000030517578,39.7599983215332,39.470001220703125,39.540000915527344,36.77027130126953,740900,0.0,False
2024-03-11,39.349998474121094,39.63999938964844,39.279998779296875,39.61000061035156,36.83537292480469,584100,0.0,False
2024-03-12,39.61000061035156,39.650001525878906,39.41999816894531,39.56999969482422,36.79817581176758,617600,0.0,False
2024-03-13,39.68000030517578,40.25,39.68000030517578,40.13999938964844,37.328243255615234,740100,0.0,False
2024-03-14,40.06999969482422,40.150001525878906,39.779998779296875,39.939998626708984,37.142250061035156,548700,0.0,False
2024-03-15,39.7599983215332,39.9900016784668,39.7400016784668,39.869998931884766,37.2253532409668,654700,0.0,False
2024-03-18,40.06999969482422,40.13999938964844,39.81999969482422,39.95000076293945,37.300045013427734,378400,0.0,False
2024-03-19,40.040000915527344,40.13999938964844,39.93000030517578,40.040000915527344,37.38407897949219,458700,0.0,False
2024-03-20,40.02000045776367,40.619998931884766,39.959999084472656,40.560001373291016,37.86958312988281,697600,0.0,False
2024-03-21,40.68000030517578,40.869998931884766,40.61000061035156,40.63999938964844,37.94427490234375,549500,0.0,False
2024-03-22,40.5099983215332,40.59000015258789,40.27000045776367,40.31999969482422,37.64550018310547,298000,0.0,False
2024-03-25,40.36000061035156,40.77000045776367,40.36000061035156,40.47999954223633,37.794891357421875,1763100,0.0,False
2024-03-26,40.560001373291016,40.560001373291016,40.25,40.25,37.58014678955078,395800,0.0,False
2024-03-27,40.34000015258789,40.83000183105469,40.34000015258789,40.83000183105469,38.12167739868164,406600,0.0,False
2024-03-28,40.880001068115234,41.150001525878906,40.849998474121094,41.06999969482422,38.34575653076172,456100,0.0,False
2024-04-01,41.29999923706055,41.310001373291016,41.09000015258789,41.22999954223633,38.495140075683594,875800,0.0,False
2024-04-02,41.470001220703125,41.689998626708984,41.349998474121094,41.61000061035156,38.84993362426758,545200,0.0,False
2024-04-03,41.59000015258789,41.939998626708984,41.56999969482422,41.900001525878906,39.12070083618164,1749400,0.0,False
2024-04-04,42.189998626708984,42.2599983215332,41.779998779296875,41.86000061035156,39.083351135253906,488700,0.0,False
2024-04-05,41.88999938964844,42.20000076293945,41.720001220703125,42.119998931884766,39.32609939575195,526800,0.0,False
2024-04-08,42.439998626708984,42.5099983215332,42.15999984741211,42.310001373291016,39.50350570678711,426100,0.0,False
2024-04-09,42.650001525878906,42.7599983215332,42.36000061035156,42.63999938964844,39.81161117553711,645700,0.0,False
2024-04-10,42.13999938964844,42.459999084472656,42.029998779296875,42.36000061035156,39.55018615722656,522000,0.0,False
2024-04-11,42.459999084472656,42.459999084472656,41.83000183105469,42.209999084472656,39.41014099121094,318300,0.0,False
2024-04-12,42.27000045776367,42.52000045776367,41.43000030517578,41.52000045776367,38.76590347290039,466700,0.0,False
2024-04-15,41.86000061035156,41.93000030517578,41.22999954223633,41.31999969482422,38.579166412353516,666000,0.0,False
2024-04-16,40.970001220703125,41.02000045776367,40.59000015258789,40.849998474121094,38.140342712402344,640300,0.0,False
2024-04-17,41.11000061035156,41.400001525878906,40.84000015258789,41.02000045776367,38.299076080322266,614500,0.0,False
2024-04-18,41.189998626708984,41.34000015258789,40.9900016784668,41.130001068115234,38.40176773071289,437600,0.0,False
2024-04-19,41.16999816894531,41.63999938964844,41.16999816894531,41.47999954223633,38.72855758666992,347800,0.0,False
2024-04-22,41.33000183105469,41.63999938964844,41.04999923706055,41.470001220703125,38.71922302246094,407700,0.0,False
2024-04-23,41.20000076293945,41.56999969482422,41.09000015258789,41.5099983215332,38.75656509399414,827800,0.0,False
2024-04-24,41.40999984741211,41.619998931884766,41.2599983215332,41.599998474121094,38.840599060058594,384500,0.0,False
2024-04-25,41.5099983215332,41.970001220703125,41.34000015258789,41.869998931884766,39.092689514160156,363500,0.0,False
2024-04-26,41.970001220703125,42.09000015258789,41.70000076293945,41.970001220703125,39.186058044433594,285700,0.0,False
2024-04-29,42.04999923706055,42.439998626708984,42.04999923706055,42.400001525878906,39.5875358581543,325000,0.0,False
2024-04-30,42.02000045776367,42.04999923706055,41.369998931884766,41.38999938964844,38.64452362060547,447500,0.0,False
2024-05-01,41.36000061035156,41.68000030517578,41.04999923706055,41.16999816894531,38.439117431640625,502400,0.0,False
2024-05-02,41.36000061035156,41.66999816894531,41.209999084472656,41.540000915527344,38.78458023071289,312500,0.0,False
2024-05-03,41.81999969482422,41.900001525878906,41.540000915527344,41.79999923706055,39.0273323059082,268900,0.0,False
2024-05-06,42.119998931884766,42.16999816894531,41.9900016784668,42.09000015258789,39.298099517822266,314000,0.0,False
2024-05-07,42.15999984741211,42.36000061035156,42.15999984741211,42.27000045776367,39.46615982055664,254000,0.0,False
2024-05-08,41.97999954223633,42.189998626708984,41.900001525878906,42.099998474121094,39.307430267333984,228800,0.0,False
2024-05-09,42.15999984741211,42.70000076293945,42.15999984741211,42.689998626708984,39.85829544067383,4649900,0.0,False
2024-05-10,42.93000030517578,43.02000045776367,42.65999984741211,42.689998626708984,39.85829544067383,1033100,0.0,False
2024-05-13,42.790000915527344,42.959999084472656,42.560001373291016,42.63999938964844,39.81161117553711,783800,0.0,False
2024-05-14,42.77000045776367,42.91999816894531,42.68000030517578,42.79999923706055,39.96099853515625,619200,0.0,False
2024-05-15,42.97999954223633,42.97999954223633,42.41999816894531,42.84000015258789,39.99834442138672,984700,0.0,False
2024-05-16,42.83000183105469,43.0,42.720001220703125,42.849998474121094,40.0076789855957,875800,0.0,False
2024-05-17,43.150001525878906,43.380001068115234,42.93000030517578,43.380001068115234,40.502525329589844,815100,0.0,False
2024-05-20,43.36000061035156,43.540000915527344,43.2400016784668,43.459999084472656,40.57721710205078,751500,0.0,False
2024-05-21,43.47999954223633,43.540000915527344,43.310001373291016,43.38999938964844,40.51185989379883,807400,0.0,False
2024-05-22,43.130001068115234,43.130001068115234,42.54999923706055,42.689998626708984,39.85829544067383,1634600,0.0,False
2024-05-23,42.83000183105469,42.880001068115234,42.119998931884766,42.189998626708984,39.39146041870117,786200,0.0,False
2024-05-24,42.40999984741211,42.54999923706055,42.31999969482422,42.380001068115234,39.5688591003418,469400,0.0,False
2024-05-28,42.54999923706055,42.7400016784668,42.459999084472656,42.61000061035156,39.78360366821289,2514100,0.0,False
2024-05-29,42.33000183105469,42.33000183105469,41.81999969482422,41.869998931884766,39.092689514160156,1072000,0.0,False
2024-05-30,41.790000915527344,42.11000061035156,41.790000915527344,42.0099983215332,39.22340393066406,489900,0.0,False
2024-05-31,42.18000030517578,42.56999969482422,42.060001373291016,42.54999923706055,39.727577209472656,425100,0.0,False
2024-06-03,42.529998779296875,42.540000915527344,41.849998474121094,42.08000183105469,39.28875732421875,749800,0.0,False
2024-06-04,41.560001373291016,41.560001373291016,41.08000183105469,41.29999923706055,38.56049728393555,508000,0.0,False
2024-06-05,41.34000015258789,41.36000061035156,41.060001373291016,41.27000045776367,38.532493591308594,388600,0.0,False
2024-06-06,41.2599983215332,41.66999816894531,41.20000076293945,41.65999984741211,38.896610260009766,410700,0.0,False
2024-06-07,41.22999954223633,41.31999969482422,40.83000183105469,40.86000061035156,38.14968490600586,498800,0.0,False
2024-06-10,40.869998931884766,41.18000030517578,40.81999969482422,41.13999938964844,38.41110610961914,325800,0.0,False
2024-06-11,40.7400016784668,40.7400016784668,40.349998474121094,40.650001525878906,37.953609466552734,386100,0.0,False
2024-06-12,41.220001220703125,41.220001220703125,40.459999084472656,40.599998474121094,37.90692138671875,517500,0.0,False
2024-06-13,40.5,40.54999923706055,40.029998779296875,40.18000030517578,37.514793395996094,686300,0.0,False
2024-06-14,39.9900016784668,40.0,39.689998626708984,39.93000030517578,37.281368255615234,379000,0.0,False
2024-06-17,39.70000076293945,39.959999084472656,39.540000915527344,39.900001525878906,37.253360748291016,693000,0.0,False
2024-06-18,39.869998931884766,40.189998626708984,39.869998931884766,40.099998474121094,37.44009780883789,310700,0.0,False
2024-06-20,40.27000045776367,40.63999938964844,40.20000076293945,40.54999923706055,37.86024856567383,457300,0.0,False
2024-06-21,39.9900016784668,40.060001373291016,39.869998931884766,39.95000076293945,37.70264434814453,328500,0.0,False
2024-06-24,40.040000915527344,40.58000183105469,40.040000915527344,40.52000045776367,38.240570068359375,412900,0.0,False
2024-06-25,40.400001525878906,40.400001525878906,40.150001525878906,40.25,37.98576736450195,509900,0.0,False
2024-06-26,40.040000915527344,40.189998626708984,39.9900016784668,40.13999938964844,37.881954193115234,352800,0.0,False
2024-06-27,40.31999969482422,40.31999969482422,40.040000915527344,40.15999984741211,37.90082550048828,395900,0.0,False
2024-06-28,40.33000183105469,40.4900016784668,39.9900016784668,40.13999938964844,37.881954193115234,573500,0.0,False
2024-07-01,40.38999938964844,40.59000015258789,40.16999816894531,40.189998626708984,37.929134368896484,289400,0.0,False
2024-07-02,40.15999984741211,40.349998474121094,40.02000045776367,40.20000076293945,37.938575744628906,376800,0.0,False
2024-07-03,40.4900016784668,40.88999938964844,40.4900016784668,40.720001220703125,38.429325103759766,231100,0.0,False
2024-07-05,41.0,41.0,40.52000045776367,40.720001220703125,38.429325103759766,203400,0.0,False
2024-07-08,40.54999923706055,40.63999938964844,40.33000183105469,40.459999084472656,38.1839485168457,324000,0.0,False
2024-07-09,40.310001373291016,40.47999954223633,40.220001220703125,40.27000045776367,38.004638671875,398600,0.0,False
2024-07-10,40.34000015258789,40.619998931884766,40.310001373291016,40.61000061035156,38.32551574707031,250800,0.0,False
2024-07-11,40.88999938964844,41.04999923706055,40.7400016784668,41.029998779296875,38.72188186645508,358500,0.0,False
2024-07-12,41.18000030517578,41.369998931884766,41.09000015258789,41.22999954223633,38.9106330871582,186500,0.0,False
2024-07-15,41.220001220703125,41.31999969482422,40.93000030517578,41.13999938964844,38.82569122314453,217500,0.0,False
2024-07-16,40.86000061035156,41.31999969482422,40.72999954223633,41.310001373291016,38.98613357543945,282700,0.0,False
2024-07-17,41.290000915527344,41.61000061035156,41.290000915527344,41.47999954223633,39.14657211303711,317100,0.0,False
2024-07-18,41.470001220703125,41.5099983215332,40.959999084472656,41.029998779296875,38.72188186645508,385400,0.0,False
2024-07-19,40.779998779296875,40.900001525878906,40.630001068115234,40.66999816894531,38.38214111328125,245800,0.0,False
2024-07-22,40.63999938964844,40.7599983215332,40.45000076293945,40.70000076293945,38.41045379638672,491100,0.0,False
2024-07-23,40.36000061035156,40.36000061035156,40.09000015258789,40.09000015258789,37.83476638793945,415700,0.0,False
2024-07-24,40.189998626708984,40.40999984741211,39.97999954223633,39.9900016784668,37.740394592285156,517800,0.0,False
2024-07-25,39.81999969482422,40.439998626708984,39.7599983215332,40.209999084472656,37.94801712036133,330000,0.0,False
2024-07-26,40.40999984741211,40.59000015258789,40.27000045776367,40.5099983215332,38.23114013671875,328200,0.0,False
2024-07-29,40.470001220703125,40.470001220703125,40.08000183105469,40.2599983215332,37.995201110839844,312000,0.0,False
2024-07-30,40.119998931884766,40.38999938964844,40.0099983215332,40.33000183105469,38.06126403808594,334700,0.0,False
2024-07-31,40.849998474121094,41.11000061035156,40.72999954223633,40.88999938964844,38.58976364135742,508600,0.0,False
2024-08-01,40.7400016784668,40.91999816894531,39.779998779296875,39.959999084472656,37.71208572387695,631900,0.0,False
2024-08-02,39.77000045776367,39.88999938964844,39.02000045776367,39.279998779296875,37.07033157348633,2243000,0.0,False
2024-08-05,38.130001068115234,38.70000076293945,37.900001525878906,38.5099983215332,36.34364318847656,1647500,0.0,False
2024-08-06,38.4900016784668,38.90999984741211,38.310001373291016,38.61000061035156,36.438018798828125,539200,0.0,False
2024-08-07,39.02000045776367,39.220001220703125,38.56999969482422,38.599998474121094,36.42858123779297,616300,0.0,False
2024-08-08,38.810001373291016,39.189998626708984,38.689998626708984,39.09000015258789,36.89101791381836,502300,0.0,False
2024-08-09,39.279998779296875,39.349998474121094,38.90999984741211,39.2400016784668,37.032588958740234,340800,0.0,False
2024-08-12,39.41999816894531,39.58000183105469,39.349998474121094,39.47999954223633,37.25907897949219,265600,0.0,False
2024-08-13,39.5,39.70000076293945,39.349998474121094,39.66999816894531,37.438385009765625,213800,0.0,False
2024-08-14,39.58000183105469,39.630001068115234,39.41999816894531,39.56999969482422,37.34401321411133,229800,0.0,False
2024-08-15,39.86000061035156,40.08000183105469,39.810001373291016,39.939998626708984,37.69319534301758,190300,0.0,False
2024-08-16,39.849998474121094,40.150001525878906,39.83000183105469,40.11000061035156,37.8536376953125,381500,0.0,False
2024-08-19,40.2599983215332,40.650001525878906,40.2599983215332,40.470001220703125,38.193389892578125,244100,0.0,False
2024-08-20,40.47999954223633,40.47999954223633,40.02000045776367,40.04999923706055,37.79701614379883,514500,0.0,False
2024-08-21,40.2400016784668,40.400001525878906,40.150001525878906,40.29999923706055,38.03295135498047,382400,0.0,False
2024-08-22,40.16999816894531,40.189998626708984,39.90999984741211,39.970001220703125,37.721519470214844,472800,0.0,False
2024-08-23,40.220001220703125,40.66999816894531,40.13999938964844,40.65999984741211,38.372703552246094,287800,0.0,False
2024-08-26,40.869998931884766,41.119998931884766,40.810001373291016,40.90999984741211,38.60863494873047,299000,0.0,False
2024-08-27,40.900001525878906,41.0,40.709999084472656,40.81999969482422,38.52370071411133,289800,0.0,False
2024-08-28,40.5,40.54999923706055,40.29999923706055,40.470001220703125,38.193389892578125,327800,0.0,False
2024-08-29,40.59000015258789,40.83000183105469,40.41999816894531,40.689998626708984,38.401004791259766,340800,0.0,False
2024-08-30,40.56999969482422,40.709999084472656,40.36000061035156,40.689998626708984,38.401004791259766,149200,0.0,False
2024-09-03,40.0,40.0,39.43000030517578,39.52000045776367,37.29683303833008,577400,0.0,False
2024-09-04,39.43000030517578,39.68000030517578,39.349998474121094,39.380001068115234,37.164703369140625,517900,0.0,False
2024-09-05,39.79999923706055,39.79999923706055,39.2599983215332,39.290000915527344,37.07976531982422,610600,0.0,False
2024-09-06,39.2400016784668,39.349998474121094,38.66999816894531,38.7400016784668,36.56071090698242,425300,0.0,False
2024-09-09,38.939998626708984,39.16999816894531,38.869998931884766,38.959999084472656,36.76832962036133,379200,0.0,False
2024-09-10,38.88999938964844,38.88999938964844,38.36000061035156,38.54999923706055,36.38139343261719,335600,0.0,False
2024-09-11,38.63999938964844,38.75,38.130001068115234,38.70000076293945,36.5229606628418,612800,0.0,False
2024-09-12,38.81999969482422,39.27000045776367,38.810001373291016,39.209999084472656,37.00426483154297,1599600,0.0,False
2024-09-13,39.470001220703125,39.709999084472656,39.470001220703125,39.58000183105469,37.35345458984375,1003500,0.0,False
2024-09-16,39.75,39.970001220703125,39.599998474121094,39.81999969482422,37.5799560546875,430400,0.0,False
2024-09-17,39.900001525878906,40.119998931884766,39.83000183105469,40.0099983215332,37.7592658996582,480400,0.0,False
2024-09-18,39.97999954223633,40.5099983215332,39.83000183105469,39.93000030517578,37.68376541137695,839300,0.0,False
2024-09-19,40.709999084472656,40.81999969482422,40.38999938964844,40.68000030517578,38.39157485961914,405500,0.0,False
2024-09-20,40.209999084472656,40.22999954223633,39.849998474121094,40.0099983215332,38.05770492553711,1020700,0.0,False
2024-09-23,40.029998779296875,40.43000030517578,40.029998779296875,40.25,38.28599548339844,516100,0.0,False
2024-09-24,40.90999984741211,41.060001373291016,40.849998474121094,40.959999084472656,38.96134948730469,568200,0.0,False
2024-09-25,40.9900016784668,40.9900016784668,40.43000030517578,40.459999084472656,38.48574447631836,486700,0.0,False
2024-09-26,40.810001373291016,41.13999938964844,40.810001373291016,41.040000915527344,39.037445068359375,832800,0.0,False
2024-09-27,41.18000030517578,41.470001220703125,41.119998931884766,41.25,39.23720169067383,643400,0.0,False
2024-09-30,41.33000183105469,41.36000061035156,40.9900016784668,41.25,39.23720169067383,655300,0.0,False
2024-10-01,41.22999954223633,41.83000183105469,41.209999084472656,41.75,39.712799072265625,7252100,0.0,False
2024-10-02,42.0,42.189998626708984,41.709999084472656,41.900001525878906,39.85548400878906,416000,0.0,False
2024-10-03,41.68000030517578,41.72999954223633,41.400001525878906,41.65999984741211,39.62718963623047,322800,0.0,False
2024-10-04,41.81999969482422,41.95000076293945,41.7400016784668,41.880001068115234,39.836456298828125,219900,0.0,False
2024-10-07,41.91999816894531,41.9900016784668,41.70000076293945,41.84000015258789,39.798404693603516,239200,0.0,False
2024-10-08,41.18000030517578,41.18000030517578,40.70000076293945,40.91999816894531,38.923301696777344,455000,0.0,False
2024-10-09,40.630001068115234,40.90999984741211,40.58000183105469,40.83000183105469,38.83769226074219,300300,0.0,False
2024-10-10,40.849998474121094,41.18000030517578,40.779998779296875,41.150001525878906,39.14207458496094,220700,0.0,False
2024-10-11,41.27000045776367,41.4900016784668,41.25,41.400001525878906,39.379878997802734,4570200,0.0,False
2024-10-14,41.099998474121094,41.33000183105469,40.970001220703125,41.31999969482422,39.30377960205078,157500,0.0,False
2024-10-15,40.7400016784668,40.83000183105469,40.619998931884766,40.630001068115234,38.64745330810547,4382000,0.0,False
2024-10-16,40.83000183105469,40.97999954223633,40.75,40.7599983215332,38.77109909057617,478400,0.0,False
2024-10-17,40.779998779296875,40.79999923706055,40.619998931884766,40.779998779296875,38.790130615234375,308500,0.0,False
2024-10-18,40.93000030517578,40.97999954223633,40.72999954223633,40.86000061035156,38.86623001098633,288100,0.0,False
2024-10-21,40.9900016784668,41.11000061035156,40.619998931884766,40.65999984741211,38.675987243652344,693000,0.0,False
2024-10-22,40.709999084472656,40.81999969482422,40.61000061035156,40.75,38.7615966796875,625600,0.0,False
2024-10-23,40.540000915527344,40.599998474121094,40.290000915527344,40.5,38.5237922668457,340200,0.0,False
2024-10-24,40.619998931884766,40.650001525878906,40.04999923706055,40.34000015258789,38.37160110473633,377900,0.0,False
2024-10-25,40.5099983215332,40.709999084472656,40.38999938964844,40.40999984741211,38.43819046020508,220000,0.0,False
2024-10-28,40.2400016784668,40.540000915527344,40.13999938964844,40.4900016784668,38.5142822265625,191500,0.0,False
2024-10-29,40.43000030517578,40.529998779296875,40.11000061035156,40.150001525878906,38.19086837768555,909200,0.0,False
2024-10-30,40.099998474121094,40.36000061035156,40.0,40.11000061035156,38.15282440185547,648200,0.0,False
2024-10-31,39.9900016784668,40.04999923706055,39.630001068115234,39.790000915527344,37.84843826293945,344600,0.0,False
2024-11-01,40.20000076293945,40.20000076293945,39.72999954223633,39.75,37.81039047241211,422900,0.0,False
2024-11-04,40.13999938964844,40.38999938964844,40.060001373291016,40.209999084472656,38.24794006347656,378700,0.0,False
2024-11-05,40.22999954223633,40.459999084472656,40.13999938964844,40.459999084472656,38.48574447631836,316900,0.0,False
2024-11-06,40.09000015258789,40.22999954223633,39.66999816894531,40.130001068115234,38.17184829711914,549600,0.0,False
2024-11-07,40.5,40.58000183105469,40.279998779296875,40.5,38.5237922668457,1095900,0.0,False
2024-11-08,39.91999816894531,39.91999816894531,39.5099983215332,39.7400016784668,37.80087661743164,439900,0.0,False
2024-11-11,39.43000030517578,39.529998779296875,39.220001220703125,39.290000915527344,37.37283706665039,275700,0.0,False
2024-11-12,38.95000076293945,39.06999969482422,38.5099983215332,38.63999938964844,36.75455093383789,280800,0.0,False
2024-11-13,38.630001068115234,38.689998626708984,38.369998931884766,38.599998474121094,36.716495513916016,305400,0.0,False
2024-11-14,38.70000076293945,38.83000183105469,38.58000183105469,38.70000076293945,36.811622619628906,523600,0.0,False
2024-11-15,38.86000061035156,38.95000076293945,38.599998474121094,38.650001525878906,36.76406478881836,872600,0.0,False
2024-11-18,38.970001220703125,39.220001220703125,38.90999984741211,39.189998626708984,37.277713775634766,492400,0.0,False
2024-11-19,39.09000015258789,39.2400016784668,38.95000076293945,39.20000076293945,37.2872314453125,411900,0.0,False
2024-11-20,39.189998626708984,39.349998474121094,39.09000015258789,39.33000183105469,37.410884857177734,427900,0.0,False
2024-11-21,39.400001525878906,39.709999084472656,39.34000015258789,39.650001525878906,37.71527099609375,6351700,0.0,False
2024-11-22,39.630001068115234,39.72999954223633,39.47999954223633,39.70000076293945,37.76282501220703,516900,0.0,False
2024-11-25,39.84000015258789,39.849998474121094,39.5099983215332,39.599998474121094,37.66770935058594,1032800,0.0,False
2024-11-26,39.349998474121094,39.369998931884766,39.08000183105469,39.20000076293945,37.2872314453125,551400,0.0,False
2024-11-27,39.400001525878906,39.560001373291016,39.2599983215332,39.33000183105469,37.410884857177734,574400,0.0,False
2024-11-29,39.369998931884766,39.59000015258789,39.310001373291016,39.540000915527344,37.61064147949219,146900,0.0,False
2024-12-02,39.52000045776367,39.52000045776367,39.150001525878906,39.439998626708984,37.5155143737793,1268300,0.0,False
2024-12-03,39.68000030517578,39.81999969482422,39.560001373291016,39.66999816894531,37.734291076660156,347500,0.0,False
2024-12-04,39.77000045776367,39.77000045776367,39.220001220703125,39.2400016784668,37.325279235839844,469000,0.0,False
2024-12-05,39.380001068115234,39.52000045776367,39.189998626708984,39.310001373291016,37.39186096191406,663300,0.0,False
2024-12-06,39.36000061035156,39.36000061035156,38.7400016784668,38.779998779296875,36.887718200683594,691900,0.0,False
2024-12-09,39.41999816894531,39.869998931884766,39.33000183105469,39.34000015258789,37.42039489746094,680500,0.0,False
2024-12-10,39.31999969482422,39.34000015258789,39.0,39.130001068115234,37.220638275146484,412500,0.0,False
2024-12-11,39.22999954223633,39.34000015258789,39.11000061035156,39.29999923706055,37.382347106933594,556900,0.0,False
2024-12-12,39.16999816894531,39.18000030517578,38.810001373291016,38.849998474121094,36.95430374145508,870500,0.0,False
2024-12-13,38.7400016784668,38.7400016784668,38.349998474121094,38.4900016784668,36.61186981201172,976700,0.0,False
2024-12-16,38.369998931884766,38.369998931884766,37.869998931884766,37.880001068115234,36.03164291381836,850400,0.0,False
2024-12-17,37.56999969482422,37.63999938964844,37.45000076293945,37.58000183105469,35.74627685546875,1083700,0.0,False
2024-12-18,37.58000183105469,37.599998474121094,36.45000076293945,36.45000076293945,34.671417236328125,976400,0.0,False
2024-12-19,36.689998626708984,36.7599983215332,36.16999816894531,36.220001220703125,34.452632904052734,1568100,0.0,False
2024-12-20,35.81999969482422,36.380001068115234,35.75,36.189998626708984,34.7309455871582,2102100,0.0,False
2024-12-23,36.09000015258789,36.380001068115234,35.95000076293945,36.36000061035156,34.89409255981445,2172700,0.0,False
2024-12-24,36.41999816894531,36.470001220703125,36.20000076293945,36.45000076293945,34.98046112060547,997400,0.0,False
2024-12-26,36.38999938964844,36.5,36.310001373291016,36.38999938964844,34.922882080078125,1287900,0.0,False
2024-12-27,36.29999923706055,36.52000045776367,36.16999816894531,36.33000183105469,34.86530685424805,1086100,0.0,False
2024-12-30,36.20000076293945,36.29999923706055,35.959999084472656,36.150001525878906,34.692562103271484,2488900,0.0,False
2024-12-31,36.2400016784668,36.40999984741211,36.189998626708984,36.36000061035156,34.89409255981445,1966900,0.0,False
2025-01-02,36.54999923706055,36.779998779296875,36.459999084472656,36.650001525878906,35.172401428222656,724100,0.0,False
2025-01-03,36.7400016784668,36.79999923706055,36.59000015258789,36.72999954223633,35.24917221069336,628900,0.0,False
2025-01-06,37.08000183105469,37.2400016784668,36.81999969482422,36.869998931884766,35.38352584838867,351700,0.0,False
2025-01-07,37.08000183105469,37.220001220703125,36.849998474121094,36.91999816894531,35.43151092529297,1143800,0.0,False
2025-01-08,36.63999938964844,36.84000015258789,36.540000915527344,36.81999969482422,35.335548400878906,384900,0.0,False
2025-01-10,36.869998931884766,37.13999938964844,36.619998931884766,36.790000915527344,35.3067512512207,633700,0.0,False
2025-01-13,36.7599983215332,37.27000045776367,36.7599983215332,37.2599983215332,35.757808685302734,516500,0.0,False
2025-01-14,37.369998931884766,37.56999969482422,37.310001373291016,37.560001373291016,36.04571533203125,526500,0.0,False
2025-01-15,37.97999954223633,37.97999954223633,37.7400016784668,37.93000030517578,36.40079879760742,489900,0.0,False
2025-01-16,37.88999938964844,38.0,37.81999969482422,37.97999954223633,36.44877243041992,1348700,0.0,False
2025-01-17,38.06999969482422,38.36000061035156,38.029998779296875,38.209999084472656,36.66950607299805,588800,0.0,False
2025-01-21,38.43000030517578,38.4900016784668,38.2599983215332,38.439998626708984,36.89023208618164,584800,0.0,False
2025-01-22,38.38999938964844,38.470001220703125,38.099998474121094,38.119998931884766,36.583133697509766,368600,0.0,False
2025-01-23,38.18000030517578,38.38999938964844,38.04999923706055,38.369998931884766,36.82305145263672,471800,0.0,False
2025-01-24,38.54999923706055,38.56999969482422,38.209999084472656,38.22999954223633,36.688697814941406,401800,0.0,False
2025-01-27,38.150001525878906,38.22999954223633,37.959999084472656,38.189998626708984,36.65031051635742,7909500,0.0,False
2025-01-28,38.189998626708984,38.189998626708984,37.7599983215332,37.900001525878906,36.372005462646484,844500,0.0,False
2025-01-29,37.900001525878906,38.119998931884766,37.880001068115234,38.040000915527344,36.50636291503906,477600,0.0,False
2025-01-30,38.349998474121094,38.619998931884766,38.279998779296875,38.459999084472656,36.909427642822266,525800,0.0,False
2025-01-31,38.45000076293945,38.45000076293945,37.900001525878906,37.939998626708984,36.4103889465332,888800,0.0,False
2025-02-03,37.61000061035156,37.93000030517578,37.40999984741211,37.75,36.22805404663086,906600,0.0,False
2025-02-04,37.939998626708984,38.36000061035156,37.88999938964844,38.310001373291016,36.765472412109375,654400,0.0,False
2025-02-05,38.2400016784668,38.31999969482422,38.11000061035156,38.16999816894531,36.6311149597168,589900,0.0,False
2025-02-06,38.43000030517578,38.43000030517578,37.880001068115234,38.09000015258789,36.554344177246094,1100900,0.0,False
2025-02-07,38.2400016784668,38.33000183105469,37.939998626708984,38.0099983215332,36.477569580078125,756700,0.0,False
2025-02-10,38.20000076293945,38.45000076293945,38.20000076293945,38.400001525878906,36.851844787597656,321400,0.0,False
2025-02-11,38.33000183105469,38.529998779296875,38.209999084472656,38.470001220703125,36.91902542114258,431400,0.0,False
2025-02-12,38.189998626708984,38.41999816894531,38.08000183105469,38.119998931884766,36.583133697509766,460800,0.0,False
2025-02-13,38.209999084472656,38.630001068115234,38.11000061035156,38.61000061035156,37.05337905883789,570500,0.0,False
2025-02-14,38.880001068115234,39.02000045776367,38.59000015258789,38.630001068115234,37.072574615478516,375900,0.0,False
2025-02-18,38.61000061035156,38.83000183105469,38.470001220703125,38.790000915527344,37.22612762451172,346000,0.0,False
2025-02-19,38.61000061035156,38.779998779296875,38.540000915527344,38.65999984741211,37.10136413574219,371800,0.0,False
2025-02-20,38.83000183105469,39.02000045776367,38.79999923706055,38.970001220703125,37.39886474609375,419700,0.0,False
2025-02-21,38.959999084472656,38.959999084472656,38.38999938964844,38.38999938964844,36.842247009277344,463400,0.0,False
2025-02-24,38.540000915527344,38.540000915527344,38.310001373291016,38.36000061035156,36.81345748901367,474800,0.0,False
2025-02-25,38.40999984741211,38.4900016784668,38.029998779296875,38.290000915527344,36.74628448486328,850600,0.0,False
2025-02-26,38.22999954223633,38.369998931884766,38.04999923706055,38.130001068115234,36.59273147583008,568100,0.0,False
2025-02-27,38.02000045776367,38.13999938964844,37.77000045776367,37.790000915527344,36.26643371582031,327900,0.0,False
2025-02-28,37.709999084472656,37.849998474121094,37.43000030517578,37.849998474121094,36.32401657104492,914700,0.0,False
2025-03-03,38.25,38.310001373291016,37.04999923706055,37.22999954223633,35.72901916503906,442200,0.0,False
2025-03-04,37.119998931884766,37.5,36.709999084472656,37.09000015258789,35.59466552734375,553500,0.0,False
2025-03-05,37.29999923706055,37.77000045776367,37.2599983215332,37.720001220703125,36.19926452636719,470800,0.0,False
2025-03-06,37.619998931884766,38.040000915527344,37.619998931884766,37.84000015258789,36.314422607421875,756000,0.0,False
2025-03-07,37.79999923706055,38.369998931884766,37.79999923706055,38.2400016784668,36.698299407958984,600700,0.0,False
2025-03-10,37.97999954223633,38.310001373291016,37.65999984741211,37.91999816894531,36.391197204589844,472200,0.0,False
2025-03-11,38.22999954223633,38.34000015258789,37.81999969482422,38.0099983215332,36.477569580078125,405900,0.0,False
2025-03-12,38.0,38.09000015258789,37.66999816894531,37.93000030517578,36.40079879760742,764000,0.0,False
2025-03-13,37.779998779296875,38.18000030517578,37.75,37.9900016784668,36.458377838134766,554700,0.0,False
2025-03-14,38.2599983215332,38.689998626708984,38.130001068115234,38.65999984741211,37.10136413574219,378600,0.0,False
2025-03-17,38.7599983215332,39.369998931884766,38.7599983215332,39.27000045776367,37.686767578125,372800,0.0,False
2025-03-18,39.40999984741211,39.41999816894531,39.13999938964844,39.290000915527344,37.70596694946289,841900,0.0,False
2025-03-19,39.29999923706055,39.66999816894531,39.27000045776367,39.56999969482422,37.97467803955078,405000,0.0,False
2025-03-20,39.209999084472656,39.4900016784668,39.16999816894531,39.41999816894531,37.83072280883789,310500,0.0,False
2025-03-21,38.86000061035156,38.90999984741211,38.619998931884766,38.86000061035156,37.5476188659668,625300,0.0,False
2025-03-24,38.939998626708984,39.13999938964844,38.779998779296875,38.91999816894531,37.6055908203125,764100,0.0,False
2025-03-25,39.13999938964844,39.29999923706055,38.91999816894531,38.97999954223633,37.6635627746582,503000,0.0,False
2025-03-26,39.150001525878906,39.279998779296875,38.97999954223633,39.060001373291016,37.740867614746094,476600,0.0,False
2025-03-27,39.040000915527344,39.279998779296875,38.90999984741211,39.11000061035156,37.78917694091797,707700,0.0,False
2025-03-28,39.040000915527344,39.13999938964844,38.650001525878906,38.720001220703125,37.412349700927734,662500,0.0,False
2025-03-31,38.40999984741211,38.939998626708984,38.290000915527344,38.810001373291016,37.499305725097656,546400,0.0,False
2025-04-01,38.86000061035156,39.0,38.56999969482422,38.95000076293945,37.63458251953125,348000,0.0,False
2025-04-02,38.70000076293945,38.970001220703125,38.560001373291016,38.93000030517578,37.615257263183594,308800,0.0,False
2025-04-03,38.02000045776367,38.22999954223633,37.75,37.779998779296875,36.504093170166016,382600,0.0,False
2025-04-04,36.33000183105469,36.540000915527344,34.83000183105469,34.959999084472656,33.77933120727539,1025000,0.0,False
2025-04-07,34.029998779296875,35.689998626708984,33.68000030517578,34.470001220703125,33.30588150024414,944500,0.0,False
2025-04-08,35.459999084472656,35.459999084472656,33.41999816894531,33.77000045776367,32.629520416259766,1899800,0.0,False
2025-04-09,33.77000045776367,36.29999923706055,33.58000183105469,36.09000015258789,34.87117004394531,1053400,0.0,False
2025-04-10,35.529998779296875,35.56999969482422,34.599998474121094,35.31999969482422,34.12717056274414,734100,0.0,False
2025-04-11,35.7400016784668,36.65999984741211,35.650001525878906,36.529998779296875,35.29631042480469,2804600,0.0,False
2025-04-14,36.81999969482422,36.9900016784668,36.5,36.86000061035156,35.61516189575195,645400,0.0,False
2025-04-15,36.959999084472656,37.09000015258789,36.7400016784668,36.7599983215332,35.51853942871094,513400,0.0,False
2025-04-16,37.0,37.369998931884766,36.84000015258789,37.02000045776367,35.76976013183594,502300,0.0,False
2025-04-17,37.11000061035156,37.599998474121094,37.11000061035156,37.33000183105469,36.06929016113281,595700,0.0,False
2025-04-21,37.529998779296875,37.529998779296875,36.869998931884766,37.150001525878906,35.89537048339844,503000,0.0,False
2025-04-22,37.52000045776367,37.95000076293945,37.52000045776367,37.72999954223633,36.455780029296875,452800,0.0,False
2025-04-23,38.029998779296875,38.08000183105469,37.560001373291016,37.689998626708984,36.41713333129883,1248700,0.0,False
2025-04-24,37.95000076293945,38.290000915527344,37.88999938964844,38.2400016784668,36.94855880737305,411000,0.0,False
2025-04-25,37.849998474121094,38.099998474121094,37.849998474121094,38.04999923706055,36.76496887207031,411000,0.0,False
2025-04-28,38.099998474121094,38.38999938964844,38.09000015258789,38.33000183105469,37.035518646240234,1153000,0.0,False
2025-04-29,38.2599983215332,38.349998474121094,38.13999938964844,38.22999954223633,36.93889236450195,878300,0.0,False
2025-04-30,37.7599983215332,37.88999938964844,37.41999816894531,37.810001373291016,36.5330810546875,1283300,0.0,False
2025-05-01,37.75,37.90999984741211,37.599998474121094,37.7599983215332,36.48476791381836,497600,0.0,False
2025-05-02,38.2400016784668,38.349998474121094,37.91999816894531,38.130001068115234,36.8422737121582,822600,0.0,False
2025-05-05,38.119998931884766,38.119998931884766,37.81999969482422,37.869998931884766,36.59104919433594,258100,0.0,False
2025-05-06,37.95000076293945,38.189998626708984,37.95000076293945,38.11000061035156,36.82294464111328,444200,0.0,False
2025-05-07,38.11000061035156,38.150001525878906,37.79999923706055,37.93000030517578,36.649024963378906,426300,0.0,False
2025-05-08,37.9900016784668,38.15999984741211,37.86000061035156,37.959999084472656,36.67801284790039,598300,0.0,False
2025-05-09,38.310001373291016,38.45000076293945,38.150001525878906,38.439998626708984,37.14180374145508,378900,0.0,False
2025-05-12,38.95000076293945,38.970001220703125,38.5099983215332,38.68000030517578,37.373695373535156,492100,0.0,False
2025-05-13,38.779998779296875,39.189998626708984,38.72999954223633,39.04999923706055,37.731201171875,326700,0.0,False
2025-05-14,38.93000030517578,38.93000030517578,38.65999984741211,38.75,37.44133377075195,441100,0.0,False
2025-05-15,38.650001525878906,39.0099983215332,38.529998779296875,38.970001220703125,37.65390396118164,257300,0.0,False
2025-05-16,38.869998931884766,39.040000915527344,38.709999084472656,39.040000915527344,37.72153854370117,312100,0.0,False
2025-05-19,38.880001068115234,39.08000183105469,38.75,39.08000183105469,37.760189056396484,321800,0.0,False
2025-05-20,39.040000915527344,39.22999954223633,39.02000045776367,39.189998626708984,37.86647033691406,450700,0.0,False
2025-05-21,39.18000030517578,39.349998474121094,39.02000045776367,39.02000045776367,37.702213287353516,377200,0.0,False
2025-05-22,38.86000061035156,38.939998626708984,38.61000061035156,38.790000915527344,37.479984283447266,335400,0.0,False
2025-05-23,38.720001220703125,39.2400016784668,38.720001220703125,39.13999938964844,37.81816101074219,593400,0.0,False
2025-05-27,39.22999954223633,39.36000061035156,39.189998626708984,39.349998474121094,38.02107238769531,256100,0.0,False
2025-05-28,39.2599983215332,39.279998779296875,39.02000045776367,39.119998931884766,37.79884338378906,288800,0.0,False
2025-05-29,39.220001220703125,39.220001220703125,38.970001220703125,39.18000030517578,37.856815338134766,293200,0.0,False
2025-05-30,39.02000045776367,39.09000015258789,38.75,39.060001373291016,37.740867614746094,243800,0.0,False
2025-06-02,39.36000061035156,39.66999816894531,39.34000015258789,39.630001068115234,38.29161834716797,441200,0.0,False
2025-06-03,39.380001068115234,39.61000061035156,39.220001220703125,39.56999969482422,38.233642578125,233700,0.0,False
2025-06-04,39.689998626708984,39.880001068115234,39.52000045776367,39.540000915527344,38.20465850830078,299700,0.0,False
2025-06-05,39.88999938964844,39.939998626708984,39.599998474121094,39.630001068115234,38.29161834716797,313600,0.0,False
2025-06-06,39.720001220703125,39.790000915527344,39.560001373291016,39.61000061035156,38.27228927612305,200200,0.0,False
2025-06-09,39.7400016784668,40.060001373291016,39.68000030517578,39.93000030517578,38.581485748291016,231700,0.0,False
2025-06-10,40.130001068115234,40.209999084472656,40.04999923706055,40.150001525878906,38.7940559387207,261100,0.0,False
2025-06-11,40.279998779296875,40.380001068115234,40.09000015258789,40.369998931884766,39.006622314453125,365200,0.0,False
2025-06-12,40.279998779296875,40.54999923706055,40.150001525878906,40.54999923706055,39.1805419921875,223700,0.0,False
2025-06-13,40.599998474121094,40.91999816894531,40.59000015258789,40.900001525878906,39.51872634887695,332900,0.0,False
2025-06-16,41.11000061035156,41.40999984741211,41.029998779296875,41.15999984741211,39.76993942260742,813400,0.0,False
2025-06-17,41.2599983215332,41.31999969482422,41.02000045776367,41.09000015258789,39.70230484008789,298000,0.0,False
2025-06-18,41.029998779296875,41.150001525878906,40.810001373291016,40.869998931884766,39.4897346496582,404500,0.0,False
2025-06-20,40.59000015258789,40.599998474121094,40.22999954223633,40.290000915527344,39.26849365234375,280100,0.0,False
2025-06-23,40.34000015258789,40.529998779296875,40.119998931884766,40.16999816894531,39.15153121948242,553200,0.0,False
2025-06-24,39.88999938964844,40.06999969482422,39.779998779296875,39.869998931884766,38.85913848876953,437300,0.0,False
2025-06-25,39.68000030517578,39.720001220703125,39.56999969482422,39.619998931884766,38.615478515625,380800,0.0,False
2025-06-26,39.97999954223633,40.34000015258789,39.97999954223633,40.22999954223633,39.21001052856445,322300,0.0,False
2025-06-27,40.18000030517578,40.18000030517578,39.810001373291016,40.029998779296875,39.01508712768555,413900,0.0,False
2025-06-30,39.97999954223633,40.150001525878906,39.86000061035156,40.11000061035156,39.093055725097656,273700,0.0,False
2025-07-01,40.220001220703125,40.52000045776367,40.15999984741211,40.43000030517578,39.40494155883789,274900,0.0,False
2025-07-02,40.61000061035156,41.15999984741211,40.61000061035156,41.150001525878906,40.106693267822266,305200,0.0,False
2025-07-03,41.189998626708984,41.22999954223633,41.060001373291016,41.16999816894531,40.126182556152344,200400,0.0,False
2025-07-07,40.720001220703125,40.810001373291016,40.400001525878906,40.650001525878906,39.61936569213867,289500,0.0,False
2025-07-08,40.66999816894531,41.0099983215332,40.63999938964844,40.790000915527344,39.75581359863281,676600,0.0,False
2025-07-09,40.91999816894531,40.93000030517578,40.7400016784668,40.90999984741211,39.87276840209961,217200,0.0,False
2025-07-10,40.91999816894531,41.119998931884766,40.849998474121094,41.029998779296875,39.98972702026367,295500,0.0,False
2025-07-11,40.95000076293945,41.22999954223633,40.84000015258789,41.130001068115234,40.08719253540039,139800,0.0,False
2025-07-14,41.09000015258789,41.13999938964844,40.849998474121094,40.939998626708984,39.902008056640625,178500,0.0,False
2025-07-15,40.9900016784668,40.9900016784668,40.31999969482422,40.41999816894531,39.39519500732422,225800,0.0,False
2025-07-16,40.38999938964844,40.529998779296875,40.150001525878906,40.43000030517578,39.40494155883789,307000,0.0,False
2025-07-17,40.29999923706055,40.45000076293945,40.13999938964844,40.43000030517578,39.40494155883789,379300,0.0,False
2025-07-18,40.650001525878906,40.7400016784668,40.349998474121094,40.380001068115234,39.356204986572266,431800,0.0,False
2025-07-21,40.7599983215332,40.91999816894531,40.630001068115234,40.650001525878906,39.61936569213867,182800,0.0,False
2025-07-22,40.880001068115234,41.5099983215332,40.880001068115234,41.439998626708984,40.38933181762695,2091400,0.0,False
2025-07-23,41.540000915527344,41.810001373291016,41.540000915527344,41.790000915527344,40.73046112060547,269300,0.0,False
2025-07-24,41.47999954223633,41.689998626708984,41.310001373291016,41.470001220703125,40.4185791015625,281500,0.0,False
2025-07-25,41.36000061035156,41.43000030517578,41.15999984741211,41.40999984741211,40.3600959777832,179600,0.0,False
2025-07-28,41.310001373291016,41.310001373291016,40.970001220703125,41.11000061035156,40.06770324707031,291000,0.0,False
2025-07-29,41.08000183105469,41.310001373291016,41.029998779296875,41.29999923706055,40.25288391113281,233700,0.0,False
2025-07-30,41.130001068115234,41.130001068115234,40.439998626708984,40.619998931884766,39.59012985229492,595400,0.0,False
2025-07-31,40.27000045776367,40.52000045776367,40.25,40.34000015258789,39.317222595214844,492400,0.0,False
2025-08-01,40.349998474121094,40.5,39.970001220703125,40.150001525878906,39.132041931152344,262500,0.0,False
2025-08-04,40.349998474121094,40.56999969482422,40.349998474121094,40.56999969482422,39.5413932800293,213400,0.0,False
2025-08-05,40.709999084472656,40.970001220703125,40.689998626708984,40.939998626708984,39.902008056640625,252300,0.0,False
2025-08-06,41.119998931884766,41.290000915527344,40.880001068115234,40.90999984741211,39.87276840209961,204400,0.0,False
2025-08-07,41.119998931884766,41.150001525878906,40.849998474121094,40.97999954223633,39.94099807739258,234400,0.0,False
2025-08-08,41.20000076293945,41.33000183105469,41.099998474121094,41.189998626708984,40.14567565917969,167900,0.0,False
2025-08-11,41.13999938964844,41.2400016784668,40.97999954223633,41.130001068115234,40.08719253540039,191800,0.0,False
2025-08-12,41.29999923706055,41.52000045776367,41.2599983215332,41.369998931884766,40.321109771728516,200100,0.0,False
2025-08-13,41.529998779296875,41.70000076293945,41.40999984741211,41.70000076293945,40.64274597167969,255000,0.0,False
2025-08-14,41.369998931884766,41.439998626708984,41.16999816894531,41.349998474121094,40.30161666870117,241600,0.0,False
2025-08-15,41.56999969482422,41.619998931884766,41.43000030517578,41.54999923706055,40.49654769897461,243400,0.0,False
2025-08-18,41.41999816894531,41.41999816894531,41.220001220703125,41.310001373291016,40.262630462646484,274600,0.0,False
2025-08-19,41.400001525878906,41.45000076293945,41.119998931884766,41.20000076293945,40.155418395996094,289700,0.0,False
2025-08-20,41.369998931884766,41.54999923706055,41.34000015258789,41.4900016784668,40.43806838989258,2267000,0.0,False
2025-08-21,41.52000045776367,41.869998931884766,41.52000045776367,41.849998474121094,40.788936614990234,292200,0.0,False
2025-08-22,41.900001525878906,42.619998931884766,41.900001525878906,42.599998474121094,41.519927978515625,270100,0.0,False
2025-08-25,42.58000183105469,42.689998626708984,42.56999969482422,42.58000183105469,41.50043487548828,226200,0.0,False
2025-08-26,42.560001373291016,42.66999816894531,42.47999954223633,42.650001525878906,41.56865692138672,320200,0.0,False
2025-08-27,42.459999084472656,42.779998779296875,42.45000076293945,42.75,41.66612243652344,184500,0.0,False
2025-08-28,42.83000183105469,42.88999938964844,42.619998931884766,42.84000015258789,41.753841400146484,373500,0.0,False
2025-08-29,42.849998474121094,43.04999923706055,42.84000015258789,43.0,41.90978240966797,254600,0.0,False
2025-09-02,42.75,42.95000076293945,42.599998474121094,42.95000076293945,41.86104965209961,335200,0.0,False
2025-09-03,42.90999984741211,42.97999954223633,42.560001373291016,42.63999938964844,41.55890655517578,289900,0.0,False
2025-09-04,42.5,42.63999938964844,42.369998931884766,42.63999938964844,41.55890655517578,352700,0.0,False
2025-09-05,42.849998474121094,43.0,42.56999969482422,42.689998626708984,41.607643127441406,257400,0.0,False
2025-09-08,42.900001525878906,43.0099983215332,42.619998931884766,42.9900016784668,41.90003967285156,3170300,0.0,False
2025-09-09,43.099998474121094,43.34000015258789,42.900001525878906,42.900001525878906,41.812320709228516,227700,0.0,False
2025-09-10,42.959999084472656,43.25,42.959999084472656,43.2400016784668,42.14369583129883,290700,0.0,False
2025-09-11,43.22999954223633,43.630001068115234,43.15999984741211,43.599998474121094,42.49456787109375,211600,0.0,False
2025-09-12,43.630001068115234,43.689998626708984,43.400001525878906,43.5099983215332,42.4068489074707,226500,0.0,False
2025-09-15,43.61000061035156,43.68000030517578,43.369998931884766,43.650001525878906,42.543304443359375,2201200,0.0,False
2025-09-16,43.66999816894531,43.790000915527344,43.529998779296875,43.709999084472656,42.601783752441406,353400,0.0,False
2025-09-17,43.52000045776367,43.900001525878906,43.310001373291016,43.47999954223633,42.37761306762695,204200,0.0,False
2025-09-18,43.29999923706055,43.34000015258789,43.060001373291016,43.310001373291016,42.2119255065918,520000,0.0,False
2025-09-19,42.91999816894531,43.150001525878906,42.86000061035156,43.099998474121094,42.349483489990234,394800,0.0,False
2025-09-22,43.20000076293945,43.349998474121094,42.97999954223633,43.290000915527344,42.53617477416992,270200,0.0,False
2025-09-23,43.459999084472656,43.81999969482422,43.439998626708984,43.459999084472656,42.703216552734375,1144300,0.0,False
2025-09-24,43.4900016784668,43.81999969482422,43.4900016784668,43.54999923706055,42.79164505004883,389700,0.0,False
2025-09-25,43.540000915527344,43.7400016784668,43.41999816894531,43.560001373291016,42.80147933959961,391300,0.0,False
2025-09-26,43.560001373291016,43.900001525878906,43.540000915527344,43.86000061035156,43.09625244140625,308000,0.0,False
2025-09-29,44.0,44.029998779296875,43.70000076293945,43.779998779296875,43.017642974853516,346000,0.0,False
2025-09-30,43.619998931884766,43.79999923706055,43.5,43.779998779296875,43.017642974853516,429000,0.0,False
2025-10-01,43.83000183105469,43.939998626708984,43.650001525878906,43.650001525878906,42.88990783691406,792500,0.0,False
2025-10-02,43.63999938964844,43.75,43.27000045776367,43.61000061035156,42.85060119628906,312200,0.0,False
2025-10-03,43.720001220703125,44.0,43.720001220703125,43.86000061035156,43.09625244140625,296100,0.0,False
2025-10-06,44.040000915527344,44.279998779296875,43.959999084472656,44.150001525878906,43.38119888305664,186000,0.0,False
2025-10-07,44.16999816894531,44.2599983215332,43.91999816894531,44.040000915527344,43.27311706542969,241000,0.0,False
2025-10-08,44.27000045776367,44.27000045776367,43.900001525878906,44.060001373291016,43.29276657104492,203100,0.0,False
2025-10-09,44.31999969482422,44.439998626708984,43.5,43.59000015258789,42.83095169067383,252700,0.0,False
2025-10-10,43.5099983215332,43.52000045776367,42.79999923706055,42.84000015258789,42.09400939941406,371700,0.0,False
2025-10-13,43.43000030517578,43.72999954223633,43.34000015258789,43.630001068115234,42.87025451660156,194200,0.0,False
2025-10-14,43.18000030517578,43.66999816894531,43.099998474121094,43.5,42.74251937866211,200500,0.0,False
2025-10-15,43.83000183105469,44.029998779296875,43.619998931884766,43.86000061035156,43.09625244140625,234000,0.0,False
2025-10-16,44.08000183105469,44.279998779296875,43.7599983215332,43.900001525878906,43.135555267333984,208500,0.0,False
2025-10-17,43.7599983215332,43.790000915527344,43.29999923706055,43.54999923706055,42.79164505004883,274600,0.0,False
2025-10-20,43.7400016784668,44.0,43.720001220703125,43.95000076293945,43.1846809387207,219200,0.0,False
2025-10-21,43.439998626708984,43.439998626708984,43.02000045776367,43.08000183105469,42.329833984375,256600,0.0,False
2025-10-22,43.02000045776367,43.4900016784668,42.97999954223633,43.43000030517578,42.67374038696289,333100,0.0,False
2025-10-23,44.0099983215332,44.08000183105469,43.880001068115234,43.95000076293945,43.1846809387207,181700,0.0,False
2025-10-24,43.939998626708984,44.029998779296875,43.86000061035156,43.90999984741211,43.14537811279297,171400,0.0,False
2025-10-27,43.90999984741211,43.91999816894531,43.5,43.66999816894531,42.9095573425293,258500,0.0,False
2025-10-28,43.56999969482422,43.90999984741211,43.529998779296875,43.81999969482422,43.056949615478516,498000,0.0,False
2025-10-29,44.08000183105469,44.189998626708984,43.7400016784668,43.869998931884766,43.10607147216797,510400,0.0,False
2025-10-30,43.459999084472656,43.77000045776367,43.33000183105469,43.560001373291016,42.80147933959961,1377500,0.0,False
2025-10-31,43.439998626708984,43.599998474121094,43.310001373291016,43.45000076293945,42.693389892578125,218000,0.0,False
2025-11-03,43.349998474121094,43.36000061035156,43.029998779296875,43.290000915527344,42.53617477416992,202800,0.0,False
2025-11-04,42.68000030517578,42.95000076293945,42.529998779296875,42.7400016784668,41.99575424194336,355800,0.0,False
2025-11-05,42.9900016784668,43.369998931884766,42.9900016784668,43.15999984741211,42.4084358215332,201900,0.0,False
2025-11-06,43.18000030517578,43.369998931884766,43.060001373291016,43.060001373291016,42.3101806640625,558800,0.0,False
2025-11-07,43.11000061035156,43.56999969482422,43.0099983215332,43.56999969482422,42.81129837036133,205400,0.0,False
2025-11-10,44.02000045776367,44.36000061035156,43.810001373291016,44.310001373291016,43.53841781616211,1990200,0.0,False
2025-11-11,44.4900016784668,44.75,44.439998626708984,44.68000030517578,43.901973724365234,214100,0.0,False
2025-11-12,44.599998474121094,44.959999084472656,44.58000183105469,44.849998474121094,44.06901168823242,334600,0.0,False
2025-11-13,44.939998626708984,45.06999969482422,44.4900016784668,44.54999923706055,43.77423858642578,542400,0.0,False
2025-11-14,44.189998626708984,44.63999938964844,44.11000061035156,44.560001373291016,43.784061431884766,272200,0.0,False
2025-11-17,44.41999816894531,44.47999954223633,43.810001373291016,43.88999938964844,43.12572479248047,973100,0.0,False
2025-11-18,43.720001220703125,44.099998474121094,43.52000045776367,43.959999084472656,43.19450759887695,380700,0.0,False
2025-11-19,43.79999923706055,43.93000030517578,43.52000045776367,43.689998626708984,42.9292106628418,537200,0.0,False
2025-11-20,43.880001068115234,44.04999923706055,42.91999816894531,42.939998626708984,42.19226837158203,333700,0.0,False
2025-11-21,42.97999954223633,43.45000076293945,42.88999938964844,43.34000015258789,42.585304260253906,455700,0.0,False
2025-11-24,43.290000915527344,43.75,43.150001525878906,43.66999816894531,42.9095573425293,1256100,0.0,False
2025-11-25,43.7599983215332,43.970001220703125,43.650001525878906,43.880001068115234,43.11590576171875,230400,0.0,False
2025-11-26,44.04999923706055,44.66999816894531,44.04999923706055,44.540000915527344,43.764408111572266,430700,0.0,False
2025-11-28,44.58000183105469,44.959999084472656,44.58000183105469,44.88999938964844,44.108314514160156,223400,0.0,False
2025-12-01,45.0,45.310001373291016,45.0,45.040000915527344,44.255706787109375,246300,0.0,False
2025-12-02,45.040000915527344,45.040000915527344,44.5099983215332,44.720001220703125,43.94127655029297,258600,0.0,False
2025-12-03,45.09000015258789,45.310001373291016,45.09000015258789,45.2400016784668,44.45222091674805,189900,0.0,False
2025-12-04,45.279998779296875,45.4900016784668,45.279998779296875,45.38999938964844,44.599605560302734,211200,0.0,False
2025-12-05,45.470001220703125,45.79999923706055,45.130001068115234,45.15999984741211,44.37361145019531,301100,0.0,False
2025-12-08,45.130001068115234,45.13999938964844,44.7400016784668,44.7400016784668,43.9609260559082,212600,0.0,False
2025-12-09,44.689998626708984,45.04999923706055,44.689998626708984,44.91999816894531,44.137786865234375,258800,0.0,False
2025-12-10,44.9900016784668,45.470001220703125,44.810001373291016,45.38999938964844,44.599605560302734,383500,0.0,False
2025-12-11,45.31999969482422,46.11000061035156,45.31999969482422,45.91999816894531,45.12037658691406,407500,0.0,False
2025-12-12,46.040000915527344,46.099998474121094,45.40999984741211,45.66999816894531,44.874725341796875,339300,0.0,False
2025-12-15,45.90999984741211,45.90999984741211,45.290000915527344,45.529998779296875,44.73716735839844,270200,0.0,False
2025-12-16,45.40999984741211,45.40999984741211,44.849998474121094,44.900001525878906,44.11813735961914,320000,0.0,False
2025-12-17,45.25,45.41999816894531,45.119998931884766,45.380001068115234,44.58978271484375,340900,0.0,False
2025-12-18,45.5,45.59000015258789,45.209999084472656,45.36000061035156,44.570133209228516,771600,0.0,False
2025-12-19,45.13999938964844,45.54999923706055,45.13999938964844,45.310001373291016,44.83731460571289,307900,0.0,False
2025-12-22,45.72999954223633,46.02000045776367,45.68000030517578,45.93000030517578,45.450843811035156,395400,0.0,False
2025-12-23,46.02000045776367,46.13999938964844,45.88999938964844,46.11000061035156,45.628971099853516,260100,0.0,False
2025-12-24,46.150001525878906,46.150001525878906,45.970001220703125,46.08000183105469,45.59928512573242,150700,0.0,False
2025-12-26,46.2400016784668,46.36000061035156,46.150001525878906,46.290000915527344,45.807090759277344,219100,0.0,False
2025-12-29,45.91999816894531,46.02000045776367,45.709999084472656,45.84000015258789,45.361785888671875,300400,0.0,False
2025-12-30,46.2599983215332,46.29999923706055,46.11000061035156,46.13999938964844,45.658653259277344,550300,0.0,False
2025-12-31,46.09000015258789,46.09000015258789,45.849998474121094,45.849998474121094,45.37167739868164,226600,0.0,False
2026-01-02,46.16999816894531,46.599998474121094,46.029998779296875,46.58000183105469,46.09406661987305,494600,0.0,False
2026-01-05,46.88999938964844,47.209999084472656,46.599998474121094,47.029998779296875,46.539371490478516,675400,0.0,False
2026-01-06,47.220001220703125,47.45000076293945,47.15999984741211,47.25,46.757076263427734,421900,0.0,False
2026-01-07,46.81999969482422,46.81999969482422,46.400001525878906,46.58000183105469,46.09406661987305,374300,0.0,False
2026-01-08,46.209999084472656,47.11000061035156,46.209999084472656,47.09000015258789,46.5987434387207,330700,0.0,False
2026-01-09,47.189998626708984,47.470001220703125,47.18000030517578,47.36000061035156,46.865928649902344,303400,0.0,False
2026-01-12,47.720001220703125,48.02000045776367,47.689998626708984,47.810001373291016,47.31123733520508,303600,0.0,False
2026-01-13,48.099998474121094,48.459999084472656,48.060001373291016,48.29999923706055,47.79612350463867,586800,0.0,False
2026-01-14,48.709999084472656,49.439998626708984,48.709999084472656,49.25,48.736209869384766,619700,0.0,False
2026-01-15,49.04999923706055,49.45000076293945,48.86000061035156,49.29999923706055,48.78569030761719,5389000,0.0,False
2026-01-16,48.939998626708984,49.060001373291016,48.66999816894531,49.0,48.48881912231445,631800,0.0,False
2026-01-20,49.22999954223633,49.4900016784668,49.16999816894531,49.369998931884766,48.854957580566406,671400,0.0,False
2026-01-21,50.0099983215332,50.33000183105469,49.849998474121094,50.11000061035156,49.58723831176758,1034500,0.0,False
2026-01-22,50.06999969482422,50.31999969482422,49.84000015258789,50.11000061035156,49.58723831176758,962700,0.0,False
2026-01-23,50.58000183105469,50.9900016784668,50.47999954223633,50.939998626708984,50.40857696533203,560600,0.0,False
2026-01-26,51.650001525878906,51.790000915527344,51.220001220703125,51.22999954223633,50.695552825927734,841900,0.0,False
2026-01-27,51.369998931884766,51.9900016784668,51.33000183105469,51.97999954223633,51.43772888183594,665000,0.0,False
2026-01-28,52.220001220703125,52.54999923706055,51.900001525878906,52.459999084472656,51.912723541259766,971800,0.0,False
2026-01-29,53.29999923706055,53.63999938964844,52.08000183105469,52.63999938964844,52.090843200683594,902100,0.0,False
2026-01-30,51.5099983215332,51.56999969482422,50.189998626708984,50.63999938964844,50.11170959472656,1149000,0.0,False
2026-02-02,50.369998931884766,50.779998779296875,50.2400016784668,50.59000015258789,50.062232971191406,1063000,0.0,False
2026-02-03,51.150001525878906,52.0,51.08000183105469,51.970001220703125,51.42783737182617,563900,0.0,False
2026-02-04,52.290000915527344,52.54999923706055,51.65999984741211,52.130001068115234,51.58616638183594,968500,0.0,False
2026-02-05,51.25,51.470001220703125,50.599998474121094,50.650001525878906,50.121604919433594,828100,0.0,False
2026-02-06,51.130001068115234,51.720001220703125,51.099998474121094,51.59000015258789,51.05179977416992,353400,0.0,False
2026-02-09,51.880001068115234,52.779998779296875,51.84000015258789,52.75,52.19969940185547,466600,0.0,False
2026-02-10,52.75,52.9900016784668,52.54999923706055,52.869998931884766,52.318443298339844,425000,0.0,False
2026-02-11,53.54999923706055,54.08000183105469,53.310001373291016,54.040000915527344,53.47624206542969,566800,0.0,False
2026-02-12,53.91999816894531,53.939998626708984,52.63999938964844,52.68000030517578,52.130428314208984,1078400,0.0,False
2026-02-13,52.75,53.369998931884766,52.369998931884766,53.290000915527344,52.734066009521484,298100,0.0,False
2026-02-17,52.77000045776367,52.77000045776367,51.81999969482422,52.61000061035156,52.061161041259766,326200,0.0,False
2026-02-18,53.029998779296875,53.529998779296875,52.91999816894531,53.25,52.694480895996094,411000,0.0,False
2026-02-19,53.150001525878906,53.689998626708984,53.06999969482422,53.689998626708984,53.12989044189453,467100,0.0,False
2026-02-20,53.5,53.90999984741211,53.27000045776367,53.86000061035156,53.298118591308594,345900,0.0,False
2026-02-23,53.849998474121094,54.56999969482422,53.790000915527344,54.189998626708984,53.62467575073242,404500,0.0,False
2026-02-24,54.06999969482422,54.689998626708984,53.93000030517578,54.619998931884766,54.05018615722656,395900,0.0,False
2026-02-25,55.08000183105469,55.08000183105469,54.470001220703125,54.83000183105469,54.257999420166016,308100,0.0,False
2026-02-26,54.470001220703125,54.959999084472656,54.18000030517578,54.900001525878906,54.3272705078125,492000,0.0,False
2026-02-27,55.27000045776367,55.75,55.09000015258789,55.63999938964844,55.059547424316406,432100,0.0,False
2026-03-02,56.06999969482422,56.06999969482422,55.290000915527344,55.88999938964844,55.306941986083984,816200,0.0,False
2026-03-03,54.38999938964844,54.38999938964844,53.18000030517578,54.099998474121094,53.535614013671875,1236000,0.0,False
2026-03-04,54.41999816894531,54.439998626708984,53.77000045776367,54.13999938964844,53.575199127197266,564200,0.0,False
2026-03-05,53.86000061035156,54.04999923706055,53.06999969482422,53.529998779296875,52.971561431884766,602000,0.0,False
2026-03-06,53.2400016784668,53.81999969482422,52.95000076293945,53.58000183105469,53.02104187011719,496000,0.0,False
2026-03-09,53.33000183105469,54.099998474121094,52.90999984741211,54.0099983215332,53.44655227661133,955700,0.0,False
2026-03-10,54.130001068115234,54.5099983215332,53.86000061035156,53.880001068115234,53.317909240722656,749300,0.0,False
2026-03-11,53.810001373291016,54.61000061035156,53.650001525878906,54.59000015258789,54.020503997802734,521900,0.0,False
2026-03-12,54.849998474121094,55.369998931884766,54.72999954223633,55.02000045776367,54.44601821899414,405800,0.0,False
2026-03-13,54.93000030517578,54.93000030517578,54.040000915527344,54.130001068115234,53.56529998779297,444100,0.0,False
2026-03-16,54.25,54.54999923706055,54.040000915527344,54.33000183105469,53.763214111328125,1047300,0.0,False
2026-03-17,54.689998626708984,55.16999816894531,54.66999816894531,54.77000045776367,54.19862747192383,598000,0.0,False
2026-03-18,54.380001068115234,54.40999984741211,53.779998779296875,53.790000915527344,53.22884750366211,918100,0.0,False
2026-03-19,52.900001525878906,53.459999084472656,52.5,53.189998626708984,52.635108947753906,840800,0.0,False
2026-03-20,52.869998931884766,52.95000076293945,51.709999084472656,51.88999938964844,51.54052734375,575400,0.0,False
2026-03-23,51.86000061035156,52.84000015258789,51.70000076293945,52.540000915527344,52.186153411865234,632500,0.0,False
2026-03-24,52.27000045776367,53.54999923706055,52.27000045776367,53.279998779296875,52.921165466308594,442900,0.0,False
2026-03-25,53.70000076293945,54.040000915527344,53.599998474121094,53.90999984741211,53.54692459106445,1197300,0.0,False
2026-03-26,53.529998779296875,54.099998474121094,53.4900016784668,53.560001373291016,53.199283599853516,490400,0.0,False
2026-03-27,53.43000030517578,54.40999984741211,53.43000030517578,54.119998931884766,53.75550842285156,791700,0.0,False
2026-03-30,54.72999954223633,54.9900016784668,53.970001220703125,54.15999984741211,53.79524230957031,878400,0.0,False
2026-03-31,54.810001373291016,55.38999938964844,54.4900016784668,55.15999984741211,54.78850555419922,561400,0.0,False
2026-04-01,55.279998779296875,55.470001220703125,54.7599983215332,55.150001525878906,54.7785758972168,547400,0.0,False
2026-04-02,55.029998779296875,55.4900016784668,54.97999954223633,55.43000030517578,55.05668640136719,359700,0.0,False
2026-04-06,55.43000030517578,55.65999984741211,55.18000030517578,55.47999954223633,55.10634994506836,531600,0.0,False
2026-04-07,55.4900016784668,55.79999923706055,55.349998474121094,55.70000076293945,55.32487106323242,308300,0.0,False
2026-04-08,55.470001220703125,55.779998779296875,54.9900016784668,55.72999954223633,55.35466766357422,362200,0.0,False
2026-04-09,55.84000015258789,56.349998474121094,55.4900016784668,55.52000045776367,55.146080017089844,307200,0.0,False
2026-04-10,55.599998474121094,55.84000015258789,55.529998779296875,55.709999084472656,55.334800720214844,560400,0.0,False
2026-04-13,55.86000061035156,56.029998779296875,55.68000030517578,55.880001068115234,55.503658294677734,280000,0.0,False
2026-04-14,55.90999984741211,55.9900016784668,55.439998626708984,55.630001068115234,55.255340576171875,292700,0.0,False
2026-04-15,55.4900016784668,55.54999923706055,55.06999969482422,55.099998474121094,54.72890853881836,367800,0.0,False
2026-04-16,55.29999923706055,55.630001068115234,55.27000045776367,55.560001373291016,55.185813903808594,437300,0.0,False
2026-04-17,54.91999816894531,54.959999084472656,54.459999084472656,54.880001068115234,54.51039123535156,340100,0.0,False
2026-04-20,54.7599983215332,55.0,54.599998474121094,54.93000030517578,54.560054779052734,2908900,0.0,False
2026-04-21,54.84000015258789,54.91999816894531,54.29999923706055,54.36000061035156,53.993892669677734,365400,0.0,False
2026-04-22,54.93000030517578,55.040000915527344,54.68000030517578,54.83000183105469,54.460731506347656,288300,0.0,False
2026-04-23,54.689998626708984,54.93000030517578,54.41999816894531,54.7400016784668,54.371337890625,275600,0.0,False
2026-04-24,54.650001525878906,54.650001525878906,54.2599983215332,54.529998779296875,54.16274642944336,240200,0.0,False
2026-04-27,54.529998779296875,54.720001220703125,54.2400016784668,54.310001373291016,53.94423294067383,386600,0.0,False
2026-04-28,54.459999084472656,54.4900016784668,53.91999816894531,54.119998931884766,53.75550842285156,391800,0.0,False
2026-04-29,54.279998779296875,54.279998779296875,53.970001220703125,54.119998931884766,53.75550842285156,348000,0.0,False
2026-04-30,54.43000030517578,55.11000061035156,54.41999816894531,55.04999923706055,54.67924499511719,284200,0.0,False
2026-05-01,54.900001525878906,54.959999084472656,54.529998779296875,54.540000915527344,54.17268371582031,443600,0.0,False
2026-05-04,54.40999984741211,54.630001068115234,54.189998626708984,54.43000030517578,54.06342315673828,482100,0.0,False
2026-05-05,54.81999969482422,55.16999816894531,54.689998626708984,55.04999923706055,54.67924499511719,495300,0.0,False
2026-05-06,55.150001525878906,55.150001525878906,54.810001373291016,55.0099983215332,54.6395149230957,327900,0.0,False
2026-05-07,54.83000183105469,54.84000015258789,53.939998626708984,53.939998626708984,53.57672119140625,348300,0.0,False
2026-05-08,54.290000915527344,54.4900016784668,54.20000076293945,54.380001068115234,54.01375961303711,407100,0.0,False
2026-05-11,54.79999923706055,55.43000030517578,54.79999923706055,55.38999938964844,55.0169563293457,302300,0.0,False
2026-05-12,55.27000045776367,55.84000015258789,54.849998474121094,55.709999084472656,55.334800720214844,331000,0.0,False
2026-05-13,55.65999984741211,55.91999816894531,55.470001220703125,55.86000061035156,55.48379135131836,285400,0.0,False
2026-05-14,55.810001373291016,55.810001373291016,55.290000915527344,55.41999816894531,55.0467529296875,357000,0.0,False
2026-05-15,54.619998931884766,54.619998931884766,54.27000045776367,54.5099983215332,54.14288330078125,176300,0.0,False
2026-05-18,54.70000076293945,54.970001220703125,54.540000915527344,54.91999816894531,54.55012130737305,176100,0.0,False
2026-05-19,54.599998474121094,54.599998474121094,54.0,54.34000015258789,53.974029541015625,248900,0.0,False
2026-05-20,54.349998474121094,54.5099983215332,54.25,54.310001373291016,53.94423294067383,308700,0.0,False
2026-05-21,54.36000061035156,54.58000183105469,54.22999954223633,54.5,54.13294982910156,216800,0.0,False
2026-05-22,54.33000183105469,54.43000030517578,54.029998779296875,54.2599983215332,53.89456558227539,398000,0.0,False
2026-05-26,54.45000076293945,54.75,54.310001373291016,54.400001525878906,54.033626556396484,317000,0.0,False
2026-05-27,53.83000183105469,54.11000061035156,53.66999816894531,53.86000061035156,53.49726104736328,401500,0.0,False
2026-05-28,53.79999923706055,54.290000915527344,53.70000076293945,54.09000015258789,53.725711822509766,275100,0.0,False
2026-05-29,54.02000045776367,54.16999816894531,53.790000915527344,53.93000030517578,53.56679153442383,350300,0.0,False
2026-06-01,53.720001220703125,54.310001373291016,53.70000076293945,54.220001220703125,53.85483932495117,416900,0.0,False
2026-06-02,54.400001525878906,54.900001525878906,54.29999923706055,54.83000183105469,54.460731506347656,919300,0.0,False
2026-06-03,54.61000061035156,54.970001220703125,54.41999816894531,54.45000076293945,54.083290100097656,339800,0.0,False
2026-06-04,54.31999969482422,54.47999954223633,54.16999816894531,54.310001373291016,53.94423294067383,182700,0.0,False
2026-06-05,53.7400016784668,53.790000915527344,52.31999969482422,52.38999938964844,52.03715896606445,350800,0.0,False
2026-06-08,52.68000030517578,52.779998779296875,52.34000015258789,52.380001068115234,52.02722930908203,305100,0.0,False
2026-06-09,52.59000015258789,52.59000015258789,51.41999816894531,52.0099983215332,51.65971755981445,419900,0.0,False
2026-06-10,51.88999938964844,52.09000015258789,51.5099983215332,51.540000915527344,51.19288635253906,353100,0.0,False
2026-06-11,52.11000061035156,52.380001068115234,51.900001525878906,52.25,51.89810562133789,275800,0.0,False
2026-06-12,52.220001220703125,52.9900016784668,52.220001220703125,52.869998931884766,52.5139274597168,182700,0.0,False
2026-06-15,52.66999816894531,52.91999816894531,52.63999938964844,52.689998626708984,52.335140228271484,357500,0.0,False
2026-06-16,52.709999084472656,52.88999938964844,52.54999923706055,52.720001220703125,52.36494064331055,355600,0.0,False
2026-06-17,52.61000061035156,52.81999969482422,51.720001220703125,51.81999969482422,51.47100067138672,612000,0.0,False
2026-06-18,51.15999984741211,51.15999984741211,50.439998626708984,50.68000030517578,50.68000030517578,400200,0.0,False
2026-06-22,50.31999969482422,50.689998626708984,50.31999969482422,50.630001068115234,50.630001068115234,235800,0.0,False
2026-06-23,49.81999969482422,50.060001373291016,49.59000015258789,49.779998779296875,49.779998779296875,353400,0.0,False
2026-06-24,49.150001525878906,49.22999954223633,48.790000915527344,49.04999923706055,49.04999923706055,670400,0.0,False
2026-06-25,49.16999816894531,49.40999984741211,48.939998626708984,49.38999938964844,49.38999938964844,1640900,0.0,False
2026-06-26,49.310001373291016,49.599998474121094,49.20000076293945,49.310001373291016,49.310001373291016,403400,0.0,False
2026-06-29,49.31999969482422,49.380001068115234,48.91999816894531,49.15999984741211,49.15999984741211,978700,0.0,False
2026-06-30,49.27000045776367,49.36000061035156,49.040000915527344,49.279998779296875,49.279998779296875,979600,0.0,False
2026-07-01,48.90999984741211,49.43000030517578,48.869998931884766,49.0099983215332,49.0099983215332,796400,0.0,False
2026-07-02,49.45000076293945,50.11000061035156,49.43000030517578,49.810001373291016,49.810001373291016,288200,0.0,False
2026-07-06,49.97999954223633,50.02000045776367,49.63999938964844,50.02000045776367,50.02000045776367,167900,0.0,False
2026-07-07,50.02000045776367,50.2599983215332,49.689998626708984,49.959999084472656,49.959999084472656,192700,0.0,False
2026-07-08,49.75,49.880001068115234,49.41999816894531,49.70000076293945,49.70000076293945,149500,0.0,False
2026-07-09,49.779998779296875,49.91999816894531,49.599998474121094,49.63999938964844,49.63999938964844,166200,0.0,False
2026-07-10,49.77000045776367,50.15999984741211,49.77000045776367,50.119998931884766,50.119998931884766,193300,0.0,False
2026-07-13,50.310001373291016,50.63999938964844,50.310001373291016,50.459999084472656,50.459999084472656,195100,0.0,False
2026-07-14,51.2400016784668,51.41999816894531,50.88999938964844,51.0099983215332,51.0099983215332,170500,0.0,False
2026-07-15,51.150001525878906,51.22999954223633,50.52000045776367,50.959999084472656,50.959999084472656,196700,0.0,False
2026-07-16,50.599998474121094,50.779998779296875,50.459999084472656,50.560001373291016,50.560001373291016,180900,0.0,False
2026-07-17,50.65999984741211,51.02000045776367,50.599998474121094,50.91999816894531,50.91999816894531,203900,0.0,False
2026-07-20,50.77000045776367,50.970001220703125,50.709999084472656,50.81999969482422,50.81999969482422,213200,0.0,False
2026-07-21,51.2400016784668,51.619998931884766,51.15999984741211,51.59000015258789,51.59000015258789,182400,0.0,False
2026-07-22,52.209999084472656,52.650001525878906,52.209999084472656,52.560001373291016,52.560001373291016,332400,0.0,False
2026-07-23,52.560001373291016,52.79999923706055,52.36000061035156,52.459999084472656,52.459999084472656,230700,0.0,False
2026-07-24,52.45000076293945,52.59000015258789,52.29999923706055,52.38999938964844,52.38999938964844,176900,0.0,False
2026-07-27,51.9900016784668,52.13999938964844,51.720001220703125,51.86000061035156,51.86000061035156,440800,0.0,False
2026-07-28,51.790000915527344,52.09000015258789,51.68000030517578,51.86000061035156,51.86000061035156,649200,0.0,False
2026-07-29,52.33000183105469,52.720001220703125,51.90999984741211,52.22999954223633,52.22999954223633,683400,0.0,False
2026-07-30,52.540000915527344,53.150001525878906,52.52000045776367,53.04999923706055,53.04999923706055,595400,0.0,False
2026-07-31,52.689998626708984,52.7400016784668,51.900001525878906,52.34000015258789,52.34000015258789,688900,0.0,False
2026-08-03,52.029998779296875,52.029998779296875,51.470001220703125,51.900001525878906,51.900001525878906,10976800,0.0,False
2026-08-04,52.150001525878906,52.47999954223633,51.86000061035156,52.380001068115234,52.380001068115234,461300,0.0,False
2026-08-05,52.970001220703125,53.13999938964844,52.560001373291016,52.56999969482422,52.56999969482422,289600,0.0,False
2026-08-06,52.68000030517578,52.72999954223633,52.5099983215332,52.63999938964844,52.63999938964844,446200,0.0,False
2026-08-07,53.0,53.2400016784668,52.91999816894531,53.02000045776367,53.02000045776367,197500,0.0,False
2026-08-10,53.25,53.939998626708984,53.20000076293945,53.900001525878906,53.900001525878906,205500,0.0,False
2026-08-11,53.88999938964844,54.029998779296875,53.68000030517578,53.79999923706055,53.79999923706055,256100,0.0,False
2026-08-12,54.0,54.0099983215332,53.70000076293945,53.86000061035156,53.86000061035156,222700,0.0,False
2026-08-13,53.27000045776367,53.43000030517578,53.06999969482422,53.18000030517578,53.18000030517578,321300,0.0,False
2026-08-14,53.31999969482422,53.77000045776367,53.31999969482422,53.4900016784668,53.4900016784668,264400,0.0,False
2026-08-17,53.61000061035156,53.97999954223633,53.58000183105469,53.97999954223633,53.97999954223633,195600,0.0,False
2026-08-18,54.150001525878906,54.2599983215332,53.880001068115234,54.029998779296875,54.029998779296875,356900,0.0,False
2026-08-19,54.900001525878906,55.68000030517578,54.900001525878906,55.2400016784668,55.2400016784668,320200,0.0,False
2026-08-20,55.25,56.25,55.25,55.970001220703125,55.970001220703125,203600,0.0,False
2026-08-21,56.61000061035156,56.97999954223633,56.61000061035156,56.91999816894531,56.91999816894531,566100,0.0,False
2026-08-24,56.88999938964844,57.09000015258789,56.459999084472656,56.7400016784668,56.7400016784668,543700,0.0,False
2026-08-25,56.349998474121094,56.900001525878906,56.20000076293945,56.79999923706055,56.79999923706055,259600,0.0,False
2026-08-26,56.54999923706055,56.849998474121094,56.349998474121094,56.380001068115234,56.380001068115234,287400,0.0,False
2026-08-27,56.27000045776367,56.47999954223633,55.95000076293945,56.31999969482422,56.31999969482422,174300,0.0,False
2026-08-28,56.540000915527344,56.650001525878906,55.83000183105469,56.060001373291016,56.060001373291016,298700,0.0,False
2026-08-31,56.40999984741211,56.56999969482422,55.97999954223633,56.27000045776367,56.27000045776367,598900,0.0,False
2026-09-01,56.369998931884766,56.650001525878906,56.18000030517578,56.52000045776367,56.52000045776367,448500,0.0,False
2026-09-02,56.599998474121094,57.09000015258789,56.59000015258789,57.08000183105469,57.08000183105469,276100,0.0,False
2026-09-03,57.540000915527344,57.540000915527344,56.95000076293945,57.130001068115234,57.130001068115234,271100,0.0,False
2026-09-04,56.650001525878906,56.97999954223633,56.34000015258789,56.779998779296875,56.779998779296875,198200,0.0,False
2026-09-08,57.33000183105469,57.7400016784668,57.18000030517578,57.2599983215332,57.2599983215332,238500,0.0,False
2026-09-09,57.790000915527344,58.06999969482422,57.31999969482422,57.59000015258789,57.59000015258789,255300,0.0,False
2026-09-10,57.060001373291016,57.060001373291016,56.58000183105469,56.630001068115234,56.630001068115234,384900,0.0,False
2026-09-11,56.849998474121094,57.0099983215332,56.40999984741211,56.619998931884766,56.619998931884766,150300,0.0,False
2026-09-14,56.27000045776367,56.33000183105469,55.91999816894531,55.939998626708984,55.939998626708984,254300,0.0,False
2026-09-15,55.939998626708984,56.5099983215332,55.849998474121094,56.43000030517578,56.43000030517578,339400,0.0,False
2026-09-16,56.45000076293945,56.45000076293945,54.959999084472656,55.290000915527344,55.290000915527344,325800,0.0,False
2026-09-17,55.720001220703125,56.22999954223633,55.61000061035156,56.11000061035156,56.11000061035156,389400,0.0,False
2026-09-18,55.47999954223633,55.47999954223633,54.97999954223633,55.099998474121094,55.099998474121094,351000,0.0,False
2026-09-21,55.08000183105469,55.099998474121094,54.279998779296875,54.47999954223633,54.47999954223633,77463,0.0,False
