Date,Open,High,Low,Close,Adj_Close,Volume,Capital_Gains,Repaired?
2006-05-05,50.869998931884766,51.029998779296875,50.869998931884766,51.029998779296875,37.679466247558594,600,0.0,False
2006-05-08,51.2599983215332,51.29999923706055,51.029998779296875,51.060001373291016,37.701637268066406,28200,0.0,False
2006-05-09,51.11000061035156,51.18000030517578,50.959999084472656,51.08000183105469,37.716400146484375,15100,0.0,False
2006-05-10,50.970001220703125,51.0099983215332,50.5099983215332,50.93000030517578,37.60565185546875,33200,0.0,False
2006-05-11,51.0099983215332,51.0099983215332,49.59000015258789,49.59000015258789,36.61621856689453,107300,0.0,False
2006-05-12,49.34000015258789,49.5,48.720001220703125,48.7400016784668,35.988590240478516,552100,0.0,False
2006-05-15,48.400001525878906,48.400001525878906,47.38999938964844,47.38999938964844,34.99180603027344,70500,0.0,False
2006-05-16,48.0,48.060001373291016,47.91999816894531,47.91999816894531,35.383140563964844,105800,0.0,False
2006-05-17,47.25,47.25,45.9900016784668,46.209999084472656,34.120487213134766,310500,0.0,False
2006-05-18,46.75,46.75,45.7599983215332,45.7599983215332,33.78822326660156,943700,0.0,False
2006-05-19,45.95000076293945,46.560001373291016,45.70000076293945,46.400001525878906,34.26079177856445,854300,0.0,False
2006-05-22,45.689998626708984,45.75,44.439998626708984,45.18000030517578,33.35995101928711,825000,0.0,False
2006-05-23,45.59000015258789,46.029998779296875,44.7599983215332,44.7599983215332,33.049835205078125,500300,0.0,False
2006-05-24,44.52000045776367,45.04999923706055,43.220001220703125,44.36000061035156,32.75449752807617,339700,0.0,False
2006-05-25,45.06999969482422,45.59000015258789,44.560001373291016,45.529998779296875,33.618385314941406,1004700,0.0,False
2006-05-26,46.31999969482422,46.439998626708984,45.79999923706055,46.380001068115234,34.246028900146484,22600,0.0,False
2006-05-30,46.09000015258789,46.09000015258789,45.0099983215332,45.0099983215332,33.23443603515625,272600,0.0,False
2006-05-31,45.27000045776367,45.72999954223633,45.27000045776367,45.72999954223633,33.76608657836914,64900,0.0,False
2006-06-01,45.810001373291016,46.45000076293945,45.58000183105469,46.439998626708984,34.29033279418945,1531800,0.0,False
2006-06-02,47.29999923706055,47.43000030517578,46.45000076293945,46.63999938964844,34.437992095947266,1308700,0.0,False
2006-06-05,46.43000030517578,46.66999816894531,45.209999084472656,45.2400016784668,33.40427017211914,152300,0.0,False
2006-06-06,45.0,45.119998931884766,44.40999984741211,44.720001220703125,33.020301818847656,714300,0.0,False
2006-06-07,45.220001220703125,45.650001525878906,44.84000015258789,44.900001525878906,33.15323257446289,578400,0.0,False
2006-06-08,44.63999938964844,44.650001525878906,43.119998931884766,44.650001525878906,32.9686164855957,290100,0.0,False
2006-06-09,45.13999938964844,45.369998931884766,44.650001525878906,44.90999984741211,33.16060256958008,36600,0.0,False
2006-06-12,44.90999984741211,44.90999984741211,43.029998779296875,43.029998779296875,31.77243995666504,232600,0.0,False
2006-06-13,42.810001373291016,43.2400016784668,40.75,41.0,30.273540496826172,241800,0.0,False
2006-06-14,41.02000045776367,41.34000015258789,40.779998779296875,41.029998779296875,30.29568862915039,180800,0.0,False
2006-06-15,41.97999954223633,43.25,41.970001220703125,43.11000061035156,31.831539154052734,28900,0.0,False
2006-06-16,43.0,43.029998779296875,42.54999923706055,42.95000076293945,31.713376998901367,75800,0.0,False
2006-06-19,43.060001373291016,43.060001373291016,42.380001068115234,42.61000061035156,31.462329864501953,74700,0.0,False
2006-06-20,42.66999816894531,43.16999816894531,42.52000045776367,42.689998626708984,31.521392822265625,85700,0.0,False
2006-06-21,43.31999969482422,44.209999084472656,43.29999923706055,44.09000015258789,32.55512619018555,61200,0.0,False
2006-06-22,43.84000015258789,43.959999084472656,43.540000915527344,43.869998931884766,32.41032791137695,12400,0.0,False
2006-06-23,43.66999816894531,44.15999984741211,43.66999816894531,44.099998474121094,32.58025360107422,5500,0.0,False
2006-06-26,44.060001373291016,44.5099983215332,44.060001373291016,44.5099983215332,32.8831672668457,11800,0.0,False
2006-06-27,44.400001525878906,44.400001525878906,43.36000061035156,43.38999938964844,32.05570983886719,84500,0.0,False
2006-06-28,43.650001525878906,43.650001525878906,42.79999923706055,43.36000061035156,32.03355026245117,36500,0.0,False
2006-06-29,43.81999969482422,45.33000183105469,43.79999923706055,45.31999969482422,33.4815559387207,211100,0.0,False
2006-06-30,45.529998779296875,45.58000183105469,45.0,45.5,33.61455535888672,31300,0.0,False
2006-07-03,45.75,46.5,45.75,46.459999084472656,34.32379150390625,50000,0.0,False
2006-07-05,46.0,46.0,45.400001525878906,45.81999969482422,33.850948333740234,101300,0.0,False
2006-07-06,46.04999923706055,46.290000915527344,45.75,45.88999938964844,33.90267562866211,324500,0.0,False
2006-07-07,45.70000076293945,45.70000076293945,44.720001220703125,44.7400016784668,33.053062438964844,293100,0.0,False
2006-07-10,44.9900016784668,45.04999923706055,44.439998626708984,44.630001068115234,32.97182083129883,103200,0.0,False
2006-07-11,44.380001068115234,44.7400016784668,43.900001525878906,44.720001220703125,33.038307189941406,39000,0.0,False
2006-07-12,44.83000183105469,44.83000183105469,43.84000015258789,43.84000015258789,32.388160705566406,53200,0.0,False
2006-07-13,43.16999816894531,43.599998474121094,42.75,42.75,31.582901000976562,80300,0.0,False
2006-07-14,42.7599983215332,42.779998779296875,41.95000076293945,42.36000061035156,31.294782638549805,157700,0.0,False
2006-07-17,42.22999954223633,42.59000015258789,42.0,42.41999816894531,31.33909797668457,13800,0.0,False
2006-07-18,42.5,42.77000045776367,41.90999984741211,42.40999984741211,31.33171272277832,64000,0.0,False
2006-07-19,42.650001525878906,44.349998474121094,42.650001525878906,44.2599983215332,32.698455810546875,102300,0.0,False
2006-07-20,44.58000183105469,44.58000183105469,43.81999969482422,43.81999969482422,32.37338638305664,120400,0.0,False
2006-07-21,43.790000915527344,43.790000915527344,42.779998779296875,43.15999984741211,31.88579750061035,119300,0.0,False
2006-07-24,43.7400016784668,44.43000030517578,43.7400016784668,44.36000061035156,32.77235794067383,32400,0.0,False
2006-07-25,44.150001525878906,44.540000915527344,43.93000030517578,44.40999984741211,32.809261322021484,43300,0.0,False
2006-07-26,44.33000183105469,44.34000015258789,44.0,44.13999938964844,32.609798431396484,6600,0.0,False
2006-07-27,44.529998779296875,44.779998779296875,44.25,44.38999938964844,32.794498443603516,35800,0.0,False
2006-07-28,45.130001068115234,45.52000045776367,44.84000015258789,45.52000045776367,33.629329681396484,23100,0.0,False
2006-07-31,45.099998474121094,45.4900016784668,45.0,45.43000030517578,33.562835693359375,15100,0.0,False
2006-08-01,45.0,45.0,44.560001373291016,44.68000030517578,33.00875473022461,2500,0.0,False
2006-08-02,44.939998626708984,45.08000183105469,44.75,45.0,33.24516296386719,10000,0.0,False
2006-08-03,44.630001068115234,45.52000045776367,44.61000061035156,45.310001373291016,33.47417449951172,7800,0.0,False
2006-08-04,46.08000183105469,46.5099983215332,45.619998931884766,45.83000183105469,33.85834884643555,58000,0.0,False
2006-08-07,45.65999984741211,45.689998626708984,45.36000061035156,45.4900016784668,33.60716247558594,24400,0.0,False
2006-08-08,45.560001373291016,45.90999984741211,44.95000076293945,45.060001373291016,33.289485931396484,14800,0.0,False
2006-08-09,45.560001373291016,45.560001373291016,44.41999816894531,44.41999816894531,32.816646575927734,25800,0.0,False
2006-08-10,44.25,44.81999969482422,44.25,44.790000915527344,33.09000015258789,2600,0.0,False
2006-08-11,44.810001373291016,44.84000015258789,44.25,44.400001525878906,32.801883697509766,3300,0.0,False
2006-08-14,44.77000045776367,44.880001068115234,44.119998931884766,44.2599983215332,32.698455810546875,47900,0.0,False
2006-08-15,44.93000030517578,45.459999084472656,44.91999816894531,45.400001525878906,33.54065704345703,69700,0.0,False
2006-08-16,45.70000076293945,46.130001068115234,45.66999816894531,45.9900016784668,33.97654724121094,30300,0.0,False
2006-08-17,45.880001068115234,46.790000915527344,45.880001068115234,46.54999923706055,34.39027404785156,109900,0.0,False
2006-08-18,46.56999969482422,46.56999969482422,46.029998779296875,46.400001525878906,34.279457092285156,56700,0.0,False
2006-08-21,46.06999969482422,46.06999969482422,45.720001220703125,45.86000061035156,33.88050079345703,15600,0.0,False
2006-08-22,46.11000061035156,46.27000045776367,45.70000076293945,45.84000015258789,33.86574172973633,15400,0.0,False
2006-08-23,45.900001525878906,45.900001525878906,45.41999816894531,45.439998626708984,33.57022476196289,12600,0.0,False
2006-08-24,45.5099983215332,45.5099983215332,44.849998474121094,44.95000076293945,33.20820999145508,39600,0.0,False
2006-08-25,44.77000045776367,44.939998626708984,44.61000061035156,44.75,33.060462951660156,11800,0.0,False
2006-08-28,44.599998474121094,44.900001525878906,44.41999816894531,44.720001220703125,33.038307189941406,123300,0.0,False
2006-08-29,44.720001220703125,44.720001220703125,43.939998626708984,44.45000076293945,32.83880615234375,43600,0.0,False
2006-08-30,44.619998931884766,44.95000076293945,44.47999954223633,44.869998931884766,33.149105072021484,13100,0.0,False
2006-08-31,44.939998626708984,45.29999923706055,44.939998626708984,45.189998626708984,33.385520935058594,11700,0.0,False
2006-09-01,45.220001220703125,45.36000061035156,44.939998626708984,45.36000061035156,33.51111602783203,88800,0.0,False
2006-09-05,45.529998779296875,45.939998626708984,45.459999084472656,45.88999938964844,33.90267562866211,36900,0.0,False
2006-09-06,45.599998474121094,45.650001525878906,45.380001068115234,45.380001068115234,33.52589416503906,59300,0.0,False
2006-09-07,45.20000076293945,45.29999923706055,44.90999984741211,44.93000030517578,33.19345474243164,25100,0.0,False
2006-09-08,44.79999923706055,45.310001373291016,44.7599983215332,45.25,33.42982864379883,3600,0.0,False
2006-09-11,45.04999923706055,45.279998779296875,44.79999923706055,45.060001373291016,33.289485931396484,27900,0.0,False
2006-09-12,45.459999084472656,46.5,45.459999084472656,46.36000061035156,34.2498893737793,23200,0.0,False
2006-09-13,46.529998779296875,47.709999084472656,46.529998779296875,47.380001068115234,35.003448486328125,62800,0.0,False
2006-09-14,47.25,47.7599983215332,47.0099983215332,47.70000076293945,35.2398681640625,42400,0.0,False
2006-09-15,48.20000076293945,48.619998931884766,48.16999816894531,48.540000915527344,35.860443115234375,53800,0.0,False
2006-09-18,48.560001373291016,48.81999969482422,48.380001068115234,48.70000076293945,35.97863006591797,21300,0.0,False
2006-09-19,48.58000183105469,48.75,48.04999923706055,48.29999923706055,35.683128356933594,34800,0.0,False
2006-09-20,48.709999084472656,49.209999084472656,48.58000183105469,48.849998474121094,36.08946990966797,66100,0.0,False
2006-09-21,48.939998626708984,49.33000183105469,48.470001220703125,48.72999954223633,36.00080490112305,25300,0.0,False
2006-09-22,48.45000076293945,48.75,48.29999923706055,48.68000030517578,35.963871002197266,11300,0.0,False
2006-09-25,49.15999984741211,49.27000045776367,48.650001525878906,49.11000061035156,36.28154754638672,19000,0.0,False
2006-09-26,49.02000045776367,49.70000076293945,48.97999954223633,49.68000030517578,36.7198371887207,36700,0.0,False
2006-09-27,49.43000030517578,49.619998931884766,49.06999969482422,49.27000045776367,36.416805267333984,10200,0.0,False
2006-09-28,49.41999816894531,49.43000030517578,48.900001525878906,49.36000061035156,36.483333587646484,51600,0.0,False
2006-09-29,49.529998779296875,49.689998626708984,49.369998931884766,49.369998931884766,36.49072265625,38000,0.0,False
2006-10-02,49.16999816894531,49.36000061035156,48.90999984741211,49.130001068115234,36.31333923339844,68000,0.0,False
2006-10-03,49.06999969482422,49.869998931884766,49.06999969482422,49.790000915527344,36.80113983154297,34000,0.0,False
2006-10-04,49.68000030517578,50.93000030517578,49.5,50.91999816894531,37.63636016845703,90300,0.0,False
2006-10-05,50.81999969482422,51.470001220703125,50.79999923706055,51.41999816894531,38.00593948364258,148700,0.0,False
2006-10-06,51.02000045776367,51.36000061035156,50.91999816894531,51.279998779296875,37.902442932128906,27700,0.0,False
2006-10-09,51.189998626708984,51.79999923706055,51.150001525878906,51.720001220703125,38.2276611328125,52600,0.0,False
2006-10-10,51.869998931884766,52.25,51.439998626708984,51.810001373291016,38.294193267822266,223700,0.0,False
2006-10-11,50.720001220703125,50.7599983215332,50.22999954223633,50.560001373291016,37.370277404785156,70500,0.0,False
2006-10-12,50.790000915527344,51.34000015258789,50.790000915527344,51.22999954223633,37.86550521850586,87400,0.0,False
2006-10-13,51.2400016784668,51.52000045776367,51.189998626708984,51.349998474121094,37.954200744628906,44400,0.0,False
2006-10-16,51.29999923706055,51.439998626708984,51.11000061035156,51.15999984741211,37.813777923583984,35000,0.0,False
2006-10-17,51.47999954223633,51.47999954223633,50.86000061035156,51.119998931884766,37.784183502197266,56300,0.0,False
2006-10-18,51.54999923706055,51.7400016784668,51.13999938964844,51.34000015258789,37.94679641723633,41100,0.0,False
2006-10-19,51.2599983215332,51.2599983215332,50.83000183105469,50.95000076293945,37.65853500366211,229900,0.0,False
2006-10-20,51.060001373291016,51.119998931884766,50.959999084472656,51.02000045776367,37.71027374267578,67200,0.0,False
2006-10-23,50.88999938964844,51.61000061035156,50.88999938964844,51.599998474121094,38.13896942138672,72000,0.0,False
2006-10-24,51.43000030517578,51.880001068115234,51.41999816894531,51.880001068115234,38.34592819213867,12300,0.0,False
2006-10-25,52.0,52.15999984741211,51.59000015258789,51.900001525878906,38.3607177734375,77400,0.0,False
2006-10-26,52.0,52.459999084472656,51.619998931884766,52.45000076293945,38.76723098754883,211600,0.0,False
2006-10-27,52.34000015258789,52.5,51.84000015258789,51.869998931884766,38.338539123535156,226900,0.0,False
2006-10-30,51.720001220703125,52.33000183105469,51.65999984741211,52.11000061035156,38.515933990478516,22900,0.0,False
2006-10-31,52.34000015258789,52.36000061035156,52.029998779296875,52.08000183105469,38.493751525878906,41400,0.0,False
2006-11-01,52.349998474121094,52.5099983215332,50.95000076293945,50.95000076293945,37.65853500366211,57700,0.0,False
2006-11-02,50.709999084472656,51.29999923706055,50.36000061035156,51.09000015258789,37.76203536987305,233300,0.0,False
2006-11-03,51.25,51.290000915527344,50.65999984741211,51.060001373291016,37.73984909057617,94500,0.0,False
2006-11-06,51.29999923706055,52.45000076293945,51.29999923706055,52.34000015258789,38.68593215942383,75200,0.0,False
2006-11-07,52.349998474121094,52.720001220703125,52.290000915527344,52.380001068115234,38.71549606323242,25900,0.0,False
2006-11-08,51.95000076293945,52.349998474121094,51.93000030517578,52.220001220703125,38.59724044799805,20200,0.0,False
2006-11-09,52.119998931884766,52.209999084472656,51.060001373291016,51.13999938964844,37.79896545410156,46700,0.0,False
2006-11-10,51.54999923706055,52.0,51.43000030517578,51.959999084472656,38.40507507324219,12700,0.0,False
2006-11-13,52.08000183105469,52.58000183105469,52.08000183105469,52.33000183105469,38.678550720214844,24800,0.0,False
2006-11-14,52.56999969482422,53.22999954223633,51.959999084472656,53.209999084472656,39.3289680480957,54500,0.0,False
2006-11-15,53.0099983215332,53.77000045776367,53.0,53.650001525878906,39.654178619384766,106100,0.0,False
2006-11-16,54.02000045776367,54.06999969482422,53.7599983215332,53.86000061035156,39.80939865112305,53000,0.0,False
2006-11-17,53.720001220703125,54.18000030517578,53.54999923706055,53.97999954223633,39.898094177246094,33700,0.0,False
2006-11-20,54.13999938964844,54.529998779296875,54.04999923706055,54.380001068115234,40.193748474121094,82700,0.0,False
2006-11-21,54.54999923706055,55.2400016784668,54.54999923706055,55.2400016784668,40.82938766479492,33600,0.0,False
2006-11-22,55.84000015258789,55.84000015258789,55.43000030517578,55.790000915527344,41.235923767089844,94900,0.0,False
2006-11-24,55.16999816894531,55.849998474121094,55.04999923706055,55.66999816894531,41.14723205566406,41700,0.0,False
2006-11-27,55.380001068115234,55.439998626708984,53.5099983215332,53.56999969482422,39.59505844116211,112600,0.0,False
2006-11-28,53.33000183105469,54.0,52.939998626708984,53.880001068115234,39.824180603027344,27500,0.0,False
2006-11-29,54.279998779296875,54.380001068115234,53.04999923706055,53.63999938964844,39.646793365478516,89300,0.0,False
2006-11-30,53.720001220703125,53.77000045776367,53.08000183105469,53.56999969482422,39.59505844116211,69800,0.0,False
2006-12-01,53.47999954223633,53.47999954223633,52.189998626708984,52.68000030517578,38.93724060058594,107400,0.0,False
2006-12-04,52.810001373291016,53.91999816894531,52.810001373291016,53.90999984741211,39.84635925292969,65400,0.0,False
2006-12-05,54.06999969482422,54.560001373291016,53.939998626708984,54.369998931884766,40.186363220214844,25100,0.0,False
2006-12-06,54.29999923706055,54.83000183105469,54.29999923706055,54.77000045776367,40.482017517089844,54600,0.0,False
2006-12-07,54.939998626708984,55.13999938964844,54.18000030517578,54.20000076293945,40.06070327758789,38000,0.0,False
2006-12-08,54.2599983215332,54.849998474121094,54.2599983215332,54.75,40.46722412109375,35700,0.0,False
2006-12-11,54.91999816894531,55.16999816894531,54.56999969482422,54.709999084472656,40.43767166137695,95300,0.0,False
2006-12-12,54.54999923706055,54.83000183105469,54.09000015258789,54.34000015258789,40.164188385009766,122900,0.0,False
2006-12-13,54.540000915527344,54.540000915527344,53.81999969482422,53.939998626708984,39.86852264404297,18600,0.0,False
2006-12-14,53.939998626708984,54.310001373291016,53.880001068115234,54.060001373291016,39.95722961425781,37000,0.0,False
2006-12-15,54.45000076293945,54.619998931884766,54.36000061035156,54.38999938964844,40.20112609863281,73100,0.0,False
2006-12-18,54.47999954223633,54.84000015258789,54.349998474121094,54.369998931884766,40.186363220214844,32900,0.0,False
2006-12-19,54.150001525878906,54.279998779296875,53.689998626708984,54.189998626708984,40.053306579589844,348600,0.0,False
2006-12-20,54.06999969482422,54.630001068115234,54.06999969482422,54.279998779296875,40.165775299072266,37700,0.0,False
2006-12-21,54.290000915527344,54.40999984741211,53.650001525878906,53.7400016784668,39.766204833984375,42800,0.0,False
2006-12-22,53.619998931884766,53.619998931884766,52.9900016784668,53.369998931884766,39.4924201965332,50800,0.0,False
2006-12-26,53.40999984741211,53.54999923706055,53.27000045776367,53.54999923706055,39.625614166259766,28600,0.0,False
2006-12-27,53.88999938964844,54.189998626708984,53.88999938964844,54.189998626708984,40.09919357299805,30300,0.0,False
2006-12-28,54.189998626708984,54.2400016784668,53.93000030517578,54.099998474121094,40.0326042175293,22600,0.0,False
2006-12-29,54.099998474121094,54.22999954223633,53.79999923706055,53.810001373291016,39.8179931640625,7300,0.0,False
2007-01-03,54.369998931884766,54.7400016784668,53.939998626708984,54.40999984741211,40.26198959350586,183700,0.0,False
2007-01-04,54.09000015258789,54.5099983215332,53.95000076293945,54.400001525878906,40.25458526611328,42800,0.0,False
2007-01-05,54.31999969482422,54.599998474121094,54.16999816894531,54.279998779296875,40.165775299072266,76900,0.0,False
2007-01-08,54.119998931884766,55.09000015258789,54.060001373291016,55.04999923706055,40.73558807373047,77200,0.0,False
2007-01-09,55.16999816894531,55.41999816894531,54.959999084472656,55.36000061035156,40.96495819091797,67100,0.0,False
2007-01-10,55.060001373291016,56.54999923706055,54.9900016784668,56.41999816894531,41.74932861328125,113100,0.0,False
2007-01-11,56.459999084472656,57.099998474121094,56.45000076293945,57.060001373291016,42.22290802001953,378500,0.0,False
2007-01-12,57.02000045776367,57.58000183105469,56.970001220703125,57.540000915527344,42.578094482421875,234700,0.0,False
2007-01-16,57.90999984741211,57.939998626708984,57.29999923706055,57.36000061035156,42.44490051269531,154200,0.0,False
2007-01-17,57.310001373291016,57.68000030517578,57.099998474121094,57.34000015258789,42.43009948730469,133300,0.0,False
2007-01-18,57.40999984741211,57.459999084472656,56.099998474121094,56.310001373291016,41.667945861816406,196200,0.0,False
2007-01-19,56.20000076293945,56.560001373291016,55.95000076293945,56.380001068115234,41.7197380065918,82600,0.0,False
2007-01-22,56.5099983215332,56.52000045776367,55.88999938964844,56.209999084472656,41.59392547607422,219500,0.0,False
2007-01-23,56.13999938964844,56.34000015258789,55.72999954223633,56.310001373291016,41.667945861816406,80000,0.0,False
2007-01-24,56.79999923706055,57.56999969482422,56.79999923706055,57.56999969482422,42.60029602050781,212600,0.0,False
2007-01-25,57.7400016784668,57.7400016784668,55.97999954223633,56.18000030517578,41.571739196777344,305500,0.0,False
2007-01-26,56.5,56.560001373291016,55.61000061035156,56.45000076293945,41.77153778076172,171800,0.0,False
2007-01-29,56.38999938964844,56.40999984741211,55.54999923706055,55.599998474121094,41.142547607421875,257500,0.0,False
2007-01-30,55.47999954223633,55.869998931884766,55.34000015258789,55.84000015258789,41.320152282714844,324600,0.0,False
2007-01-31,55.86000061035156,56.45000076293945,55.470001220703125,56.31999969482422,41.67534637451172,200200,0.0,False
2007-02-01,56.97999954223633,57.099998474121094,56.58000183105469,56.9900016784668,42.17110824584961,188000,0.0,False
2007-02-02,57.189998626708984,57.369998931884766,56.959999084472656,57.369998931884766,42.452301025390625,83400,0.0,False
2007-02-05,57.20000076293945,57.36000061035156,56.91999816894531,57.20000076293945,42.32651901245117,57000,0.0,False
2007-02-06,57.290000915527344,57.56999969482422,57.20000076293945,57.43000030517578,42.496700286865234,77400,0.0,False
2007-02-07,57.380001068115234,57.83000183105469,57.380001068115234,57.83000183105469,42.79270935058594,39300,0.0,False
2007-02-08,57.439998626708984,58.029998779296875,57.099998474121094,57.72999954223633,42.71870803833008,257300,0.0,False
2007-02-09,57.84000015258789,58.11000061035156,56.18000030517578,56.61000061035156,41.889923095703125,390700,0.0,False
2007-02-12,56.61000061035156,56.61000061035156,55.560001373291016,55.849998474121094,41.32755661010742,224300,0.0,False
2007-02-13,56.02000045776367,56.279998779296875,55.709999084472656,56.189998626708984,41.57913589477539,152700,0.0,False
2007-02-14,56.36000061035156,57.38999938964844,56.33000183105469,57.150001525878906,42.28951644897461,162100,0.0,False
2007-02-15,57.16999816894531,57.400001525878906,57.0099983215332,57.20000076293945,42.32651901245117,34400,0.0,False
2007-02-16,57.060001373291016,57.25,56.79999923706055,57.25,42.363529205322266,86800,0.0,False
2007-02-20,57.209999084472656,57.93000030517578,56.849998474121094,57.790000915527344,42.763099670410156,72900,0.0,False
2007-02-21,57.56999969482422,57.849998474121094,57.470001220703125,57.709999084472656,42.70391845703125,82200,0.0,False
2007-02-22,57.869998931884766,58.119998931884766,57.209999084472656,57.45000076293945,42.51150131225586,120800,0.0,False
2007-02-23,57.349998474121094,57.349998474121094,56.34000015258789,56.4900016784668,41.801151275634766,239100,0.0,False
2007-02-26,56.86000061035156,56.86000061035156,55.2599983215332,55.459999084472656,41.0389518737793,266800,0.0,False
2007-02-27,54.33000183105469,54.400001525878906,52.22999954223633,52.65999984741211,38.967037200927734,1115000,0.0,False
2007-02-28,53.11000061035156,53.58000183105469,52.439998626708984,53.33000183105469,39.462825775146484,737400,0.0,False
2007-03-01,51.779998779296875,53.560001373291016,51.529998779296875,53.119998931884766,39.30742263793945,439000,0.0,False
2007-03-02,52.63999938964844,53.189998626708984,51.90999984741211,51.90999984741211,38.41205978393555,401700,0.0,False
2007-03-05,51.0,52.189998626708984,50.79999923706055,50.79999923706055,37.590675354003906,383100,0.0,False
2007-03-06,52.099998474121094,52.790000915527344,51.7599983215332,52.599998474121094,38.92264175415039,550300,0.0,False
2007-03-07,52.47999954223633,52.720001220703125,51.9900016784668,51.9900016784668,38.47126388549805,214200,0.0,False
2007-03-08,52.599998474121094,53.400001525878906,52.599998474121094,52.720001220703125,39.01142501831055,206400,0.0,False
2007-03-09,53.25,53.25,52.36000061035156,52.810001373291016,39.078025817871094,155000,0.0,False
2007-03-12,52.540000915527344,53.150001525878906,52.36000061035156,53.04999923706055,39.2556266784668,204400,0.0,False
2007-03-13,52.599998474121094,52.79999923706055,50.689998626708984,50.849998474121094,37.62767791748047,428400,0.0,False
2007-03-14,50.599998474121094,51.61000061035156,49.900001525878906,51.560001373291016,38.15306091308594,588900,0.0,False
2007-03-15,52.0099983215332,52.45000076293945,51.689998626708984,52.02000045776367,38.493446350097656,98100,0.0,False
2007-03-16,51.869998931884766,52.09000015258789,51.29999923706055,51.5,38.10866165161133,651500,0.0,False
2007-03-19,52.0,52.45000076293945,51.900001525878906,52.33000183105469,38.72284698486328,67900,0.0,False
2007-03-20,52.43000030517578,52.869998931884766,52.400001525878906,52.68000030517578,38.98183059692383,259800,0.0,False
2007-03-21,53.13999938964844,54.58000183105469,52.77000045776367,54.31999969482422,40.19539260864258,998400,0.0,False
2007-03-22,54.400001525878906,54.599998474121094,53.90999984741211,53.9900016784668,39.95117950439453,214300,0.0,False
2007-03-23,53.869998931884766,54.4900016784668,53.869998931884766,54.11000061035156,40.08454513549805,148200,0.0,False
2007-03-26,54.16999816894531,54.16999816894531,53.349998474121094,53.880001068115234,39.91416549682617,135600,0.0,False
2007-03-27,53.75,53.9900016784668,53.56999969482422,53.630001068115234,39.728946685791016,145700,0.0,False
2007-03-28,53.349998474121094,53.349998474121094,52.90999984741211,53.02000045776367,39.277069091796875,127100,0.0,False
2007-03-29,53.619998931884766,53.7400016784668,52.4900016784668,53.15999984741211,39.38078308105469,213900,0.0,False
2007-03-30,53.150001525878906,53.599998474121094,52.599998474121094,52.70000076293945,39.04000473022461,461200,0.0,False
2007-04-02,52.97999954223633,53.2400016784668,52.439998626708984,53.2400016784668,39.44004440307617,110400,0.0,False
2007-04-03,53.52000045776367,53.9900016784668,53.41999816894531,53.939998626708984,39.95859909057617,193600,0.0,False
2007-04-04,53.81999969482422,54.119998931884766,53.81999969482422,53.869998931884766,39.90676498413086,428300,0.0,False
2007-04-05,53.84000015258789,54.150001525878906,53.689998626708984,54.02000045776367,40.01785659790039,54600,0.0,False
2007-04-09,54.130001068115234,54.189998626708984,53.779998779296875,53.95000076293945,39.96601486206055,114100,0.0,False
2007-04-10,53.9900016784668,54.31999969482422,53.97999954223633,54.029998779296875,40.02527618408203,76800,0.0,False
2007-04-11,54.13999938964844,54.13999938964844,53.439998626708984,53.66999816894531,39.758583068847656,110900,0.0,False
2007-04-12,53.560001373291016,54.09000015258789,53.310001373291016,53.939998626708984,39.95859909057617,260100,0.0,False
2007-04-13,54.119998931884766,54.22999954223633,53.9900016784668,54.16999816894531,40.129005432128906,202900,0.0,False
2007-04-16,54.45000076293945,55.560001373291016,54.45000076293945,55.459999084472656,41.0846061706543,393800,0.0,False
2007-04-17,55.43000030517578,55.56999969482422,55.08000183105469,55.349998474121094,41.00312423706055,133700,0.0,False
2007-04-18,55.2400016784668,56.08000183105469,55.2400016784668,55.70000076293945,41.26240158081055,167500,0.0,False
2007-04-19,55.20000076293945,55.709999084472656,54.88999938964844,55.220001220703125,40.90684509277344,140100,0.0,False
2007-04-20,55.65999984741211,55.90999984741211,55.43000030517578,55.689998626708984,41.2550048828125,96100,0.0,False
2007-04-23,55.650001525878906,55.84000015258789,55.189998626708984,55.2599983215332,40.936458587646484,162900,0.0,False
2007-04-24,55.15999984741211,55.2599983215332,54.36000061035156,54.41999816894531,40.31417465209961,124800,0.0,False
2007-04-25,54.7400016784668,55.22999954223633,54.279998779296875,55.22999954223633,40.91423034667969,84800,0.0,False
2007-04-26,55.29999923706055,55.29999923706055,54.83000183105469,54.869998931884766,40.64754104614258,74100,0.0,False
2007-04-27,54.75,54.959999084472656,54.560001373291016,54.79999923706055,40.59568786621094,60900,0.0,False
2007-04-30,55.529998779296875,55.650001525878906,54.83000183105469,54.83000183105469,40.61792755126953,723000,0.0,False
2007-05-01,54.93000030517578,54.93000030517578,54.08000183105469,54.560001373291016,40.41789627075195,353800,0.0,False
2007-05-02,54.79999923706055,55.439998626708984,54.779998779296875,55.2599983215332,40.936458587646484,146100,0.0,False
2007-05-03,55.56999969482422,55.72999954223633,55.279998779296875,55.72999954223633,41.28462219238281,64000,0.0,False
2007-05-04,55.939998626708984,56.29999923706055,55.810001373291016,56.25,41.66984176635742,482500,0.0,False
2007-05-07,56.34000015258789,56.470001220703125,55.720001220703125,55.790000915527344,41.32908630371094,47200,0.0,False
2007-05-08,55.52000045776367,55.52000045776367,55.02000045776367,55.459999084472656,41.0846061706543,43600,0.0,False
2007-05-09,55.34000015258789,55.790000915527344,55.150001525878906,55.72999954223633,41.28462219238281,99000,0.0,False
2007-05-10,55.40999984741211,55.66999816894531,54.70000076293945,54.72999954223633,40.5438346862793,508700,0.0,False
2007-05-11,55.08000183105469,55.790000915527344,55.08000183105469,55.790000915527344,41.32908630371094,467500,0.0,False
2007-05-14,55.849998474121094,55.849998474121094,54.93000030517578,55.060001373291016,40.78829574584961,76300,0.0,False
2007-05-15,55.29999923706055,55.52000045776367,54.31999969482422,54.380001068115234,40.2845573425293,85400,0.0,False
2007-05-16,54.709999084472656,54.7599983215332,54.27000045776367,54.7599983215332,40.566070556640625,284000,0.0,False
2007-05-17,54.68000030517578,55.02000045776367,54.4900016784668,54.7599983215332,40.566070556640625,308600,0.0,False
2007-05-18,55.119998931884766,55.45000076293945,55.0099983215332,55.31999969482422,40.98090744018555,239600,0.0,False
2007-05-21,55.29999923706055,56.380001068115234,55.25,56.099998474121094,41.5587158203125,122900,0.0,False
2007-05-22,56.22999954223633,56.599998474121094,56.099998474121094,56.43000030517578,41.803199768066406,105100,0.0,False
2007-05-23,56.7400016784668,57.0,56.38999938964844,56.38999938964844,41.77354431152344,342000,0.0,False
2007-05-24,56.34000015258789,56.65999984741211,55.2400016784668,55.34000015258789,40.995723724365234,190800,0.0,False
2007-05-25,55.54999923706055,55.560001373291016,55.220001220703125,55.52000045776367,41.129051208496094,80100,0.0,False
2007-05-29,55.75,56.0099983215332,55.65999984741211,56.0099983215332,41.49205780029297,27000,0.0,False
2007-05-30,55.52000045776367,56.63999938964844,55.52000045776367,56.599998474121094,41.92911911010742,167800,0.0,False
2007-05-31,57.47999954223633,57.56999969482422,56.959999084472656,57.08000183105469,42.28471374511719,113300,0.0,False
2007-06-01,57.33000183105469,57.540000915527344,57.220001220703125,57.380001068115234,42.5069465637207,140900,0.0,False
2007-06-04,57.25,57.529998779296875,57.13999938964844,57.5,42.59584045410156,43900,0.0,False
2007-06-05,57.34000015258789,57.400001525878906,56.95000076293945,57.16999816894531,42.35136413574219,168100,0.0,False
2007-06-06,56.9900016784668,56.9900016784668,56.650001525878906,56.84000015258789,42.10691452026367,109400,0.0,False
2007-06-07,56.66999816894531,56.900001525878906,55.54999923706055,55.560001373291016,41.15869903564453,382100,0.0,False
2007-06-08,55.599998474121094,56.40999984741211,55.52000045776367,56.40999984741211,41.78837585449219,317600,0.0,False
2007-06-11,56.400001525878906,56.97999954223633,56.25,56.75,42.04024887084961,94300,0.0,False
2007-06-12,56.77000045776367,57.11000061035156,56.52000045776367,56.52000045776367,41.869876861572266,111700,0.0,False
2007-06-13,56.75,57.25,56.56999969482422,57.25,42.410640716552734,118300,0.0,False
2007-06-14,57.189998626708984,57.77000045776367,57.11000061035156,57.650001525878906,42.70695114135742,126400,0.0,False
2007-06-15,58.33000183105469,58.470001220703125,57.849998474121094,57.86000061035156,42.86253356933594,61500,0.0,False
2007-06-18,58.11000061035156,58.11000061035156,57.52000045776367,57.72999954223633,42.7662467956543,62800,0.0,False
2007-06-19,57.58000183105469,57.77000045776367,57.40999984741211,57.66999816894531,42.72177505493164,61000,0.0,False
2007-06-20,58.060001373291016,58.18000030517578,56.79999923706055,56.939998626708984,42.18098831176758,137700,0.0,False
2007-06-21,56.709999084472656,56.959999084472656,56.0,56.849998474121094,42.11433029174805,168100,0.0,False
2007-06-22,56.720001220703125,56.720001220703125,55.56999969482422,55.97999954223633,41.46982192993164,358100,0.0,False
2007-06-25,55.810001373291016,56.06999969482422,54.560001373291016,55.0099983215332,40.751251220703125,656100,0.0,False
2007-06-26,55.13999938964844,55.349998474121094,54.40999984741211,54.40999984741211,40.30678176879883,208900,0.0,False
2007-06-27,54.20000076293945,55.599998474121094,54.15999984741211,55.56999969482422,41.166114807128906,183100,0.0,False
2007-06-28,55.40999984741211,55.90999984741211,55.290000915527344,55.41999816894531,41.11714172363281,152600,0.0,False
2007-06-29,55.4900016784668,55.779998779296875,54.13999938964844,54.650001525878906,40.545860290527344,575000,0.0,False
2007-07-02,57.38999938964844,57.38999938964844,54.95000076293945,55.27000045776367,41.0058479309082,328700,0.0,False
2007-07-03,55.599998474121094,55.9900016784668,55.5099983215332,55.900001525878906,41.47325897216797,363900,0.0,False
2007-07-05,55.790000915527344,55.97999954223633,55.58000183105469,55.90999984741211,41.48067855834961,71600,0.0,False
2007-07-06,55.91999816894531,56.619998931884766,55.77000045776367,56.58000183105469,41.9777717590332,214400,0.0,False
2007-07-09,56.650001525878906,56.95000076293945,56.34000015258789,56.540000915527344,41.948089599609375,166600,0.0,False
2007-07-10,55.95000076293945,55.9900016784668,54.9900016784668,55.04999923706055,40.84262466430664,345400,0.0,False
2007-07-11,55.18000030517578,55.84000015258789,54.790000915527344,55.779998779296875,41.38422775268555,1494000,0.0,False
2007-07-12,56.130001068115234,56.91999816894531,56.130001068115234,56.90999984741211,42.22261047363281,682600,0.0,False
2007-07-13,56.79999923706055,57.38999938964844,56.79999923706055,57.220001220703125,42.45259094238281,473800,0.0,False
2007-07-16,57.27000045776367,57.75,56.849998474121094,56.970001220703125,42.26710510253906,157500,0.0,False
2007-07-17,57.29999923706055,57.43000030517578,56.84000015258789,56.959999084472656,42.25968933105469,111800,0.0,False
2007-07-18,56.2599983215332,56.650001525878906,55.400001525878906,55.95000076293945,41.510353088378906,1489300,0.0,False
2007-07-19,56.45000076293945,56.58000183105469,55.31999969482422,55.529998779296875,41.19874572753906,878300,0.0,False
2007-07-20,55.400001525878906,55.54999923706055,53.970001220703125,54.2400016784668,40.241676330566406,2467400,0.0,False
2007-07-23,54.540000915527344,54.7400016784668,54.220001220703125,54.25,40.249088287353516,951500,0.0,False
2007-07-24,53.66999816894531,53.75,52.150001525878906,52.5,38.95072937011719,2430900,0.0,False
2007-07-25,53.02000045776367,53.380001068115234,51.939998626708984,52.619998931884766,39.039764404296875,2566900,0.0,False
2007-07-26,51.52000045776367,51.779998779296875,49.84000015258789,51.150001525878906,37.94915771484375,4068900,0.0,False
2007-07-27,50.83000183105469,52.119998931884766,50.22999954223633,51.150001525878906,37.94915771484375,2015700,0.0,False
2007-07-30,51.70000076293945,52.43000030517578,50.959999084472656,52.209999084472656,38.735572814941406,3351000,0.0,False
2007-07-31,52.93000030517578,52.9900016784668,50.70000076293945,50.779998779296875,37.67463302612305,2365000,0.0,False
2007-08-01,50.56999969482422,50.900001525878906,49.06999969482422,50.400001525878906,37.3927001953125,2732600,0.0,False
2007-08-02,50.650001525878906,51.310001373291016,49.7599983215332,50.22999954223633,37.26659393310547,4274700,0.0,False
2007-08-03,50.25,50.25,48.220001220703125,48.33000183105469,35.85692596435547,4778500,0.0,False
2007-08-06,48.45000076293945,49.91999816894531,47.2400016784668,49.7400016784668,36.903045654296875,3715600,0.0,False
2007-08-07,49.61000061035156,51.349998474121094,49.5,50.83000183105469,37.71174240112305,6124200,0.0,False
2007-08-08,51.68000030517578,53.04999923706055,51.369998931884766,52.0,38.579776763916016,5974600,0.0,False
2007-08-09,50.5099983215332,51.790000915527344,47.5,50.70000076293945,37.615272521972656,5684000,0.0,False
2007-08-10,49.720001220703125,50.86000061035156,49.16999816894531,49.81999969482422,36.96238708496094,3282700,0.0,False
2007-08-13,51.18000030517578,51.22999954223633,49.0,49.18000030517578,36.487571716308594,3441200,0.0,False
2007-08-14,49.63999938964844,49.70000076293945,47.599998474121094,47.599998474121094,35.31534957885742,3115000,0.0,False
2007-08-15,47.25,48.470001220703125,46.22999954223633,46.34000015258789,34.38051223754883,5885500,0.0,False
2007-08-16,45.709999084472656,47.66999816894531,43.880001068115234,47.20000076293945,35.01856231689453,12330500,0.0,False
2007-08-17,50.060001373291016,53.0,47.93000030517578,49.31999969482422,36.59142303466797,8984300,0.0,False
2007-08-20,49.59000015258789,49.72999954223633,48.119998931884766,48.93000030517578,36.30207443237305,5907700,0.0,False
2007-08-21,48.58000183105469,49.88999938964844,48.529998779296875,49.58000183105469,36.784324645996094,5254400,0.0,False
2007-08-22,50.4900016784668,50.7400016784668,49.45000076293945,50.119998931884766,37.184959411621094,2621400,0.0,False
2007-08-23,50.650001525878906,50.650001525878906,49.650001525878906,50.06999969482422,37.14787673950195,1592600,0.0,False
2007-08-24,49.849998474121094,50.650001525878906,49.59000015258789,50.560001373291016,37.51141357421875,943600,0.0,False
2007-08-27,50.380001068115234,50.380001068115234,49.880001068115234,49.93000030517578,37.044010162353516,688600,0.0,False
2007-08-28,49.2400016784668,49.2599983215332,48.16999816894531,48.25,35.797584533691406,1376300,0.0,False
2007-08-29,48.58000183105469,49.189998626708984,47.880001068115234,49.189998626708984,36.4949836730957,1817500,0.0,False
2007-08-30,48.20000076293945,49.18000030517578,48.04999923706055,48.61000061035156,36.064666748046875,1332600,0.0,False
2007-08-31,49.56999969482422,49.84000015258789,49.13999938964844,49.560001373291016,36.769493103027344,1716900,0.0,False
2007-09-04,49.52000045776367,51.09000015258789,49.369998931884766,50.52000045776367,37.48173141479492,1375300,0.0,False
2007-09-05,50.06999969482422,50.06999969482422,49.34000015258789,49.5,36.724998474121094,3166200,0.0,False
2007-09-06,49.7400016784668,49.7400016784668,48.83000183105469,49.290000915527344,36.56917953491211,1380700,0.0,False
2007-09-07,48.29999923706055,49.040000915527344,48.099998474121094,48.70000076293945,36.131446838378906,3286200,0.0,False
2007-09-10,48.97999954223633,49.209999084472656,47.75,48.54999923706055,36.0201530456543,2353600,0.0,False
2007-09-11,48.810001373291016,49.5,48.790000915527344,48.90999984741211,36.287254333496094,1855000,0.0,False
2007-09-12,49.099998474121094,49.38999938964844,48.58000183105469,48.900001525878906,36.279823303222656,1436700,0.0,False
2007-09-13,49.33000183105469,50.2599983215332,49.20000076293945,50.060001373291016,37.14045715332031,1900400,0.0,False
2007-09-14,49.47999954223633,50.20000076293945,49.33000183105469,50.040000915527344,37.1256217956543,1232300,0.0,False
2007-09-17,49.83000183105469,49.83000183105469,49.2400016784668,49.439998626708984,36.68046188354492,897200,0.0,False
2007-09-18,49.869998931884766,53.16999816894531,49.189998626708984,51.68000030517578,38.34235763549805,6920300,0.0,False
2007-09-19,52.63999938964844,52.88999938964844,51.54999923706055,51.619998931884766,38.2978515625,2269200,0.0,False
2007-09-20,52.099998474121094,52.43000030517578,51.02000045776367,51.220001220703125,38.00109100341797,2166300,0.0,False
2007-09-21,51.5099983215332,51.63999938964844,51.16999816894531,51.560001373291016,38.25332260131836,1067600,0.0,False
2007-09-24,51.5099983215332,51.790000915527344,50.810001373291016,50.869998931884766,37.74140930175781,507600,0.0,False
2007-09-25,50.439998626708984,50.88999938964844,50.310001373291016,50.720001220703125,37.71167755126953,636000,0.0,False
2007-09-26,50.970001220703125,52.13999938964844,50.810001373291016,51.68000030517578,38.42546081542969,1050200,0.0,False
2007-09-27,51.900001525878906,52.47999954223633,51.650001525878906,52.36000061035156,38.93104553222656,582200,0.0,False
2007-09-28,52.02000045776367,52.45000076293945,51.95000076293945,52.029998779296875,38.685691833496094,383100,0.0,False
2007-10-01,52.13999938964844,53.45000076293945,52.13999938964844,53.310001373291016,39.63740921020508,2119800,0.0,False
2007-10-02,53.56999969482422,54.11000061035156,53.439998626708984,54.11000061035156,40.23221206665039,406100,0.0,False
2007-10-03,53.95000076293945,54.540000915527344,53.81999969482422,54.060001373291016,40.19502258300781,472900,0.0,False
2007-10-04,54.369998931884766,54.459999084472656,53.7400016784668,53.900001525878906,40.07608413696289,408900,0.0,False
2007-10-05,54.54999923706055,55.16999816894531,54.290000915527344,55.16999816894531,41.02034378051758,1196800,0.0,False
2007-10-08,54.779998779296875,54.959999084472656,54.45000076293945,54.5,40.52219772338867,269300,0.0,False
2007-10-09,54.75,55.63999938964844,54.400001525878906,55.619998931884766,41.354949951171875,380500,0.0,False
2007-10-10,55.439998626708984,55.5099983215332,55.0099983215332,55.400001525878906,41.19136428833008,231400,0.0,False
2007-10-11,55.65999984741211,55.790000915527344,54.0,54.560001373291016,40.56680679321289,546200,0.0,False
2007-10-12,54.630001068115234,55.130001068115234,54.529998779296875,55.130001068115234,40.99061965942383,139800,0.0,False
2007-10-15,53.5,54.849998474121094,53.439998626708984,53.86000061035156,40.046348571777344,575900,0.0,False
2007-10-16,53.36000061035156,53.5099983215332,52.75,53.220001220703125,39.57048797607422,942500,0.0,False
2007-10-17,53.54999923706055,53.869998931884766,52.2599983215332,53.349998474121094,39.667144775390625,1582700,0.0,False
2007-10-18,52.560001373291016,53.279998779296875,52.27000045776367,52.95000076293945,39.369728088378906,615200,0.0,False
2007-10-19,52.849998474121094,52.880001068115234,51.22999954223633,51.310001373291016,38.15033721923828,1640900,0.0,False
2007-10-22,50.75,52.18000030517578,50.72999954223633,51.939998626708984,38.618770599365234,1209700,0.0,False
2007-10-23,52.439998626708984,52.81999969482422,51.65999984741211,52.72999954223633,39.206153869628906,1479100,0.0,False
2007-10-24,52.369998931884766,52.970001220703125,50.959999084472656,52.630001068115234,39.131805419921875,4452700,0.0,False
2007-10-25,52.630001068115234,52.900001525878906,51.81999969482422,52.349998474121094,38.92359924316406,1433600,0.0,False
2007-10-26,53.650001525878906,53.93000030517578,52.75,53.93000030517578,40.098384857177734,1564900,0.0,False
2007-10-29,54.02000045776367,54.709999084472656,53.790000915527344,54.63999938964844,40.62628173828125,664200,0.0,False
2007-10-30,54.34000015258789,54.66999816894531,53.77000045776367,54.029998779296875,40.172725677490234,1023800,0.0,False
2007-10-31,54.369998931884766,55.189998626708984,53.72999954223633,54.900001525878906,40.819618225097656,1020800,0.0,False
2007-11-01,53.77000045776367,53.869998931884766,52.630001068115234,52.86000061035156,39.302825927734375,1422700,0.0,False
2007-11-02,52.720001220703125,52.72999954223633,50.93000030517578,52.0,38.66337966918945,2843900,0.0,False
2007-11-05,49.63999938964844,51.41999816894531,49.63999938964844,50.84000015258789,37.80088806152344,2598800,0.0,False
2007-11-06,50.93000030517578,51.66999816894531,50.220001220703125,51.66999816894531,38.41801834106445,2184800,0.0,False
2007-11-07,50.029998779296875,51.209999084472656,49.52000045776367,49.58000183105469,36.86404800415039,2503700,0.0,False
2007-11-08,49.52000045776367,50.29999923706055,47.900001525878906,49.400001525878906,36.7302131652832,1777100,0.0,False
2007-11-09,49.209999084472656,50.400001525878906,48.0099983215332,49.25,36.618682861328125,2800400,0.0,False
2007-11-12,48.849998474121094,49.9900016784668,48.400001525878906,48.400001525878906,35.9866943359375,1950700,0.0,False
2007-11-13,49.599998474121094,50.9900016784668,49.029998779296875,50.849998474121094,37.80832290649414,1972100,0.0,False
2007-11-14,52.09000015258789,52.38999938964844,51.2400016784668,51.619998931884766,38.3808479309082,2214500,0.0,False
2007-11-15,51.22999954223633,51.599998474121094,49.599998474121094,50.36000061035156,37.44400405883789,1319500,0.0,False
2007-11-16,50.369998931884766,50.470001220703125,49.369998931884766,49.95000076293945,37.139163970947266,1715400,0.0,False
2007-11-19,49.5,49.75,48.45000076293945,48.779998779296875,36.26923370361328,1141100,0.0,False
2007-11-20,48.97999954223633,49.560001373291016,47.349998474121094,48.400001525878906,35.9866943359375,1269300,0.0,False
2007-11-21,48.130001068115234,48.209999084472656,46.779998779296875,47.5,35.317508697509766,762300,0.0,False
2007-11-23,48.25,49.040000915527344,48.11000061035156,48.849998474121094,36.3212776184082,582500,0.0,False
2007-11-26,49.290000915527344,49.290000915527344,47.099998474121094,47.189998626708984,35.0870361328125,946500,0.0,False
2007-11-27,47.650001525878906,48.369998931884766,47.16999816894531,48.119998931884766,35.77851104736328,1696400,0.0,False
2007-11-28,48.52000045776367,51.08000183105469,48.52000045776367,51.060001373291016,37.96445846557617,971100,0.0,False
2007-11-29,50.380001068115234,50.779998779296875,49.84000015258789,50.25,37.36222457885742,1869000,0.0,False
2007-11-30,51.66999816894531,52.0099983215332,50.470001220703125,51.0,37.91986083984375,1598700,0.0,False
2007-12-03,50.650001525878906,50.7599983215332,49.9900016784668,50.25,37.36222457885742,660200,0.0,False
2007-12-04,49.470001220703125,49.65999984741211,49.119998931884766,49.119998931884766,36.52203369140625,1680200,0.0,False
2007-12-05,49.959999084472656,50.279998779296875,49.40999984741211,50.0,37.17634201049805,928800,0.0,False
2007-12-06,49.7599983215332,51.52000045776367,49.689998626708984,51.41999816894531,38.23214340209961,901500,0.0,False
2007-12-07,51.65999984741211,52.09000015258789,51.27000045776367,51.54999923706055,38.32879638671875,799200,0.0,False
2007-12-10,51.75,52.88999938964844,51.75,52.65999984741211,39.15412902832031,1729800,0.0,False
2007-12-11,52.790000915527344,53.06999969482422,50.130001068115234,50.16999816894531,37.302738189697266,1529000,0.0,False
2007-12-12,52.0,52.0,49.70000076293945,50.599998474121094,37.6224479675293,2181600,0.0,False
2007-12-13,50.25,50.68000030517578,49.29999923706055,50.63999938964844,37.65217971801758,1033900,0.0,False
2007-12-14,50.15999984741211,51.5,50.15999984741211,50.5099983215332,37.555519104003906,567300,0.0,False
2007-12-17,50.34000015258789,50.7400016784668,49.7599983215332,49.790000915527344,37.02018356323242,760700,0.0,False
2007-12-18,50.18000030517578,50.209999084472656,48.560001373291016,49.36000061035156,36.700462341308594,1331900,0.0,False
2007-12-19,49.650001525878906,50.349998474121094,49.290000915527344,49.91999816894531,37.116859436035156,570500,0.0,False
2007-12-20,50.400001525878906,50.400001525878906,49.33000183105469,50.369998931884766,37.45143127441406,1019200,0.0,False
2007-12-21,51.0,51.68000030517578,50.91999816894531,51.630001068115234,38.38825607299805,773800,0.0,False
2007-12-24,51.93000030517578,52.290000915527344,51.63999938964844,51.9900016784668,38.65595245361328,120000,0.0,False
2007-12-26,51.52000045776367,52.2599983215332,51.38999938964844,52.189998626708984,38.804656982421875,483100,0.0,False
2007-12-27,51.720001220703125,51.970001220703125,50.790000915527344,50.869998931884766,37.89289093017578,771900,0.0,False
2007-12-28,51.40999984741211,51.40999984741211,50.5,50.79999923706055,37.840782165527344,211900,0.0,False
2007-12-31,50.70000076293945,51.560001373291016,50.310001373291016,51.15999984741211,38.10892105102539,277300,0.0,False
2008-01-02,51.2599983215332,51.2599983215332,49.599998474121094,49.79999923706055,37.095863342285156,788100,0.0,False
2008-01-03,49.95000076293945,50.02000045776367,49.08000183105469,49.220001220703125,36.663822174072266,708600,0.0,False
2008-01-04,48.47999954223633,48.5,47.060001373291016,47.34000015258789,35.263423919677734,1316500,0.0,False
2008-01-07,47.56999969482422,47.63999938964844,46.08000183105469,46.810001373291016,34.868621826171875,1449500,0.0,False
2008-01-08,47.130001068115234,47.45000076293945,45.029998779296875,45.099998474121094,33.5948486328125,1873200,0.0,False
2008-01-09,44.91999816894531,45.689998626708984,43.75,45.650001525878906,34.00453567504883,1676400,0.0,False
2008-01-10,44.720001220703125,47.75,44.720001220703125,47.04999923706055,35.04737091064453,3057000,0.0,False
2008-01-11,46.70000076293945,48.040000915527344,46.459999084472656,47.189998626708984,35.15168762207031,1847800,0.0,False
2008-01-14,47.52000045776367,47.95000076293945,47.279998779296875,47.869998931884766,35.658199310302734,963400,0.0,False
2008-01-15,47.13999938964844,47.2400016784668,45.790000915527344,45.81999969482422,34.13118362426758,1443500,0.0,False
2008-01-16,45.5,46.90999984741211,45.130001068115234,46.08000183105469,34.3248405456543,1728500,0.0,False
2008-01-17,46.099998474121094,46.25,43.18000030517578,43.33000183105469,32.2763671875,2809500,0.0,False
2008-01-18,43.84000015258789,44.27000045776367,42.400001525878906,43.54999923706055,32.440269470214844,2234300,0.0,False
2008-01-22,40.77000045776367,45.380001068115234,40.77000045776367,44.61000061035156,33.229835510253906,2340700,0.0,False
2008-01-23,43.599998474121094,47.04999923706055,43.31999969482422,47.0,35.010154724121094,2430800,0.0,False
2008-01-24,47.36000061035156,47.93000030517578,46.91999816894531,47.43000030517578,35.3304443359375,1895800,0.0,False
2008-01-25,47.86000061035156,48.279998779296875,45.97999954223633,46.150001525878906,34.37698745727539,2639400,0.0,False
2008-01-28,46.7400016784668,47.59000015258789,45.86000061035156,47.560001373291016,35.42729187011719,1637800,0.0,False
2008-01-29,48.0,48.02000045776367,46.939998626708984,47.79999923706055,35.6060791015625,1126200,0.0,False
2008-01-30,47.70000076293945,49.369998931884766,47.290000915527344,47.470001220703125,35.36025619506836,2961100,0.0,False
2008-01-31,46.5099983215332,48.95000076293945,46.380001068115234,48.529998779296875,36.14983367919922,2604500,0.0,False
2008-02-01,48.650001525878906,49.2400016784668,48.040000915527344,49.029998779296875,36.522281646728516,1191700,0.0,False
2008-02-04,49.220001220703125,49.220001220703125,48.150001525878906,48.380001068115234,36.03809356689453,1120400,0.0,False
2008-02-05,47.209999084472656,47.54999923706055,45.52000045776367,45.52000045776367,33.907691955566406,4287800,0.0,False
2008-02-06,45.709999084472656,45.86000061035156,43.84000015258789,43.900001525878906,32.700984954833984,1776700,0.0,False
2008-02-07,44.150001525878906,45.83000183105469,43.9900016784668,45.08000183105469,33.5799446105957,1867200,0.0,False
2008-02-08,45.029998779296875,45.099998474121094,44.029998779296875,44.5,33.14789581298828,1582800,0.0,False
2008-02-11,44.599998474121094,44.93000030517578,43.91999816894531,44.40999984741211,33.08085632324219,1217400,0.0,False
2008-02-12,45.0,45.34000015258789,43.88999938964844,44.36000061035156,33.04362487792969,1172500,0.0,False
2008-02-13,44.880001068115234,45.0,43.880001068115234,44.7400016784668,33.326690673828125,1687400,0.0,False
2008-02-14,44.86000061035156,45.02000045776367,44.099998474121094,44.20000076293945,32.924434661865234,3674200,0.0,False
2008-02-15,43.95000076293945,44.29999923706055,43.40999984741211,44.29999923706055,32.99893569946289,4301500,0.0,False
2008-02-19,44.63999938964844,44.84000015258789,43.0,43.04999923706055,32.067813873291016,4036300,0.0,False
2008-02-20,42.810001373291016,44.540000915527344,42.439998626708984,44.34000015258789,33.02873229980469,5312200,0.0,False
2008-02-21,44.56999969482422,44.810001373291016,43.65999984741211,43.7400016784668,32.581790924072266,1103100,0.0,False
2008-02-22,43.7400016784668,44.290000915527344,42.86000061035156,44.290000915527344,32.99148941040039,951200,0.0,False
2008-02-25,44.11000061035156,45.189998626708984,43.599998474121094,45.0099983215332,33.52780532836914,2468000,0.0,False
2008-02-26,44.61000061035156,45.7400016784668,44.38999938964844,45.099998474121094,33.5948486328125,749100,0.0,False
2008-02-27,44.58000183105469,45.81999969482422,44.58000183105469,45.5099983215332,33.90024948120117,989600,0.0,False
2008-02-28,44.9900016784668,44.9900016784668,43.83000183105469,43.9900016784668,32.768009185791016,488800,0.0,False
2008-02-29,43.279998779296875,43.36000061035156,41.689998626708984,41.79999923706055,31.136672973632812,3988700,0.0,False
2008-03-03,41.91999816894531,41.9900016784668,41.22999954223633,41.59000015258789,30.980249404907227,749400,0.0,False
2008-03-04,41.09000015258789,41.470001220703125,40.38999938964844,41.310001373291016,30.771684646606445,2447300,0.0,False
2008-03-05,41.540000915527344,42.18000030517578,40.900001525878906,41.36000061035156,30.808940887451172,995100,0.0,False
2008-03-06,40.95000076293945,40.95000076293945,39.560001373291016,39.689998626708984,29.564964294433594,1475000,0.0,False
2008-03-07,39.060001373291016,40.47999954223633,38.689998626708984,39.470001220703125,29.40107536315918,2925100,0.0,False
2008-03-10,39.33000183105469,39.59000015258789,37.59000015258789,37.599998474121094,28.00811767578125,5551200,0.0,False
2008-03-11,39.72999954223633,40.65999984741211,38.2599983215332,40.65999984741211,30.28750991821289,9523800,0.0,False
2008-03-12,40.95000076293945,41.38999938964844,39.77000045776367,39.849998474121094,29.684133529663086,1698700,0.0,False
2008-03-13,38.68000030517578,40.7400016784668,38.150001525878906,40.38999938964844,30.086380004882812,3014500,0.0,False
2008-03-14,40.959999084472656,40.959999084472656,37.40999984741211,37.779998779296875,28.142189025878906,6671000,0.0,False
2008-03-17,35.47999954223633,36.06999969482422,32.20000076293945,34.2400016784668,25.505268096923828,6825200,0.0,False
2008-03-18,36.11000061035156,38.310001373291016,36.06999969482422,38.16999816894531,28.43269920349121,5955600,0.0,False
2008-03-19,38.72999954223633,38.9900016784668,36.58000183105469,36.7400016784668,27.367507934570312,4113700,0.0,False
2008-03-20,36.939998626708984,39.4900016784668,36.54999923706055,39.43000030517578,29.37127113342285,2973900,0.0,False
2008-03-24,39.93000030517578,41.13999938964844,39.5,40.0,29.79586410522461,5606100,0.0,False
2008-03-25,40.150001525878906,40.84000015258789,39.59000015258789,40.279998779296875,30.02545928955078,2101900,0.0,False
2008-03-26,39.779998779296875,39.95000076293945,39.13999938964844,39.38999938964844,29.36203384399414,2838900,0.0,False
2008-03-27,39.5,39.68000030517578,37.720001220703125,37.95000076293945,28.288625717163086,4646000,0.0,False
2008-03-28,37.91999816894531,38.279998779296875,36.83000183105469,36.93000030517578,27.52829933166504,4639000,0.0,False
2008-03-31,37.06999969482422,37.91999816894531,36.400001525878906,37.2599983215332,27.774280548095703,1432500,0.0,False
2008-04-01,38.72999954223633,40.369998931884766,38.15999984741211,40.27000045776367,30.018016815185547,4879100,0.0,False
2008-04-02,40.5,41.29999923706055,40.0099983215332,40.36000061035156,30.085105895996094,1523100,0.0,False
2008-04-03,40.189998626708984,41.369998931884766,39.66999816894531,40.79999923706055,30.41307258605957,2039800,0.0,False
2008-04-04,40.959999084472656,41.04999923706055,40.130001068115234,40.25,30.003101348876953,1230700,0.0,False
2008-04-07,40.91999816894531,41.560001373291016,40.58000183105469,40.959999084472656,30.53234100341797,966800,0.0,False
2008-04-08,40.54999923706055,40.97999954223633,40.09000015258789,40.400001525878906,30.114917755126953,986000,0.0,False
2008-04-09,40.5,40.599998474121094,39.060001373291016,39.060001373291016,29.116056442260742,1965900,0.0,False
2008-04-10,38.9900016784668,39.65999984741211,38.65999984741211,38.939998626708984,29.026613235473633,1305500,0.0,False
2008-04-11,38.45000076293945,39.060001373291016,37.970001220703125,38.150001525878906,28.437726974487305,1536100,0.0,False
2008-04-14,37.95000076293945,38.06999969482422,37.2599983215332,37.40999984741211,27.886112213134766,939400,0.0,False
2008-04-15,37.849998474121094,37.959999084472656,37.11000061035156,37.880001068115234,28.236465454101562,1423600,0.0,False
2008-04-16,38.279998779296875,39.060001373291016,38.2400016784668,38.97999954223633,29.056421279907227,1135300,0.0,False
2008-04-17,38.7400016784668,39.880001068115234,38.56999969482422,39.66999816894531,29.57074546813965,1520800,0.0,False
2008-04-18,41.06999969482422,41.4900016784668,40.54999923706055,40.709999084472656,30.345979690551758,1771500,0.0,False
2008-04-21,40.61000061035156,40.61000061035156,40.060001373291016,40.29999923706055,30.040359497070312,598900,0.0,False
2008-04-22,39.970001220703125,39.9900016784668,39.27000045776367,39.61000061035156,29.52603530883789,791000,0.0,False
2008-04-23,39.560001373291016,40.279998779296875,39.369998931884766,39.70000076293945,29.59311866760254,677600,0.0,False
2008-04-24,39.81999969482422,41.47999954223633,39.7599983215332,41.189998626708984,30.70378875732422,1087700,0.0,False
2008-04-25,41.59000015258789,41.83000183105469,40.91999816894531,41.689998626708984,31.076505661010742,856000,0.0,False
2008-04-28,41.779998779296875,42.15999984741211,41.529998779296875,41.72999954223633,31.10630989074707,401000,0.0,False
2008-04-29,41.790000915527344,41.790000915527344,41.09000015258789,41.54999923706055,30.972135543823242,639600,0.0,False
2008-04-30,41.68000030517578,42.11000061035156,41.0099983215332,41.15999984741211,30.68143081665039,567300,0.0,False
2008-05-01,41.18000030517578,42.9900016784668,41.130001068115234,42.84000015258789,31.933719635009766,562300,0.0,False
2008-05-02,43.81999969482422,43.81999969482422,42.81999969482422,43.099998474121094,32.12753677368164,1009400,0.0,False
2008-05-05,43.029998779296875,43.369998931884766,42.560001373291016,42.689998626708984,31.821910858154297,929500,0.0,False
2008-05-06,42.43000030517578,42.81999969482422,41.68000030517578,42.709999084472656,31.836822509765625,981900,0.0,False
2008-05-07,43.040000915527344,43.22999954223633,41.59000015258789,41.599998474121094,31.0094051361084,1191200,0.0,False
2008-05-08,41.70000076293945,41.7599983215332,40.72999954223633,41.22999954223633,30.733617782592773,2227900,0.0,False
2008-05-09,40.65999984741211,41.869998931884766,40.65999984741211,41.08000183105469,30.621809005737305,1079600,0.0,False
2008-05-12,41.209999084472656,42.15999984741211,41.209999084472656,42.060001373291016,31.352298736572266,775700,0.0,False
2008-05-13,42.34000015258789,42.34000015258789,41.470001220703125,41.63999938964844,31.039222717285156,351300,0.0,False
2008-05-14,42.02000045776367,42.209999084472656,41.709999084472656,41.869998931884766,31.210676193237305,1124600,0.0,False
2008-05-15,41.68000030517578,42.59000015258789,41.68000030517578,42.540000915527344,31.71011734008789,582600,0.0,False
2008-05-16,42.59000015258789,42.68000030517578,41.880001068115234,42.09000015258789,31.374677658081055,541400,0.0,False
2008-05-19,42.13999938964844,42.779998779296875,41.5099983215332,41.689998626708984,31.076505661010742,893600,0.0,False
2008-05-20,41.36000061035156,41.43000030517578,40.66999816894531,41.0099983215332,30.569599151611328,764900,0.0,False
2008-05-21,41.119998931884766,41.150001525878906,39.470001220703125,39.59000015258789,29.51113510131836,2175300,0.0,False
2008-05-22,39.70000076293945,40.130001068115234,39.400001525878906,39.709999084472656,29.600576400756836,2196100,0.0,False
2008-05-23,39.5099983215332,39.61000061035156,38.7400016784668,39.060001373291016,29.116056442260742,1506400,0.0,False
2008-05-27,38.95000076293945,39.56999969482422,38.86000061035156,39.52000045776367,29.458948135375977,874500,0.0,False
2008-05-28,39.91999816894531,39.91999816894531,38.7400016784668,39.36000061035156,29.339675903320312,1922400,0.0,False
2008-05-29,39.290000915527344,40.5,39.290000915527344,40.0099983215332,29.82419776916504,901100,0.0,False
2008-05-30,40.29999923706055,40.33000183105469,39.779998779296875,39.790000915527344,29.66021156311035,303800,0.0,False
2008-06-02,39.720001220703125,39.720001220703125,38.119998931884766,38.65999984741211,28.817882537841797,3007400,0.0,False
2008-06-03,38.790000915527344,39.0099983215332,37.540000915527344,38.290000915527344,28.542081832885742,4243000,0.0,False
2008-06-04,38.04999923706055,39.150001525878906,37.939998626708984,38.06999969482422,28.37807846069336,3521500,0.0,False
2008-06-05,38.459999084472656,39.66999816894531,38.380001068115234,39.54999923706055,29.481298446655273,2173200,0.0,False
2008-06-06,39.400001525878906,39.400001525878906,35.52000045776367,37.95000076293945,28.288625717163086,1223000,0.0,False
2008-06-09,38.09000015258789,38.13999938964844,36.599998474121094,37.16999816894531,27.707195281982422,826800,0.0,False
2008-06-10,36.7599983215332,37.7400016784668,36.63999938964844,37.36000061035156,27.848827362060547,1608600,0.0,False
2008-06-11,37.41999816894531,37.5099983215332,35.93000030517578,35.97999954223633,26.820165634155273,1890100,0.0,False
2008-06-12,36.68000030517578,37.2599983215332,35.86000061035156,36.43000030517578,27.15561294555664,1732800,0.0,False
2008-06-13,36.619998931884766,38.5,36.61000061035156,38.5,28.698612213134766,4768800,0.0,False
2008-06-16,38.11000061035156,39.18000030517578,37.95000076293945,39.130001068115234,29.168235778808594,2136000,0.0,False
2008-06-17,39.41999816894531,39.630001068115234,38.06999969482422,38.130001068115234,28.42281723022461,2594300,0.0,False
2008-06-18,37.38999938964844,37.970001220703125,36.900001525878906,37.70000076293945,28.102285385131836,2090900,0.0,False
2008-06-19,37.630001068115234,37.939998626708984,36.84000015258789,37.779998779296875,28.161901473999023,1420800,0.0,False
2008-06-20,37.31999969482422,37.470001220703125,36.40999984741211,36.70000076293945,27.356863021850586,1535800,0.0,False
2008-06-23,36.810001373291016,36.90999984741211,35.63999938964844,35.81999969482422,26.70089340209961,733500,0.0,False
2008-06-24,35.459999084472656,36.5,35.11000061035156,36.02000045776367,26.8499698638916,1609100,0.0,False
2008-06-25,36.380001068115234,36.9900016784668,36.0,36.16999816894531,27.00977897644043,1296400,0.0,False
2008-06-26,35.279998779296875,35.619998931884766,34.619998931884766,34.68000030517578,25.897125244140625,1128200,0.0,False
2008-06-27,34.75,34.90999984741211,33.650001525878906,34.31999969482422,25.62830924987793,1794000,0.0,False
2008-06-30,34.029998779296875,34.36000061035156,33.290000915527344,33.349998474121094,24.903961181640625,822800,0.0,False
2008-07-01,32.720001220703125,33.61000061035156,32.040000915527344,33.2400016784668,24.821819305419922,2259200,0.0,False
2008-07-02,33.459999084472656,33.70000076293945,32.58000183105469,32.61000061035156,24.351367950439453,1860000,0.0,False
2008-07-03,33.029998779296875,33.029998779296875,32.06999969482422,32.369998931884766,24.172149658203125,485900,0.0,False
2008-07-07,32.54999923706055,33.06999969482422,30.950000762939453,31.43000030517578,23.4702091217041,1515000,0.0,False
2008-07-08,31.510000228881836,32.900001525878906,30.709999084472656,32.869998931884766,24.54552459716797,1729400,0.0,False
2008-07-09,33.0,33.099998474121094,30.739999771118164,30.940000534057617,23.104307174682617,1773000,0.0,False
2008-07-10,30.889999389648438,31.139999389648438,29.690000534057617,30.229999542236328,22.574108123779297,2571300,0.0,False
2008-07-11,30.889999389648438,30.889999389648438,28.850000381469727,29.670000076293945,22.155933380126953,4757600,0.0,False
2008-07-14,30.5,30.610000610351562,28.299999237060547,28.530000686645508,21.304651260375977,3543900,0.0,False
2008-07-15,28.06999969482422,29.329999923706055,26.829999923706055,28.219999313354492,21.073152542114258,3191800,0.0,False
2008-07-16,28.59000015258789,31.3700008392334,28.270000457763672,31.3700008392334,23.42540168762207,3148700,0.0,False
2008-07-17,32.06999969482422,33.47999954223633,31.489999771118164,32.75,24.45590591430664,3462200,0.0,False
2008-07-18,33.08000183105469,33.25,31.90999984741211,32.939998626708984,24.597795486450195,1827700,0.0,False
2008-07-21,33.189998626708984,33.25,31.690000534057617,31.920000076293945,23.83611297607422,2049500,0.0,False
2008-07-22,31.6200008392334,34.52000045776367,31.389999389648438,34.4900016784668,25.7552490234375,2780500,0.0,False
2008-07-23,34.599998474121094,35.5,33.849998474121094,34.90999984741211,26.068889617919922,3074400,0.0,False
2008-07-24,35.0,35.0,32.86000061035156,33.04999923706055,24.679935455322266,1867700,0.0,False
2008-07-25,33.18000030517578,33.630001068115234,32.369998931884766,33.040000915527344,24.672466278076172,1470200,0.0,False
2008-07-28,32.939998626708984,33.43000030517578,31.239999771118164,31.420000076293945,23.462743759155273,1571500,0.0,False
2008-07-29,31.700000762939453,33.459999084472656,31.270000457763672,33.45000076293945,24.978628158569336,1897500,0.0,False
2008-07-30,34.0,34.2599983215332,32.900001525878906,33.88999938964844,25.307201385498047,1162700,0.0,False
2008-07-31,33.70000076293945,34.2599983215332,33.33000183105469,33.630001068115234,25.113046646118164,1124800,0.0,False
2008-08-01,33.90999984741211,33.90999984741211,32.66999816894531,33.68000030517578,25.1503849029541,882700,0.0,False
2008-08-04,33.65999984741211,33.65999984741211,32.599998474121094,32.79999923706055,24.49325180053711,1002500,0.0,False
2008-08-05,33.38999938964844,34.220001220703125,33.04999923706055,34.150001525878906,25.50135040283203,1918200,0.0,False
2008-08-06,33.91999816894531,34.47999954223633,33.54999923706055,34.290000915527344,25.605907440185547,1109400,0.0,False
2008-08-07,33.630001068115234,34.130001068115234,32.81999969482422,33.04999923706055,24.679935455322266,1891800,0.0,False
2008-08-08,33.099998474121094,34.619998931884766,32.86000061035156,34.31999969482422,25.62830924987793,1283800,0.0,False
2008-08-11,34.41999816894531,35.790000915527344,34.25,34.97999954223633,26.12115478515625,1102700,0.0,False
2008-08-12,34.5,34.63999938964844,32.959999084472656,33.36000061035156,24.911426544189453,2212800,0.0,False
2008-08-13,33.119998931884766,33.310001373291016,32.099998474121094,32.91999816894531,24.58285140991211,2822700,0.0,False
2008-08-14,32.68000030517578,33.709999084472656,32.59000015258789,33.459999084472656,24.986106872558594,2168400,0.0,False
2008-08-15,33.540000915527344,34.33000183105469,33.380001068115234,33.7599983215332,25.21012306213379,1652500,0.0,False
2008-08-18,33.70000076293945,33.70000076293945,32.459999084472656,32.56999969482422,24.32149314880371,1024100,0.0,False
2008-08-19,32.25,32.369998931884766,31.559999465942383,31.770000457763672,23.724096298217773,1508500,0.0,False
2008-08-20,31.68000030517578,32.130001068115234,31.15999984741211,31.969999313354492,23.873445510864258,2153500,0.0,False
2008-08-21,31.56999969482422,32.029998779296875,31.190000534057617,31.770000457763672,23.724096298217773,732600,0.0,False
2008-08-22,32.27000045776367,32.91999816894531,32.27000045776367,32.77000045776367,24.470844268798828,1982300,0.0,False
2008-08-25,32.349998474121094,32.43000030517578,31.799999237060547,31.899999618530273,23.82117462158203,992500,0.0,False
2008-08-26,32.099998474121094,32.16999816894531,31.31999969482422,31.940000534057617,23.851045608520508,570500,0.0,False
2008-08-27,32.15999984741211,32.650001525878906,31.639999389648438,32.56999969482422,24.32149314880371,1710100,0.0,False
2008-08-28,32.880001068115234,34.0,32.72999954223633,33.93000030517578,25.337074279785156,1133000,0.0,False
2008-08-29,33.65999984741211,34.2400016784668,33.5,33.880001068115234,25.299739837646484,500000,0.0,False
2008-09-02,34.560001373291016,35.13999938964844,33.599998474121094,34.29999923706055,25.61336326599121,2343400,0.0,False
2008-09-03,34.20000076293945,34.86000061035156,33.83000183105469,34.849998474121094,26.024070739746094,2548000,0.0,False
2008-09-04,34.43000030517578,34.59000015258789,33.040000915527344,33.13999938964844,24.747140884399414,1650900,0.0,False
2008-09-05,32.7400016784668,33.72999954223633,32.09000015258789,33.72999954223633,25.187721252441406,1681200,0.0,False
2008-09-08,35.81999969482422,35.959999084472656,33.310001373291016,34.540000915527344,25.792593002319336,3415300,0.0,False
2008-09-09,34.06999969482422,34.31999969482422,31.670000076293945,31.68000030517578,23.65688705444336,4090700,0.0,False
2008-09-10,31.920000076293945,32.0099983215332,30.600000381469727,31.18000030517578,23.28352165222168,3592000,0.0,False
2008-09-11,30.200000762939453,31.100000381469727,29.350000381469727,31.010000228881836,23.156572341918945,3331800,0.0,False
2008-09-12,30.459999084472656,31.139999389648438,29.889999389648438,30.40999984741211,22.70853042602539,3812400,0.0,False
2008-09-15,29.0,30.030000686645508,27.809999465942383,27.950000762939453,20.871540069580078,2993500,0.0,False
2008-09-16,26.579999923706055,28.950000762939453,26.0,28.719999313354492,21.446523666381836,4641200,0.0,False
2008-09-17,27.0,27.90999984741211,25.40999984741211,26.200000762939453,19.564733505249023,4377500,0.0,False
2008-09-18,26.270000457763672,28.549999237060547,23.690000534057617,28.239999771118164,21.088090896606445,4116500,0.0,False
2008-09-19,31.600000381469727,31.600000381469727,29.0,31.600000381469727,23.597148895263672,2396500,0.0,False
2008-09-22,32.11000061035156,32.9900016784668,29.940000534057617,30.049999237060547,22.439695358276367,1103400,0.0,False
2008-09-23,30.139999389648438,30.440000534057617,28.940000534057617,29.489999771118164,22.021520614624023,714500,0.0,False
2008-09-24,30.239999771118164,31.0,28.770000457763672,28.889999389648438,21.700035095214844,600100,0.0,False
2008-09-25,29.5,29.790000915527344,28.739999771118164,29.40999984741211,22.090627670288086,404200,0.0,False
2008-09-26,29.09000015258789,30.06999969482422,28.350000381469727,30.049999237060547,22.57134437561035,745800,0.0,False
2008-09-29,30.1200008392334,30.1200008392334,26.110000610351562,27.010000228881836,20.287919998168945,871600,0.0,False
2008-09-30,27.489999771118164,28.81999969482422,26.81999969482422,28.700000762939453,21.557327270507812,916400,0.0,False
2008-10-01,30.059999465942383,30.059999465942383,28.110000610351562,29.31999969482422,22.023025512695312,313700,0.0,False
2008-10-02,29.329999923706055,29.329999923706055,27.969999313354492,28.149999618530273,21.14420509338379,243900,0.0,False
2008-10-03,28.940000534057617,29.559999465942383,27.350000381469727,27.350000381469727,20.54330825805664,684500,0.0,False
2008-10-06,25.850000381469727,26.969999313354492,25.170000076293945,26.950000762939453,20.24285125732422,660100,0.0,False
2008-10-07,28.0,28.0,24.540000915527344,24.639999389648438,18.50775146484375,405800,0.0,False
2008-10-08,23.139999389648438,25.09000015258789,23.139999389648438,23.520000457763672,17.66649055480957,706300,0.0,False
2008-10-09,24.049999237060547,24.31999969482422,20.09000015258789,20.399999618530273,15.322979927062988,775400,0.0,False
2008-10-10,18.440000534057617,21.43000030517578,18.229999542236328,21.350000381469727,16.036550521850586,925900,0.0,False
2008-10-13,23.260000228881836,24.579999923706055,21.899999618530273,24.579999923706055,18.46268653869629,437000,0.0,False
2008-10-14,26.93000030517578,26.93000030517578,24.3799991607666,25.049999237060547,18.815719604492188,970600,0.0,False
2008-10-15,24.6299991607666,25.020000457763672,22.299999237060547,22.350000381469727,16.787673950195312,287100,0.0,False
2008-10-16,22.780000686645508,23.3700008392334,21.3799991607666,23.34000015258789,17.531282424926758,472400,0.0,False
2008-10-17,22.760000228881836,24.690000534057617,22.530000686645508,23.610000610351562,17.734094619750977,699600,0.0,False
2008-10-20,24.209999084472656,24.34000015258789,23.530000686645508,24.290000915527344,18.244861602783203,231700,0.0,False
2008-10-21,24.049999237060547,24.610000610351562,23.649999618530273,23.709999084472656,17.8091983795166,353800,0.0,False
2008-10-22,22.829999923706055,23.329999923706055,21.43000030517578,22.18000030517578,16.659982681274414,336000,0.0,False
2008-10-23,21.950000762939453,22.299999237060547,20.219999313354492,21.329999923706055,16.021526336669922,535400,0.0,False
2008-10-24,19.700000762939453,20.450000762939453,18.860000610351562,19.920000076293945,14.962438583374023,498400,0.0,False
2008-10-27,19.270000457763672,20.31999969482422,18.709999084472656,18.729999542236328,14.068595886230469,328500,0.0,False
2008-10-28,19.469999313354492,20.579999923706055,17.889999389648438,20.579999923706055,15.458178520202637,535600,0.0,False
2008-10-29,20.579999923706055,22.059999465942383,20.290000915527344,20.90999984741211,15.706053733825684,590800,0.0,False
2008-10-30,21.889999389648438,22.209999084472656,21.290000915527344,21.8700008392334,16.4271297454834,330400,0.0,False
2008-10-31,21.90999984741211,23.049999237060547,21.469999313354492,22.770000457763672,17.103145599365234,272400,0.0,False
2008-11-03,23.010000228881836,23.139999389648438,22.469999313354492,22.75,17.08812141418457,187100,0.0,False
2008-11-04,23.18000030517578,24.0,23.110000610351562,23.920000076293945,17.96694564819336,224800,0.0,False
2008-11-05,23.799999237060547,23.799999237060547,22.020000457763672,22.09000015258789,16.592388153076172,286000,0.0,False
2008-11-06,21.56999969482422,21.979999542236328,20.530000686645508,20.610000610351562,15.480716705322266,117500,0.0,False
2008-11-07,20.68000030517578,21.040000915527344,20.31999969482422,21.0,15.773656845092773,164000,0.0,False
2008-11-10,21.100000381469727,21.18000030517578,19.329999923706055,19.65999984741211,14.767143249511719,319200,0.0,False
2008-11-11,19.260000228881836,19.90999984741211,18.719999313354492,19.43000030517578,14.594379425048828,264000,0.0,False
2008-11-12,19.1299991607666,19.209999084472656,18.040000915527344,18.049999237060547,13.557829856872559,125600,0.0,False
2008-11-13,18.1299991607666,19.489999771118164,16.700000762939453,19.459999084472656,14.616920471191406,209300,0.0,False
2008-11-14,18.959999084472656,19.459999084472656,18.06999969482422,18.209999084472656,13.678010940551758,164800,0.0,False
2008-11-17,17.739999771118164,18.059999465942383,17.030000686645508,17.209999084472656,12.92688274383545,205400,0.0,False
2008-11-18,16.860000610351562,17.219999313354492,16.170000076293945,16.780000686645508,12.603903770446777,125400,0.0,False
2008-11-19,16.510000228881836,16.690000534057617,15.029999732971191,15.09000015258789,11.334497451782227,225700,0.0,False
2008-11-20,14.6899995803833,15.569999694824219,13.9399995803833,14.079999923706055,10.575862884521484,212700,0.0,False
2008-11-21,14.569999694824219,15.130000114440918,13.6899995803833,15.0600004196167,11.311962127685547,324000,0.0,False
2008-11-24,15.470000267028809,17.469999313354492,15.390000343322754,17.239999771118164,12.949419975280762,237200,0.0,False
2008-11-25,17.56999969482422,17.950000762939453,16.829999923706055,17.700000762939453,13.294936180114746,138500,0.0,False
2008-11-26,17.389999389648438,19.059999465942383,17.260000228881836,18.979999542236328,14.256380081176758,98800,0.0,False
2008-11-28,18.8799991607666,19.309999465942383,18.59000015258789,19.299999237060547,14.496740341186523,28300,0.0,False
2008-12-01,18.600000381469727,18.68000030517578,16.270000457763672,16.290000915527344,12.235847473144531,143200,0.0,False
2008-12-02,16.700000762939453,17.170000076293945,16.030000686645508,17.1200008392334,12.859283447265625,157900,0.0,False
2008-12-03,16.450000762939453,17.8700008392334,16.450000762939453,17.790000915527344,13.362540245056152,222800,0.0,False
2008-12-04,17.3799991607666,18.440000534057617,17.139999389648438,17.43000030517578,13.092132568359375,219700,0.0,False
2008-12-05,17.200000762939453,18.799999237060547,16.969999313354492,18.760000228881836,14.091130256652832,158600,0.0,False
2008-12-08,19.889999389648438,20.25,19.469999313354492,19.969999313354492,14.999991416931152,142100,0.0,False
2008-12-09,19.6200008392334,20.389999389648438,19.219999313354492,19.290000915527344,14.489218711853027,189600,0.0,False
2008-12-10,19.459999084472656,19.65999984741211,18.920000076293945,19.450000762939453,14.609408378601074,129200,0.0,False
2008-12-11,19.25,19.760000228881836,18.440000534057617,18.540000915527344,13.92587947845459,146400,0.0,False
2008-12-12,17.8799991607666,18.899999618530273,17.75,18.780000686645508,14.106151580810547,101800,0.0,False
2008-12-15,19.030000686645508,19.059999465942383,17.760000228881836,18.079999923706055,13.580357551574707,134900,0.0,False
2008-12-16,18.34000015258789,19.969999313354492,18.34000015258789,19.920000076293945,14.962438583374023,137900,0.0,False
2008-12-17,19.56999969482422,20.309999465942383,19.389999389648438,19.860000610351562,14.917359352111816,197800,0.0,False
2008-12-18,19.959999084472656,20.25,19.360000610351562,19.56999969482422,14.699544906616211,141200,0.0,False
2008-12-19,19.65999984741211,20.059999465942383,19.34000015258789,19.5,14.646965026855469,183700,0.0,False
2008-12-22,19.3799991607666,19.3799991607666,18.329999923706055,18.65999984741211,14.016019821166992,56200,0.0,False
2008-12-23,18.700000762939453,18.700000762939453,18.059999465942383,18.059999465942383,13.704885482788086,42000,0.0,False
2008-12-24,18.110000610351562,18.299999237060547,17.8799991607666,18.270000457763672,13.864249229431152,16000,0.0,False
2008-12-26,18.420000076293945,18.420000076293945,18.100000381469727,18.309999465942383,13.89459228515625,45900,0.0,False
2008-12-29,18.280000686645508,18.31999969482422,17.690000534057617,18.170000076293945,13.78836441040039,71600,0.0,False
2008-12-30,18.260000228881836,19.1299991607666,18.149999618530273,19.09000015258789,14.486504554748535,91200,0.0,False
2008-12-31,19.110000610351562,20.059999465942383,19.09000015258789,19.93000030517578,15.123943328857422,63400,0.0,False
2009-01-02,19.690000534057617,20.469999313354492,19.420000076293945,20.290000915527344,15.39713191986084,88700,0.0,False
2009-01-05,20.09000015258789,20.809999465942383,20.010000228881836,20.43000030517578,15.503365516662598,113100,0.0,False
2009-01-06,20.709999084472656,21.190000534057617,20.5,20.969999313354492,15.913148880004883,148800,0.0,False
2009-01-07,20.489999771118164,20.56999969482422,19.8799991607666,20.0,15.177063941955566,137300,0.0,False
2009-01-08,19.770000457763672,20.110000610351562,19.649999618530273,20.0,15.177063941955566,488700,0.0,False
2009-01-09,20.149999618530273,20.149999618530273,19.459999084472656,19.459999084472656,14.767284393310547,239500,0.0,False
2009-01-12,19.5,19.5,18.420000076293945,18.68000030517578,14.175371170043945,161600,0.0,False
2009-01-13,18.440000534057617,19.110000610351562,18.350000381469727,18.8799991607666,14.3271484375,549200,0.0,False
2009-01-14,18.65999984741211,18.690000534057617,17.809999465942383,18.030000686645508,13.682125091552734,277600,0.0,False
2009-01-15,17.989999771118164,18.34000015258789,16.950000762939453,17.850000381469727,13.545527458190918,496700,0.0,False
2009-01-16,18.270000457763672,18.309999465942383,17.030000686645508,17.950000762939453,13.621417999267578,349400,0.0,False
2009-01-20,17.510000228881836,17.510000228881836,15.770000457763672,15.8100004196167,11.997469902038574,498500,0.0,False
2009-01-21,16.190000534057617,17.600000381469727,16.010000228881836,17.559999465942383,13.325459480285645,258000,0.0,False
2009-01-22,16.989999771118164,17.889999389648438,16.5,17.149999618530273,13.014333724975586,458800,0.0,False
2009-01-23,16.489999771118164,17.90999984741211,16.489999771118164,17.81999969482422,13.5227632522583,910600,0.0,False
2009-01-26,17.889999389648438,18.559999465942383,17.239999771118164,17.520000457763672,13.295105934143066,1249900,0.0,False
2009-01-27,17.90999984741211,18.1299991607666,17.59000015258789,18.079999923706055,13.720062255859375,112900,0.0,False
2009-01-28,18.610000610351562,19.709999084472656,18.610000610351562,19.68000030517578,14.93422794342041,190600,0.0,False
2009-01-29,19.15999984741211,19.200000762939453,18.420000076293945,18.459999084472656,14.008429527282715,145800,0.0,False
2009-01-30,18.639999389648438,18.81999969482422,17.850000381469727,18.09000015258789,13.727652549743652,175000,0.0,False
2009-02-02,17.479999542236328,17.969999313354492,17.299999237060547,17.889999389648438,13.575882911682129,330500,0.0,False
2009-02-03,17.899999618530273,18.420000076293945,17.790000915527344,18.239999771118164,13.841476440429688,309500,0.0,False
2009-02-04,18.290000915527344,19.010000228881836,18.290000915527344,18.540000915527344,14.069137573242188,212100,0.0,False
2009-02-05,18.510000228881836,19.68000030517578,18.510000228881836,19.350000381469727,14.683809280395508,288900,0.0,False
2009-02-06,19.700000762939453,20.1299991607666,19.579999923706055,20.040000915527344,15.207427024841309,250000,0.0,False
2009-02-09,20.0,20.309999465942383,19.670000076293945,20.15999984741211,15.298480987548828,195800,0.0,False
2009-02-10,19.829999923706055,20.270000457763672,18.700000762939453,18.8799991607666,14.3271484375,470800,0.0,False
2009-02-11,18.969999313354492,19.469999313354492,18.84000015258789,19.350000381469727,14.683809280395508,116100,0.0,False
2009-02-12,18.940000534057617,19.59000015258789,18.610000610351562,19.540000915527344,14.827987670898438,168300,0.0,False
2009-02-13,19.43000030517578,19.600000381469727,19.139999389648438,19.299999237060547,14.64586353302002,429000,0.0,False
2009-02-17,18.40999984741211,18.6200008392334,17.959999084472656,17.959999084472656,13.628998756408691,275100,0.0,False
2009-02-18,18.34000015258789,18.34000015258789,17.5,17.979999542236328,13.644179344177246,156800,0.0,False
2009-02-19,18.040000915527344,18.399999618530273,17.530000686645508,17.579999923706055,13.340639114379883,311700,0.0,False
2009-02-20,17.049999237060547,17.850000381469727,16.709999084472656,17.530000686645508,13.302700996398926,429400,0.0,False
2009-02-23,17.690000534057617,17.959999084472656,16.489999771118164,16.5,12.521075248718262,290400,0.0,False
2009-02-24,16.799999237060547,18.020000457763672,16.610000610351562,17.989999771118164,13.651768684387207,245300,0.0,False
2009-02-25,17.84000015258789,18.3700008392334,17.3799991607666,17.75,13.469640731811523,270300,0.0,False
2009-02-26,18.200000762939453,18.360000610351562,17.549999237060547,17.690000534057617,13.424117088317871,238200,0.0,False
2009-02-27,17.190000534057617,17.700000762939453,17.020000457763672,17.059999465942383,12.946035385131836,336700,0.0,False
2009-03-02,16.690000534057617,16.790000915527344,16.1200008392334,16.209999084472656,12.301007270812988,428500,0.0,False
2009-03-03,16.5,16.510000228881836,15.710000038146973,16.030000686645508,12.164416313171387,347700,0.0,False
2009-03-04,16.329999923706055,16.940000534057617,16.079999923706055,16.510000228881836,12.528663635253906,259200,0.0,False
2009-03-05,16.360000610351562,16.40999984741211,15.479999542236328,15.770000457763672,11.967113494873047,410300,0.0,False
2009-03-06,15.920000076293945,16.079999923706055,14.979999542236328,15.4399995803833,11.716693878173828,1180400,0.0,False
2009-03-09,15.109999656677246,15.729999542236328,15.109999656677246,15.270000457763672,11.587685585021973,522000,0.0,False
2009-03-10,15.579999923706055,17.110000610351562,15.579999923706055,17.079999923706055,12.961212158203125,666300,0.0,False
2009-03-11,17.559999465942383,17.93000030517578,17.09000015258789,17.6299991607666,13.378578186035156,682300,0.0,False
2009-03-12,17.719999313354492,18.829999923706055,17.270000457763672,18.709999084472656,14.198137283325195,632300,0.0,False
2009-03-13,19.010000228881836,19.040000915527344,18.299999237060547,18.940000534057617,14.372685432434082,1007900,0.0,False
2009-03-16,18.969999313354492,19.280000686645508,18.219999313354492,18.25,13.84907054901123,1331500,0.0,False
2009-03-17,18.219999313354492,19.209999084472656,17.989999771118164,19.190000534057617,14.562386512756348,828600,0.0,False
2009-03-18,19.030000686645508,20.5,18.93000030517578,20.420000076293945,15.49577808380127,1209200,0.0,False
2009-03-19,20.940000534057617,20.940000534057617,19.149999618530273,19.18000030517578,14.554800987243652,1240200,0.0,False
2009-03-20,19.40999984741211,19.40999984741211,18.719999313354492,18.81999969482422,14.281615257263184,607500,0.0,False
2009-03-23,19.200000762939453,21.190000534057617,19.200000762939453,21.190000534057617,16.080093383789062,492300,0.0,False
2009-03-24,21.030000686645508,21.3700008392334,20.31999969482422,20.329999923706055,15.427485466003418,1021400,0.0,False
2009-03-25,20.459999084472656,21.170000076293945,19.760000228881836,20.850000381469727,15.85952091217041,920300,0.0,False
2009-03-26,21.030000686645508,21.420000076293945,20.670000076293945,21.190000534057617,16.118144989013672,584500,0.0,False
2009-03-27,21.0,21.079999923706055,20.440000534057617,20.479999542236328,15.578094482421875,310000,0.0,False
2009-03-30,19.850000381469727,19.850000381469727,18.90999984741211,19.209999084472656,14.612062454223633,481600,0.0,False
2009-03-31,19.56999969482422,20.3700008392334,19.329999923706055,19.969999313354492,15.19016170501709,497400,0.0,False
2009-04-01,19.809999465942383,20.43000030517578,19.6299991607666,20.25,15.403142929077148,377000,0.0,False
2009-04-02,21.100000381469727,21.31999969482422,20.899999618530273,20.920000076293945,15.912775993347168,614000,0.0,False
2009-04-03,20.920000076293945,21.780000686645508,20.84000015258789,21.75,16.544113159179688,300200,0.0,False
2009-04-06,21.479999542236328,21.649999618530273,21.049999237060547,21.299999237060547,16.201824188232422,572100,0.0,False
2009-04-07,20.729999542236328,21.25,20.65999984741211,20.670000076293945,15.722624778747559,309400,0.0,False
2009-04-08,20.860000610351562,20.8799991607666,20.299999237060547,20.75,15.783470153808594,490300,0.0,False
2009-04-09,21.780000686645508,22.450000762939453,21.299999237060547,22.440000534057617,17.0689640045166,450200,0.0,False
2009-04-13,22.270000457763672,23.420000076293945,22.040000915527344,23.15999984741211,17.61663055419922,425100,0.0,False
2009-04-14,22.809999465942383,23.030000686645508,21.850000381469727,21.950000762939453,16.696252822875977,683200,0.0,False
2009-04-15,21.719999313354492,22.65999984741211,21.43000030517578,22.5,17.114599227905273,727500,0.0,False
2009-04-16,22.799999237060547,22.959999084472656,22.110000610351562,22.709999084472656,17.27433967590332,308100,0.0,False
2009-04-17,22.700000762939453,23.440000534057617,22.459999084472656,23.059999465942383,17.540563583374023,373200,0.0,False
2009-04-20,22.5,23.329999923706055,21.440000534057617,21.510000228881836,16.361560821533203,379900,0.0,False
2009-04-21,21.09000015258789,22.6200008392334,20.940000534057617,22.559999465942383,17.160242080688477,748800,0.0,False
2009-04-22,22.09000015258789,23.229999542236328,22.010000228881836,22.219999313354492,16.90162467956543,523000,0.0,False
2009-04-23,22.1299991607666,23.149999618530273,22.1299991607666,23.020000457763672,17.510141372680664,723400,0.0,False
2009-04-24,23.020000457763672,23.1299991607666,22.43000030517578,22.719999313354492,17.281944274902344,1006200,0.0,False
2009-04-27,22.6200008392334,22.84000015258789,21.459999084472656,22.520000457763672,17.129819869995117,661300,0.0,False
2009-04-28,22.030000686645508,22.65999984741211,22.0,22.299999237060547,16.96247673034668,319300,0.0,False
2009-04-29,22.139999389648438,22.950000762939453,22.0,22.760000228881836,17.3123722076416,410800,0.0,False
2009-04-30,23.25,23.469999313354492,22.719999313354492,22.770000457763672,17.319978713989258,655900,0.0,False
2009-05-01,22.809999465942383,23.260000228881836,22.729999542236328,23.149999618530273,17.609027862548828,461100,0.0,False
2009-05-04,23.399999618530273,24.229999542236328,23.219999313354492,24.229999542236328,18.430524826049805,347900,0.0,False
2009-05-05,23.93000030517578,24.270000457763672,23.81999969482422,24.09000015258789,18.32403564453125,411000,0.0,False
2009-05-06,24.43000030517578,24.84000015258789,23.889999389648438,24.690000534057617,18.780426025390625,544400,0.0,False
2009-05-07,25.18000030517578,25.18000030517578,23.489999771118164,23.690000534057617,18.019779205322266,734500,0.0,False
2009-05-08,24.020000457763672,24.920000076293945,23.709999084472656,24.90999984741211,18.94776725769043,740200,0.0,False
2009-05-11,24.639999389648438,24.639999389648438,23.780000686645508,23.829999923706055,18.126277923583984,1618000,0.0,False
2009-05-12,24.18000030517578,24.18000030517578,22.979999542236328,23.649999618530273,17.989351272583008,768700,0.0,False
2009-05-13,23.100000381469727,23.31999969482422,22.579999923706055,22.729999542236328,17.289552688598633,1078200,0.0,False
2009-05-14,22.579999923706055,23.489999771118164,22.579999923706055,23.190000534057617,17.639446258544922,1259200,0.0,False
2009-05-15,23.219999313354492,23.40999984741211,22.90999984741211,23.040000915527344,17.525358200073242,793900,0.0,False
2009-05-18,23.34000015258789,24.489999771118164,23.34000015258789,24.43000030517578,18.582658767700195,453200,0.0,False
2009-05-19,24.5,24.899999618530273,24.18000030517578,24.31999969482422,18.49898338317871,592200,0.0,False
2009-05-20,24.610000610351562,24.799999237060547,23.719999313354492,23.899999618530273,18.17951202392578,855200,0.0,False
2009-05-21,23.520000457763672,24.010000228881836,23.479999542236328,23.93000030517578,18.202333450317383,708400,0.0,False
2009-05-22,24.010000228881836,24.440000534057617,23.959999084472656,24.049999237060547,18.293609619140625,309500,0.0,False
2009-05-26,23.809999465942383,24.8700008392334,23.760000228881836,24.84000015258789,18.89453125,534800,0.0,False
2009-05-27,24.90999984741211,25.270000457763672,24.209999084472656,24.25,18.445743560791016,644600,0.0,False
2009-05-28,24.600000381469727,25.059999465942383,24.260000228881836,25.040000915527344,19.046655654907227,457200,0.0,False
2009-05-29,25.15999984741211,25.719999313354492,24.84000015258789,25.719999313354492,19.56389808654785,447000,0.0,False
2009-06-01,25.950000762939453,26.34000015258789,25.739999771118164,26.010000228881836,19.78449058532715,631300,0.0,False
2009-06-02,25.8700008392334,26.479999542236328,25.809999465942383,26.31999969482422,20.020280838012695,591800,0.0,False
2009-06-03,26.25,26.25,25.790000915527344,26.049999237060547,19.81490707397461,308800,0.0,False
2009-06-04,26.229999542236328,26.8799991607666,26.1299991607666,26.829999923706055,20.408214569091797,493800,0.0,False
2009-06-05,27.3700008392334,27.3700008392334,26.56999969482422,26.770000457763672,20.36257553100586,532000,0.0,False
2009-06-08,26.690000534057617,26.809999465942383,26.1299991607666,26.579999923706055,20.218050003051758,269700,0.0,False
2009-06-09,26.780000686645508,26.93000030517578,26.559999465942383,26.690000534057617,20.301719665527344,482400,0.0,False
2009-06-10,26.920000076293945,26.920000076293945,25.719999313354492,26.059999465942383,19.822511672973633,660600,0.0,False
2009-06-11,26.170000076293945,26.540000915527344,26.079999923706055,26.229999542236328,19.95182228088379,677500,0.0,False
2009-06-12,26.049999237060547,26.420000076293945,25.920000076293945,26.3700008392334,20.058313369750977,381600,0.0,False
2009-06-15,26.190000534057617,26.190000534057617,25.68000030517578,25.989999771118164,19.769268035888672,464500,0.0,False
2009-06-16,25.969999313354492,26.049999237060547,25.260000228881836,25.510000228881836,19.404157638549805,196000,0.0,False
2009-06-17,25.290000915527344,25.3700008392334,24.729999542236328,24.979999542236328,19.001012802124023,640800,0.0,False
2009-06-18,24.899999618530273,25.209999084472656,24.8700008392334,25.059999465942383,19.061864852905273,244900,0.0,False
2009-06-19,25.209999084472656,25.43000030517578,25.1299991607666,25.299999237060547,19.24441909790039,201200,0.0,False
2009-06-22,24.969999313354492,25.200000762939453,23.889999389648438,24.020000457763672,18.270793914794922,339900,0.0,False
2009-06-23,24.18000030517578,24.299999237060547,23.739999771118164,24.239999771118164,18.438127517700195,305600,0.0,False
2009-06-24,24.290000915527344,24.850000381469727,24.260000228881836,24.6200008392334,18.763559341430664,279900,0.0,False
2009-06-25,24.530000686645508,25.270000457763672,24.450000762939453,25.229999542236328,19.228456497192383,422800,0.0,False
2009-06-26,25.09000015258789,25.780000686645508,25.059999465942383,25.639999389648438,19.540931701660156,120300,0.0,False
2009-06-29,25.809999465942383,25.989999771118164,25.579999923706055,25.8700008392334,19.71622085571289,128800,0.0,False
2009-06-30,25.959999084472656,25.959999084472656,25.360000610351562,25.600000381469727,19.510440826416016,140400,0.0,False
2009-07-01,25.719999313354492,25.770000457763672,25.510000228881836,25.56999969482422,19.487577438354492,131700,0.0,False
2009-07-02,25.280000686645508,25.299999237060547,24.850000381469727,24.860000610351562,18.94647979736328,161500,0.0,False
2009-07-06,24.530000686645508,24.760000228881836,24.399999618530273,24.709999084472656,18.8321533203125,98200,0.0,False
2009-07-07,24.639999389648438,24.75,23.829999923706055,23.850000381469727,18.17672348022461,120700,0.0,False
2009-07-08,23.8700008392334,23.8799991607666,22.81999969482422,23.190000534057617,17.67371368408203,548700,0.0,False
2009-07-09,23.5,23.729999542236328,23.420000076293945,23.5,17.909982681274414,177400,0.0,False
2009-07-10,23.309999465942383,23.549999237060547,23.280000686645508,23.489999771118164,17.90235710144043,247700,0.0,False
2009-07-13,23.690000534057617,24.540000915527344,23.549999237060547,24.520000457763672,18.687345504760742,242400,0.0,False
2009-07-14,24.450000762939453,24.579999923706055,24.190000534057617,24.399999618530273,18.59589195251465,315700,0.0,False
2009-07-15,24.829999923706055,25.440000534057617,24.729999542236328,25.229999542236328,19.228456497192383,610100,0.0,False
2009-07-16,25.149999618530273,25.3799991607666,24.809999465942383,25.229999542236328,19.228456497192383,212000,0.0,False
2009-07-17,25.1299991607666,25.290000915527344,24.90999984741211,25.0,19.053171157836914,251500,0.0,False
2009-07-20,25.209999084472656,25.489999771118164,25.209999084472656,25.3799991607666,19.342777252197266,252000,0.0,False
2009-07-21,25.729999542236328,25.729999542236328,25.079999923706055,25.309999465942383,19.289426803588867,406900,0.0,False
2009-07-22,25.049999237060547,25.40999984741211,25.049999237060547,25.299999237060547,19.28180694580078,438500,0.0,False
2009-07-23,25.329999923706055,26.139999389648438,25.18000030517578,25.989999771118164,19.80767250061035,373800,0.0,False
2009-07-24,26.059999465942383,26.059999465942383,25.549999237060547,25.969999313354492,19.79242706298828,284000,0.0,False
2009-07-27,26.049999237060547,26.40999984741211,25.959999084472656,26.15999984741211,19.937238693237305,403800,0.0,False
2009-07-28,26.049999237060547,26.049999237060547,25.65999984741211,25.850000381469727,19.700977325439453,444000,0.0,False
2009-07-29,25.809999465942383,26.010000228881836,25.709999084472656,25.950000762939453,19.777183532714844,282100,0.0,False
2009-07-30,26.299999237060547,26.8799991607666,26.139999389648438,26.6200008392334,20.287813186645508,375100,0.0,False
2009-07-31,26.690000534057617,26.739999771118164,26.3700008392334,26.579999923706055,20.257328033447266,584600,0.0,False
2009-08-03,26.959999084472656,27.040000915527344,26.579999923706055,26.770000457763672,20.402137756347656,433900,0.0,False
2009-08-04,26.690000534057617,26.940000534057617,26.610000610351562,26.850000381469727,20.463106155395508,267000,0.0,False
2009-08-05,26.979999542236328,27.170000076293945,26.6200008392334,27.059999465942383,20.623153686523438,176400,0.0,False
2009-08-06,27.389999389648438,27.40999984741211,26.729999542236328,26.8799991607666,20.485973358154297,132300,0.0,False
2009-08-07,27.260000228881836,27.950000762939453,27.040000915527344,27.559999465942383,21.004207611083984,371200,0.0,False
2009-08-10,27.34000015258789,27.549999237060547,27.030000686645508,27.229999542236328,20.752716064453125,278900,0.0,False
2009-08-11,27.06999969482422,27.239999771118164,26.719999313354492,26.739999771118164,20.3792724609375,346200,0.0,False
2009-08-12,26.68000030517578,27.549999237060547,26.68000030517578,27.360000610351562,20.851787567138672,227800,0.0,False
2009-08-13,27.639999389648438,27.639999389648438,27.139999389648438,27.43000030517578,20.905132293701172,325200,0.0,False
2009-08-14,27.489999771118164,27.5,26.709999084472656,26.950000762939453,20.539316177368164,195000,0.0,False
2009-08-17,26.3799991607666,26.3799991607666,25.93000030517578,26.0,19.815298080444336,219800,0.0,False
2009-08-18,26.09000015258789,26.440000534057617,26.09000015258789,26.350000381469727,20.082042694091797,197500,0.0,False
2009-08-19,26.100000381469727,26.489999771118164,25.969999313354492,26.399999618530273,20.120147705078125,243000,0.0,False
2009-08-20,26.239999771118164,26.860000610351562,26.239999771118164,26.850000381469727,20.463106155395508,207400,0.0,False
2009-08-21,27.079999923706055,27.200000762939453,26.950000762939453,27.100000381469727,20.653636932373047,212100,0.0,False
2009-08-24,27.31999969482422,27.440000534057617,26.8799991607666,26.90999984741211,20.508834838867188,209100,0.0,False
2009-08-25,27.059999465942383,27.450000762939453,27.049999237060547,27.270000457763672,20.783199310302734,531100,0.0,False
2009-08-26,27.079999923706055,27.420000076293945,27.06999969482422,27.309999465942383,20.813688278198242,226700,0.0,False
2009-08-27,27.3700008392334,27.40999984741211,26.920000076293945,27.399999618530273,20.882272720336914,224700,0.0,False
2009-08-28,27.770000457763672,27.770000457763672,27.270000457763672,27.56999969482422,21.0118350982666,149300,0.0,False
2009-08-31,27.360000610351562,27.780000686645508,27.040000915527344,27.75,21.149015426635742,191900,0.0,False
2009-09-01,27.690000534057617,27.8799991607666,26.520000457763672,26.549999237060547,20.234466552734375,481600,0.0,False
2009-09-02,26.40999984741211,26.84000015258789,26.290000915527344,26.40999984741211,20.127769470214844,464800,0.0,False
2009-09-03,26.520000457763672,26.809999465942383,26.40999984741211,26.760000228881836,20.394512176513672,205900,0.0,False
2009-09-04,26.899999618530273,26.959999084472656,26.600000381469727,26.959999084472656,20.54694366455078,79300,0.0,False
2009-09-08,27.200000762939453,27.399999618530273,27.1299991607666,27.3799991607666,20.867033004760742,80200,0.0,False
2009-09-09,27.389999389648438,27.8700008392334,27.309999465942383,27.729999542236328,21.133773803710938,60200,0.0,False
2009-09-10,27.75,28.040000915527344,27.479999542236328,28.0,21.339550018310547,100300,0.0,False
2009-09-11,28.1299991607666,28.149999618530273,27.770000457763672,27.780000686645508,21.1718807220459,78900,0.0,False
2009-09-14,28.1200008392334,28.260000228881836,27.450000762939453,28.219999313354492,21.507211685180664,147300,0.0,False
2009-09-15,28.31999969482422,28.59000015258789,28.040000915527344,28.40999984741211,21.652023315429688,386500,0.0,False
2009-09-16,28.56999969482422,29.1299991607666,28.469999313354492,29.1299991607666,22.20075798034668,323600,0.0,False
2009-09-17,29.139999389648438,29.489999771118164,28.959999084472656,29.149999618530273,22.215999603271484,219700,0.0,False
2009-09-18,29.290000915527344,29.56999969482422,29.06999969482422,29.43000030517578,22.429393768310547,131100,0.0,False
2009-09-21,29.209999084472656,29.530000686645508,29.110000610351562,29.43000030517578,22.429393768310547,178000,0.0,False
2009-09-22,29.709999084472656,30.079999923706055,29.510000228881836,30.020000457763672,22.905513763427734,130600,0.0,False
2009-09-23,30.100000381469727,30.25,29.579999923706055,29.610000610351562,22.592676162719727,120900,0.0,False
2009-09-24,29.670000076293945,29.690000534057617,28.649999618530273,28.84000015258789,22.005157470703125,333900,0.0,False
2009-09-25,28.68000030517578,29.020000457763672,28.209999084472656,28.469999313354492,21.722848892211914,173800,0.0,False
2009-09-28,28.850000381469727,29.440000534057617,28.780000686645508,29.440000534057617,22.462955474853516,72900,0.0,False
2009-09-29,29.479999542236328,29.719999313354492,29.40999984741211,29.459999084472656,22.478221893310547,71000,0.0,False
2009-09-30,29.760000228881836,29.760000228881836,29.049999237060547,29.469999313354492,22.485851287841797,494300,0.0,False
2009-10-01,29.309999465942383,29.309999465942383,28.559999465942383,28.610000610351562,21.829662322998047,614800,0.0,False
2009-10-02,28.209999084472656,28.829999923706055,28.149999618530273,28.479999542236328,21.73046875,175200,0.0,False
2009-10-05,28.68000030517578,29.059999465942383,28.549999237060547,29.059999465942383,22.173019409179688,121500,0.0,False
2009-10-06,29.290000915527344,29.6200008392334,29.030000686645508,29.399999618530273,22.432445526123047,301100,0.0,False
2009-10-07,29.25,29.530000686645508,29.15999984741211,29.530000686645508,22.531641006469727,98200,0.0,False
2009-10-08,29.770000457763672,30.020000457763672,29.709999084472656,29.760000228881836,22.707122802734375,93900,0.0,False
2009-10-09,29.780000686645508,30.020000457763672,29.68000030517578,30.020000457763672,22.905513763427734,281700,0.0,False
2009-10-12,30.15999984741211,30.190000534057617,29.75,29.959999084472656,22.859725952148438,157600,0.0,False
2009-10-13,29.770000457763672,29.780000686645508,29.510000228881836,29.690000534057617,22.653717041015625,228000,0.0,False
2009-10-14,30.059999465942383,30.799999237060547,30.059999465942383,30.760000228881836,23.470138549804688,411200,0.0,False
2009-10-15,30.5,30.5,30.190000534057617,30.43000030517578,23.218341827392578,324500,0.0,False
2009-10-16,30.1200008392334,30.329999923706055,29.959999084472656,30.200000762939453,23.042842864990234,248500,0.0,False
2009-10-19,30.239999771118164,30.489999771118164,30.049999237060547,30.3700008392334,23.172565460205078,317800,0.0,False
2009-10-20,30.420000076293945,30.450000762939453,29.829999923706055,30.040000915527344,22.9207763671875,314900,0.0,False
2009-10-21,29.979999542236328,30.309999465942383,29.450000762939453,29.450000762939453,22.470592498779297,209500,0.0,False
2009-10-22,29.579999923706055,29.979999542236328,29.3799991607666,29.969999313354492,22.867351531982422,79500,0.0,False
2009-10-23,30.09000015258789,30.09000015258789,29.440000534057617,29.559999465942383,22.55452537536621,366900,0.0,False
2009-10-26,29.719999313354492,30.079999923706055,29.09000015258789,29.219999313354492,22.295101165771484,288300,0.0,False
2009-10-27,29.309999465942383,29.31999969482422,28.670000076293945,28.780000686645508,21.95937728881836,227800,0.0,False
2009-10-28,28.700000762939453,28.81999969482422,27.850000381469727,27.90999984741211,21.295564651489258,556600,0.0,False
2009-10-29,28.09000015258789,28.719999313354492,27.920000076293945,28.670000076293945,21.875436782836914,362600,0.0,False
2009-10-30,28.459999084472656,28.479999542236328,27.3700008392334,27.510000228881836,20.9903564453125,444700,0.0,False
2009-11-02,27.559999465942383,27.81999969482422,26.790000915527344,27.459999084472656,20.95220375061035,327200,0.0,False
2009-11-03,27.170000076293945,27.559999465942383,27.0,27.489999771118164,20.97509765625,485300,0.0,False
2009-11-04,27.709999084472656,27.8799991607666,27.1299991607666,27.190000534057617,20.746187210083008,327000,0.0,False
2009-11-05,27.43000030517578,27.81999969482422,27.3700008392334,27.799999237060547,21.211633682250977,72700,0.0,False
2009-11-06,27.549999237060547,27.979999542236328,27.450000762939453,27.959999084472656,21.333709716796875,552900,0.0,False
2009-11-09,28.270000457763672,28.729999542236328,28.18000030517578,28.719999313354492,21.913591384887695,470500,0.0,False
2009-11-10,28.6200008392334,28.729999542236328,28.43000030517578,28.600000381469727,21.822032928466797,187100,0.0,False
2009-11-11,28.8799991607666,29.209999084472656,28.780000686645508,28.940000534057617,22.081459045410156,171300,0.0,False
2009-11-12,28.8700008392334,29.06999969482422,28.600000381469727,28.6200008392334,21.83729362487793,189500,0.0,False
2009-11-13,28.729999542236328,28.75,28.3700008392334,28.610000610351562,21.829662322998047,107500,0.0,False
2009-11-16,29.1200008392334,29.209999084472656,28.809999465942383,29.010000228881836,22.13486671447754,342400,0.0,False
2009-11-17,28.90999984741211,28.979999542236328,28.709999084472656,28.850000381469727,22.012792587280273,70500,0.0,False
2009-11-18,28.790000915527344,28.829999923706055,28.579999923706055,28.81999969482422,21.989898681640625,78000,0.0,False
2009-11-19,28.579999923706055,28.610000610351562,28.110000610351562,28.290000915527344,21.58550453186035,167300,0.0,False
2009-11-20,28.1200008392334,28.25,27.979999542236328,28.170000076293945,21.493946075439453,122100,0.0,False
2009-11-23,28.399999618530273,28.520000457763672,28.079999923706055,28.170000076293945,21.493946075439453,121000,0.0,False
2009-11-24,28.149999618530273,28.149999618530273,27.739999771118164,27.969999313354492,21.341341018676758,188900,0.0,False
2009-11-25,28.139999389648438,28.139999389648438,27.780000686645508,27.799999237060547,21.211633682250977,505400,0.0,False
2009-11-27,27.100000381469727,27.43000030517578,26.579999923706055,27.100000381469727,20.677526473999023,913800,0.0,False
2009-11-30,27.1299991607666,27.559999465942383,27.040000915527344,27.549999237060547,21.0208740234375,1863300,0.0,False
2009-12-01,27.729999542236328,27.84000015258789,27.489999771118164,27.68000030517578,21.12006950378418,915600,0.0,False
2009-12-02,27.709999084472656,27.860000610351562,27.549999237060547,27.6299991607666,21.08191680908203,233600,0.0,False
2009-12-03,27.829999923706055,27.889999389648438,27.219999313354492,27.25,20.791982650756836,118200,0.0,False
2009-12-04,27.729999542236328,27.739999771118164,27.139999389648438,27.6200008392334,21.07428741455078,850000,0.0,False
2009-12-07,27.5,27.600000381469727,27.139999389648438,27.25,20.791982650756836,1736100,0.0,False
2009-12-08,27.0,27.18000030517578,26.8700008392334,27.010000228881836,20.608850479125977,797300,0.0,False
2009-12-09,27.079999923706055,27.309999465942383,26.889999389648438,27.200000762939453,20.753826141357422,307000,0.0,False
2009-12-10,27.280000686645508,27.309999465942383,27.079999923706055,27.149999618530273,20.71567153930664,220300,0.0,False
2009-12-11,27.260000228881836,27.309999465942383,27.18000030517578,27.299999237060547,20.830120086669922,41800,0.0,False
2009-12-14,27.399999618530273,27.450000762939453,27.09000015258789,27.399999618530273,20.906421661376953,434600,0.0,False
2009-12-15,27.290000915527344,27.329999923706055,27.100000381469727,27.1200008392334,20.69278335571289,390400,0.0,False
2009-12-16,27.260000228881836,27.600000381469727,27.260000228881836,27.489999771118164,20.97509765625,54700,0.0,False
2009-12-17,27.43000030517578,27.489999771118164,27.1299991607666,27.139999389648438,20.70804214477539,303500,0.0,False
2009-12-18,27.200000762939453,27.489999771118164,27.040000915527344,27.489999771118164,20.97509765625,232300,0.0,False
2009-12-21,27.59000015258789,27.809999465942383,27.549999237060547,27.799999237060547,21.211633682250977,97000,0.0,False
2009-12-22,27.850000381469727,28.1200008392334,27.809999465942383,28.079999923706055,21.425275802612305,692000,0.0,False
2009-12-23,28.219999313354492,28.219999313354492,28.09000015258789,28.170000076293945,21.5177001953125,31100,0.0,False
2009-12-24,28.25,28.299999237060547,28.15999984741211,28.25,21.578807830810547,5500,0.0,False
2009-12-28,28.440000534057617,28.440000534057617,28.149999618530273,28.229999542236328,21.563533782958984,45700,0.0,False
2009-12-29,28.329999923706055,28.34000015258789,28.209999084472656,28.229999542236328,21.563533782958984,449000,0.0,False
2009-12-30,28.09000015258789,28.260000228881836,28.059999465942383,28.219999313354492,21.55588722229004,46100,0.0,False
2009-12-31,28.360000610351562,28.360000610351562,28.1200008392334,28.1299991607666,21.487150192260742,86400,0.0,False
2010-01-04,28.549999237060547,28.799999237060547,28.270000457763672,28.760000228881836,21.968372344970703,110500,0.0,False
2010-01-05,28.68000030517578,28.81999969482422,28.520000457763672,28.81999969482422,22.014198303222656,112900,0.0,False
2010-01-06,28.719999313354492,28.790000915527344,28.6299991607666,28.770000457763672,21.976011276245117,145100,0.0,False
2010-01-07,28.65999984741211,29.8700008392334,28.549999237060547,28.969999313354492,22.128774642944336,791500,0.0,False
2010-01-08,28.8799991607666,28.920000076293945,28.68000030517578,28.889999389648438,22.067665100097656,431500,0.0,False
2010-01-11,28.989999771118164,29.010000228881836,28.739999771118164,28.809999465942383,22.006561279296875,574100,0.0,False
2010-01-12,28.610000610351562,28.760000228881836,28.229999542236328,28.31999969482422,21.63227653503418,248600,0.0,False
2010-01-13,28.40999984741211,28.559999465942383,28.139999389648438,28.5,21.769771575927734,296400,0.0,False
2010-01-14,28.3799991607666,28.540000915527344,28.239999771118164,28.459999084472656,21.73921775817871,270200,0.0,False
2010-01-15,28.3700008392334,28.3700008392334,28.0,28.209999084472656,21.54825782775879,82900,0.0,False
2010-01-19,28.100000381469727,28.5,28.079999923706055,28.489999771118164,21.762126922607422,154500,0.0,False
2010-01-20,28.270000457763672,28.399999618530273,27.989999771118164,28.329999923706055,21.639907836914062,162400,0.0,False
2010-01-21,28.260000228881836,28.420000076293945,27.3700008392334,27.6299991607666,21.10521697998047,619900,0.0,False
2010-01-22,27.530000686645508,27.610000610351562,26.770000457763672,26.8700008392334,20.524690628051758,551100,0.0,False
2010-01-25,27.209999084472656,27.329999923706055,26.899999618530273,27.010000228881836,20.631628036499023,135900,0.0,False
2010-01-26,26.829999923706055,27.049999237060547,26.450000762939453,26.450000762939453,20.203872680664062,489400,0.0,False
2010-01-27,26.420000076293945,26.93000030517578,26.34000015258789,26.889999389648438,20.53997039794922,133900,0.0,False
2010-01-28,27.09000015258789,27.09000015258789,26.389999389648438,26.6200008392334,20.333721160888672,314800,0.0,False
2010-01-29,26.709999084472656,26.940000534057617,26.0,26.100000381469727,19.936527252197266,425400,0.0,False
2010-02-01,26.280000686645508,26.700000762939453,26.280000686645508,26.559999465942383,20.28789520263672,593700,0.0,False
2010-02-02,26.610000610351562,27.030000686645508,26.559999465942383,26.75,20.433021545410156,955500,0.0,False
2010-02-03,26.690000534057617,26.90999984741211,26.5,26.559999465942383,20.28789520263672,2203500,0.0,False
2010-02-04,26.40999984741211,26.459999084472656,25.3799991607666,25.389999389648438,19.394184112548828,504700,0.0,False
2010-02-05,25.440000534057617,25.829999923706055,25.010000228881836,25.829999923706055,19.73028564453125,224200,0.0,False
2010-02-08,25.739999771118164,25.989999771118164,25.450000762939453,25.450000762939453,19.440019607543945,910400,0.0,False
2010-02-09,25.790000915527344,25.8700008392334,25.450000762939453,25.649999618530273,19.592796325683594,87700,0.0,False
2010-02-10,25.610000610351562,26.15999984741211,25.610000610351562,25.959999084472656,19.829586029052734,183100,0.0,False
2010-02-11,26.100000381469727,26.1200008392334,25.790000915527344,26.040000915527344,19.890697479248047,151100,0.0,False
2010-02-12,25.719999313354492,26.239999771118164,25.719999313354492,26.209999084472656,20.02055549621582,196800,0.0,False
2010-02-16,26.399999618530273,26.65999984741211,26.25,26.600000381469727,20.318445205688477,210200,0.0,False
2010-02-17,26.6299991607666,26.75,26.479999542236328,26.56999969482422,20.295534133911133,42700,0.0,False
2010-02-18,26.510000228881836,26.56999969482422,26.389999389648438,26.489999771118164,20.23442840576172,78900,0.0,False
2010-02-19,26.450000762939453,27.059999465942383,26.450000762939453,26.90999984741211,20.55525016784668,386700,0.0,False
2010-02-22,26.93000030517578,27.010000228881836,26.790000915527344,26.84000015258789,20.501779556274414,30600,0.0,False
2010-02-23,26.739999771118164,26.90999984741211,26.420000076293945,26.450000762939453,20.203872680664062,147700,0.0,False
2010-02-24,26.530000686645508,26.780000686645508,26.5,26.739999771118164,20.425399780273438,84600,0.0,False
2010-02-25,26.3700008392334,26.700000762939453,26.309999465942383,26.700000762939453,20.394847869873047,167900,0.0,False
2010-02-26,26.739999771118164,26.899999618530273,26.579999923706055,26.790000915527344,20.463584899902344,129600,0.0,False
2010-03-01,26.889999389648438,27.09000015258789,26.84000015258789,26.969999313354492,20.601076126098633,91700,0.0,False
2010-03-02,27.079999923706055,27.280000686645508,27.06999969482422,27.280000686645508,20.837875366210938,400700,0.0,False
2010-03-03,27.229999542236328,27.399999618530273,27.110000610351562,27.139999389648438,20.73093032836914,675200,0.0,False
2010-03-04,27.219999313354492,27.600000381469727,27.219999313354492,27.549999237060547,21.044109344482422,242100,0.0,False
2010-03-05,27.729999542236328,28.219999313354492,27.729999542236328,28.110000610351562,21.471866607666016,188100,0.0,False
2010-03-08,28.110000610351562,28.3799991607666,28.09000015258789,28.3700008392334,21.670473098754883,115000,0.0,False
2010-03-09,28.290000915527344,28.440000534057617,28.139999389648438,28.270000457763672,21.594079971313477,80300,0.0,False
2010-03-10,28.360000610351562,28.459999084472656,28.18000030517578,28.440000534057617,21.723936080932617,83100,0.0,False
2010-03-11,28.389999389648438,28.6200008392334,28.329999923706055,28.6200008392334,21.861431121826172,986000,0.0,False
2010-03-12,28.739999771118164,28.739999771118164,28.450000762939453,28.5,21.769771575927734,60600,0.0,False
2010-03-15,28.3799991607666,28.479999542236328,28.09000015258789,28.399999618530273,21.693387985229492,460800,0.0,False
2010-03-16,28.5,28.6200008392334,28.350000381469727,28.600000381469727,21.846153259277344,104400,0.0,False
2010-03-17,28.649999618530273,29.049999237060547,28.649999618530273,28.93000030517578,22.09823226928711,217900,0.0,False
2010-03-18,28.8700008392334,28.950000762939453,28.68000030517578,28.829999923706055,22.021839141845703,145800,0.0,False
2010-03-19,28.489999771118164,28.809999465942383,28.459999084472656,28.489999771118164,21.762126922607422,98300,0.0,False
2010-03-22,28.309999465942383,28.489999771118164,28.290000915527344,28.440000534057617,21.723936080932617,64000,0.0,False
2010-03-23,28.489999771118164,28.549999237060547,28.3799991607666,28.549999237060547,21.807960510253906,124100,0.0,False
2010-03-24,28.479999542236328,28.6200008392334,28.459999084472656,28.520000457763672,21.785030364990234,46700,0.0,False
2010-03-25,28.649999618530273,28.940000534057617,28.440000534057617,28.440000534057617,21.75750732421875,905800,0.0,False
2010-03-26,28.479999542236328,28.6200008392334,28.170000076293945,28.34000015258789,21.68100357055664,207600,0.0,False
2010-03-29,28.420000076293945,28.5,28.290000915527344,28.43000030517578,21.74985694885254,104400,0.0,False
2010-03-30,28.420000076293945,28.530000686645508,28.219999313354492,28.43000030517578,21.74985694885254,95600,0.0,False
2010-03-31,28.31999969482422,28.450000762939453,28.239999771118164,28.280000686645508,21.635103225708008,46700,0.0,False
2010-04-01,28.469999313354492,28.649999618530273,28.31999969482422,28.510000228881836,21.811059951782227,139900,0.0,False
2010-04-05,28.559999465942383,28.799999237060547,28.520000457763672,28.790000915527344,22.025266647338867,309800,0.0,False
2010-04-06,28.690000534057617,29.049999237060547,28.600000381469727,28.969999313354492,22.162967681884766,54500,0.0,False
2010-04-07,28.950000762939453,29.209999084472656,28.950000762939453,29.09000015258789,22.254779815673828,94600,0.0,False
2010-04-08,29.0,29.239999771118164,28.850000381469727,29.209999084472656,22.346582412719727,213100,0.0,False
2010-04-09,29.290000915527344,29.299999237060547,29.1200008392334,29.25,22.377187728881836,79100,0.0,False
2010-04-12,29.3799991607666,29.520000457763672,29.309999465942383,29.459999084472656,22.537839889526367,75500,0.0,False
2010-04-13,29.389999389648438,29.540000915527344,29.299999237060547,29.5,22.568439483642578,153000,0.0,False
2010-04-14,29.75,30.1200008392334,29.68000030517578,30.1200008392334,23.04276466369629,203400,0.0,False
2010-04-15,30.049999237060547,30.209999084472656,29.979999542236328,30.139999389648438,23.058061599731445,200600,0.0,False
2010-04-16,30.06999969482422,30.06999969482422,28.639999389648438,29.049999237060547,22.224178314208984,522300,0.0,False
2010-04-19,28.799999237060547,29.31999969482422,28.760000228881836,29.309999465942383,22.4230899810791,338700,0.0,False
2010-04-20,29.450000762939453,29.520000457763672,29.200000762939453,29.40999984741211,22.499588012695312,256900,0.0,False
2010-04-21,29.479999542236328,29.670000076293945,29.309999465942383,29.579999923706055,22.629640579223633,322300,0.0,False
2010-04-22,29.34000015258789,29.90999984741211,29.030000686645508,29.809999465942383,22.805601119995117,393100,0.0,False
2010-04-23,29.84000015258789,30.059999465942383,29.739999771118164,30.040000915527344,22.9815673828125,207700,0.0,False
2010-04-26,29.979999542236328,30.079999923706055,29.739999771118164,29.75,22.759702682495117,167500,0.0,False
2010-04-27,29.5,29.799999237060547,28.889999389648438,28.940000534057617,22.14002227783203,149800,0.0,False
2010-04-28,29.15999984741211,29.459999084472656,28.979999542236328,29.170000076293945,22.315982818603516,234600,0.0,False
2010-04-29,29.360000610351562,30.010000228881836,29.219999313354492,29.860000610351562,22.843843460083008,68100,0.0,False
2010-04-30,29.639999389648438,29.729999542236328,29.329999923706055,29.329999923706055,22.438383102416992,160600,0.0,False
2010-05-03,29.510000228881836,29.75,29.389999389648438,29.700000762939453,22.72144889831543,98600,0.0,False
2010-05-04,29.270000457763672,29.270000457763672,28.690000534057617,28.809999465942383,22.040565490722656,164300,0.0,False
2010-05-05,28.5,29.059999465942383,28.360000610351562,28.670000076293945,21.933460235595703,144700,0.0,False
2010-05-06,28.530000686645508,29.260000228881836,24.5,27.709999084472656,21.199037551879883,233300,0.0,False
2010-05-07,27.59000015258789,27.81999969482422,26.799999237060547,27.100000381469727,20.732364654541016,176100,0.0,False
2010-05-10,28.100000381469727,28.360000610351562,27.860000610351562,28.25,21.61215591430664,107700,0.0,False
2010-05-11,27.850000381469727,28.6200008392334,27.850000381469727,28.100000381469727,21.49738883972168,97500,0.0,False
2010-05-12,28.149999618530273,28.469999313354492,28.110000610351562,28.450000762939453,21.76515769958496,77700,0.0,False
2010-05-13,28.399999618530273,28.670000076293945,28.309999465942383,28.31999969482422,21.66570281982422,73900,0.0,False
2010-05-14,28.030000686645508,28.049999237060547,27.440000534057617,27.709999084472656,21.199037551879883,121200,0.0,False
2010-05-17,27.760000228881836,27.799999237060547,27.170000076293945,27.719999313354492,21.206680297851562,83300,0.0,False
2010-05-18,27.920000076293945,27.950000762939453,26.709999084472656,26.860000610351562,20.548757553100586,143900,0.0,False
2010-05-19,26.860000610351562,27.15999984741211,26.350000381469727,26.90999984741211,20.587011337280273,192000,0.0,False
2010-05-20,26.329999923706055,26.510000228881836,25.729999542236328,25.729999542236328,19.68427085876465,219100,0.0,False
2010-05-21,25.34000015258789,26.670000076293945,25.290000915527344,26.56999969482422,20.326894760131836,227300,0.0,False
2010-05-24,26.450000762939453,26.690000534057617,25.920000076293945,25.920000076293945,19.829622268676758,103800,0.0,False
2010-05-25,25.190000534057617,26.0,25.139999389648438,26.0,19.890827178955078,171000,0.0,False
2010-05-26,26.25,26.520000457763672,25.93000030517578,25.93000030517578,19.837270736694336,95200,0.0,False
2010-05-27,26.399999618530273,26.940000534057617,26.3799991607666,26.940000534057617,20.60995864868164,43500,0.0,False
2010-05-28,26.8799991607666,26.8799991607666,26.43000030517578,26.510000228881836,20.28099822998047,50700,0.0,False
2010-06-01,26.229999542236328,26.6299991607666,25.950000762939453,25.950000762939453,19.85257339477539,53400,0.0,False
2010-06-02,26.010000228881836,26.790000915527344,25.90999984741211,26.790000915527344,20.495197296142578,141000,0.0,False
2010-06-03,26.899999618530273,26.950000762939453,26.559999465942383,26.8700008392334,20.5564022064209,42800,0.0,False
2010-06-04,26.260000228881836,26.540000915527344,25.8799991607666,26.0,19.890827178955078,210000,0.0,False
2010-06-07,25.989999771118164,26.239999771118164,25.350000381469727,25.3799991607666,19.416505813598633,80700,0.0,False
2010-06-08,25.450000762939453,25.579999923706055,24.829999923706055,25.43000030517578,19.45475959777832,190000,0.0,False
2010-06-09,25.56999969482422,25.709999084472656,25.079999923706055,25.149999618530273,19.240554809570312,79700,0.0,False
2010-06-10,25.5,25.829999923706055,25.239999771118164,25.809999465942383,19.745473861694336,34200,0.0,False
2010-06-11,25.93000030517578,26.219999313354492,25.889999389648438,26.190000534057617,20.036184310913086,31600,0.0,False
2010-06-14,26.239999771118164,26.440000534057617,25.940000534057617,25.950000762939453,19.85257339477539,325300,0.0,False
2010-06-15,26.040000915527344,26.579999923706055,26.040000915527344,26.559999465942383,20.319250106811523,504000,0.0,False
2010-06-16,26.459999084472656,26.790000915527344,26.31999969482422,26.610000610351562,20.35749626159668,97300,0.0,False
2010-06-17,26.530000686645508,26.559999465942383,25.969999313354492,26.219999313354492,20.059133529663086,96800,0.0,False
2010-06-18,26.200000762939453,26.309999465942383,26.1299991607666,26.229999542236328,20.066789627075195,83600,0.0,False
2010-06-21,26.68000030517578,26.68000030517578,26.0,26.09000015258789,19.95969009399414,220300,0.0,False
2010-06-22,26.100000381469727,26.389999389648438,25.799999237060547,25.829999923706055,19.76077651977539,74300,0.0,False
2010-06-23,25.829999923706055,25.920000076293945,25.6299991607666,25.709999084472656,19.668968200683594,17000,0.0,False
2010-06-24,25.469999313354492,25.579999923706055,25.139999389648438,25.139999389648438,19.263614654541016,86700,0.0,False
2010-06-25,25.3700008392334,25.770000457763672,25.25,25.68000030517578,19.677400588989258,126600,0.0,False
2010-06-28,25.700000762939453,25.719999313354492,25.5,25.5,19.53946876525879,33200,0.0,False
2010-06-29,25.139999389648438,25.15999984741211,24.270000457763672,24.350000381469727,18.65827751159668,62600,0.0,False
2010-06-30,24.270000457763672,24.670000076293945,24.040000915527344,24.049999237060547,18.428409576416016,65500,0.0,False
2010-07-01,24.040000915527344,24.239999771118164,23.3700008392334,23.8799991607666,18.298137664794922,243600,0.0,False
2010-07-02,23.90999984741211,24.020000457763672,23.56999969482422,23.670000076293945,18.137229919433594,77800,0.0,False
2010-07-06,24.010000228881836,24.1200008392334,23.43000030517578,23.65999984741211,18.129562377929688,41100,0.0,False
2010-07-07,23.729999542236328,24.31999969482422,23.729999542236328,24.25,18.58165740966797,93200,0.0,False
2010-07-08,24.3700008392334,24.610000610351562,24.1299991607666,24.40999984741211,18.704259872436523,95200,0.0,False
2010-07-09,24.389999389648438,24.790000915527344,24.31999969482422,24.760000228881836,18.97245216369629,51300,0.0,False
2010-07-12,24.719999313354492,24.719999313354492,24.399999618530273,24.600000381469727,18.84984588623047,99700,0.0,False
2010-07-13,24.8700008392334,25.290000915527344,24.8700008392334,25.200000762939453,19.309595108032227,70700,0.0,False
2010-07-14,25.15999984741211,25.15999984741211,24.809999465942383,25.040000915527344,19.18699836730957,127500,0.0,False
2010-07-15,25.100000381469727,25.229999542236328,24.649999618530273,25.15999984741211,19.27895164489746,148300,0.0,False
2010-07-16,25.040000915527344,25.059999465942383,24.420000076293945,24.43000030517578,18.719575881958008,99300,0.0,False
2010-07-19,24.540000915527344,24.65999984741211,24.260000228881836,24.600000381469727,18.84984588623047,237800,0.0,False
2010-07-20,24.079999923706055,24.8700008392334,24.079999923706055,24.81999969482422,19.018415451049805,61700,0.0,False
2010-07-21,25.170000076293945,25.229999542236328,24.530000686645508,24.559999465942383,18.819196701049805,69400,0.0,False
2010-07-22,24.81999969482422,25.15999984741211,24.65999984741211,25.06999969482422,19.209983825683594,22800,0.0,False
2010-07-23,25.040000915527344,25.5,25.040000915527344,25.40999984741211,19.47051239013672,26000,0.0,False
2010-07-26,25.34000015258789,25.809999465942383,25.34000015258789,25.790000915527344,19.76168441772461,260800,0.0,False
2010-07-27,26.0,26.079999923706055,25.719999313354492,25.739999771118164,19.723369598388672,81100,0.0,False
2010-07-28,25.860000610351562,25.860000610351562,25.510000228881836,25.59000015258789,19.608434677124023,11800,0.0,False
2010-07-29,25.75,26.100000381469727,25.59000015258789,25.920000076293945,19.861295700073242,69300,0.0,False
2010-07-30,25.610000610351562,25.899999618530273,25.520000457763672,25.700000762939453,19.692726135253906,22000,0.0,False
2010-08-02,26.09000015258789,26.260000228881836,25.920000076293945,26.239999771118164,20.106496810913086,94500,0.0,False
2010-08-03,26.1299991607666,26.219999313354492,25.969999313354492,26.049999237060547,19.96091651916504,53800,0.0,False
2010-08-04,25.940000534057617,26.530000686645508,25.940000534057617,26.5,20.30573272705078,102400,0.0,False
2010-08-05,26.31999969482422,26.510000228881836,26.309999465942383,26.5,20.30573272705078,116700,0.0,False
2010-08-06,26.1299991607666,26.469999313354492,26.0,26.290000915527344,20.14481544494629,64100,0.0,False
2010-08-09,26.43000030517578,26.549999237060547,26.290000915527344,26.5,20.30573272705078,47900,0.0,False
2010-08-10,26.18000030517578,26.280000686645508,25.979999542236328,26.06999969482422,19.976232528686523,52200,0.0,False
2010-08-11,25.68000030517578,25.68000030517578,25.15999984741211,25.18000030517578,19.294273376464844,68600,0.0,False
2010-08-12,24.719999313354492,25.200000762939453,24.719999313354492,25.09000015258789,19.225309371948242,44800,0.0,False
2010-08-13,24.979999542236328,25.110000610351562,24.760000228881836,24.760000228881836,18.97245216369629,66700,0.0,False
2010-08-16,24.610000610351562,24.899999618530273,24.610000610351562,24.700000762939453,18.926467895507812,41400,0.0,False
2010-08-17,24.8799991607666,25.229999542236328,24.850000381469727,25.1200008392334,19.24830436706543,63700,0.0,False
2010-08-18,25.100000381469727,25.299999237060547,24.93000030517578,25.1299991607666,19.255956649780273,36900,0.0,False
2010-08-19,25.020000457763672,25.100000381469727,24.510000228881836,24.540000915527344,18.803869247436523,131500,0.0,False
2010-08-20,24.459999084472656,24.719999313354492,24.299999237060547,24.65999984741211,18.895822525024414,46600,0.0,False
2010-08-23,24.709999084472656,24.780000686645508,24.489999771118164,24.489999771118164,18.765565872192383,72400,0.0,False
2010-08-24,24.190000534057617,24.290000915527344,23.989999771118164,24.0,18.390090942382812,116000,0.0,False
2010-08-25,23.84000015258789,24.15999984741211,23.68000030517578,24.06999969482422,18.443729400634766,130200,0.0,False
2010-08-26,24.15999984741211,24.15999984741211,23.719999313354492,23.780000686645508,18.221513748168945,36000,0.0,False
2010-08-27,23.989999771118164,24.209999084472656,23.6299991607666,24.200000762939453,18.54334259033203,43500,0.0,False
2010-08-30,24.09000015258789,24.170000076293945,23.579999923706055,23.59000015258789,18.075925827026367,10900,0.0,False
2010-08-31,23.489999771118164,23.65999984741211,23.3799991607666,23.489999771118164,17.999292373657227,70300,0.0,False
2010-09-01,23.850000381469727,24.440000534057617,23.850000381469727,24.43000030517578,18.719575881958008,42300,0.0,False
2010-09-02,24.420000076293945,24.700000762939453,24.420000076293945,24.68000030517578,18.9111385345459,13000,0.0,False
2010-09-03,25.0,25.3700008392334,25.0,25.350000381469727,19.42453384399414,68500,0.0,False
2010-09-07,25.100000381469727,25.100000381469727,24.84000015258789,24.850000381469727,19.041400909423828,28800,0.0,False
2010-09-08,25.010000228881836,25.260000228881836,24.989999771118164,25.049999237060547,19.194664001464844,76400,0.0,False
2010-09-09,25.420000076293945,25.489999771118164,25.229999542236328,25.329999923706055,19.409210205078125,29500,0.0,False
2010-09-10,25.40999984741211,25.510000228881836,25.34000015258789,25.469999313354492,19.51648712158203,24700,0.0,False
2010-09-13,25.75,26.100000381469727,25.75,26.100000381469727,19.99922752380371,65300,0.0,False
2010-09-14,26.049999237060547,26.079999923706055,25.809999465942383,25.889999389648438,19.838308334350586,46300,0.0,False
2010-09-15,25.770000457763672,25.950000762939453,25.6200008392334,25.889999389648438,19.838308334350586,15100,0.0,False
2010-09-16,25.8799991607666,25.8799991607666,25.639999389648438,25.729999542236328,19.715707778930664,107200,0.0,False
2010-09-17,25.8700008392334,25.90999984741211,25.6299991607666,25.739999771118164,19.723369598388672,32900,0.0,False
2010-09-20,25.780000686645508,26.190000534057617,25.649999618530273,26.1299991607666,20.0222110748291,182100,0.0,False
2010-09-21,26.149999618530273,26.18000030517578,25.760000228881836,25.81999969482422,19.784671783447266,73800,0.0,False
2010-09-22,25.75,25.790000915527344,25.290000915527344,25.34000015258789,19.416868209838867,450500,0.0,False
2010-09-23,25.059999465942383,25.25,24.90999984741211,24.920000076293945,19.124473571777344,26800,0.0,False
2010-09-24,25.31999969482422,25.719999313354492,25.31999969482422,25.709999084472656,19.73075294494629,38500,0.0,False
2010-09-27,25.719999313354492,25.780000686645508,25.450000762939453,25.5,19.56959342956543,369100,0.0,False
2010-09-28,25.649999618530273,25.649999618530273,25.200000762939453,25.510000228881836,19.5772647857666,189600,0.0,False
2010-09-29,25.450000762939453,25.56999969482422,25.280000686645508,25.40999984741211,19.50052261352539,129700,0.0,False
2010-09-30,25.559999465942383,25.8700008392334,25.290000915527344,25.290000915527344,19.408430099487305,300400,0.0,False
2010-10-01,25.5,25.649999618530273,25.280000686645508,25.579999923706055,19.630983352661133,198900,0.0,False
2010-10-04,25.530000686645508,25.59000015258789,25.100000381469727,25.299999237060547,19.416101455688477,88900,0.0,False
2010-10-05,25.549999237060547,26.100000381469727,25.309999465942383,26.020000457763672,19.968656539916992,121900,0.0,False
2010-10-06,25.979999542236328,26.110000610351562,25.93000030517578,26.020000457763672,19.968656539916992,91500,0.0,False
2010-10-07,26.170000076293945,26.170000076293945,25.770000457763672,25.829999923706055,19.822843551635742,54900,0.0,False
2010-10-08,25.860000610351562,26.06999969482422,25.729999542236328,25.989999771118164,19.945636749267578,35100,0.0,False
2010-10-11,26.020000457763672,26.020000457763672,25.809999465942383,25.850000381469727,19.838193893432617,21800,0.0,False
2010-10-12,25.719999313354492,26.079999923706055,25.68000030517578,26.030000686645508,19.97633171081543,24300,0.0,False
2010-10-13,26.18000030517578,26.309999465942383,26.09000015258789,26.209999084472656,20.11446762084961,92000,0.0,False
2010-10-14,26.1200008392334,26.170000076293945,25.84000015258789,26.040000915527344,19.9840030670166,266000,0.0,False
2010-10-15,26.239999771118164,26.239999771118164,25.90999984741211,26.06999969482422,20.007030487060547,129400,0.0,False
2010-10-18,26.100000381469727,26.6200008392334,26.100000381469727,26.600000381469727,20.413768768310547,86700,0.0,False
2010-10-19,26.3799991607666,26.770000457763672,26.229999542236328,26.3700008392334,20.237258911132812,56800,0.0,False
2010-10-20,26.3700008392334,26.670000076293945,26.190000534057617,26.579999923706055,20.398427963256836,51500,0.0,False
2010-10-21,26.739999771118164,26.8700008392334,26.309999465942383,26.43000030517578,20.283308029174805,130000,0.0,False
2010-10-22,26.559999465942383,26.610000610351562,26.469999313354492,26.520000457763672,20.352371215820312,278900,0.0,False
2010-10-25,26.6299991607666,26.739999771118164,26.420000076293945,26.440000534057617,20.29098129272461,57900,0.0,False
2010-10-26,26.31999969482422,26.479999542236328,26.209999084472656,26.350000381469727,20.221908569335938,28400,0.0,False
2010-10-27,26.18000030517578,26.559999465942383,26.020000457763672,26.559999465942383,20.383068084716797,149800,0.0,False
2010-10-28,26.75,26.770000457763672,26.56999969482422,26.75,20.52888298034668,56100,0.0,False
2010-10-29,26.719999313354492,26.81999969482422,26.690000534057617,26.739999771118164,20.52121925354004,24600,0.0,False
2010-11-01,26.860000610351562,26.899999618530273,26.43000030517578,26.600000381469727,20.413768768310547,27500,0.0,False
2010-11-02,26.770000457763672,26.8700008392334,26.770000457763672,26.8700008392334,20.62097930908203,9600,0.0,False
2010-11-03,26.8799991607666,26.940000534057617,26.610000610351562,26.940000534057617,20.67469596862793,46500,0.0,False
2010-11-04,27.200000762939453,27.65999984741211,27.15999984741211,27.6299991607666,21.204225540161133,72600,0.0,False
2010-11-05,27.690000534057617,28.239999771118164,27.690000534057617,28.209999084472656,21.64934539794922,129100,0.0,False
2010-11-08,28.110000610351562,28.209999084472656,27.920000076293945,28.010000228881836,21.495851516723633,31100,0.0,False
2010-11-09,27.899999618530273,28.010000228881836,27.610000610351562,27.690000534057617,21.250272750854492,31900,0.0,False
2010-11-10,27.719999313354492,27.90999984741211,27.520000457763672,27.899999618530273,21.411441802978516,57700,0.0,False
2010-11-11,27.610000610351562,27.809999465942383,27.579999923706055,27.739999771118164,21.28864097595215,29600,0.0,False
2010-11-12,27.549999237060547,27.639999389648438,27.239999771118164,27.31999969482422,20.966325759887695,13400,0.0,False
2010-11-15,27.40999984741211,27.709999084472656,27.40999984741211,27.479999542236328,21.089107513427734,15100,0.0,False
2010-11-16,27.290000915527344,27.3700008392334,26.979999542236328,27.079999923706055,20.782136917114258,194500,0.0,False
2010-11-17,26.93000030517578,27.030000686645508,26.90999984741211,26.969999313354492,20.697721481323242,28900,0.0,False
2010-11-18,27.229999542236328,27.489999771118164,27.229999542236328,27.299999237060547,20.950973510742188,17500,0.0,False
2010-11-19,27.25,27.399999618530273,27.1200008392334,27.34000015258789,20.981672286987305,14300,0.0,False
2010-11-22,27.200000762939453,27.200000762939453,26.75,26.920000076293945,20.659351348876953,51900,0.0,False
2010-11-23,26.600000381469727,26.700000762939453,26.489999771118164,26.5,20.337026596069336,99900,0.0,False
2010-11-24,26.59000015258789,26.969999313354492,26.59000015258789,26.969999313354492,20.697721481323242,162600,0.0,False
2010-11-26,26.719999313354492,26.8700008392334,26.719999313354492,26.75,20.52888298034668,26900,0.0,False
2010-11-29,26.639999389648438,26.739999771118164,26.420000076293945,26.700000762939453,20.490514755249023,15600,0.0,False
2010-11-30,26.540000915527344,26.600000381469727,26.40999984741211,26.520000457763672,20.352371215820312,42700,0.0,False
2010-12-01,26.889999389648438,27.229999542236328,26.889999389648438,27.209999084472656,20.881898880004883,107500,0.0,False
2010-12-02,27.329999923706055,28.100000381469727,27.329999923706055,28.06999969482422,21.541898727416992,55100,0.0,False
2010-12-03,28.0,28.100000381469727,27.700000762939453,28.049999237060547,21.52655601501465,371600,0.0,False
2010-12-06,28.110000610351562,28.190000534057617,27.93000030517578,28.1200008392334,21.580278396606445,72200,0.0,False
2010-12-07,28.420000076293945,28.420000076293945,28.15999984741211,28.170000076293945,21.618642807006836,25400,0.0,False
2010-12-08,28.299999237060547,28.549999237060547,28.299999237060547,28.540000915527344,21.902597427368164,33500,0.0,False
2010-12-09,28.65999984741211,28.719999313354492,28.520000457763672,28.68000030517578,22.010026931762695,43600,0.0,False
2010-12-10,28.790000915527344,28.790000915527344,28.459999084472656,28.719999313354492,22.04073143005371,113100,0.0,False
2010-12-13,28.850000381469727,28.959999084472656,28.729999542236328,28.729999542236328,22.048402786254883,88700,0.0,False
2010-12-14,28.770000457763672,28.770000457763672,28.520000457763672,28.549999237060547,21.9102725982666,36400,0.0,False
2010-12-15,28.579999923706055,28.729999542236328,28.469999313354492,28.5,21.87189292907715,84300,0.0,False
2010-12-16,28.219999313354492,28.690000534057617,28.010000228881836,28.6299991607666,21.971660614013672,102300,0.0,False
2010-12-17,28.6200008392334,28.899999618530273,28.600000381469727,28.790000915527344,22.09444808959961,187700,0.0,False
2010-12-20,28.889999389648438,28.899999618530273,28.770000457763672,28.84000015258789,22.132827758789062,56000,0.0,False
2010-12-21,28.90999984741211,29.350000381469727,28.90999984741211,29.329999923706055,22.508867263793945,86400,0.0,False
2010-12-22,29.06999969482422,29.18000030517578,28.989999771118164,29.18000030517578,22.660303115844727,22400,0.0,False
2010-12-23,29.139999389648438,29.149999618530273,29.020000457763672,29.059999465942383,22.567108154296875,46500,0.0,False
2010-12-27,28.850000381469727,29.280000686645508,28.850000381469727,29.280000686645508,22.73794937133789,36300,0.0,False
2010-12-28,29.270000457763672,29.329999923706055,29.229999542236328,29.290000915527344,22.745723724365234,62000,0.0,False
2010-12-29,29.31999969482422,29.31999969482422,29.1200008392334,29.15999984741211,22.644760131835938,23000,0.0,False
2010-12-30,29.139999389648438,29.149999618530273,29.0,29.110000610351562,22.605939865112305,29500,0.0,False
2010-12-31,29.049999237060547,29.1200008392334,29.0,29.020000457763672,22.53604507446289,20300,0.0,False
2011-01-03,29.309999465942383,29.56999969482422,29.260000228881836,29.420000076293945,22.846675872802734,149200,0.0,False
2011-01-04,29.389999389648438,29.389999389648438,29.06999969482422,29.209999084472656,22.683597564697266,22700,0.0,False
2011-01-05,29.1200008392334,29.520000457763672,29.1200008392334,29.520000457763672,22.924325942993164,15100,0.0,False
2011-01-06,29.579999923706055,29.579999923706055,29.329999923706055,29.520000457763672,22.924325942993164,21500,0.0,False
2011-01-07,29.530000686645508,29.549999237060547,29.1200008392334,29.3700008392334,22.807844161987305,34400,0.0,False
2011-01-10,29.229999542236328,29.520000457763672,29.209999084472656,29.510000228881836,22.916568756103516,33900,0.0,False
2011-01-11,29.6200008392334,29.639999389648438,29.290000915527344,29.420000076293945,22.846675872802734,20500,0.0,False
2011-01-12,29.5,29.920000076293945,29.5,29.899999618530273,23.21942710876465,739000,0.0,False
2011-01-13,29.90999984741211,30.079999923706055,29.860000610351562,29.979999542236328,23.28156089782715,27000,0.0,False
2011-01-14,29.93000030517578,30.219999313354492,29.899999618530273,30.200000762939453,23.452392578125,43500,0.0,False
2011-01-18,30.209999084472656,30.209999084472656,29.969999313354492,30.190000534057617,23.44463539123535,43300,0.0,False
2011-01-19,30.020000457763672,30.020000457763672,29.329999923706055,29.360000610351562,22.800073623657227,148100,0.0,False
2011-01-20,29.399999618530273,29.6299991607666,29.260000228881836,29.56999969482422,22.963153839111328,227200,0.0,False
2011-01-21,29.760000228881836,29.84000015258789,29.6200008392334,29.68000030517578,23.048574447631836,63600,0.0,False
2011-01-24,29.690000534057617,29.899999618530273,29.59000015258789,29.799999237060547,23.14177131652832,75600,0.0,False
2011-01-25,29.670000076293945,29.739999771118164,29.209999084472656,29.540000915527344,22.939861297607422,65000,0.0,False
2011-01-26,29.600000381469727,29.809999465942383,29.600000381469727,29.790000915527344,23.134000778198242,32100,0.0,False
2011-01-27,29.719999313354492,30.170000076293945,29.700000762939453,30.1200008392334,23.390275955200195,51400,0.0,False
2011-01-28,30.18000030517578,30.209999084472656,29.450000762939453,29.469999313354492,22.88550567626953,30500,0.0,False
2011-01-31,29.540000915527344,29.790000915527344,29.540000915527344,29.690000534057617,23.05634307861328,15500,0.0,False
2011-02-01,29.84000015258789,30.360000610351562,29.84000015258789,30.309999465942383,23.537818908691406,28200,0.0,False
2011-02-02,30.3700008392334,30.399999618530273,30.270000457763672,30.280000686645508,23.514524459838867,25600,0.0,False
2011-02-03,29.65999984741211,29.90999984741211,29.559999465942383,29.8700008392334,23.196134567260742,38900,0.0,False
2011-02-04,29.809999465942383,29.950000762939453,29.729999542236328,29.950000762939453,23.258256912231445,28600,0.0,False
2011-02-07,30.010000228881836,30.440000534057617,29.969999313354492,30.40999984741211,23.6154727935791,2010200,0.0,False
2011-02-08,30.290000915527344,30.440000534057617,30.239999771118164,30.420000076293945,23.623249053955078,225800,0.0,False
2011-02-09,30.31999969482422,30.93000030517578,30.31999969482422,30.760000228881836,23.88726806640625,89700,0.0,False
2011-02-10,30.579999923706055,30.889999389648438,30.56999969482422,30.829999923706055,23.941635131835938,31200,0.0,False
2011-02-11,30.850000381469727,31.209999084472656,30.760000228881836,31.209999084472656,24.236738204956055,34300,0.0,False
2011-02-14,31.309999465942383,31.510000228881836,31.100000381469727,31.479999542236328,24.446409225463867,1053600,0.0,False
2011-02-15,31.3700008392334,31.530000686645508,31.299999237060547,31.3700008392334,24.360977172851562,345400,0.0,False
2011-02-16,31.530000686645508,31.59000015258789,31.350000381469727,31.510000228881836,24.469703674316406,2246200,0.0,False
2011-02-17,31.530000686645508,31.56999969482422,31.260000228881836,31.530000686645508,24.485231399536133,193600,0.0,False
2011-02-18,31.510000228881836,31.639999389648438,31.450000762939453,31.549999237060547,24.500764846801758,63000,0.0,False
2011-02-22,31.170000076293945,31.190000534057617,30.459999084472656,30.510000228881836,23.693132400512695,62900,0.0,False
2011-02-23,30.540000915527344,30.59000015258789,30.09000015258789,30.299999237060547,23.530054092407227,94200,0.0,False
2011-02-24,30.020000457763672,30.34000015258789,29.940000534057617,30.299999237060547,23.530054092407227,77700,0.0,False
2011-02-25,30.40999984741211,30.75,30.40999984741211,30.75,23.879512786865234,92500,0.0,False
2011-02-28,30.850000381469727,30.899999618530273,30.600000381469727,30.780000686645508,23.902809143066406,63400,0.0,False
2011-03-01,30.790000915527344,30.8700008392334,30.280000686645508,30.280000686645508,23.514524459838867,36100,0.0,False
2011-03-02,30.200000762939453,30.489999771118164,30.139999389648438,30.260000228881836,23.49899673461914,44500,0.0,False
2011-03-03,30.549999237060547,30.93000030517578,30.549999237060547,30.860000610351562,23.964933395385742,33400,0.0,False
2011-03-04,30.799999237060547,30.799999237060547,30.299999237060547,30.5,23.685367584228516,43400,0.0,False
2011-03-07,30.549999237060547,30.68000030517578,30.170000076293945,30.329999923706055,23.55335235595703,46300,0.0,False
2011-03-08,30.3700008392334,30.690000534057617,30.360000610351562,30.579999923706055,23.747495651245117,137300,0.0,False
2011-03-09,30.610000610351562,30.610000610351562,30.229999542236328,30.3700008392334,23.584415435791016,20000,0.0,False
2011-03-10,30.020000457763672,30.020000457763672,29.68000030517578,29.739999771118164,23.095178604125977,176200,0.0,False
2011-03-11,29.56999969482422,29.829999923706055,29.530000686645508,29.760000228881836,23.110700607299805,233200,0.0,False
2011-03-14,29.520000457763672,29.610000610351562,29.219999313354492,29.56999969482422,22.963153839111328,115100,0.0,False
2011-03-15,28.809999465942383,29.239999771118164,28.690000534057617,29.100000381469727,22.598175048828125,785600,0.0,False
2011-03-16,29.079999923706055,29.170000076293945,28.459999084472656,28.56999969482422,22.186588287353516,93700,0.0,False
2011-03-17,28.989999771118164,28.989999771118164,28.6200008392334,28.760000228881836,22.334138870239258,273100,0.0,False
2011-03-18,29.100000381469727,29.149999618530273,29.0,29.040000915527344,22.551576614379883,75800,0.0,False
2011-03-21,29.389999389648438,29.56999969482422,29.389999389648438,29.559999465942383,22.955392837524414,61000,0.0,False
2011-03-22,29.579999923706055,29.670000076293945,29.5,29.5,22.908803939819336,21400,0.0,False
2011-03-23,29.299999237060547,29.65999984741211,29.229999542236328,29.549999237060547,22.947628021240234,209000,0.0,False
2011-03-24,29.65999984741211,29.760000228881836,29.530000686645508,29.739999771118164,23.095178604125977,182900,0.0,False
2011-03-25,29.709999084472656,29.739999771118164,29.559999465942383,29.670000076293945,23.075729370117188,41500,0.0,False
2011-03-28,29.690000534057617,29.81999969482422,29.559999465942383,29.56999969482422,22.997953414916992,116400,0.0,False
2011-03-29,29.489999771118164,29.600000381469727,29.389999389648438,29.600000381469727,23.02129554748535,64400,0.0,False
2011-03-30,29.670000076293945,29.860000610351562,29.670000076293945,29.860000610351562,23.223506927490234,35300,0.0,False
2011-03-31,29.739999771118164,29.850000381469727,29.700000762939453,29.84000015258789,23.207948684692383,85000,0.0,False
2011-04-01,30.079999923706055,30.540000915527344,30.079999923706055,30.469999313354492,23.69793128967285,85800,0.0,False
2011-04-04,30.540000915527344,30.540000915527344,30.260000228881836,30.260000228881836,23.534603118896484,58700,0.0,False
2011-04-05,30.25,30.290000915527344,30.100000381469727,30.229999542236328,23.51127052307129,144300,0.0,False
2011-04-06,30.290000915527344,30.600000381469727,30.290000915527344,30.56999969482422,23.775707244873047,28100,0.0,False
2011-04-07,30.639999389648438,30.719999313354492,30.459999084472656,30.459999084472656,23.690153121948242,35000,0.0,False
2011-04-08,30.549999237060547,30.549999237060547,30.110000610351562,30.190000534057617,23.48016357421875,24700,0.0,False
2011-04-11,30.200000762939453,30.329999923706055,29.979999542236328,30.030000686645508,23.355722427368164,11700,0.0,False
2011-04-12,29.8799991607666,29.979999542236328,29.780000686645508,29.81999969482422,23.192398071289062,29500,0.0,False
2011-04-13,29.969999313354492,30.020000457763672,29.530000686645508,29.670000076293945,23.075729370117188,1172900,0.0,False
2011-04-14,29.479999542236328,29.610000610351562,29.389999389648438,29.600000381469727,23.02129554748535,40800,0.0,False
2011-04-15,29.700000762939453,29.950000762939453,29.639999389648438,29.899999618530273,23.254613876342773,65900,0.0,False
2011-04-18,29.559999465942383,29.559999465942383,29.229999542236328,29.43000030517578,22.889074325561523,77500,0.0,False
2011-04-19,29.549999237060547,29.549999237060547,29.149999618530273,29.18000030517578,22.69464111328125,716400,0.0,False
2011-04-20,29.600000381469727,29.649999618530273,29.450000762939453,29.6200008392334,23.036846160888672,45300,0.0,False
2011-04-21,29.940000534057617,30.110000610351562,29.940000534057617,30.049999237060547,23.37126922607422,54800,0.0,False
2011-04-25,30.010000228881836,30.010000228881836,29.780000686645508,29.829999923706055,23.200172424316406,27600,0.0,False
2011-04-26,29.8700008392334,30.040000915527344,29.760000228881836,29.979999542236328,23.31684112548828,342000,0.0,False
2011-04-27,30.049999237060547,30.049999237060547,29.809999465942383,30.010000228881836,23.340158462524414,31400,0.0,False
2011-04-28,29.950000762939453,30.0,29.860000610351562,30.0,23.33238983154297,50200,0.0,False
2011-04-29,29.989999771118164,30.030000686645508,29.81999969482422,29.93000030517578,23.27794647216797,32000,0.0,False
2011-05-02,30.040000915527344,30.040000915527344,29.690000534057617,29.719999313354492,23.114614486694336,52000,0.0,False
2011-05-03,29.65999984741211,29.65999984741211,29.350000381469727,29.479999542236328,22.927959442138672,44000,0.0,False
2011-05-04,29.469999313354492,29.5,29.09000015258789,29.170000076293945,22.686859130859375,59000,0.0,False
2011-05-05,28.989999771118164,29.079999923706055,28.790000915527344,28.899999618530273,22.476869583129883,28000,0.0,False
2011-05-06,29.280000686645508,29.3799991607666,29.079999923706055,29.1299991607666,22.655750274658203,47200,0.0,False
2011-05-09,29.110000610351562,29.229999542236328,29.010000228881836,29.190000534057617,22.70240592956543,13000,0.0,False
2011-05-10,29.389999389648438,29.510000228881836,29.31999969482422,29.479999542236328,22.927959442138672,11400,0.0,False
2011-05-11,29.440000534057617,29.450000762939453,28.950000762939453,29.020000457763672,22.5701961517334,1198000,0.0,False
2011-05-12,28.889999389648438,29.06999969482422,28.780000686645508,29.049999237060547,22.59352684020996,47000,0.0,False
2011-05-13,28.959999084472656,28.959999084472656,28.540000915527344,28.6200008392334,22.25910186767578,11000,0.0,False
2011-05-16,28.399999618530273,28.649999618530273,28.18000030517578,28.190000534057617,21.924673080444336,83300,0.0,False
2011-05-17,28.1299991607666,28.15999984741211,27.75,27.93000030517578,21.722444534301758,1184800,0.0,False
2011-05-18,27.969999313354492,28.389999389648438,27.959999084472656,28.3799991607666,22.072446823120117,88400,0.0,False
2011-05-19,28.5,28.5,28.229999542236328,28.350000381469727,22.04911231994629,78100,0.0,False
2011-05-20,28.25,28.31999969482422,28.010000228881836,28.030000686645508,21.800230026245117,56600,0.0,False
2011-05-23,27.65999984741211,27.809999465942383,27.65999984741211,27.700000762939453,21.5435733795166,35200,0.0,False
2011-05-24,27.65999984741211,27.719999313354492,27.510000228881836,27.649999618530273,21.504688262939453,28500,0.0,False
2011-05-25,27.6200008392334,27.780000686645508,27.530000686645508,27.709999084472656,21.551349639892578,12700,0.0,False
2011-05-26,27.6299991607666,27.670000076293945,27.479999542236328,27.670000076293945,21.520240783691406,30100,0.0,False
2011-05-27,27.809999465942383,28.0,27.790000915527344,27.959999084472656,21.74578285217285,33000,0.0,False
2011-05-31,28.239999771118164,28.3700008392334,28.139999389648438,28.3700008392334,22.064659118652344,27300,0.0,False
2011-06-01,28.270000457763672,28.270000457763672,27.260000228881836,27.290000915527344,21.224699020385742,205000,0.0,False
2011-06-02,27.3799991607666,27.459999084472656,27.110000610351562,27.219999313354492,21.170251846313477,45100,0.0,False
2011-06-03,26.860000610351562,27.15999984741211,26.860000610351562,26.889999389648438,20.91359519958496,30100,0.0,False
2011-06-06,26.84000015258789,26.889999389648438,26.389999389648438,26.440000534057617,20.563617706298828,67200,0.0,False
2011-06-07,26.579999923706055,26.6200008392334,26.350000381469727,26.350000381469727,20.493614196777344,82000,0.0,False
2011-06-08,26.25,26.360000610351562,25.989999771118164,26.0,20.22140884399414,18100,0.0,False
2011-06-09,26.059999465942383,26.610000610351562,26.049999237060547,26.510000228881836,20.618061065673828,32500,0.0,False
2011-06-10,26.399999618530273,26.399999618530273,26.049999237060547,26.25,20.41584014892578,12300,0.0,False
2011-06-13,26.31999969482422,26.40999984741211,26.209999084472656,26.3799991607666,20.51694679260254,8800,0.0,False
2011-06-14,26.6200008392334,26.809999465942383,26.600000381469727,26.700000762939453,20.76582908630371,74400,0.0,False
2011-06-15,26.469999313354492,26.6299991607666,26.190000534057617,26.229999542236328,20.400283813476562,40100,0.0,False
2011-06-16,26.190000534057617,26.540000915527344,26.1200008392334,26.280000686645508,20.439170837402344,22700,0.0,False
2011-06-17,26.56999969482422,26.6200008392334,26.459999084472656,26.459999084472656,20.57916831970215,7600,0.0,False
2011-06-20,26.559999465942383,26.639999389648438,26.479999542236328,26.540000915527344,20.641387939453125,19100,0.0,False
2011-06-21,26.690000534057617,26.8700008392334,26.559999465942383,26.850000381469727,20.88249397277832,13600,0.0,False
2011-06-22,26.790000915527344,26.889999389648438,26.59000015258789,26.600000381469727,20.688058853149414,7500,0.0,False
2011-06-23,26.309999465942383,26.31999969482422,25.989999771118164,26.299999237060547,20.45473289489746,25100,0.0,False
2011-06-24,26.020000457763672,26.020000457763672,25.799999237060547,25.8700008392334,20.17629623413086,16400,0.0,False
2011-06-27,25.850000381469727,26.100000381469727,25.84000015258789,26.059999465942383,20.324487686157227,7300,0.0,False
2011-06-28,26.139999389648438,26.170000076293945,26.110000610351562,26.149999618530273,20.39467430114746,8900,0.0,False
2011-06-29,26.600000381469727,26.709999084472656,26.530000686645508,26.700000762939453,20.82362937927246,11000,0.0,False
2011-06-30,26.729999542236328,26.8700008392334,26.690000534057617,26.780000686645508,20.886014938354492,22600,0.0,False
2011-07-01,26.799999237060547,27.309999465942383,26.799999237060547,27.270000457763672,21.268173217773438,34400,0.0,False
2011-07-05,27.219999313354492,27.219999313354492,26.969999313354492,27.09000015258789,21.12779426574707,24800,0.0,False
2011-07-06,26.969999313354492,26.969999313354492,26.760000228881836,26.799999237060547,20.90162467956543,14300,0.0,False
2011-07-07,27.049999237060547,27.290000915527344,27.049999237060547,27.239999771118164,21.244773864746094,15400,0.0,False
2011-07-08,26.950000762939453,26.950000762939453,26.649999618530273,26.850000381469727,20.940616607666016,17200,0.0,False
2011-07-11,26.489999771118164,26.489999771118164,26.010000228881836,26.040000915527344,20.308881759643555,30100,0.0,False
2011-07-12,25.90999984741211,26.190000534057617,25.90999984741211,26.020000457763672,20.293283462524414,16200,0.0,False
2011-07-13,26.139999389648438,26.329999923706055,26.030000686645508,26.079999923706055,20.34008026123047,13000,0.0,False
2011-07-14,26.18000030517578,26.18000030517578,25.770000457763672,25.790000915527344,20.11390495300293,33100,0.0,False
2011-07-15,25.959999084472656,25.959999084472656,25.5,25.670000076293945,20.02031707763672,43900,0.0,False
2011-07-18,25.6200008392334,25.6200008392334,25.059999465942383,25.329999923706055,19.755151748657227,14300,0.0,False
2011-07-19,25.389999389648438,25.649999618530273,25.25,25.6200008392334,19.981319427490234,33300,0.0,False
2011-07-20,25.860000610351562,26.309999465942383,25.860000610351562,26.18000030517578,20.418075561523438,89600,0.0,False
2011-07-21,26.559999465942383,27.010000228881836,26.489999771118164,26.979999542236328,21.0419979095459,23500,0.0,False
2011-07-22,27.0,27.0,26.829999923706055,26.979999542236328,21.0419979095459,36100,0.0,False
2011-07-25,26.690000534057617,26.969999313354492,26.670000076293945,26.850000381469727,20.940616607666016,13200,0.0,False
2011-07-26,26.81999969482422,26.959999084472656,26.719999313354492,26.780000686645508,20.886014938354492,88600,0.0,False
2011-07-27,26.6200008392334,26.6200008392334,25.920000076293945,25.959999084472656,20.246484756469727,42200,0.0,False
2011-07-28,26.15999984741211,26.5,26.040000915527344,26.110000610351562,20.36347770690918,101700,0.0,False
2011-07-29,25.68000030517578,26.350000381469727,25.6299991607666,26.110000610351562,20.36347770690918,36800,0.0,False
2011-08-01,26.420000076293945,26.420000076293945,25.809999465942383,26.010000228881836,20.285490036010742,9900,0.0,False
2011-08-02,25.780000686645508,25.93000030517578,25.1299991607666,25.1299991607666,19.599164962768555,149900,0.0,False
2011-08-03,25.149999618530273,25.299999237060547,24.860000610351562,25.280000686645508,19.716150283813477,37300,0.0,False
2011-08-04,24.979999542236328,24.989999771118164,23.860000610351562,23.920000076293945,18.655475616455078,45500,0.0,False
2011-08-05,24.15999984741211,24.219999313354492,23.1299991607666,23.520000457763672,18.343515396118164,34800,0.0,False
2011-08-08,22.690000534057617,23.200000762939453,21.399999618530273,21.420000076293945,16.705699920654297,176300,0.0,False
2011-08-09,21.93000030517578,22.600000381469727,20.950000762939453,22.59000015258789,17.618181228637695,125700,0.0,False
2011-08-10,21.770000457763672,21.950000762939453,21.059999465942383,21.06999969482422,16.432722091674805,35500,0.0,False
2011-08-11,21.280000686645508,22.75,21.229999542236328,22.479999542236328,17.53240394592285,59800,0.0,False
2011-08-12,22.760000228881836,22.90999984741211,22.100000381469727,22.190000534057617,17.306228637695312,77400,0.0,False
2011-08-15,22.40999984741211,22.75,22.389999389648438,22.729999542236328,17.72737693786621,75600,0.0,False
2011-08-16,22.389999389648438,22.709999084472656,22.040000915527344,22.280000686645508,17.376426696777344,103700,0.0,False
2011-08-17,22.5,22.75,22.239999771118164,22.34000015258789,17.42321014404297,59800,0.0,False
2011-08-18,21.639999389648438,21.639999389648438,21.110000610351562,21.25,16.5731143951416,30600,0.0,False
2011-08-19,20.959999084472656,21.5,20.709999084472656,20.780000686645508,16.206558227539062,51400,0.0,False
2011-08-22,21.1299991607666,21.18000030517578,20.579999923706055,20.6200008392334,16.081775665283203,77200,0.0,False
2011-08-23,20.56999969482422,21.530000686645508,20.489999771118164,21.5,16.76809310913086,44600,0.0,False
2011-08-24,21.530000686645508,22.010000228881836,21.489999771118164,22.010000228881836,17.165842056274414,9700,0.0,False
2011-08-25,22.40999984741211,22.600000381469727,21.309999465942383,21.450000762939453,16.729093551635742,16900,0.0,False
2011-08-26,21.190000534057617,21.979999542236328,20.979999542236328,21.84000015258789,17.033262252807617,15700,0.0,False
2011-08-29,22.25,22.84000015258789,22.229999542236328,22.81999969482422,17.797571182250977,30900,0.0,False
2011-08-30,22.709999084472656,22.860000610351562,22.440000534057617,22.690000534057617,17.696176528930664,84000,0.0,False
2011-08-31,22.739999771118164,23.06999969482422,22.709999084472656,22.809999465942383,17.789770126342773,130900,0.0,False
2011-09-01,22.75,22.81999969482422,22.190000534057617,22.219999313354492,17.32962417602539,18100,0.0,False
2011-09-02,21.829999923706055,21.829999923706055,21.260000228881836,21.329999923706055,16.635494232177734,12300,0.0,False
2011-09-06,20.639999389648438,21.040000915527344,20.610000610351562,21.020000457763672,16.39373779296875,41100,0.0,False
2011-09-07,21.43000030517578,22.1200008392334,21.399999618530273,22.079999923706055,17.22043228149414,27200,0.0,False
2011-09-08,21.889999389648438,21.950000762939453,21.43000030517578,21.5,16.76809310913086,11200,0.0,False
2011-09-09,21.100000381469727,21.31999969482422,20.799999237060547,20.93000030517578,16.32354164123535,10400,0.0,False
2011-09-12,20.700000762939453,21.139999389648438,20.510000228881836,21.1200008392334,16.47172737121582,42200,0.0,False
2011-09-13,21.149999618530273,21.6200008392334,21.149999618530273,21.479999542236328,16.752485275268555,13500,0.0,False
2011-09-14,21.639999389648438,22.110000610351562,21.270000457763672,21.809999465942383,17.009859085083008,14400,0.0,False
2011-09-15,22.0,22.360000610351562,21.93000030517578,22.360000610351562,17.438812255859375,19600,0.0,False
2011-09-16,22.420000076293945,22.479999542236328,21.989999771118164,22.299999237060547,17.392013549804688,16500,0.0,False
2011-09-19,21.860000610351562,21.860000610351562,21.420000076293945,21.610000610351562,16.8538761138916,23700,0.0,False
2011-09-20,21.719999313354492,21.860000610351562,21.40999984741211,21.43000030517578,16.7134952545166,18500,0.0,False
2011-09-21,21.450000762939453,21.450000762939453,20.579999923706055,20.579999923706055,16.050575256347656,16200,0.0,False
2011-09-22,20.040000915527344,20.280000686645508,19.809999465942383,20.15999984741211,15.723000526428223,66900,0.0,False
2011-09-23,19.989999771118164,20.40999984741211,19.989999771118164,20.40999984741211,15.970276832580566,35000,0.0,False
2011-09-26,20.549999237060547,20.979999542236328,20.18000030517578,20.979999542236328,16.416271209716797,62800,0.0,False
2011-09-27,21.420000076293945,21.729999542236328,21.110000610351562,21.139999389648438,16.541465759277344,39300,0.0,False
2011-09-28,20.940000534057617,21.079999923706055,20.290000915527344,20.290000915527344,15.876371383666992,50000,0.0,False
2011-09-29,20.729999542236328,20.950000762939453,20.229999542236328,20.850000381469727,16.31455421447754,33000,0.0,False
2011-09-30,20.489999771118164,20.489999771118164,19.889999389648438,19.889999389648438,15.563383102416992,163700,0.0,False
2011-10-03,19.75,19.950000762939453,18.969999313354492,19.030000686645508,14.890459060668945,42100,0.0,False
2011-10-04,18.760000228881836,20.040000915527344,18.540000915527344,20.020000457763672,15.6651029586792,47300,0.0,False
2011-10-05,19.860000610351562,20.420000076293945,19.780000686645508,20.329999923706055,15.907675743103027,45000,0.0,False
2011-10-06,20.239999771118164,20.940000534057617,19.969999313354492,20.90999984741211,16.361499786376953,80000,0.0,False
2011-10-07,21.0,21.0,20.1299991607666,20.209999084472656,15.813764572143555,94600,0.0,False
2011-10-10,20.690000534057617,21.209999084472656,20.690000534057617,21.200000762939453,16.588424682617188,75200,0.0,False
2011-10-11,20.899999618530273,21.40999984741211,20.8799991607666,21.209999084472656,16.596240997314453,68000,0.0,False
2011-10-12,21.479999542236328,21.989999771118164,21.43000030517578,21.719999313354492,16.99530792236328,35800,0.0,False
2011-10-13,21.479999542236328,21.540000915527344,21.049999237060547,21.399999618530273,16.744916915893555,48200,0.0,False
2011-10-14,21.65999984741211,21.700000762939453,21.239999771118164,21.56999969482422,16.87794303894043,28200,0.0,False
2011-10-17,21.43000030517578,21.43000030517578,20.950000762939453,20.989999771118164,16.42410659790039,40300,0.0,False
2011-10-18,21.049999237060547,21.8799991607666,20.8799991607666,21.790000915527344,17.050085067749023,82900,0.0,False
2011-10-19,21.760000228881836,21.920000076293945,21.25,21.270000457763672,16.643198013305664,50000,0.0,False
2011-10-20,21.229999542236328,21.510000228881836,20.989999771118164,21.440000534057617,16.776212692260742,46100,0.0,False
2011-10-21,21.760000228881836,21.979999542236328,21.600000381469727,21.860000610351562,17.104862213134766,44800,0.0,False
2011-10-24,21.940000534057617,22.420000076293945,21.93000030517578,22.3799991607666,17.51173210144043,49500,0.0,False
2011-10-25,22.170000076293945,22.170000076293945,21.270000457763672,21.299999237060547,16.666671752929688,24200,0.0,False
2011-10-26,21.700000762939453,21.719999313354492,21.100000381469727,21.65999984741211,16.948362350463867,34000,0.0,False
2011-10-27,22.700000762939453,23.56999969482422,22.700000762939453,23.399999618530273,18.309856414794922,80000,0.0,False
2011-10-28,23.190000534057617,23.43000030517578,23.139999389648438,23.280000686645508,18.21596908569336,59200,0.0,False
2011-10-31,22.920000076293945,22.920000076293945,22.290000915527344,22.290000915527344,17.441314697265625,77800,0.0,False
2011-11-01,21.489999771118164,21.549999237060547,21.059999465942383,21.110000610351562,16.517993927001953,25200,0.0,False
2011-11-02,21.450000762939453,21.59000015258789,21.18000030517578,21.530000686645508,16.846643447875977,40000,0.0,False
2011-11-03,21.809999465942383,22.239999771118164,21.09000015258789,22.15999984741211,17.3395938873291,28800,0.0,False
2011-11-04,21.780000686645508,22.030000686645508,21.579999923706055,21.950000762939453,17.175275802612305,28100,0.0,False
2011-11-07,22.010000228881836,22.040000915527344,21.6299991607666,22.040000915527344,17.24570655822754,37800,0.0,False
2011-11-08,22.229999542236328,22.540000915527344,22.049999237060547,22.489999771118164,17.597806930541992,641800,0.0,False
2011-11-09,21.690000534057617,21.790000915527344,21.18000030517578,21.229999542236328,16.611894607543945,97900,0.0,False
2011-11-10,21.34000015258789,21.520000457763672,21.1299991607666,21.280000686645508,16.651018142700195,20600,0.0,False
2011-11-11,21.549999237060547,21.760000228881836,21.549999237060547,21.729999542236328,17.003135681152344,13300,0.0,False
2011-11-14,21.559999465942383,21.6299991607666,21.260000228881836,21.389999389648438,16.73708724975586,57100,0.0,False
2011-11-15,21.219999313354492,21.670000076293945,21.149999618530273,21.549999237060547,16.86229133605957,11100,0.0,False
2011-11-16,21.229999542236328,21.229999542236328,20.700000762939453,20.739999771118164,16.228483200073242,32500,0.0,False
2011-11-17,20.690000534057617,20.690000534057617,20.239999771118164,20.34000015258789,15.915495872497559,825900,0.0,False
2011-11-18,20.34000015258789,20.559999465942383,20.280000686645508,20.43000030517578,15.985916137695312,26300,0.0,False
2011-11-21,20.030000686645508,20.190000534057617,19.829999923706055,20.0,15.649456024169922,57500,0.0,False
2011-11-22,19.950000762939453,20.079999923706055,19.739999771118164,19.790000915527344,15.485145568847656,30600,0.0,False
2011-11-23,19.549999237060547,19.610000610351562,19.3700008392334,19.3700008392334,15.15649700164795,49300,0.0,False
2011-11-25,19.440000534057617,19.68000030517578,19.360000610351562,19.43000030517578,15.20344352722168,25600,0.0,False
2011-11-28,20.09000015258789,20.280000686645508,19.950000762939453,20.149999618530273,15.766824722290039,18600,0.0,False
2011-11-29,20.1299991607666,20.270000457763672,19.989999771118164,20.040000915527344,15.680754661560059,19000,0.0,False
2011-11-30,20.690000534057617,21.200000762939453,20.68000030517578,21.200000762939453,16.588424682617188,24900,0.0,False
2011-12-01,21.049999237060547,21.139999389648438,20.8799991607666,21.06999969482422,16.486696243286133,17800,0.0,False
2011-12-02,21.309999465942383,21.790000915527344,21.190000534057617,21.260000228881836,16.635374069213867,108100,0.0,False
2011-12-05,21.600000381469727,21.889999389648438,21.540000915527344,21.690000534057617,16.971834182739258,24900,0.0,False
2011-12-06,21.690000534057617,21.84000015258789,21.559999465942383,21.719999313354492,16.99530792236328,15700,0.0,False
2011-12-07,21.399999618530273,22.010000228881836,21.329999923706055,21.979999542236328,17.198745727539062,21900,0.0,False
2011-12-08,21.389999389648438,21.389999389648438,21.030000686645508,21.1299991607666,16.533649444580078,14000,0.0,False
2011-12-09,21.1200008392334,21.68000030517578,21.1200008392334,21.559999465942383,16.87010383605957,20500,0.0,False
2011-12-12,21.06999969482422,21.06999969482422,20.809999465942383,21.0,16.43193244934082,9700,0.0,False
2011-12-13,21.190000534057617,21.270000457763672,20.520000457763672,20.6299991607666,16.14241600036621,28200,0.0,False
2011-12-14,20.440000534057617,20.450000762939453,20.260000228881836,20.299999237060547,15.884200096130371,6500,0.0,False
2011-12-15,20.579999923706055,20.579999923706055,20.260000228881836,20.260000228881836,15.852901458740234,8500,0.0,False
2011-12-16,20.43000030517578,20.610000610351562,20.280000686645508,20.350000381469727,15.923319816589355,36400,0.0,False
2011-12-19,20.360000610351562,20.420000076293945,19.84000015258789,19.889999389648438,15.563383102416992,60000,0.0,False
2011-12-20,20.309999465942383,20.93000030517578,20.139999389648438,20.81999969482422,16.29108238220215,23300,0.0,False
2011-12-21,20.809999465942383,20.81999969482422,20.3799991607666,20.770000457763672,16.251956939697266,73700,0.0,False
2011-12-22,20.729999542236328,21.079999923706055,20.729999542236328,21.010000228881836,16.50171661376953,12400,0.0,False
2011-12-23,20.93000030517578,21.1299991607666,20.93000030517578,21.09000015258789,16.564556121826172,13800,0.0,False
2011-12-27,21.020000457763672,21.1299991607666,20.959999084472656,20.959999084472656,16.462446212768555,18400,0.0,False
2011-12-28,21.09000015258789,21.09000015258789,20.639999389648438,20.639999389648438,16.21112060546875,9800,0.0,False
2011-12-29,20.780000686645508,21.030000686645508,20.780000686645508,21.0,16.493865966796875,14800,0.0,False
2011-12-30,20.920000076293945,20.959999084472656,20.860000610351562,20.920000076293945,16.4310359954834,18800,0.0,False
2012-01-03,21.360000610351562,21.690000534057617,21.360000610351562,21.5,16.886577606201172,18400,0.0,False
2012-01-04,21.3799991607666,21.3799991607666,21.100000381469727,21.309999465942383,16.73735237121582,10000,0.0,False
2012-01-05,21.1200008392334,21.489999771118164,20.90999984741211,21.489999771118164,16.87872886657715,4700,0.0,False
2012-01-06,21.450000762939453,21.450000762939453,21.15999984741211,21.3799991607666,16.792329788208008,10000,0.0,False
2012-01-09,21.459999084472656,21.510000228881836,21.3700008392334,21.399999618530273,16.80803680419922,15200,0.0,False
2012-01-10,21.799999237060547,22.010000228881836,21.799999237060547,21.940000534057617,17.232162475585938,7300,0.0,False
2012-01-11,21.84000015258789,22.0,21.790000915527344,21.959999084472656,17.247873306274414,16500,0.0,False
2012-01-12,21.950000762939453,22.149999618530273,21.799999237060547,22.149999618530273,17.39710235595703,3100,0.0,False
2012-01-13,21.889999389648438,22.0,21.770000457763672,21.93000030517578,17.22430992126465,12100,0.0,False
2012-01-17,22.110000610351562,22.149999618530273,21.639999389648438,21.65999984741211,17.01224708557129,35100,0.0,False
2012-01-18,21.969999313354492,22.149999618530273,21.959999084472656,22.139999389648438,17.389244079589844,12900,0.0,False
2012-01-19,22.299999237060547,22.959999084472656,22.299999237060547,22.920000076293945,18.001873016357422,15900,0.0,False
2012-01-20,22.84000015258789,23.1200008392334,22.84000015258789,23.100000381469727,18.14325523376465,19000,0.0,False
2012-01-23,23.100000381469727,23.309999465942383,23.06999969482422,23.139999389648438,18.174667358398438,30300,0.0,False
2012-01-24,22.90999984741211,23.06999969482422,22.809999465942383,23.049999237060547,18.103981018066406,8000,0.0,False
2012-01-25,22.920000076293945,22.93000030517578,22.75,22.790000915527344,17.899776458740234,8200,0.0,False
2012-01-26,22.899999618530273,23.09000015258789,22.690000534057617,22.690000534057617,17.821229934692383,5500,0.0,False
2012-01-27,22.700000762939453,22.889999389648438,22.700000762939453,22.8700008392334,17.96261215209961,7600,0.0,False
2012-01-30,22.610000610351562,22.649999618530273,22.489999771118164,22.610000610351562,17.758390426635742,5800,0.0,False
2012-01-31,22.75,22.75,22.479999542236328,22.639999389648438,17.781957626342773,711300,0.0,False
2012-02-01,22.899999618530273,23.149999618530273,22.8700008392334,23.059999465942383,18.111841201782227,43700,0.0,False
2012-02-02,23.200000762939453,23.229999542236328,23.110000610351562,23.15999984741211,18.190383911132812,1400,0.0,False
2012-02-03,23.510000228881836,23.959999084472656,23.510000228881836,23.940000534057617,18.803009033203125,25600,0.0,False
2012-02-06,23.81999969482422,23.959999084472656,23.799999237060547,23.959999084472656,18.81871795654297,12700,0.0,False
2012-02-07,23.84000015258789,23.940000534057617,23.770000457763672,23.860000610351562,18.740171432495117,14300,0.0,False
2012-02-08,23.920000076293945,24.040000915527344,23.799999237060547,23.889999389648438,18.763736724853516,7500,0.0,False
2012-02-09,23.969999313354492,23.969999313354492,23.729999542236328,23.799999237060547,18.69305419921875,41300,0.0,False
2012-02-10,23.639999389648438,23.799999237060547,23.579999923706055,23.790000915527344,18.685197830200195,7300,0.0,False
2012-02-13,23.90999984741211,23.989999771118164,23.889999389648438,23.950000762939453,18.810863494873047,15300,0.0,False
2012-02-14,23.8700008392334,23.8700008392334,23.540000915527344,23.68000030517578,18.598800659179688,14400,0.0,False
2012-02-15,23.790000915527344,23.81999969482422,23.540000915527344,23.579999923706055,18.520252227783203,9500,0.0,False
2012-02-16,23.540000915527344,24.110000610351562,23.540000915527344,24.079999923706055,18.9129695892334,11900,0.0,False
2012-02-17,24.200000762939453,24.200000762939453,24.030000686645508,24.110000610351562,18.93653106689453,8400,0.0,False
2012-02-21,24.170000076293945,24.190000534057617,23.93000030517578,24.030000686645508,18.87369155883789,23200,0.0,False
2012-02-22,23.84000015258789,23.860000610351562,23.729999542236328,23.799999237060547,18.69305419921875,22000,0.0,False
2012-02-23,23.719999313354492,24.200000762939453,23.709999084472656,24.200000762939453,19.007221221923828,14700,0.0,False
2012-02-24,24.290000915527344,24.3799991607666,24.1200008392334,24.219999313354492,19.022932052612305,7800,0.0,False
2012-02-27,24.079999923706055,24.309999465942383,23.989999771118164,24.309999465942383,19.09361457824707,13400,0.0,False
2012-02-28,24.25,24.540000915527344,24.25,24.440000534057617,19.195724487304688,3800,0.0,False
2012-02-29,24.510000228881836,24.639999389648438,24.290000915527344,24.299999237060547,19.08576011657715,12800,0.0,False
2012-03-01,24.479999542236328,24.68000030517578,24.43000030517578,24.600000381469727,19.321392059326172,20000,0.0,False
2012-03-02,24.559999465942383,24.559999465942383,24.469999313354492,24.469999313354492,19.219282150268555,900,0.0,False
2012-03-05,24.34000015258789,24.34000015258789,24.18000030517578,24.229999542236328,19.030776977539062,5600,0.0,False
2012-03-06,23.8700008392334,23.8700008392334,23.649999618530273,23.670000076293945,18.59095001220703,344800,0.0,False
2012-03-07,23.8799991607666,24.010000228881836,23.809999465942383,23.979999542236328,18.834426879882812,14600,0.0,False
2012-03-08,24.170000076293945,24.270000457763672,24.06999969482422,24.270000457763672,19.062198638916016,24000,0.0,False
2012-03-09,24.280000686645508,24.610000610351562,24.280000686645508,24.510000228881836,19.250694274902344,10200,0.0,False
2012-03-12,24.530000686645508,24.540000915527344,24.280000686645508,24.3799991607666,19.148597717285156,25100,0.0,False
2012-03-13,24.540000915527344,25.229999542236328,24.540000915527344,25.229999542236328,19.816207885742188,30900,0.0,False
2012-03-14,25.260000228881836,25.290000915527344,24.940000534057617,25.06999969482422,19.690536499023438,114900,0.0,False
2012-03-15,25.1299991607666,25.68000030517578,25.1299991607666,25.65999984741211,20.153934478759766,31000,0.0,False
2012-03-16,25.729999542236328,25.729999542236328,25.520000457763672,25.579999923706055,20.091102600097656,19600,0.0,False
2012-03-19,25.649999618530273,26.010000228881836,25.649999618530273,25.780000686645508,20.248184204101562,12200,0.0,False
2012-03-20,25.920000076293945,26.030000686645508,25.8700008392334,25.950000762939453,20.38170623779297,28200,0.0,False
2012-03-21,25.989999771118164,25.989999771118164,25.739999771118164,25.889999389648438,20.334585189819336,44400,0.0,False
2012-03-22,25.59000015258789,25.65999984741211,25.450000762939453,25.579999923706055,20.091102600097656,20400,0.0,False
2012-03-23,25.510000228881836,25.889999389648438,25.43000030517578,25.889999389648438,20.334585189819336,12400,0.0,False
2012-03-26,26.010000228881836,26.239999771118164,25.950000762939453,26.239999771118164,20.684585571289062,32400,0.0,False
2012-03-27,26.260000228881836,26.260000228881836,25.8799991607666,25.8799991607666,20.40079689025879,12300,0.0,False
2012-03-28,25.850000381469727,25.8700008392334,25.420000076293945,25.639999389648438,20.211606979370117,23000,0.0,False
2012-03-29,25.40999984741211,25.43000030517578,25.079999923706055,25.280000686645508,19.927827835083008,38800,0.0,False
2012-03-30,25.31999969482422,25.450000762939453,25.209999084472656,25.360000610351562,19.990890502929688,12200,0.0,False
2012-04-02,25.270000457763672,25.610000610351562,25.229999542236328,25.520000457763672,20.117021560668945,20300,0.0,False
2012-04-03,25.420000076293945,25.420000076293945,25.110000610351562,25.31999969482422,19.95936393737793,17400,0.0,False
2012-04-04,25.0,25.020000457763672,24.760000228881836,24.760000228881836,19.51791763305664,12400,0.0,False
2012-04-05,24.690000534057617,24.860000610351562,24.68000030517578,24.700000762939453,19.470626831054688,40700,0.0,False
2012-04-09,24.270000457763672,24.3799991607666,24.1299991607666,24.260000228881836,19.123777389526367,24400,0.0,False
2012-04-10,24.219999313354492,24.290000915527344,23.65999984741211,23.65999984741211,18.65081024169922,68700,0.0,False
2012-04-11,23.959999084472656,24.079999923706055,23.889999389648438,23.889999389648438,18.832109451293945,65200,0.0,False
2012-04-12,24.0,24.389999389648438,23.93000030517578,24.360000610351562,19.20261573791504,11800,0.0,False
2012-04-13,24.299999237060547,24.299999237060547,23.649999618530273,23.649999618530273,18.642925262451172,7600,0.0,False
2012-04-16,23.93000030517578,23.93000030517578,23.540000915527344,23.670000076293945,18.658695220947266,30700,0.0,False
2012-04-17,23.860000610351562,23.969999313354492,23.799999237060547,23.84000015258789,18.792705535888672,831200,0.0,False
2012-04-18,23.68000030517578,23.739999771118164,23.520000457763672,23.600000381469727,18.603500366210938,13300,0.0,False
2012-04-19,23.75,23.799999237060547,23.43000030517578,23.56999969482422,18.579862594604492,31600,0.0,False
2012-04-20,23.760000228881836,23.760000228881836,23.43000030517578,23.440000534057617,18.477380752563477,16500,0.0,False
2012-04-23,23.15999984741211,23.239999771118164,23.0,23.229999542236328,18.311845779418945,19600,0.0,False
2012-04-24,23.219999313354492,23.450000762939453,23.15999984741211,23.40999984741211,18.453733444213867,8800,0.0,False
2012-04-25,23.639999389648438,23.709999084472656,23.440000534057617,23.540000915527344,18.556211471557617,64700,0.0,False
2012-04-26,23.540000915527344,23.790000915527344,23.540000915527344,23.729999542236328,18.705989837646484,5000,0.0,False
2012-04-27,23.809999465942383,23.809999465942383,23.709999084472656,23.760000228881836,18.729637145996094,5500,0.0,False
2012-04-30,23.530000686645508,23.610000610351562,23.510000228881836,23.56999969482422,18.579862594604492,13000,0.0,False
2012-05-01,23.510000228881836,23.809999465942383,23.510000228881836,23.610000610351562,18.611398696899414,7200,0.0,False
2012-05-02,23.329999923706055,23.329999923706055,23.079999923706055,23.149999618530273,18.248781204223633,31000,0.0,False
2012-05-03,23.139999389648438,23.139999389648438,22.81999969482422,22.899999618530273,18.05171775817871,15000,0.0,False
2012-05-04,22.770000457763672,22.770000457763672,22.520000457763672,22.6200008392334,17.830997467041016,42300,0.0,False
2012-05-07,22.510000228881836,22.690000534057617,22.459999084472656,22.540000915527344,17.767925262451172,18000,0.0,False
2012-05-08,22.34000015258789,22.450000762939453,22.209999084472656,22.450000762939453,17.696983337402344,35800,0.0,False
2012-05-09,22.15999984741211,22.450000762939453,22.079999923706055,22.299999237060547,17.5787410736084,20000,0.0,False
2012-05-10,22.540000915527344,22.540000915527344,22.190000534057617,22.209999084472656,17.507795333862305,17400,0.0,False
2012-05-11,21.93000030517578,22.170000076293945,21.84000015258789,22.0,17.342256546020508,24000,0.0,False
2012-05-14,21.670000076293945,21.739999771118164,21.600000381469727,21.600000381469727,17.026945114135742,41200,0.0,False
2012-05-15,21.600000381469727,21.729999542236328,21.520000457763672,21.520000457763672,16.96388053894043,8700,0.0,False
2012-05-16,21.709999084472656,21.760000228881836,21.149999618530273,21.149999618530273,16.672210693359375,15600,0.0,False
2012-05-17,21.209999084472656,21.229999542236328,20.899999618530273,20.90999984741211,16.4830265045166,117500,0.0,False
2012-05-18,21.020000457763672,21.040000915527344,20.670000076293945,20.719999313354492,16.333251953125,28100,0.0,False
2012-05-21,20.84000015258789,21.1200008392334,20.719999313354492,21.1200008392334,16.6485595703125,45900,0.0,False
2012-05-22,21.239999771118164,21.520000457763672,20.920000076293945,21.049999237060547,16.593387603759766,141900,0.0,False
2012-05-23,20.770000457763672,21.030000686645508,20.559999465942383,21.030000686645508,16.577621459960938,68000,0.0,False
2012-05-24,21.110000610351562,21.1200008392334,20.84000015258789,20.969999313354492,16.53032684326172,26700,0.0,False
2012-05-25,20.969999313354492,21.18000030517578,20.969999313354492,21.100000381469727,16.63280487060547,31700,0.0,False
2012-05-29,21.209999084472656,21.440000534057617,21.209999084472656,21.440000534057617,16.900821685791016,18900,0.0,False
2012-05-30,21.149999618530273,21.149999618530273,20.93000030517578,21.020000457763672,16.56973648071289,94600,0.0,False
2012-05-31,20.799999237060547,21.059999465942383,20.780000686645508,21.049999237060547,16.593387603759766,38300,0.0,False
2012-06-01,20.459999084472656,20.68000030517578,20.43000030517578,20.450000762939453,16.120412826538086,13800,0.0,False
2012-06-04,20.459999084472656,20.489999771118164,20.139999389648438,20.25,15.962759971618652,12900,0.0,False
2012-06-05,20.459999084472656,20.59000015258789,20.459999084472656,20.59000015258789,16.230772018432617,2600,0.0,False
2012-06-06,20.8700008392334,21.209999084472656,20.8700008392334,21.190000534057617,16.7037410736084,7400,0.0,False
2012-06-07,21.559999465942383,21.559999465942383,21.110000610351562,21.110000610351562,16.64068031311035,7500,0.0,False
2012-06-08,21.09000015258789,21.260000228881836,21.059999465942383,21.239999771118164,16.743160247802734,4200,0.0,False
2012-06-11,21.209999084472656,21.239999771118164,20.93000030517578,20.93000030517578,16.49878692626953,12000,0.0,False
2012-06-12,20.920000076293945,21.190000534057617,20.90999984741211,21.190000534057617,16.7037410736084,3400,0.0,False
2012-06-13,21.100000381469727,21.190000534057617,21.020000457763672,21.020000457763672,16.56973648071289,3200,0.0,False
2012-06-14,21.049999237060547,21.139999389648438,21.0,21.1200008392334,16.6485595703125,5900,0.0,False
2012-06-15,21.219999313354492,21.469999313354492,21.209999084472656,21.469999313354492,16.924468994140625,5800,0.0,False
2012-06-18,21.469999313354492,21.530000686645508,21.40999984741211,21.479999542236328,16.932350158691406,21400,0.0,False
2012-06-19,21.459999084472656,21.739999771118164,21.459999084472656,21.65999984741211,17.184640884399414,6900,0.0,False
2012-06-20,21.700000762939453,21.81999969482422,21.549999237060547,21.6299991607666,17.16084098815918,12700,0.0,False
2012-06-21,21.690000534057617,21.690000534057617,21.040000915527344,21.049999237060547,16.700681686401367,13700,0.0,False
2012-06-22,21.25,21.299999237060547,21.149999618530273,21.229999542236328,16.843488693237305,2900,0.0,False
2012-06-25,20.790000915527344,20.790000915527344,20.559999465942383,20.719999313354492,16.43886947631836,3300,0.0,False
2012-06-26,20.790000915527344,20.84000015258789,20.75,20.799999237060547,16.502334594726562,12800,0.0,False
2012-06-27,20.719999313354492,21.010000228881836,20.719999313354492,20.989999771118164,16.653085708618164,5800,0.0,False
2012-06-28,20.829999923706055,21.049999237060547,20.760000228881836,21.049999237060547,16.700681686401367,19800,0.0,False
2012-06-29,21.579999923706055,21.579999923706055,21.399999618530273,21.530000686645508,17.081506729125977,10500,0.0,False
2012-07-02,21.59000015258789,21.690000534057617,21.420000076293945,21.690000534057617,17.20844841003418,2500,0.0,False
2012-07-03,21.68000030517578,21.8700008392334,21.68000030517578,21.809999465942383,17.303651809692383,4000,0.0,False
2012-07-05,21.68000030517578,21.68000030517578,21.520000457763672,21.520000457763672,17.073570251464844,3300,0.0,False
2012-07-06,21.299999237060547,21.350000381469727,21.209999084472656,21.34000015258789,16.93076515197754,16100,0.0,False
2012-07-09,21.209999084472656,21.209999084472656,20.969999313354492,21.06999969482422,16.71654510498047,3000,0.0,False
2012-07-10,21.15999984741211,21.25,20.799999237060547,20.799999237060547,16.502334594726562,12800,0.0,False
2012-07-11,20.899999618530273,21.100000381469727,20.8700008392334,20.989999771118164,16.653085708618164,24700,0.0,False
2012-07-12,20.829999923706055,20.979999542236328,20.719999313354492,20.899999618530273,16.58167839050293,3500,0.0,False
2012-07-13,21.229999542236328,21.420000076293945,21.209999084472656,21.40999984741211,16.986303329467773,17800,0.0,False
2012-07-16,21.360000610351562,21.450000762939453,21.260000228881836,21.3799991607666,16.96249771118164,13700,0.0,False
2012-07-17,21.229999542236328,21.489999771118164,21.229999542236328,21.489999771118164,17.049768447875977,8300,0.0,False
2012-07-18,21.389999389648438,21.5,21.31999969482422,21.34000015258789,16.93076515197754,19400,0.0,False
2012-07-19,21.360000610351562,21.360000610351562,21.030000686645508,21.100000381469727,16.740354537963867,44300,0.0,False
2012-07-20,20.920000076293945,20.920000076293945,20.649999618530273,20.649999618530273,16.38332748413086,8900,0.0,False
2012-07-23,20.270000457763672,20.43000030517578,20.100000381469727,20.420000076293945,16.200851440429688,17800,0.0,False
2012-07-24,20.399999618530273,20.399999618530273,20.15999984741211,20.280000686645508,16.089784622192383,8500,0.0,False
2012-07-25,20.43000030517578,20.65999984741211,20.270000457763672,20.520000457763672,16.28018569946289,37600,0.0,False
2012-07-26,20.649999618530273,20.790000915527344,20.6299991607666,20.790000915527344,16.494403839111328,8700,0.0,False
2012-07-27,20.81999969482422,21.329999923706055,20.81999969482422,21.280000686645508,16.883159637451172,14800,0.0,False
2012-07-30,21.34000015258789,21.3700008392334,21.170000076293945,21.170000076293945,16.7958927154541,4700,0.0,False
2012-07-31,21.1299991607666,21.1299991607666,20.940000534057617,20.969999313354492,16.637208938598633,5400,0.0,False
2012-08-01,20.809999465942383,20.809999465942383,20.5,20.520000457763672,16.28018569946289,3700,0.0,False
2012-08-02,20.15999984741211,20.15999984741211,19.75,19.920000076293945,15.804166793823242,29100,0.0,False
2012-08-03,20.440000534057617,20.760000228881836,20.43000030517578,20.700000762939453,16.422992706298828,13700,0.0,False
2012-08-06,20.719999313354492,20.899999618530273,20.719999313354492,20.75,16.462665557861328,19700,0.0,False
2012-08-07,20.8700008392334,21.290000915527344,20.829999923706055,21.139999389648438,16.772083282470703,7800,0.0,False
2012-08-08,21.0,21.149999618530273,21.0,21.06999969482422,16.71654510498047,2200,0.0,False
2012-08-09,21.18000030517578,21.280000686645508,21.18000030517578,21.25,16.859355926513672,1900,0.0,False
2012-08-10,21.209999084472656,21.209999084472656,21.079999923706055,21.139999389648438,16.772083282470703,5800,0.0,False
2012-08-13,21.079999923706055,21.190000534057617,21.030000686645508,21.139999389648438,16.772083282470703,22400,0.0,False
2012-08-14,21.290000915527344,21.290000915527344,21.049999237060547,21.100000381469727,16.740354537963867,3600,0.0,False
2012-08-15,21.209999084472656,21.229999542236328,21.18000030517578,21.18000030517578,16.803823471069336,8100,0.0,False
2012-08-16,21.200000762939453,21.469999313354492,21.170000076293945,21.399999618530273,16.978364944458008,3500,0.0,False
2012-08-17,21.459999084472656,21.479999542236328,21.3799991607666,21.469999313354492,17.033905029296875,2300,0.0,False
2012-08-20,21.40999984741211,21.579999923706055,21.40999984741211,21.530000686645508,17.081506729125977,5100,0.0,False
2012-08-21,21.690000534057617,21.8700008392334,21.59000015258789,21.670000076293945,17.192577362060547,82900,0.0,False
2012-08-22,21.559999465942383,21.65999984741211,21.520000457763672,21.600000381469727,17.137042999267578,3400,0.0,False
2012-08-23,21.600000381469727,21.600000381469727,21.329999923706055,21.350000381469727,16.938703536987305,52800,0.0,False
2012-08-24,21.260000228881836,21.510000228881836,21.260000228881836,21.459999084472656,17.025972366333008,3000,0.0,False
2012-08-27,21.5,21.520000457763672,21.389999389648438,21.389999389648438,16.970428466796875,900,0.0,False
2012-08-28,21.3799991607666,21.639999389648438,21.3799991607666,21.6200008392334,17.152912139892578,3500,0.0,False
2012-08-29,21.690000534057617,21.690000534057617,21.600000381469727,21.65999984741211,17.184640884399414,3500,0.0,False
2012-08-30,21.540000915527344,21.59000015258789,21.540000915527344,21.59000015258789,17.129104614257812,400,0.0,False
2012-08-31,21.649999618530273,21.799999237060547,21.6200008392334,21.729999542236328,17.240177154541016,7900,0.0,False
2012-09-04,21.700000762939453,21.959999084472656,21.690000534057617,21.93000030517578,17.398855209350586,52500,0.0,False
2012-09-05,21.90999984741211,22.0,21.899999618530273,21.950000762939453,17.414722442626953,33500,0.0,False
2012-09-06,22.100000381469727,22.510000228881836,22.049999237060547,22.5,17.851085662841797,28400,0.0,False
2012-09-07,22.600000381469727,22.850000381469727,22.600000381469727,22.850000381469727,18.128768920898438,8100,0.0,False
2012-09-10,22.829999923706055,22.84000015258789,22.59000015258789,22.59000015258789,17.9224910736084,7600,0.0,False
2012-09-11,22.639999389648438,22.920000076293945,22.6299991607666,22.829999923706055,18.112899780273438,58500,0.0,False
2012-09-12,22.940000534057617,23.020000457763672,22.920000076293945,23.020000457763672,18.26364517211914,19100,0.0,False
2012-09-13,22.889999389648438,23.40999984741211,22.889999389648438,23.40999984741211,18.57305908203125,8000,0.0,False
2012-09-14,23.6200008392334,23.799999237060547,23.6200008392334,23.709999084472656,18.811077117919922,22800,0.0,False
2012-09-17,23.6299991607666,23.6299991607666,23.40999984741211,23.469999313354492,18.620670318603516,9100,0.0,False
2012-09-18,23.43000030517578,23.43000030517578,23.25,23.350000381469727,18.52545928955078,39400,0.0,False
2012-09-19,23.3700008392334,23.3700008392334,23.200000762939453,23.209999084472656,18.41438865661621,5400,0.0,False
2012-09-20,22.969999313354492,22.969999313354492,22.719999313354492,22.8700008392334,18.144638061523438,32100,0.0,False
2012-09-21,23.079999923706055,23.079999923706055,22.899999618530273,22.920000076293945,18.184295654296875,5600,0.0,False
2012-09-24,22.770000457763672,22.860000610351562,22.719999313354492,22.770000457763672,18.06529426574707,6000,0.0,False
2012-09-25,22.81999969482422,22.81999969482422,22.190000534057617,22.190000534057617,17.674219131469727,3300,0.0,False
2012-09-26,22.1200008392334,22.170000076293945,22.030000686645508,22.06999969482422,17.57863426208496,15900,0.0,False
2012-09-27,22.25,22.40999984741211,22.219999313354492,22.389999389648438,17.833513259887695,6400,0.0,False
2012-09-28,22.170000076293945,22.270000457763672,22.110000610351562,22.209999084472656,17.690147399902344,6700,0.0,False
2012-10-01,22.329999923706055,22.530000686645508,22.25,22.309999465942383,17.769792556762695,14700,0.0,False
2012-10-02,22.43000030517578,22.43000030517578,22.329999923706055,22.3700008392334,17.817584991455078,14400,0.0,False
2012-10-03,22.3799991607666,22.43000030517578,22.200000762939453,22.350000381469727,17.801652908325195,16800,0.0,False
2012-10-04,22.510000228881836,22.649999618530273,22.469999313354492,22.6200008392334,18.016708374023438,14600,0.0,False
2012-10-05,22.860000610351562,22.8700008392334,22.610000610351562,22.610000610351562,18.008747100830078,15500,0.0,False
2012-10-08,22.610000610351562,22.610000610351562,22.610000610351562,22.610000610351562,18.008747100830078,300,0.0,False
2012-10-09,22.610000610351562,22.610000610351562,22.389999389648438,22.399999618530273,17.841487884521484,13100,0.0,False
2012-10-10,22.389999389648438,22.450000762939453,22.229999542236328,22.350000381469727,17.801652908325195,45300,0.0,False
2012-10-11,22.479999542236328,22.59000015258789,22.469999313354492,22.530000686645508,17.945032119750977,18900,0.0,False
2012-10-12,22.440000534057617,22.440000534057617,22.1299991607666,22.15999984741211,17.650318145751953,13300,0.0,False
2012-10-15,22.200000762939453,22.420000076293945,22.190000534057617,22.420000076293945,17.857418060302734,11800,0.0,False
2012-10-16,22.649999618530273,22.690000534057617,22.6299991607666,22.6299991607666,18.02467918395996,1800,0.0,False
2012-10-17,22.719999313354492,23.1200008392334,22.719999313354492,23.1200008392334,18.414962768554688,11300,0.0,False
2012-10-18,23.020000457763672,23.049999237060547,22.780000686645508,22.850000381469727,18.199907302856445,12800,0.0,False
2012-10-19,22.700000762939453,22.700000762939453,22.25,22.350000381469727,17.801652908325195,29600,0.0,False
2012-10-22,22.280000686645508,22.399999618530273,22.25,22.270000457763672,17.737932205200195,10500,0.0,False
2012-10-23,22.049999237060547,22.190000534057617,22.030000686645508,22.18000030517578,17.666255950927734,10900,0.0,False
2012-10-24,22.270000457763672,22.280000686645508,22.260000228881836,22.270000457763672,17.737932205200195,3100,0.0,False
2012-10-25,22.3700008392334,22.3700008392334,22.200000762939453,22.31999969482422,17.777767181396484,3500,0.0,False
2012-10-26,22.270000457763672,22.31999969482422,22.1299991607666,22.31999969482422,17.777767181396484,400,0.0,False
2012-10-31,22.299999237060547,22.40999984741211,22.260000228881836,22.40999984741211,17.849441528320312,2600,0.0,False
2012-11-01,22.670000076293945,22.690000534057617,22.670000076293945,22.690000534057617,18.072463989257812,700,0.0,False
2012-11-02,22.90999984741211,22.90999984741211,22.649999618530273,22.649999618530273,18.040607452392578,6400,0.0,False
2012-11-05,22.65999984741211,23.0,22.639999389648438,22.940000534057617,18.27159309387207,22100,0.0,False
2012-11-06,23.010000228881836,23.020000457763672,22.979999542236328,23.020000457763672,18.335309982299805,2900,0.0,False
2012-11-07,22.649999618530273,22.68000030517578,22.170000076293945,22.170000076293945,17.65828514099121,31700,0.0,False
2012-11-08,22.229999542236328,22.229999542236328,21.959999084472656,21.959999084472656,17.49102783203125,10100,0.0,False
2012-11-09,21.850000381469727,22.049999237060547,21.770000457763672,21.81999969482422,17.3795166015625,14300,0.0,False
2012-11-12,22.059999465942383,22.079999923706055,21.950000762939453,22.020000457763672,17.538818359375,4900,0.0,False
2012-11-13,21.81999969482422,22.059999465942383,21.780000686645508,21.780000686645508,17.347654342651367,1800,0.0,False
2012-11-14,21.75,21.75,21.309999465942383,21.309999465942383,16.97330665588379,56800,0.0,False
2012-11-15,21.34000015258789,21.479999542236328,21.299999237060547,21.43000030517578,17.068880081176758,32100,0.0,False
2012-11-16,21.43000030517578,21.540000915527344,21.260000228881836,21.540000915527344,17.156490325927734,9700,0.0,False
2012-11-19,21.920000076293945,21.959999084472656,21.829999923706055,21.829999923706055,17.38747787475586,1200,0.0,False
2012-11-20,21.8799991607666,21.889999389648438,21.809999465942383,21.889999389648438,17.435266494750977,10200,0.0,False
2012-11-21,21.8799991607666,21.90999984741211,21.790000915527344,21.90999984741211,17.451200485229492,3700,0.0,False
2012-11-23,22.030000686645508,22.1200008392334,22.010000228881836,22.09000015258789,17.594572067260742,2300,0.0,False
2012-11-26,22.1299991607666,22.309999465942383,22.1299991607666,22.309999465942383,17.769792556762695,2200,0.0,False
2012-11-27,22.280000686645508,22.3799991607666,22.239999771118164,22.239999771118164,17.714040756225586,5700,0.0,False
2012-11-28,22.149999618530273,22.489999771118164,22.149999618530273,22.489999771118164,17.91316795349121,5700,0.0,False
2012-11-29,22.639999389648438,22.65999984741211,22.479999542236328,22.549999237060547,17.96095848083496,102500,0.0,False
2012-11-30,22.559999465942383,22.65999984741211,22.549999237060547,22.649999618530273,18.040607452392578,62500,0.0,False
2012-12-03,22.700000762939453,22.700000762939453,22.530000686645508,22.549999237060547,17.96095848083496,6600,0.0,False
2012-12-04,22.520000457763672,22.56999969482422,22.450000762939453,22.479999542236328,17.90520477294922,13600,0.0,False
2012-12-05,22.59000015258789,22.729999542236328,22.510000228881836,22.670000076293945,18.056543350219727,2700,0.0,False
2012-12-06,22.700000762939453,22.700000762939453,22.600000381469727,22.670000076293945,18.056543350219727,5800,0.0,False
2012-12-07,22.84000015258789,22.84000015258789,22.690000534057617,22.719999313354492,18.096357345581055,2100,0.0,False
2012-12-10,22.68000030517578,22.719999313354492,22.600000381469727,22.639999389648438,18.03264045715332,38000,0.0,False
2012-12-11,22.739999771118164,22.8700008392334,22.739999771118164,22.780000686645508,18.14415168762207,7500,0.0,False
2012-12-12,22.889999389648438,23.0,22.860000610351562,22.8799991607666,18.223793029785156,7900,0.0,False
2012-12-13,22.940000534057617,22.969999313354492,22.790000915527344,22.8700008392334,18.215837478637695,5900,0.0,False
2012-12-14,22.84000015258789,22.979999542236328,22.84000015258789,22.90999984741211,18.24769401550293,4200,0.0,False
2012-12-17,22.989999771118164,23.270000457763672,22.989999771118164,23.270000457763672,18.53443717956543,23800,0.0,False
2012-12-18,23.40999984741211,23.729999542236328,23.399999618530273,23.729999542236328,18.900819778442383,32100,0.0,False
2012-12-19,23.479999542236328,23.530000686645508,23.420000076293945,23.420000076293945,18.93720817565918,42000,0.0,False
2012-12-20,24.0,24.0,23.809999465942383,23.940000534057617,19.35767364501953,19100,0.0,False
2012-12-21,23.579999923706055,23.81999969482422,23.579999923706055,23.690000534057617,19.155532836914062,19600,0.0,False
2012-12-24,23.709999084472656,23.709999084472656,23.600000381469727,23.6299991607666,19.10700225830078,8700,0.0,False
2012-12-26,23.68000030517578,23.709999084472656,23.559999465942383,23.559999465942383,19.0504093170166,4900,0.0,False
2012-12-27,23.579999923706055,23.59000015258789,23.209999084472656,23.489999771118164,19.01479721069336,16400,0.0,False
2012-12-28,23.299999237060547,23.489999771118164,23.299999237060547,23.420000076293945,18.9581298828125,10600,0.0,False
2012-12-31,23.360000610351562,23.6299991607666,23.360000610351562,23.6299991607666,19.12811851501465,7600,0.0,False
2013-01-02,24.110000610351562,24.209999084472656,24.110000610351562,24.190000534057617,19.58142852783203,6000,0.0,False
2013-01-03,24.290000915527344,24.420000076293945,24.290000915527344,24.350000381469727,19.710954666137695,124300,0.0,False
2013-01-04,24.489999771118164,24.84000015258789,24.399999618530273,24.84000015258789,20.10759735107422,66500,0.0,False
2013-01-07,24.780000686645508,24.780000686645508,24.59000015258789,24.65999984741211,19.961891174316406,12100,0.0,False
2013-01-08,24.559999465942383,24.559999465942383,24.469999313354492,24.520000457763672,19.848562240600586,12600,0.0,False
2013-01-09,24.6200008392334,24.639999389648438,24.579999923706055,24.579999923706055,19.897123336791992,12700,0.0,False
2013-01-10,24.729999542236328,24.93000030517578,24.729999542236328,24.899999618530273,20.15616798400879,34100,0.0,False
2013-01-11,24.829999923706055,24.950000762939453,24.829999923706055,24.940000534057617,20.18855094909668,8100,0.0,False
2013-01-14,24.93000030517578,24.93000030517578,24.829999923706055,24.889999389648438,20.148069381713867,13700,0.0,False
2013-01-15,24.799999237060547,25.010000228881836,24.799999237060547,25.0,20.23711395263672,12200,0.0,False
2013-01-16,24.979999542236328,25.100000381469727,24.979999542236328,25.040000915527344,20.26949119567871,17000,0.0,False
2013-01-17,25.110000610351562,25.299999237060547,25.110000610351562,25.280000686645508,20.46376609802246,12600,0.0,False
2013-01-18,25.360000610351562,25.719999313354492,25.360000610351562,25.709999084472656,20.811845779418945,49400,0.0,False
2013-01-22,25.670000076293945,26.06999969482422,25.670000076293945,26.06999969482422,21.1032657623291,86300,0.0,False
2013-01-23,26.0,26.0,25.81999969482422,25.899999618530273,20.965654373168945,103900,0.0,False
2013-01-24,26.09000015258789,26.15999984741211,26.0,26.059999465942383,21.095170974731445,24300,0.0,False
2013-01-25,26.110000610351562,26.239999771118164,26.040000915527344,26.239999771118164,21.24087905883789,69900,0.0,False
2013-01-28,26.270000457763672,26.360000610351562,26.139999389648438,26.31999969482422,21.305633544921875,77100,0.0,False
2013-01-29,26.260000228881836,26.600000381469727,26.260000228881836,26.600000381469727,21.532297134399414,51400,0.0,False
2013-01-30,26.59000015258789,26.729999542236328,26.549999237060547,26.709999084472656,21.621328353881836,51400,0.0,False
2013-01-31,26.649999618530273,26.790000915527344,26.549999237060547,26.75,21.65371322631836,42400,0.0,False
2013-02-01,27.0,27.209999084472656,26.889999389648438,27.1299991607666,21.961313247680664,366600,0.0,False
2013-02-04,27.0,27.0,26.81999969482422,26.920000076293945,21.791324615478516,164600,0.0,False
2013-02-05,27.040000915527344,27.31999969482422,27.040000915527344,27.280000686645508,22.082740783691406,108300,0.0,False
2013-02-06,27.1200008392334,27.34000015258789,27.040000915527344,27.34000015258789,22.131303787231445,52600,0.0,False
2013-02-07,27.329999923706055,27.459999084472656,27.139999389648438,27.440000534057617,22.212261199951172,57100,0.0,False
2013-02-08,27.450000762939453,27.530000686645508,27.399999618530273,27.489999771118164,22.25273895263672,40600,0.0,False
2013-02-11,27.469999313354492,27.65999984741211,27.399999618530273,27.579999923706055,22.32558250427246,134900,0.0,False
2013-02-12,27.649999618530273,27.84000015258789,27.6299991607666,27.84000015258789,22.53604507446289,80200,0.0,False
2013-02-13,28.030000686645508,28.030000686645508,27.790000915527344,27.969999313354492,22.641279220581055,114100,0.0,False
2013-02-14,27.889999389648438,28.270000457763672,27.850000381469727,28.25,22.867937088012695,315900,0.0,False
2013-02-15,28.270000457763672,28.360000610351562,28.170000076293945,28.239999771118164,22.85984230041504,163600,0.0,False
2013-02-19,28.3799991607666,28.479999542236328,28.25,28.479999542236328,23.054115295410156,245100,0.0,False
2013-02-20,28.540000915527344,28.540000915527344,27.93000030517578,27.950000762939453,22.625091552734375,235800,0.0,False
2013-02-21,27.799999237060547,27.84000015258789,27.329999923706055,27.479999542236328,22.2446346282959,254300,0.0,False
2013-02-22,27.649999618530273,27.889999389648438,27.649999618530273,27.850000381469727,22.544147491455078,72300,0.0,False
2013-02-25,28.190000534057617,28.190000534057617,27.139999389648438,27.149999618530273,21.977506637573242,145300,0.0,False
2013-02-26,27.190000534057617,27.440000534057617,27.049999237060547,27.270000457763672,22.074647903442383,134800,0.0,False
2013-02-27,27.389999389648438,27.75,27.360000610351562,27.65999984741211,22.39034080505371,67100,0.0,False
2013-02-28,27.739999771118164,27.770000457763672,27.520000457763672,27.530000686645508,22.285112380981445,37100,0.0,False
2013-03-01,27.40999984741211,27.489999771118164,27.059999465942383,27.399999618530273,22.179874420166016,63600,0.0,False
2013-03-04,27.389999389648438,27.690000534057617,27.350000381469727,27.670000076293945,22.398447036743164,71300,0.0,False
2013-03-05,27.81999969482422,28.15999984741211,27.81999969482422,28.010000228881836,22.673660278320312,95100,0.0,False
2013-03-06,28.15999984741211,28.31999969482422,28.079999923706055,28.18000030517578,22.811277389526367,71600,0.0,False
2013-03-07,28.350000381469727,28.40999984741211,28.149999618530273,28.360000610351562,22.956979751586914,84300,0.0,False
2013-03-08,28.440000534057617,28.530000686645508,28.34000015258789,28.5,23.070308685302734,71500,0.0,False
2013-03-11,28.469999313354492,28.600000381469727,28.3799991607666,28.549999237060547,23.11078453063965,68800,0.0,False
2013-03-12,28.540000915527344,28.540000915527344,28.329999923706055,28.440000534057617,23.021745681762695,48800,0.0,False
2013-03-13,28.530000686645508,28.729999542236328,28.450000762939453,28.700000762939453,23.23221206665039,45500,0.0,False
2013-03-14,28.610000610351562,28.889999389648438,28.579999923706055,28.799999237060547,23.313156127929688,56200,0.0,False
2013-03-15,28.799999237060547,28.8700008392334,28.68000030517578,28.829999923706055,23.337440490722656,48800,0.0,False
2013-03-18,28.549999237060547,28.59000015258789,28.299999237060547,28.459999084472656,23.03792953491211,42300,0.0,False
2013-03-19,28.510000228881836,28.530000686645508,27.950000762939453,28.139999389648438,22.778902053833008,46200,0.0,False
2013-03-20,28.270000457763672,28.600000381469727,28.270000457763672,28.489999771118164,23.062217712402344,54100,0.0,False
2013-03-21,28.389999389648438,28.40999984741211,28.0,28.0,22.665565490722656,42200,0.0,False
2013-03-22,28.079999923706055,28.190000534057617,27.989999771118164,28.020000457763672,22.68175506591797,41700,0.0,False
2013-03-25,28.020000457763672,28.139999389648438,27.65999984741211,27.729999542236328,22.508859634399414,105400,0.0,False
2013-03-26,27.829999923706055,27.899999618530273,27.719999313354492,27.790000915527344,22.557565689086914,416700,0.0,False
2013-03-27,27.649999618530273,27.760000228881836,27.479999542236328,27.760000228881836,22.533214569091797,108500,0.0,False
2013-03-28,27.829999923706055,27.850000381469727,27.68000030517578,27.790000915527344,22.557565689086914,92800,0.0,False
2013-04-01,27.84000015258789,27.8799991607666,27.3799991607666,27.459999084472656,22.28969955444336,112300,0.0,False
2013-04-02,27.559999465942383,27.760000228881836,27.559999465942383,27.65999984741211,22.452045440673828,50400,0.0,False
2013-04-03,27.559999465942383,27.700000762939453,27.09000015258789,27.209999084472656,22.08676528930664,108900,0.0,False
2013-04-04,27.209999084472656,27.3799991607666,27.139999389648438,27.270000457763672,22.135473251342773,78300,0.0,False
2013-04-05,26.93000030517578,27.1299991607666,26.729999542236328,27.1200008392334,22.013715744018555,123200,0.0,False
2013-04-08,27.149999618530273,27.299999237060547,26.93000030517578,27.290000915527344,22.151708602905273,78200,0.0,False
2013-04-09,27.329999923706055,27.549999237060547,27.31999969482422,27.3700008392334,22.21664047241211,25900,0.0,False
2013-04-10,27.729999542236328,27.889999389648438,27.719999313354492,27.8799991607666,22.6306209564209,62800,0.0,False
2013-04-11,27.899999618530273,28.059999465942383,27.860000610351562,27.950000762939453,22.687435150146484,30200,0.0,False
2013-04-12,27.81999969482422,27.829999923706055,27.6299991607666,27.709999084472656,22.492626190185547,59400,0.0,False
2013-04-15,27.579999923706055,27.760000228881836,27.0,27.040000915527344,21.948781967163086,101700,0.0,False
2013-04-16,27.229999542236328,27.299999237060547,26.989999771118164,27.280000686645508,22.143585205078125,142900,0.0,False
2013-04-17,26.959999084472656,27.049999237060547,26.729999542236328,26.899999618530273,21.83513641357422,36100,0.0,False
2013-04-18,26.780000686645508,26.829999923706055,26.329999923706055,26.3700008392334,21.404932022094727,103800,0.0,False
2013-04-19,26.40999984741211,26.639999389648438,26.3700008392334,26.639999389648438,21.62408447265625,43400,0.0,False
2013-04-22,26.639999389648438,26.780000686645508,26.420000076293945,26.700000762939453,21.672792434692383,45900,0.0,False
2013-04-23,26.799999237060547,27.200000762939453,26.799999237060547,27.100000381469727,21.99747657775879,33700,0.0,False
2013-04-24,27.190000534057617,27.260000228881836,27.059999465942383,27.219999313354492,22.094884872436523,3700,0.0,False
2013-04-25,27.270000457763672,27.479999542236328,27.239999771118164,27.270000457763672,22.135473251342773,217400,0.0,False
2013-04-26,27.270000457763672,27.270000457763672,27.110000610351562,27.190000534057617,22.07053565979004,7200,0.0,False
2013-04-29,27.25,27.469999313354492,27.25,27.40999984741211,22.249114990234375,26200,0.0,False
2013-04-30,27.3700008392334,27.579999923706055,27.3700008392334,27.559999465942383,22.370866775512695,12800,0.0,False
2013-05-01,27.190000534057617,27.56999969482422,27.190000534057617,27.219999313354492,22.094884872436523,281100,0.0,False
2013-05-02,27.260000228881836,27.790000915527344,27.190000534057617,27.739999771118164,22.516979217529297,30500,0.0,False
2013-05-03,28.030000686645508,28.450000762939453,28.030000686645508,28.309999465942383,22.979660034179688,15400,0.0,False
2013-05-06,28.270000457763672,28.510000228881836,28.270000457763672,28.440000534057617,23.085186004638672,12300,0.0,False
2013-05-07,28.489999771118164,28.520000457763672,28.389999389648438,28.489999771118164,23.125764846801758,21600,0.0,False
2013-05-08,28.40999984741211,28.639999389648438,28.40999984741211,28.6299991607666,23.23940658569336,17900,0.0,False
2013-05-09,28.579999923706055,28.739999771118164,28.510000228881836,28.530000686645508,23.158239364624023,11600,0.0,False
2013-05-10,28.510000228881836,28.920000076293945,28.489999771118164,28.920000076293945,23.474803924560547,15400,0.0,False
2013-05-13,28.84000015258789,29.06999969482422,28.84000015258789,28.93000030517578,23.48291778564453,23000,0.0,False
2013-05-14,29.0,29.600000381469727,28.93000030517578,29.559999465942383,23.994306564331055,62100,0.0,False
2013-05-15,29.459999084472656,29.81999969482422,29.3799991607666,29.729999542236328,24.132291793823242,274800,0.0,False
2013-05-16,29.700000762939453,29.8799991607666,29.600000381469727,29.65999984741211,24.07547378540039,89600,0.0,False
2013-05-17,29.760000228881836,30.15999984741211,29.760000228881836,30.139999389648438,24.465097427368164,42000,0.0,False
2013-05-20,30.030000686645508,30.270000457763672,30.0,30.170000076293945,24.48944664001465,47300,0.0,False
2013-05-21,30.25,30.280000686645508,29.979999542236328,29.989999771118164,24.343339920043945,103300,0.0,False
2013-05-22,30.0,30.290000915527344,29.510000228881836,29.610000610351562,24.03488540649414,145400,0.0,False
2013-05-23,29.270000457763672,29.530000686645508,29.100000381469727,29.479999542236328,23.929363250732422,114900,0.0,False
2013-05-24,29.34000015258789,29.450000762939453,29.209999084472656,29.450000762939453,23.905014038085938,22200,0.0,False
2013-05-28,29.81999969482422,30.149999618530273,29.81999969482422,30.079999923706055,24.416399002075195,34600,0.0,False
2013-05-29,29.93000030517578,30.299999237060547,29.549999237060547,30.209999084472656,24.52191925048828,38500,0.0,False
2013-05-30,30.239999771118164,30.719999313354492,30.239999771118164,30.6299991607666,24.862829208374023,98900,0.0,False
2013-05-31,30.6200008392334,30.700000762939453,30.18000030517578,30.18000030517578,24.497573852539062,34900,0.0,False
2013-06-03,30.270000457763672,30.270000457763672,29.68000030517578,30.020000457763672,24.36768913269043,245100,0.0,False
2013-06-04,30.1200008392334,30.229999542236328,29.700000762939453,29.899999618530273,24.270282745361328,123800,0.0,False
2013-06-05,29.809999465942383,29.809999465942383,29.3799991607666,29.389999389648438,23.856304168701172,188300,0.0,False
2013-06-06,29.360000610351562,29.950000762939453,29.350000381469727,29.950000762939453,24.310871124267578,70200,0.0,False
2013-06-07,30.170000076293945,30.780000686645508,30.170000076293945,30.75,24.96023941040039,99800,0.0,False
2013-06-10,30.889999389648438,30.969999313354492,30.719999313354492,30.93000030517578,25.10634994506836,222500,0.0,False
2013-06-11,30.59000015258789,30.709999084472656,30.350000381469727,30.389999389648438,24.668025970458984,79200,0.0,False
2013-06-12,30.729999542236328,30.729999542236328,30.100000381469727,30.15999984741211,24.48133659362793,113500,0.0,False
2013-06-13,30.1200008392334,30.860000610351562,30.1200008392334,30.84000015258789,25.033300399780273,58100,0.0,False
2013-06-14,30.84000015258789,30.84000015258789,30.440000534057617,30.510000228881836,24.765432357788086,69500,0.0,False
2013-06-17,30.709999084472656,31.1200008392334,30.709999084472656,31.040000915527344,25.195632934570312,152200,0.0,False
2013-06-18,31.200000762939453,31.450000762939453,31.110000610351562,31.34000015258789,25.43915367126465,156200,0.0,False
2013-06-19,31.350000381469727,31.40999984741211,31.040000915527344,31.049999237060547,25.203752517700195,65400,0.0,False
2013-06-20,30.719999313354492,30.829999923706055,30.420000076293945,30.520000457763672,24.773540496826172,270900,0.0,False
2013-06-21,30.670000076293945,30.719999313354492,30.139999389648438,30.479999542236328,24.741071701049805,145200,0.0,False
2013-06-24,30.229999542236328,30.31999969482422,29.770000457763672,30.1299991607666,24.45697784423828,72300,0.0,False
2013-06-25,30.309999465942383,30.639999389648438,30.209999084472656,30.479999542236328,24.741071701049805,51300,0.0,False
2013-06-26,30.670000076293945,30.780000686645508,30.440000534057617,30.510000228881836,24.82570457458496,99300,0.0,False
2013-06-27,30.860000610351562,31.0,30.68000030517578,30.959999084472656,25.19186019897461,196300,0.0,False
2013-06-28,30.8799991607666,30.899999618530273,30.649999618530273,30.780000686645508,25.04539680480957,68500,0.0,False
2013-07-01,30.979999542236328,31.34000015258789,30.979999542236328,31.09000015258789,25.297645568847656,86900,0.0,False
2013-07-02,31.06999969482422,31.3700008392334,30.65999984741211,30.889999389648438,25.134906768798828,105900,0.0,False
2013-07-03,30.739999771118164,30.950000762939453,30.68000030517578,30.860000610351562,25.110498428344727,43000,0.0,False
2013-07-05,31.139999389648438,31.459999084472656,31.09000015258789,31.459999084472656,25.59870147705078,243800,0.0,False
2013-07-08,31.700000762939453,31.809999465942383,31.610000610351562,31.65999984741211,25.761444091796875,167200,0.0,False
2013-07-09,31.989999771118164,31.989999771118164,31.579999923706055,31.90999984741211,25.964872360229492,187700,0.0,False
2013-07-10,31.8700008392334,31.969999313354492,31.65999984741211,31.860000610351562,25.9241886138916,85600,0.0,False
2013-07-11,32.279998779296875,32.310001373291016,31.729999542236328,31.889999389648438,25.948596954345703,128800,0.0,False
2013-07-12,32.02000045776367,32.04999923706055,31.899999618530273,32.040000915527344,26.07065200805664,101500,0.0,False
2013-07-15,32.16999816894531,32.29999923706055,31.940000534057617,32.25,26.241525650024414,67900,0.0,False
2013-07-16,32.439998626708984,32.439998626708984,31.799999237060547,31.899999618530273,25.956737518310547,60300,0.0,False
2013-07-17,31.959999084472656,32.040000915527344,31.75,31.860000610351562,25.9241886138916,133700,0.0,False
2013-07-18,32.040000915527344,32.40999984741211,32.02000045776367,32.279998779296875,26.265932083129883,153000,0.0,False
2013-07-19,32.25,32.25,31.969999313354492,32.13999938964844,26.15201759338379,52000,0.0,False
2013-07-22,32.09000015258789,32.16999816894531,31.959999084472656,32.150001525878906,26.1601619720459,179900,0.0,False
2013-07-23,32.31999969482422,32.400001525878906,32.09000015258789,32.2400016784668,26.233396530151367,244400,0.0,False
2013-07-24,32.369998931884766,32.380001068115234,32.0099983215332,32.06999969482422,26.09505844116211,35200,0.0,False
2013-07-25,32.130001068115234,32.400001525878906,32.08000183105469,32.400001525878906,26.36358070373535,36600,0.0,False
2013-07-26,32.279998779296875,32.310001373291016,32.099998474121094,32.310001373291016,26.29034423828125,32000,0.0,False
2013-07-29,32.2599983215332,32.279998779296875,32.08000183105469,32.16999816894531,26.176422119140625,25500,0.0,False
2013-07-30,32.25,32.33000183105469,32.150001525878906,32.20000076293945,26.200838088989258,43400,0.0,False
2013-07-31,32.2599983215332,32.56999969482422,32.22999954223633,32.34000015258789,26.31475067138672,74400,0.0,False
2013-08-01,32.66999816894531,33.08000183105469,32.619998931884766,32.90999984741211,26.778564453125,132600,0.0,False
2013-08-02,32.900001525878906,32.970001220703125,32.70000076293945,32.970001220703125,26.827375411987305,100600,0.0,False
2013-08-05,33.060001373291016,33.060001373291016,32.70000076293945,32.849998474121094,26.7297306060791,64300,0.0,False
2013-08-06,32.779998779296875,32.810001373291016,32.43000030517578,32.5,26.444950103759766,61800,0.0,False
2013-08-07,32.31999969482422,32.38999938964844,31.959999084472656,32.279998779296875,26.265932083129883,163200,0.0,False
2013-08-08,32.47999954223633,32.599998474121094,32.20000076293945,32.36000061035156,26.331029891967773,109100,0.0,False
2013-08-09,32.27000045776367,32.5099983215332,32.27000045776367,32.400001525878906,26.36358070373535,23700,0.0,False
2013-08-12,32.27000045776367,32.400001525878906,32.099998474121094,32.220001220703125,26.21711540222168,51400,0.0,False
2013-08-13,32.27000045776367,32.66999816894531,32.22999954223633,32.59000015258789,26.51818084716797,28200,0.0,False
2013-08-14,32.68000030517578,32.68000030517578,32.40999984741211,32.45000076293945,26.404266357421875,220700,0.0,False
2013-08-15,32.130001068115234,32.150001525878906,31.770000457763672,31.889999389648438,25.948596954345703,102700,0.0,False
2013-08-16,31.799999237060547,32.08000183105469,31.799999237060547,31.950000762939453,25.99741554260254,202000,0.0,False
2013-08-19,31.860000610351562,32.04999923706055,31.649999618530273,31.649999618530273,25.753313064575195,73100,0.0,False
2013-08-20,31.65999984741211,32.099998474121094,31.610000610351562,32.060001373291016,26.086925506591797,26000,0.0,False
2013-08-21,31.8799991607666,32.09000015258789,31.670000076293945,31.850000381469727,25.916051864624023,48400,0.0,False
2013-08-22,32.13999938964844,32.27000045776367,31.93000030517578,32.150001525878906,26.1601619720459,41000,0.0,False
2013-08-23,32.220001220703125,32.220001220703125,31.959999084472656,32.18000030517578,26.184560775756836,91800,0.0,False
2013-08-26,32.150001525878906,32.400001525878906,32.11000061035156,32.11000061035156,26.127609252929688,23900,0.0,False
2013-08-27,31.729999542236328,31.799999237060547,31.219999313354492,31.25,25.427841186523438,124500,0.0,False
2013-08-28,31.219999313354492,31.549999237060547,31.139999389648438,31.360000610351562,25.517335891723633,14500,0.0,False
2013-08-29,31.270000457763672,31.729999542236328,31.270000457763672,31.6200008392334,25.728900909423828,18300,0.0,False
2013-08-30,31.68000030517578,31.68000030517578,31.18000030517578,31.280000686645508,25.452247619628906,64900,0.0,False
2013-09-03,31.639999389648438,31.899999618530273,31.360000610351562,31.540000915527344,25.663808822631836,81600,0.0,False
2013-09-04,31.81999969482422,32.150001525878906,31.81999969482422,32.040000915527344,26.07065200805664,41800,0.0,False
2013-09-05,32.150001525878906,32.33000183105469,32.099998474121094,32.20000076293945,26.200838088989258,43700,0.0,False
2013-09-06,32.34000015258789,32.349998474121094,31.84000015258789,32.22999954223633,26.225248336791992,17000,0.0,False
2013-09-09,32.45000076293945,32.61000061035156,32.349998474121094,32.61000061035156,26.53445816040039,64400,0.0,False
2013-09-10,32.880001068115234,33.15999984741211,32.880001068115234,33.119998931884766,26.949430465698242,67600,0.0,False
2013-09-11,33.119998931884766,33.119998931884766,32.88999938964844,33.040000915527344,26.884340286254883,147600,0.0,False
2013-09-12,32.959999084472656,33.04999923706055,32.79999923706055,32.869998931884766,26.746015548706055,32700,0.0,False
2013-09-13,32.88999938964844,32.9900016784668,32.77000045776367,32.959999084472656,26.819255828857422,34400,0.0,False
2013-09-16,33.34000015258789,33.470001220703125,33.11000061035156,33.16999816894531,26.990116119384766,31000,0.0,False
2013-09-17,33.2400016784668,33.47999954223633,33.2400016784668,33.47999954223633,27.24236297607422,49800,0.0,False
2013-09-18,33.47999954223633,33.54999923706055,33.06999969482422,33.150001525878906,26.973844528198242,40600,0.0,False
2013-09-19,33.369998931884766,33.439998626708984,32.91999816894531,33.150001525878906,26.973844528198242,62200,0.0,False
2013-09-20,33.209999084472656,33.34000015258789,33.08000183105469,33.11000061035156,26.941301345825195,47400,0.0,False
2013-09-23,32.970001220703125,32.970001220703125,32.7400016784668,32.83000183105469,26.713462829589844,59300,0.0,False
2013-09-24,32.77000045776367,33.04999923706055,32.63999938964844,32.75,26.724071502685547,31600,0.0,False
2013-09-25,32.93000030517578,33.130001068115234,32.810001373291016,32.90999984741211,26.854631423950195,35900,0.0,False
2013-09-26,32.93000030517578,33.119998931884766,32.790000915527344,32.91999816894531,26.862791061401367,42300,0.0,False
2013-09-27,32.72999954223633,32.880001068115234,32.65999984741211,32.84000015258789,26.79751205444336,28700,0.0,False
2013-09-30,32.5099983215332,32.72999954223633,32.31999969482422,32.650001525878906,26.64246940612793,27600,0.0,False
2013-10-01,32.72999954223633,33.0,32.72999954223633,33.0,26.928077697753906,73900,0.0,False
2013-10-02,32.7400016784668,32.77000045776367,32.529998779296875,32.66999816894531,26.658798217773438,20700,0.0,False
2013-10-03,32.61000061035156,32.689998626708984,32.22999954223633,32.540000915527344,26.552715301513672,69300,0.0,False
2013-10-04,32.52000045776367,32.97999954223633,32.459999084472656,32.93000030517578,26.870952606201172,36100,0.0,False
2013-10-07,32.619998931884766,32.7599983215332,32.5099983215332,32.5099983215332,26.528234481811523,25300,0.0,False
2013-10-08,32.47999954223633,32.5099983215332,31.959999084472656,31.969999313354492,26.087589263916016,69600,0.0,False
2013-10-09,32.040000915527344,32.31999969482422,31.899999618530273,32.13999938964844,26.226308822631836,48200,0.0,False
2013-10-10,32.459999084472656,33.0,32.459999084472656,33.0,26.928077697753906,27500,0.0,False
2013-10-11,32.9900016784668,33.34000015258789,32.9900016784668,33.310001373291016,27.181032180786133,53300,0.0,False
2013-10-14,33.130001068115234,33.47999954223633,33.04999923706055,33.45000076293945,27.295265197753906,17600,0.0,False
2013-10-15,33.47999954223633,33.77000045776367,33.380001068115234,33.380001068115234,27.2381534576416,119100,0.0,False
2013-10-16,33.599998474121094,34.11000061035156,33.599998474121094,33.959999084472656,27.71143341064453,94800,0.0,False
2013-10-17,33.84000015258789,34.119998931884766,33.61000061035156,34.099998474121094,27.825672149658203,140200,0.0,False
2013-10-18,34.349998474121094,34.5099983215332,34.13999938964844,34.4900016784668,28.143917083740234,80600,0.0,False
2013-10-21,34.59000015258789,34.59000015258789,34.310001373291016,34.33000183105469,28.01335334777832,84100,0.0,False
2013-10-22,34.459999084472656,34.54999923706055,34.22999954223633,34.41999816894531,28.086795806884766,33200,0.0,False
2013-10-23,34.279998779296875,34.38999938964844,34.08000183105469,34.36000061035156,28.0378360748291,33900,0.0,False
2013-10-24,34.400001525878906,34.5099983215332,34.349998474121094,34.459999084472656,28.11943817138672,12500,0.0,False
2013-10-25,34.54999923706055,34.61000061035156,34.47999954223633,34.61000061035156,28.241823196411133,12000,0.0,False
2013-10-28,34.63999938964844,34.650001525878906,34.380001068115234,34.439998626708984,28.103111267089844,17300,0.0,False
2013-10-29,34.58000183105469,34.59000015258789,34.41999816894531,34.59000015258789,28.225509643554688,23300,0.0,False
2013-10-30,34.68000030517578,34.68000030517578,34.2599983215332,34.31999969482422,28.005199432373047,57300,0.0,False
2013-10-31,34.310001373291016,34.380001068115234,34.09000015258789,34.11000061035156,27.833847045898438,37900,0.0,False
2013-11-01,34.130001068115234,34.470001220703125,34.130001068115234,34.470001220703125,28.127601623535156,62500,0.0,False
2013-11-04,34.439998626708984,34.540000915527344,34.29999923706055,34.52000045776367,28.16840171813965,17300,0.0,False
2013-11-05,34.47999954223633,34.650001525878906,34.40999984741211,34.59000015258789,28.225509643554688,7900,0.0,False
2013-11-06,34.720001220703125,34.88999938964844,34.540000915527344,34.869998931884766,28.453998565673828,85500,0.0,False
2013-11-07,34.9900016784668,35.0099983215332,34.33000183105469,34.349998474121094,28.029672622680664,19600,0.0,False
2013-11-08,34.349998474121094,35.380001068115234,34.349998474121094,35.380001068115234,28.870153427124023,93700,0.0,False
2013-11-11,35.36000061035156,35.65999984741211,35.290000915527344,35.59000015258789,29.041519165039062,58500,0.0,False
2013-11-12,35.529998779296875,35.58000183105469,35.36000061035156,35.45000076293945,28.927288055419922,129200,0.0,False
2013-11-13,35.27000045776367,35.79999923706055,35.27000045776367,35.79999923706055,29.212873458862305,28900,0.0,False
2013-11-14,35.72999954223633,35.880001068115234,35.650001525878906,35.81999969482422,29.229206085205078,30400,0.0,False
2013-11-15,35.900001525878906,36.11000061035156,35.79999923706055,36.04999923706055,29.416872024536133,43600,0.0,False
2013-11-18,36.470001220703125,36.470001220703125,35.970001220703125,36.11000061035156,29.46584129333496,87400,0.0,False
2013-11-19,36.119998931884766,36.439998626708984,36.06999969482422,36.22999954223633,29.563753128051758,56200,0.0,False
2013-11-20,36.279998779296875,36.65999984741211,36.2599983215332,36.5099983215332,29.7922420501709,91700,0.0,False
2013-11-21,36.619998931884766,37.2400016784668,36.56999969482422,37.2400016784668,30.387929916381836,107300,0.0,False
2013-11-22,37.380001068115234,37.439998626708984,37.189998626708984,37.439998626708984,30.551116943359375,70400,0.0,False
2013-11-25,37.61000061035156,37.630001068115234,37.40999984741211,37.41999816894531,30.5347900390625,295600,0.0,False
2013-11-26,37.38999938964844,37.5,37.310001373291016,37.34000015258789,30.469526290893555,89700,0.0,False
2013-11-27,37.29999923706055,37.439998626708984,37.18000030517578,37.41999816894531,30.5347900390625,30100,0.0,False
2013-11-29,37.5,37.68000030517578,37.40999984741211,37.41999816894531,30.5347900390625,16600,0.0,False
2013-12-02,37.400001525878906,37.779998779296875,37.310001373291016,37.470001220703125,30.575603485107422,71100,0.0,False
2013-12-03,37.380001068115234,37.380001068115234,36.88999938964844,37.040000915527344,30.224721908569336,84800,0.0,False
2013-12-04,36.869998931884766,37.25,36.709999084472656,37.09000015258789,30.265525817871094,28100,0.0,False
2013-12-05,37.0,37.0,36.66999816894531,36.7400016784668,29.979917526245117,69100,0.0,False
2013-12-06,37.15999984741211,37.400001525878906,36.959999084472656,37.33000183105469,30.46135711669922,71800,0.0,False
2013-12-09,37.40999984741211,37.5099983215332,37.29999923706055,37.380001068115234,30.502159118652344,55100,0.0,False
2013-12-10,37.349998474121094,37.470001220703125,37.20000076293945,37.369998931884766,30.494016647338867,84500,0.0,False
2013-12-11,37.41999816894531,37.41999816894531,37.0,37.09000015258789,30.265525817871094,53600,0.0,False
2013-12-12,37.02000045776367,37.349998474121094,37.02000045776367,37.22999954223633,30.379764556884766,72100,0.0,False
2013-12-13,37.2599983215332,37.54999923706055,37.2400016784668,37.40999984741211,30.526641845703125,64300,0.0,False
2013-12-16,37.54999923706055,37.7599983215332,37.54999923706055,37.68000030517578,30.746959686279297,182700,0.0,False
2013-12-17,37.70000076293945,37.70000076293945,37.400001525878906,37.59000015258789,30.67352867126465,58000,0.0,False
2013-12-18,37.630001068115234,38.29999923706055,37.33000183105469,38.29999923706055,31.252883911132812,107700,0.0,False
2013-12-19,38.29999923706055,38.29999923706055,38.040000915527344,38.08000183105469,31.073368072509766,129700,0.0,False
2013-12-20,38.119998931884766,38.54999923706055,38.060001373291016,38.529998779296875,31.4405517578125,229500,0.0,False
2013-12-23,38.540000915527344,38.59000015258789,38.290000915527344,38.56999969482422,31.62999725341797,184500,0.0,False
2013-12-24,38.68000030517578,38.720001220703125,38.34000015258789,38.4900016784668,31.564395904541016,38600,0.0,False
2013-12-26,38.619998931884766,38.68000030517578,38.529998779296875,38.58000183105469,31.638195037841797,86500,0.0,False
2013-12-27,38.650001525878906,38.650001525878906,38.36000061035156,38.41999816894531,31.50699806213379,54800,0.0,False
2013-12-30,38.52000045776367,38.52000045776367,38.220001220703125,38.29999923706055,31.40857696533203,91000,0.0,False
2013-12-31,38.380001068115234,38.66999816894531,38.380001068115234,38.63999938964844,31.687393188476562,54000,0.0,False
2014-01-02,38.47999954223633,38.59000015258789,38.16999816894531,38.41999816894531,31.50699806213379,170600,0.0,False
2014-01-03,38.619998931884766,38.849998474121094,38.4900016784668,38.72999954223633,31.76120948791504,83500,0.0,False
2014-01-06,38.880001068115234,38.97999954223633,38.58000183105469,38.619998931884766,31.67100715637207,162600,0.0,False
2014-01-07,38.66999816894531,38.970001220703125,38.619998931884766,38.7599983215332,31.785810470581055,153900,0.0,False
2014-01-08,38.77000045776367,38.91999816894531,38.5,38.63999938964844,31.687393188476562,87500,0.0,False
2014-01-09,38.849998474121094,38.93000030517578,38.560001373291016,38.68000030517578,31.720205307006836,86200,0.0,False
2014-01-10,38.70000076293945,38.70000076293945,38.33000183105469,38.599998474121094,31.65459632873535,308400,0.0,False
2014-01-13,38.630001068115234,38.630001068115234,37.810001373291016,37.97999954223633,31.146148681640625,174700,0.0,False
2014-01-14,38.040000915527344,38.58000183105469,38.040000915527344,38.529998779296875,31.597200393676758,94800,0.0,False
2014-01-15,38.65999984741211,38.900001525878906,38.599998474121094,38.900001525878906,31.9006290435791,94800,0.0,False
2014-01-16,38.7400016784668,38.900001525878906,38.66999816894531,38.849998474121094,31.859634399414062,49300,0.0,False
2014-01-17,38.86000061035156,38.97999954223633,38.70000076293945,38.779998779296875,31.802204132080078,75000,0.0,False
2014-01-21,39.0,39.2400016784668,38.83000183105469,38.970001220703125,31.958026885986328,169500,0.0,False
2014-01-22,39.04999923706055,39.22999954223633,38.95000076293945,39.099998474121094,32.064632415771484,61000,0.0,False
2014-01-23,39.02000045776367,39.02000045776367,38.349998474121094,38.61000061035156,31.662797927856445,879500,0.0,False
2014-01-24,38.380001068115234,38.380001068115234,37.47999954223633,37.63999938964844,30.867326736450195,637200,0.0,False
2014-01-27,37.689998626708984,37.790000915527344,36.72999954223633,36.849998474121094,30.2194881439209,342800,0.0,False
2014-01-28,36.90999984741211,37.380001068115234,36.7599983215332,37.349998474121094,30.629514694213867,126500,0.0,False
2014-01-29,36.9900016784668,37.29999923706055,36.75,36.84000015258789,30.211284637451172,99500,0.0,False
2014-01-30,37.09000015258789,37.5099983215332,36.95000076293945,37.41999816894531,30.686920166015625,204500,0.0,False
2014-01-31,36.93000030517578,37.34000015258789,36.650001525878906,37.06999969482422,30.399919509887695,98300,0.0,False
2014-02-03,37.0,37.11000061035156,35.68000030517578,35.75,29.317407608032227,364000,0.0,False
2014-02-04,35.86000061035156,36.52000045776367,35.630001068115234,36.31999969482422,29.784849166870117,292100,0.0,False
2014-02-05,36.22999954223633,36.29999923706055,35.810001373291016,36.06999969482422,29.579830169677734,553000,0.0,False
2014-02-06,36.08000183105469,36.599998474121094,36.08000183105469,36.58000183105469,29.998064041137695,156400,0.0,False
2014-02-07,36.720001220703125,36.97999954223633,36.4900016784668,36.939998626708984,30.293302536010742,105000,0.0,False
2014-02-10,36.880001068115234,37.22999954223633,36.880001068115234,37.099998474121094,30.42450714111328,54600,0.0,False
2014-02-11,37.209999084472656,37.689998626708984,36.9900016784668,37.56999969482422,30.809934616088867,155100,0.0,False
2014-02-12,37.63999938964844,37.869998931884766,37.63999938964844,37.779998779296875,30.982135772705078,94100,0.0,False
2014-02-13,37.459999084472656,38.130001068115234,37.43000030517578,38.119998931884766,31.26097869873047,63400,0.0,False
2014-02-14,38.11000061035156,38.11000061035156,37.75,37.880001068115234,31.06415367126465,97600,0.0,False
2014-02-18,37.880001068115234,38.47999954223633,37.880001068115234,38.439998626708984,31.52338981628418,191100,0.0,False
2014-02-19,38.34000015258789,38.529998779296875,37.83000183105469,37.86000061035156,31.047752380371094,48200,0.0,False
2014-02-20,37.84000015258789,38.15999984741211,37.599998474121094,38.11000061035156,31.252769470214844,71000,0.0,False
2014-02-21,38.209999084472656,38.400001525878906,38.119998931884766,38.15999984741211,31.293777465820312,64800,0.0,False
2014-02-24,38.20000076293945,38.86000061035156,38.15999984741211,38.54999923706055,31.61359977722168,129500,0.0,False
2014-02-25,38.599998474121094,38.619998931884766,38.099998474121094,38.20000076293945,31.326568603515625,62100,0.0,False
2014-02-26,38.290000915527344,38.310001373291016,37.93000030517578,38.040000915527344,31.195377349853516,96400,0.0,False
2014-02-27,37.939998626708984,38.22999954223633,37.810001373291016,38.220001220703125,31.342967987060547,75200,0.0,False
2014-02-28,38.209999084472656,38.61000061035156,38.13999938964844,38.369998931884766,31.465988159179688,118000,0.0,False
2014-03-03,37.91999816894531,38.09000015258789,37.650001525878906,37.97999954223633,31.146148681640625,202400,0.0,False
2014-03-04,38.47999954223633,39.29999923706055,38.47999954223633,39.209999084472656,32.15484619140625,262000,0.0,False
2014-03-05,39.16999816894531,39.400001525878906,39.09000015258789,39.369998931884766,32.28605270385742,94700,0.0,False
2014-03-06,39.540000915527344,39.790000915527344,39.5099983215332,39.52000045776367,32.409061431884766,93100,0.0,False
2014-03-07,39.7400016784668,39.880001068115234,39.540000915527344,39.689998626708984,32.54847717285156,90400,0.0,False
2014-03-10,39.56999969482422,39.70000076293945,39.369998931884766,39.630001068115234,32.499271392822266,49600,0.0,False
2014-03-11,39.599998474121094,39.75,39.04999923706055,39.11000061035156,32.07282638549805,44100,0.0,False
2014-03-12,38.880001068115234,39.22999954223633,38.650001525878906,39.22999954223633,32.17124938964844,50600,0.0,False
2014-03-13,39.400001525878906,39.40999984741211,38.61000061035156,38.689998626708984,31.728418350219727,68900,0.0,False
2014-03-14,38.599998474121094,38.970001220703125,38.470001220703125,38.630001068115234,31.679203033447266,163600,0.0,False
2014-03-17,38.79999923706055,39.40999984741211,38.79999923706055,39.220001220703125,32.163047790527344,46300,0.0,False
2014-03-18,39.310001373291016,39.400001525878906,39.119998931884766,39.22999954223633,32.17124938964844,154400,0.0,False
2014-03-19,39.27000045776367,39.290000915527344,38.79999923706055,39.20000076293945,32.14664077758789,128300,0.0,False
2014-03-20,39.119998931884766,39.97999954223633,39.119998931884766,39.88999938964844,32.71249771118164,116700,0.0,False
2014-03-21,40.11000061035156,40.189998626708984,39.560001373291016,39.59000015258789,32.46647644042969,60200,0.0,False
2014-03-24,39.72999954223633,39.7400016784668,39.290000915527344,39.52000045776367,32.409061431884766,112100,0.0,False
2014-03-25,39.52000045776367,39.65999984741211,38.849998474121094,39.11000061035156,32.159080505371094,210600,0.0,False
2014-03-26,39.310001373291016,39.439998626708984,38.41999816894531,38.41999816894531,31.591716766357422,56700,0.0,False
2014-03-27,38.36000061035156,38.5,37.779998779296875,37.959999084472656,31.213478088378906,73200,0.0,False
2014-03-28,38.02000045776367,38.400001525878906,37.77000045776367,37.88999938964844,31.155916213989258,109800,0.0,False
2014-03-31,38.119998931884766,38.63999938964844,38.119998931884766,38.599998474121094,31.7397518157959,344000,0.0,False
2014-04-01,38.810001373291016,38.810001373291016,38.380001068115234,38.72999954223633,31.846620559692383,55100,0.0,False
2014-04-02,38.849998474121094,39.08000183105469,38.70000076293945,39.06999969482422,32.12620544433594,37200,0.0,False
2014-04-03,39.099998474121094,39.189998626708984,38.2599983215332,38.40999984741211,31.583507537841797,73100,0.0,False
2014-04-04,38.540000915527344,38.54999923706055,36.900001525878906,37.09000015258789,30.498096466064453,152100,0.0,False
2014-04-07,36.91999816894531,37.119998931884766,35.97999954223633,36.15999984741211,29.7333984375,304100,0.0,False
2014-04-08,36.18000030517578,36.470001220703125,35.90999984741211,36.31999969482422,29.864957809448242,276100,0.0,False
2014-04-09,36.439998626708984,36.83000183105469,36.43000030517578,36.810001373291016,30.26787757873535,63200,0.0,False
2014-04-10,36.790000915527344,36.790000915527344,35.790000915527344,35.83000183105469,29.462038040161133,71500,0.0,False
2014-04-11,35.529998779296875,35.650001525878906,35.130001068115234,35.150001525878906,28.90288734436035,211100,0.0,False
2014-04-14,35.29999923706055,35.650001525878906,35.0099983215332,35.40999984741211,29.116695404052734,347300,0.0,False
2014-04-15,35.4900016784668,35.880001068115234,35.040000915527344,35.66999816894531,29.330467224121094,351900,0.0,False
2014-04-16,36.0,36.560001373291016,35.9900016784668,36.540000915527344,30.04585838317871,84600,0.0,False
2014-04-17,36.689998626708984,37.099998474121094,36.599998474121094,36.95000076293945,30.38300132751465,59500,0.0,False
2014-04-21,37.0,37.119998931884766,36.599998474121094,37.040000915527344,30.457006454467773,37900,0.0,False
2014-04-22,37.06999969482422,37.869998931884766,37.029998779296875,37.7599983215332,31.049022674560547,62900,0.0,False
2014-04-23,37.75,37.79999923706055,37.470001220703125,37.650001525878906,30.958576202392578,112400,0.0,False
2014-04-24,37.90999984741211,37.90999984741211,37.029998779296875,37.61000061035156,30.925687789916992,22800,0.0,False
2014-04-25,37.34000015258789,37.52000045776367,37.09000015258789,37.22999954223633,30.613222122192383,59300,0.0,False
2014-04-28,37.349998474121094,37.4900016784668,36.369998931884766,36.84000015258789,30.29254722595215,94900,0.0,False
2014-04-29,37.130001068115234,37.209999084472656,37.04999923706055,37.09000015258789,30.498096466064453,23700,0.0,False
2014-04-30,37.029998779296875,37.470001220703125,36.90999984741211,37.41999816894531,30.769458770751953,25800,0.0,False
2014-05-01,37.41999816894531,37.560001373291016,37.08000183105469,37.45000076293945,30.79412269592285,201000,0.0,False
2014-05-02,37.59000015258789,37.88999938964844,37.459999084472656,37.5,30.835227966308594,33800,0.0,False
2014-05-05,37.16999816894531,37.41999816894531,36.86000061035156,37.41999816894531,30.769458770751953,56700,0.0,False
2014-05-06,37.29999923706055,37.29999923706055,36.59000015258789,36.59000015258789,30.086977005004883,40800,0.0,False
2014-05-07,36.61000061035156,37.0099983215332,36.130001068115234,37.0099983215332,30.43232536315918,104600,0.0,False
2014-05-08,36.91999816894531,37.18000030517578,36.52000045776367,36.52000045776367,30.02941131591797,76600,0.0,False
2014-05-09,36.459999084472656,36.59000015258789,36.2400016784668,36.54999923706055,30.054073333740234,89100,0.0,False
2014-05-12,36.75,37.5,36.72999954223633,37.439998626708984,30.785888671875,42000,0.0,False
2014-05-13,37.40999984741211,37.61000061035156,37.15999984741211,37.18000030517578,30.57210922241211,45600,0.0,False
2014-05-14,37.119998931884766,37.119998931884766,36.630001068115234,36.63999938964844,30.128082275390625,36400,0.0,False
2014-05-15,36.45000076293945,36.45000076293945,35.540000915527344,35.810001373291016,29.44559669494629,59600,0.0,False
2014-05-16,35.72999954223633,35.810001373291016,35.45000076293945,35.790000915527344,29.42915153503418,57200,0.0,False
2014-05-19,35.630001068115234,36.189998626708984,35.58000183105469,36.15999984741211,29.7333984375,36800,0.0,False
2014-05-20,36.16999816894531,36.16999816894531,35.38999938964844,35.59000015258789,29.264684677124023,140200,0.0,False
2014-05-21,35.63999938964844,36.20000076293945,35.63999938964844,36.16999816894531,29.741609573364258,82300,0.0,False
2014-05-22,36.13999938964844,36.599998474121094,36.06999969482422,36.5,30.012968063354492,46400,0.0,False
2014-05-23,36.5,36.61000061035156,36.439998626708984,36.58000183105469,30.078744888305664,61000,0.0,False
2014-05-27,36.72999954223633,37.279998779296875,36.720001220703125,37.06999969482422,30.481660842895508,73900,0.0,False
2014-05-28,37.02000045776367,37.040000915527344,36.77000045776367,36.86000061035156,30.308982849121094,32200,0.0,False
2014-05-29,36.959999084472656,37.02000045776367,36.72999954223633,36.900001525878906,30.341873168945312,20700,0.0,False
2014-05-30,36.81999969482422,37.0,36.70000076293945,36.77000045776367,30.23497200012207,19100,0.0,False
2014-06-02,36.779998779296875,36.779998779296875,36.380001068115234,36.68000030517578,30.16097640991211,33600,0.0,False
2014-06-03,36.52000045776367,36.61000061035156,36.290000915527344,36.40999984741211,29.938968658447266,97200,0.0,False
2014-06-04,36.2599983215332,36.689998626708984,36.18000030517578,36.68000030517578,30.16097640991211,52300,0.0,False
2014-06-05,36.709999084472656,36.95000076293945,36.41999816894531,36.869998931884766,30.317209243774414,37400,0.0,False
2014-06-06,36.95000076293945,37.40999984741211,36.95000076293945,37.349998474121094,30.71189308166504,61200,0.0,False
2014-06-09,37.31999969482422,37.7400016784668,37.310001373291016,37.709999084472656,31.00790786743164,144500,0.0,False
2014-06-10,37.540000915527344,37.560001373291016,37.279998779296875,37.43000030517578,30.777677536010742,34400,0.0,False
2014-06-11,37.15999984741211,37.189998626708984,36.880001068115234,37.029998779296875,30.44877052307129,110800,0.0,False
2014-06-12,36.9900016784668,37.33000183105469,36.90999984741211,37.08000183105469,30.489877700805664,27500,0.0,False
2014-06-13,37.189998626708984,37.33000183105469,37.130001068115234,37.27000045776367,30.6461124420166,31600,0.0,False
2014-06-16,37.099998474121094,37.369998931884766,37.02000045776367,37.290000915527344,30.66255760192871,141500,0.0,False
2014-06-17,37.18000030517578,38.25,37.18000030517578,38.13999938964844,31.361492156982422,56700,0.0,False
2014-06-18,38.18000030517578,38.22999954223633,37.810001373291016,38.220001220703125,31.427289962768555,181400,0.0,False
2014-06-19,38.2599983215332,38.290000915527344,37.4900016784668,37.720001220703125,31.016124725341797,61400,0.0,False
2014-06-20,37.779998779296875,37.9900016784668,37.75,37.9900016784668,31.238149642944336,12800,0.0,False
2014-06-23,37.959999084472656,38.13999938964844,37.75,38.13999938964844,31.361492156982422,28200,0.0,False
2014-06-24,37.939998626708984,37.939998626708984,37.279998779296875,37.279998779296875,30.740571975708008,59500,0.0,False
2014-06-25,37.119998931884766,37.650001525878906,37.119998931884766,37.54999923706055,30.963211059570312,89000,0.0,False
2014-06-26,37.36000061035156,37.4900016784668,37.130001068115234,37.45000076293945,30.88076400756836,29200,0.0,False
2014-06-27,37.540000915527344,37.650001525878906,37.40999984741211,37.5,30.921987533569336,16300,0.0,False
2014-06-30,37.4900016784668,37.72999954223633,37.4900016784668,37.65999984741211,31.053926467895508,15300,0.0,False
2014-07-01,37.959999084472656,38.060001373291016,37.79999923706055,37.849998474121094,31.210586547851562,48800,0.0,False
2014-07-02,37.79999923706055,37.95000076293945,37.7599983215332,37.790000915527344,31.161117553710938,53200,0.0,False
2014-07-03,38.0,38.349998474121094,38.0,38.310001373291016,31.589906692504883,20400,0.0,False
2014-07-07,38.11000061035156,38.11000061035156,37.77000045776367,37.91999816894531,31.268312454223633,16300,0.0,False
2014-07-08,37.70000076293945,37.70000076293945,37.0,37.119998931884766,30.608644485473633,31300,0.0,False
2014-07-09,37.189998626708984,37.189998626708984,36.88999938964844,37.029998779296875,30.534440994262695,55200,0.0,False
2014-07-10,36.400001525878906,36.810001373291016,36.25,36.599998474121094,30.17985725402832,54100,0.0,False
2014-07-11,36.52000045776367,36.84000015258789,36.43000030517578,36.810001373291016,30.353036880493164,14500,0.0,False
2014-07-14,37.2599983215332,37.310001373291016,37.13999938964844,37.18000030517578,30.658117294311523,37300,0.0,False
2014-07-15,37.36000061035156,37.5,36.959999084472656,37.150001525878906,30.633386611938477,28500,0.0,False
2014-07-16,37.279998779296875,37.31999969482422,36.939998626708984,37.11000061035156,30.600406646728516,32300,0.0,False
2014-07-17,37.0,37.20000076293945,36.869998931884766,36.93000030517578,30.45197105407715,33800,0.0,False
2014-07-18,37.029998779296875,37.70000076293945,37.029998779296875,37.630001068115234,31.029184341430664,26900,0.0,False
2014-07-21,37.5,37.72999954223633,37.380001068115234,37.689998626708984,31.07866096496582,14700,0.0,False
2014-07-22,37.779998779296875,38.08000183105469,37.779998779296875,37.95000076293945,31.293048858642578,86100,0.0,False
2014-07-23,38.060001373291016,38.2599983215332,37.84000015258789,38.22999954223633,31.52393341064453,26200,0.0,False
2014-07-24,38.279998779296875,38.630001068115234,38.119998931884766,38.439998626708984,31.697097778320312,33900,0.0,False
2014-07-25,38.279998779296875,38.279998779296875,38.09000015258789,38.189998626708984,31.490951538085938,36600,0.0,False
2014-07-28,38.16999816894531,38.38999938964844,37.95000076293945,38.25,31.540424346923828,60400,0.0,False
2014-07-29,38.34000015258789,38.779998779296875,38.34000015258789,38.40999984741211,31.672365188598633,64500,0.0,False
2014-07-30,38.59000015258789,38.970001220703125,38.5,38.88999938964844,32.06814956665039,43400,0.0,False
2014-07-31,38.54999923706055,38.56999969482422,38.029998779296875,38.029998779296875,31.359012603759766,46100,0.0,False
2014-08-01,37.72999954223633,37.90999984741211,37.349998474121094,37.599998474121094,31.004444122314453,87300,0.0,False
2014-08-04,37.72999954223633,37.869998931884766,37.33000183105469,37.810001373291016,31.177610397338867,57700,0.0,False
2014-08-05,37.59000015258789,37.84000015258789,37.380001068115234,37.54999923706055,30.963211059570312,65000,0.0,False
2014-08-06,37.31999969482422,38.029998779296875,37.31999969482422,37.7400016784668,31.119901657104492,28300,0.0,False
2014-08-07,37.88999938964844,37.88999938964844,37.25,37.33000183105469,30.78179931640625,38100,0.0,False
2014-08-08,37.380001068115234,37.810001373291016,37.11000061035156,37.77000045776367,31.144620895385742,16800,0.0,False
2014-08-11,37.900001525878906,38.2599983215332,37.86000061035156,38.040000915527344,31.367259979248047,36400,0.0,False
2014-08-12,37.970001220703125,38.13999938964844,37.7599983215332,37.880001068115234,31.23533058166504,23700,0.0,False
2014-08-13,37.9900016784668,38.16999816894531,37.97999954223633,38.0099983215332,31.342525482177734,23100,0.0,False
2014-08-14,38.09000015258789,38.13999938964844,37.959999084472656,38.029998779296875,31.359012603759766,14000,0.0,False
2014-08-15,38.25,38.290000915527344,37.630001068115234,38.02000045776367,31.350772857666016,856700,0.0,False
2014-08-18,38.2400016784668,38.54999923706055,38.2400016784668,38.5099983215332,31.754817962646484,26300,0.0,False
2014-08-19,38.4900016784668,38.529998779296875,38.290000915527344,38.29999923706055,31.581647872924805,18900,0.0,False
2014-08-20,38.22999954223633,38.47999954223633,38.13999938964844,38.41999816894531,31.68060874938965,23500,0.0,False
2014-08-21,38.41999816894531,38.720001220703125,38.25,38.68000030517578,31.895000457763672,31200,0.0,False
2014-08-22,38.56999969482422,38.93000030517578,38.56999969482422,38.88999938964844,32.06814956665039,24900,0.0,False
2014-08-25,39.060001373291016,39.58000183105469,39.060001373291016,39.38999938964844,32.4804573059082,44600,0.0,False
2014-08-26,39.45000076293945,39.66999816894531,39.380001068115234,39.540000915527344,32.604148864746094,21200,0.0,False
2014-08-27,39.630001068115234,39.630001068115234,39.130001068115234,39.20000076293945,32.32377624511719,13700,0.0,False
2014-08-28,39.0099983215332,39.2599983215332,38.91999816894531,39.09000015258789,32.233070373535156,15700,0.0,False
2014-08-29,39.22999954223633,39.41999816894531,38.97999954223633,39.25,32.365013122558594,20600,0.0,False
2014-09-02,39.33000183105469,39.59000015258789,39.16999816894531,39.43000030517578,32.51343536376953,93100,0.0,False
2014-09-03,39.619998931884766,39.63999938964844,39.0,39.08000183105469,32.22481155395508,15100,0.0,False
2014-09-04,39.13999938964844,39.380001068115234,38.9900016784668,39.04999923706055,32.20008850097656,8500,0.0,False
2014-09-05,38.880001068115234,39.18000030517578,38.72999954223633,39.16999816894531,32.299041748046875,8600,0.0,False
2014-09-08,39.2400016784668,39.439998626708984,39.209999084472656,39.400001525878906,32.48870086669922,16000,0.0,False
2014-09-09,39.2599983215332,39.31999969482422,39.029998779296875,39.04999923706055,32.20008850097656,35300,0.0,False
2014-09-10,39.08000183105469,39.5099983215332,39.08000183105469,39.4900016784668,32.56291580200195,111900,0.0,False
2014-09-11,39.43000030517578,39.7400016784668,39.279998779296875,39.70000076293945,32.7360725402832,133700,0.0,False
2014-09-12,39.70000076293945,40.16999816894531,39.70000076293945,40.0,32.98345947265625,49600,0.0,False
2014-09-15,40.029998779296875,40.029998779296875,39.790000915527344,39.95000076293945,32.94222640991211,40700,0.0,False
2014-09-16,39.9900016784668,40.130001068115234,39.79999923706055,40.029998779296875,33.0081787109375,113600,0.0,False
2014-09-17,40.08000183105469,40.75,40.08000183105469,40.560001373291016,33.445220947265625,64500,0.0,False
2014-09-18,40.689998626708984,41.290000915527344,40.689998626708984,41.130001068115234,33.91524124145508,185800,0.0,False
2014-09-19,41.290000915527344,41.290000915527344,40.63999938964844,40.77000045776367,33.61838150024414,44600,0.0,False
2014-09-22,40.650001525878906,40.65999984741211,40.209999084472656,40.310001373291016,33.239078521728516,42800,0.0,False
2014-09-23,40.33000183105469,40.529998779296875,39.97999954223633,40.0,32.98345947265625,24600,0.0,False
2014-09-24,39.869998931884766,40.06999969482422,39.7599983215332,40.040000915527344,33.09088897705078,54400,0.0,False
2014-09-25,39.939998626708984,39.95000076293945,39.27000045776367,39.33000183105469,32.50410461425781,53500,0.0,False
2014-09-26,39.290000915527344,39.7400016784668,39.290000915527344,39.650001525878906,32.768585205078125,24200,0.0,False
2014-09-29,40.04999923706055,40.04999923706055,38.90999984741211,39.380001068115234,32.54543685913086,10800,0.0,False
2014-09-30,39.400001525878906,39.529998779296875,39.220001220703125,39.2599983215332,32.44626998901367,19300,0.0,False
2014-10-01,39.209999084472656,39.209999084472656,38.709999084472656,38.810001373291016,32.07435989379883,132700,0.0,False
2014-10-02,38.7599983215332,39.279998779296875,38.66999816894531,39.150001525878906,32.35533905029297,41700,0.0,False
2014-10-03,39.45000076293945,39.88999938964844,39.380001068115234,39.65999984741211,32.7768440246582,249700,0.0,False
2014-10-06,39.90999984741211,39.90999984741211,39.400001525878906,39.529998779296875,32.66939926147461,75200,0.0,False
2014-10-07,39.369998931884766,39.369998931884766,38.59000015258789,38.599998474121094,31.90082359313965,123300,0.0,False
2014-10-08,38.56999969482422,39.15999984741211,38.400001525878906,39.150001525878906,32.35533905029297,42900,0.0,False
2014-10-09,39.20000076293945,39.20000076293945,38.150001525878906,38.2599983215332,31.61981773376465,126300,0.0,False
2014-10-10,38.209999084472656,38.529998779296875,37.79999923706055,37.79999923706055,31.239646911621094,46900,0.0,False
2014-10-13,37.81999969482422,38.0099983215332,37.20000076293945,37.20000076293945,30.743785858154297,39700,0.0,False
2014-10-14,37.34000015258789,37.66999816894531,37.22999954223633,37.38999938964844,30.900814056396484,92900,0.0,False
2014-10-15,36.9900016784668,37.380001068115234,35.61000061035156,37.310001373291016,30.834692001342773,115100,0.0,False
2014-10-16,36.58000183105469,37.72999954223633,36.58000183105469,37.349998474121094,30.86774444580078,25200,0.0,False
2014-10-17,37.90999984741211,37.970001220703125,37.4900016784668,37.630001068115234,31.099157333374023,43400,0.0,False
2014-10-20,37.540000915527344,37.869998931884766,37.540000915527344,37.869998931884766,31.297496795654297,26100,0.0,False
2014-10-21,38.119998931884766,38.560001373291016,38.040000915527344,38.540000915527344,31.851226806640625,108100,0.0,False
2014-10-22,38.5,38.5099983215332,37.939998626708984,37.97999954223633,31.388399124145508,27600,0.0,False
2014-10-23,38.400001525878906,38.84000015258789,38.380001068115234,38.599998474121094,31.90082359313965,56900,0.0,False
2014-10-24,38.63999938964844,38.970001220703125,38.599998474121094,38.970001220703125,32.206600189208984,195900,0.0,False
2014-10-27,38.7400016784668,38.91999816894531,38.58000183105469,38.88999938964844,32.14047622680664,25700,0.0,False
2014-10-28,39.119998931884766,39.45000076293945,39.119998931884766,39.45000076293945,32.60329818725586,12900,0.0,False
2014-10-29,39.41999816894531,39.650001525878906,39.15999984741211,39.54999923706055,32.68592834472656,43100,0.0,False
2014-10-30,39.40999984741211,39.65999984741211,39.25,39.52000045776367,32.6611442565918,29600,0.0,False
2014-10-31,39.939998626708984,40.29999923706055,39.939998626708984,40.20000076293945,33.22312545776367,85400,0.0,False
2014-11-03,40.310001373291016,40.40999984741211,40.15999984741211,40.189998626708984,33.21484375,39100,0.0,False
2014-11-04,40.13999938964844,40.38999938964844,40.040000915527344,40.34000015258789,33.33882522583008,29000,0.0,False
2014-11-05,40.66999816894531,40.75,40.38999938964844,40.619998931884766,33.57023239135742,91600,0.0,False
2014-11-06,40.720001220703125,40.849998474121094,40.58000183105469,40.83000183105469,33.743778228759766,60900,0.0,False
2014-11-07,40.810001373291016,40.810001373291016,40.5,40.58000183105469,33.53718185424805,98300,0.0,False
2014-11-10,40.619998931884766,40.93000030517578,40.59000015258789,40.93000030517578,33.8264274597168,45700,0.0,False
2014-11-11,40.970001220703125,41.150001525878906,40.90999984741211,41.060001373291016,33.93387985229492,36500,0.0,False
2014-11-12,40.880001068115234,41.04999923706055,40.790000915527344,40.9900016784668,33.87601852416992,62500,0.0,False
2014-11-13,41.099998474121094,41.099998474121094,40.72999954223633,40.959999084472656,33.851226806640625,48000,0.0,False
2014-11-14,41.02000045776367,41.119998931884766,40.88999938964844,40.90999984741211,33.809913635253906,20200,0.0,False
2014-11-17,40.810001373291016,40.939998626708984,40.459999084472656,40.54999923706055,33.51238250732422,79600,0.0,False
2014-11-18,40.849998474121094,40.900001525878906,40.630001068115234,40.630001068115234,33.578521728515625,24900,0.0,False
2014-11-19,40.54999923706055,40.54999923706055,40.130001068115234,40.41999816894531,33.40494155883789,79600,0.0,False
2014-11-20,40.18000030517578,40.4900016784668,40.08000183105469,40.439998626708984,33.42148208618164,86300,0.0,False
2014-11-21,40.970001220703125,40.970001220703125,40.33000183105469,40.349998474121094,33.34709548950195,28600,0.0,False
2014-11-24,40.45000076293945,40.7400016784668,40.45000076293945,40.68000030517578,33.61981201171875,127100,0.0,False
2014-11-25,40.779998779296875,40.810001373291016,40.529998779296875,40.709999084472656,33.64461135864258,31500,0.0,False
2014-11-26,40.77000045776367,40.77000045776367,40.540000915527344,40.650001525878906,33.595027923583984,14500,0.0,False
2014-11-28,40.70000076293945,40.880001068115234,40.63999938964844,40.720001220703125,33.652870178222656,21100,0.0,False
2014-12-01,40.599998474121094,40.630001068115234,40.04999923706055,40.310001373291016,33.31404113769531,173100,0.0,False
2014-12-02,40.630001068115234,40.810001373291016,40.41999816894531,40.79999923706055,33.718994140625,12500,0.0,False
2014-12-03,40.810001373291016,41.380001068115234,40.810001373291016,41.349998474121094,34.17353820800781,78700,0.0,False
2014-12-04,41.29999923706055,41.58000183105469,41.209999084472656,41.560001373291016,34.34708023071289,37600,0.0,False
2014-12-05,41.79999923706055,42.290000915527344,41.79999923706055,42.16999816894531,34.85121154785156,91300,0.0,False
2014-12-08,42.02000045776367,42.709999084472656,42.02000045776367,42.369998931884766,35.016510009765625,110500,0.0,False
2014-12-09,41.869998931884766,42.619998931884766,41.619998931884766,42.61000061035156,35.21485900878906,127500,0.0,False
2014-12-10,42.47999954223633,42.540000915527344,41.900001525878906,41.91999816894531,34.64461135864258,116300,0.0,False
2014-12-11,42.09000015258789,42.529998779296875,41.970001220703125,42.06999969482422,34.768577575683594,81200,0.0,False
2014-12-12,41.7599983215332,41.810001373291016,40.93000030517578,40.939998626708984,33.834686279296875,128900,0.0,False
2014-12-15,41.20000076293945,41.310001373291016,40.61000061035156,40.84000015258789,33.752052307128906,85100,0.0,False
2014-12-16,40.599998474121094,41.0099983215332,40.41999816894531,40.4900016784668,33.46278762817383,77800,0.0,False
2014-12-17,40.59000015258789,41.66999816894531,40.58000183105469,41.63999938964844,34.4132080078125,25500,0.0,False
2014-12-18,42.209999084472656,42.5,42.09000015258789,42.5,35.12395477294922,40400,0.0,False
2014-12-19,42.529998779296875,42.72999954223633,42.31999969482422,42.56999969482422,35.181800842285156,206000,0.0,False
2014-12-22,42.70000076293945,42.810001373291016,42.61000061035156,42.810001373291016,35.380126953125,50100,0.0,False
2014-12-23,43.0099983215332,43.36000061035156,42.95000076293945,43.16999816894531,35.67766189575195,80000,0.0,False
2014-12-24,43.06999969482422,43.11000061035156,42.88999938964844,42.95000076293945,35.64364242553711,37500,0.0,False
2014-12-26,43.08000183105469,43.119998931884766,42.880001068115234,42.91999816894531,35.618743896484375,69800,0.0,False
2014-12-29,42.900001525878906,43.16999816894531,42.880001068115234,42.97999954223633,35.66852951049805,69600,0.0,False
2014-12-30,42.88999938964844,42.97999954223633,42.720001220703125,42.869998931884766,35.577247619628906,51000,0.0,False
2014-12-31,43.02000045776367,43.130001068115234,42.630001068115234,42.650001525878906,35.39466857910156,35300,0.0,False
2015-01-02,42.83000183105469,42.83000183105469,42.150001525878906,42.470001220703125,35.245304107666016,175900,0.0,False
2015-01-05,42.220001220703125,42.4900016784668,41.75,42.029998779296875,34.8801383972168,83600,0.0,False
2015-01-06,41.9900016784668,41.9900016784668,40.84000015258789,41.08000183105469,34.091766357421875,193500,0.0,False
2015-01-07,41.45000076293945,41.59000015258789,41.099998474121094,41.58000183105469,34.50669860839844,63400,0.0,False
2015-01-08,41.959999084472656,42.310001373291016,41.959999084472656,42.150001525878906,34.97972869873047,32900,0.0,False
2015-01-09,42.2400016784668,42.2400016784668,41.41999816894531,41.5099983215332,34.44859313964844,46800,0.0,False
2015-01-12,41.459999084472656,41.459999084472656,40.83000183105469,41.029998779296875,34.050254821777344,38600,0.0,False
2015-01-13,41.40999984741211,41.790000915527344,40.560001373291016,40.83000183105469,33.884281158447266,180800,0.0,False
2015-01-14,40.16999816894531,40.16999816894531,39.45000076293945,39.970001220703125,33.17058181762695,108700,0.0,False
2015-01-15,39.90999984741211,39.90999984741211,39.22999954223633,39.2400016784668,32.56475067138672,48700,0.0,False
2015-01-16,38.36000061035156,38.83000183105469,37.84000015258789,38.75,32.15811538696289,447700,0.0,False
2015-01-20,38.869998931884766,39.02000045776367,38.31999969482422,38.720001220703125,32.13322067260742,85000,0.0,False
2015-01-21,38.65999984741211,39.13999938964844,38.31999969482422,38.7400016784668,32.14982223510742,148600,0.0,False
2015-01-22,39.0,40.04999923706055,38.529998779296875,39.939998626708984,33.14568328857422,73600,0.0,False
2015-01-23,39.97999954223633,40.099998474121094,39.79999923706055,39.84000015258789,33.06269073486328,34400,0.0,False
2015-01-26,39.790000915527344,40.060001373291016,39.43000030517578,40.060001373291016,33.245277404785156,34500,0.0,False
2015-01-27,39.56999969482422,39.849998474121094,39.33000183105469,39.52000045776367,32.79713821411133,74200,0.0,False
2015-01-28,39.880001068115234,39.880001068115234,38.58000183105469,38.58000183105469,32.017032623291016,87800,0.0,False
2015-01-29,38.709999084472656,39.119998931884766,38.310001373291016,39.099998474121094,32.448570251464844,86700,0.0,False
2015-01-30,38.459999084472656,39.099998474121094,38.349998474121094,38.560001373291016,32.00043487548828,28800,0.0,False
2015-02-02,38.709999084472656,39.060001373291016,38.380001068115234,39.02000045776367,32.38219451904297,137800,0.0,False
2015-02-03,39.20000076293945,39.9900016784668,39.20000076293945,39.95000076293945,33.15397644042969,77400,0.0,False
2015-02-04,39.81999969482422,40.439998626708984,39.81999969482422,40.16999816894531,33.33655548095703,144100,0.0,False
2015-02-05,40.400001525878906,40.95000076293945,40.290000915527344,40.83000183105469,33.884281158447266,42800,0.0,False
2015-02-06,41.150001525878906,41.79999923706055,41.09000015258789,41.5099983215332,34.44859313964844,51100,0.0,False
2015-02-09,41.279998779296875,41.439998626708984,41.060001373291016,41.099998474121094,34.108341217041016,16200,0.0,False
2015-02-10,41.380001068115234,41.599998474121094,41.16999816894531,41.56999969482422,34.49839782714844,31700,0.0,False
2015-02-11,41.439998626708984,41.779998779296875,41.310001373291016,41.599998474121094,34.5233039855957,13800,0.0,False
2015-02-12,41.720001220703125,42.25,41.720001220703125,42.22999954223633,35.046119689941406,38500,0.0,False
2015-02-13,42.2400016784668,42.40999984741211,41.93000030517578,42.040000915527344,34.888450622558594,19000,0.0,False
2015-02-17,42.0,42.290000915527344,41.970001220703125,42.220001220703125,35.03781509399414,47300,0.0,False
2015-02-18,42.22999954223633,42.2400016784668,41.7400016784668,41.900001525878906,34.77225875854492,53500,0.0,False
2015-02-19,41.970001220703125,42.119998931884766,41.83000183105469,41.95000076293945,34.813758850097656,30500,0.0,False
2015-02-20,41.869998931884766,42.369998931884766,41.540000915527344,42.34000015258789,35.13740539550781,34200,0.0,False
2015-02-23,42.2599983215332,42.2599983215332,41.900001525878906,42.22999954223633,35.046119689941406,16700,0.0,False
2015-02-24,42.2599983215332,42.86000061035156,42.2599983215332,42.599998474121094,35.35317611694336,45200,0.0,False
2015-02-25,42.630001068115234,42.709999084472656,42.40999984741211,42.52000045776367,35.28678512573242,38600,0.0,False
2015-02-26,42.52000045776367,42.619998931884766,42.38999938964844,42.4900016784668,35.26189041137695,16000,0.0,False
2015-02-27,42.5099983215332,42.5099983215332,42.18000030517578,42.189998626708984,35.012935638427734,28400,0.0,False
2015-03-02,42.150001525878906,42.779998779296875,42.13999938964844,42.7599983215332,35.48595428466797,82300,0.0,False
2015-03-03,42.630001068115234,42.72999954223633,42.27000045776367,42.43000030517578,35.212100982666016,34600,0.0,False
2015-03-04,42.34000015258789,42.470001220703125,42.130001068115234,42.2599983215332,35.071014404296875,27300,0.0,False
2015-03-05,42.36000061035156,42.52000045776367,42.09000015258789,42.52000045776367,35.28678512573242,18900,0.0,False
2015-03-06,42.540000915527344,43.400001525878906,42.540000915527344,42.599998474121094,35.35317611694336,100300,0.0,False
2015-03-09,42.599998474121094,42.88999938964844,42.54999923706055,42.79999923706055,35.5191535949707,26000,0.0,False
2015-03-10,42.380001068115234,42.43000030517578,42.150001525878906,42.150001525878906,34.97972869873047,13300,0.0,False
2015-03-11,42.279998779296875,42.720001220703125,42.220001220703125,42.59000015258789,35.34487533569336,43400,0.0,False
2015-03-12,42.90999984741211,43.380001068115234,42.83000183105469,43.369998931884766,35.99219512939453,61400,0.0,False
2015-03-13,43.2400016784668,43.34000015258789,42.7400016784668,43.2400016784668,35.88431167602539,40600,0.0,False
2015-03-16,43.4900016784668,43.720001220703125,43.4900016784668,43.720001220703125,36.28266906738281,37600,0.0,False
2015-03-17,43.540000915527344,43.779998779296875,43.40999984741211,43.75,36.30754852294922,69900,0.0,False
2015-03-18,43.79999923706055,43.79999923706055,43.150001525878906,43.22999954223633,35.875999450683594,80800,0.0,False
2015-03-19,43.150001525878906,43.150001525878906,42.709999084472656,43.11000061035156,35.77642822265625,83700,0.0,False
2015-03-20,43.310001373291016,43.650001525878906,43.2400016784668,43.63999938964844,36.21626663208008,32200,0.0,False
2015-03-23,43.619998931884766,43.650001525878906,43.459999084472656,43.459999084472656,36.066890716552734,17500,0.0,False
2015-03-24,43.45000076293945,43.45000076293945,43.20000076293945,43.209999084472656,35.85941696166992,357000,0.0,False
2015-03-25,43.209999084472656,43.209999084472656,42.2400016784668,42.27000045776367,35.15171432495117,28100,0.0,False
2015-03-26,42.15999984741211,42.56999969482422,41.93000030517578,42.41999816894531,35.276458740234375,42300,0.0,False
2015-03-27,42.22999954223633,42.560001373291016,42.189998626708984,42.560001373291016,35.39289093017578,34500,0.0,False
2015-03-30,42.779998779296875,43.16999816894531,42.779998779296875,43.11000061035156,35.85026931762695,34000,0.0,False
2015-03-31,42.970001220703125,43.02000045776367,42.7599983215332,42.84000015258789,35.625732421875,224700,0.0,False
2015-04-01,42.72999954223633,42.83000183105469,42.5,42.810001373291016,35.60078811645508,12300,0.0,False
2015-04-02,42.84000015258789,43.06999969482422,42.72999954223633,42.86000061035156,35.64236831665039,44000,0.0,False
2015-04-06,42.65999984741211,42.959999084472656,42.279998779296875,42.810001373291016,35.60078811645508,14400,0.0,False
2015-04-07,42.869998931884766,42.9900016784668,42.52000045776367,42.52000045776367,35.359622955322266,31500,0.0,False
2015-04-08,42.560001373291016,42.79999923706055,42.47999954223633,42.689998626708984,35.5009880065918,293200,0.0,False
2015-04-09,42.75,42.880001068115234,42.5099983215332,42.86000061035156,35.64236831665039,11900,0.0,False
2015-04-10,42.790000915527344,42.90999984741211,42.65999984741211,42.81999969482422,35.609107971191406,36800,0.0,False
2015-04-13,42.83000183105469,43.08000183105469,42.83000183105469,42.86000061035156,35.64236831665039,27400,0.0,False
2015-04-14,42.790000915527344,42.970001220703125,42.5099983215332,42.880001068115234,35.65898895263672,27300,0.0,False
2015-04-15,42.9900016784668,43.150001525878906,42.65999984741211,42.93000030517578,35.7005729675293,76300,0.0,False
2015-04-16,42.95000076293945,43.189998626708984,42.70000076293945,43.150001525878906,35.883522033691406,486200,0.0,False
2015-04-17,42.849998474121094,42.849998474121094,42.22999954223633,42.40999984741211,35.268150329589844,34800,0.0,False
2015-04-20,42.650001525878906,42.869998931884766,42.599998474121094,42.689998626708984,35.5009880065918,75800,0.0,False
2015-04-21,42.720001220703125,42.849998474121094,42.56999969482422,42.56999969482422,35.40121078491211,517200,0.0,False
2015-04-22,42.619998931884766,43.099998474121094,42.38999938964844,42.97999954223633,35.74215316772461,78100,0.0,False
2015-04-23,42.88999938964844,43.22999954223633,42.779998779296875,43.099998474121094,35.841941833496094,32400,0.0,False
2015-04-24,43.18000030517578,43.18000030517578,42.720001220703125,42.849998474121094,35.63404846191406,14500,0.0,False
2015-04-27,43.13999938964844,43.16999816894531,42.4900016784668,42.5099983215332,35.35129928588867,26700,0.0,False
2015-04-28,42.470001220703125,42.97999954223633,42.310001373291016,42.97999954223633,35.74215316772461,398300,0.0,False
2015-04-29,42.77000045776367,43.20000076293945,42.77000045776367,43.16999816894531,35.900150299072266,18000,0.0,False
2015-04-30,43.13999938964844,43.13999938964844,42.38999938964844,42.47999954223633,35.32636260986328,31300,0.0,False
2015-05-01,42.68000030517578,42.81999969482422,42.61000061035156,42.66999816894531,35.484375,24000,0.0,False
2015-05-04,42.77000045776367,43.119998931884766,42.77000045776367,43.02000045776367,35.775428771972656,17600,0.0,False
2015-05-05,42.95000076293945,43.18000030517578,42.709999084472656,42.779998779296875,35.57583999633789,38100,0.0,False
2015-05-06,42.900001525878906,42.90999984741211,42.22999954223633,42.5,35.34298324584961,46600,0.0,False
2015-05-07,42.38999938964844,43.029998779296875,42.38999938964844,42.939998626708984,35.70889663696289,16600,0.0,False
2015-05-08,43.16999816894531,43.290000915527344,43.099998474121094,43.2400016784668,35.95836639404297,53200,0.0,False
2015-05-11,43.2599983215332,43.849998474121094,43.2599983215332,43.70000076293945,36.34089279174805,64300,0.0,False
2015-05-12,43.54999923706055,43.54999923706055,43.06999969482422,43.369998931884766,36.06648254394531,21000,0.0,False
2015-05-13,43.34000015258789,43.47999954223633,43.16999816894531,43.41999816894531,36.108062744140625,29500,0.0,False
2015-05-14,43.59000015258789,43.68000030517578,43.380001068115234,43.68000030517578,36.324283599853516,30900,0.0,False
2015-05-15,43.630001068115234,43.72999954223633,43.130001068115234,43.29999923706055,36.008270263671875,41400,0.0,False
2015-05-18,43.27000045776367,43.93000030517578,43.27000045776367,43.90999984741211,36.51554489135742,68500,0.0,False
2015-05-19,43.95000076293945,44.119998931884766,43.77000045776367,43.86000061035156,36.473976135253906,63900,0.0,False
2015-05-20,43.869998931884766,43.91999816894531,43.650001525878906,43.66999816894531,36.31595993041992,18600,0.0,False
2015-05-21,43.59000015258789,43.70000076293945,43.439998626708984,43.61000061035156,36.26605987548828,20100,0.0,False
2015-05-22,43.59000015258789,43.86000061035156,43.58000183105469,43.72999954223633,36.3658561706543,25400,0.0,False
2015-05-26,43.54999923706055,43.61000061035156,43.279998779296875,43.400001525878906,36.091426849365234,184900,0.0,False
2015-05-27,43.5,43.959999084472656,43.349998474121094,43.90999984741211,36.51554489135742,33300,0.0,False
2015-05-28,43.79999923706055,44.029998779296875,43.75,44.029998779296875,36.61532211303711,340500,0.0,False
2015-05-29,44.0,44.0,43.43000030517578,43.709999084472656,36.349212646484375,29000,0.0,False
2015-06-01,43.84000015258789,43.900001525878906,43.470001220703125,43.720001220703125,36.3575325012207,36800,0.0,False
2015-06-02,43.619998931884766,44.060001373291016,43.599998474121094,43.939998626708984,36.54049301147461,47200,0.0,False
2015-06-03,44.150001525878906,44.599998474121094,44.060001373291016,44.43000030517578,36.94797897338867,46100,0.0,False
2015-06-04,44.470001220703125,44.470001220703125,44.16999816894531,44.22999954223633,36.78166580200195,63900,0.0,False
2015-06-05,44.709999084472656,44.93000030517578,44.31999969482422,44.7400016784668,37.20577621459961,87700,0.0,False
2015-06-08,44.880001068115234,44.93000030517578,44.560001373291016,44.61000061035156,37.09764862060547,62900,0.0,False
2015-06-09,44.650001525878906,44.650001525878906,44.20000076293945,44.52000045776367,37.02281951904297,124600,0.0,False
2015-06-10,44.63999938964844,45.27000045776367,44.63999938964844,45.130001068115234,37.530094146728516,161900,0.0,False
2015-06-11,45.27000045776367,45.349998474121094,45.099998474121094,45.20000076293945,37.588314056396484,70200,0.0,False
2015-06-12,45.09000015258789,45.16999816894531,44.83000183105469,44.970001220703125,37.397037506103516,73600,0.0,False
2015-06-15,44.7599983215332,44.84000015258789,44.25,44.790000915527344,37.24736785888672,51600,0.0,False
2015-06-16,44.7400016784668,45.0,44.65999984741211,45.0,37.42198181152344,115400,0.0,False
2015-06-17,45.099998474121094,45.18000030517578,44.810001373291016,44.86000061035156,37.305538177490234,82500,0.0,False
2015-06-18,45.029998779296875,45.060001373291016,44.650001525878906,44.880001068115234,37.32219314575195,81400,0.0,False
2015-06-19,44.869998931884766,44.869998931884766,44.52000045776367,44.619998931884766,37.10598373413086,36200,0.0,False
2015-06-22,44.900001525878906,45.25,44.900001525878906,45.130001068115234,37.530094146728516,96700,0.0,False
2015-06-23,45.29999923706055,45.41999816894531,45.220001220703125,45.290000915527344,37.66315841674805,34800,0.0,False
2015-06-24,45.09000015258789,45.099998474121094,44.54999923706055,44.59000015258789,37.15568923950195,49500,0.0,False
2015-06-25,44.970001220703125,44.970001220703125,44.459999084472656,44.59000015258789,37.15568923950195,42900,0.0,False
2015-06-26,44.869998931884766,44.880001068115234,44.54999923706055,44.709999084472656,37.25567626953125,21700,0.0,False
2015-06-29,44.189998626708984,44.22999954223633,43.290000915527344,43.29999923706055,36.08076858520508,139200,0.0,False
2015-06-30,43.7599983215332,44.04999923706055,43.43000030517578,43.84000015258789,36.53074645996094,50300,0.0,False
2015-07-01,44.310001373291016,44.5099983215332,44.06999969482422,44.2400016784668,36.864036560058594,35000,0.0,False
2015-07-02,44.2400016784668,44.2400016784668,43.869998931884766,44.11000061035156,36.75571823120117,32000,0.0,False
2015-07-06,43.68000030517578,44.040000915527344,43.58000183105469,43.939998626708984,36.61406707763672,25500,0.0,False
2015-07-07,43.939998626708984,43.939998626708984,42.869998931884766,43.84000015258789,36.53074645996094,53600,0.0,False
2015-07-08,43.47999954223633,43.47999954223633,42.79999923706055,42.880001068115234,35.73079299926758,63200,0.0,False
2015-07-09,43.459999084472656,43.689998626708984,43.33000183105469,43.380001068115234,36.147430419921875,65200,0.0,False
2015-07-10,43.869998931884766,44.209999084472656,43.79999923706055,44.130001068115234,36.77238082885742,23800,0.0,False
2015-07-13,44.5099983215332,44.650001525878906,44.38999938964844,44.58000183105469,37.14735412597656,41300,0.0,False
2015-07-14,44.52000045776367,44.849998474121094,44.47999954223633,44.7400016784668,37.28068923950195,18400,0.0,False
2015-07-15,44.790000915527344,44.88999938964844,44.619998931884766,44.790000915527344,37.32234191894531,16700,0.0,False
2015-07-16,45.02000045776367,45.22999954223633,45.0,45.22999954223633,37.688968658447266,31700,0.0,False
2015-07-17,45.2400016784668,45.599998474121094,45.02000045776367,45.29999923706055,37.7473030090332,35600,0.0,False
2015-07-20,45.4900016784668,45.5099983215332,45.099998474121094,45.150001525878906,37.622318267822266,38000,0.0,False
2015-07-21,45.0099983215332,45.400001525878906,44.7599983215332,44.95000076293945,37.45566177368164,16200,0.0,False
2015-07-22,44.83000183105469,45.15999984741211,44.779998779296875,45.130001068115234,37.605655670166016,104500,0.0,False
2015-07-23,45.16999816894531,45.31999969482422,44.47999954223633,44.59000015258789,37.15568923950195,46200,0.0,False
2015-07-24,44.619998931884766,44.65999984741211,44.04999923706055,44.189998626708984,36.82238006591797,41500,0.0,False
2015-07-27,43.88999938964844,43.95000076293945,43.34000015258789,43.58000183105469,36.314083099365234,48400,0.0,False
2015-07-28,43.900001525878906,43.900001525878906,43.560001373291016,43.72999954223633,36.43907165527344,53800,0.0,False
2015-07-29,43.81999969482422,44.31999969482422,43.709999084472656,44.279998779296875,36.897377014160156,42800,0.0,False
2015-07-30,44.150001525878906,44.2400016784668,43.970001220703125,44.209999084472656,36.839027404785156,61900,0.0,False
2015-07-31,44.15999984741211,44.15999984741211,43.83000183105469,43.900001525878906,36.58073425292969,87300,0.0,False
2015-08-03,43.900001525878906,44.029998779296875,43.68000030517578,43.95000076293945,36.622398376464844,24800,0.0,False
2015-08-04,43.959999084472656,44.41999816894531,43.95000076293945,44.18000030517578,36.81403350830078,198100,0.0,False
2015-08-05,44.41999816894531,44.52000045776367,44.13999938964844,44.2400016784668,36.864036560058594,22600,0.0,False
2015-08-06,44.279998779296875,44.540000915527344,43.88999938964844,43.939998626708984,36.61406707763672,15100,0.0,False
2015-08-07,43.880001068115234,43.91999816894531,43.36000061035156,43.689998626708984,36.40573501586914,16200,0.0,False
2015-08-10,43.93000030517578,44.27000045776367,43.93000030517578,44.13999938964844,36.780704498291016,23900,0.0,False
2015-08-11,43.709999084472656,43.79999923706055,43.060001373291016,43.310001373291016,36.08910369873047,18400,0.0,False
2015-08-12,43.0,43.0,41.9900016784668,42.91999816894531,35.764122009277344,105100,0.0,False
2015-08-13,42.95000076293945,43.27000045776367,42.849998474121094,43.09000015258789,35.90576934814453,16300,0.0,False
2015-08-14,43.060001373291016,43.52000045776367,43.060001373291016,43.4900016784668,36.23908996582031,12500,0.0,False
2015-08-17,43.34000015258789,43.47999954223633,43.029998779296875,43.47999954223633,36.23074722290039,30500,0.0,False
2015-08-18,43.40999984741211,43.470001220703125,43.220001220703125,43.349998474121094,36.12242126464844,24900,0.0,False
2015-08-19,43.0099983215332,43.20000076293945,42.66999816894531,42.86000061035156,35.71413040161133,22300,0.0,False
2015-08-20,42.4900016784668,42.4900016784668,41.91999816894531,41.91999816894531,34.930843353271484,54700,0.0,False
2015-08-21,41.470001220703125,41.70000076293945,40.369998931884766,40.369998931884766,33.63926696777344,139000,0.0,False
2015-08-24,39.56999969482422,39.869998931884766,28.770000457763672,38.779998779296875,32.31436538696289,254800,0.0,False
2015-08-25,39.70000076293945,39.779998779296875,38.310001373291016,38.310001373291016,31.922725677490234,99500,0.0,False
2015-08-26,39.06999969482422,39.630001068115234,38.47999954223633,39.619998931884766,33.014320373535156,89300,0.0,False
2015-08-27,40.099998474121094,40.5,39.900001525878906,40.4900016784668,33.73926544189453,140800,0.0,False
2015-08-28,40.34000015258789,40.619998931884766,40.290000915527344,40.560001373291016,33.79758834838867,30700,0.0,False
2015-08-31,40.400001525878906,40.720001220703125,40.38999938964844,40.5,33.747589111328125,34600,0.0,False
2015-09-01,39.75,39.75,39.040000915527344,39.15999984741211,32.631004333496094,47900,0.0,False
2015-09-02,39.65999984741211,39.72999954223633,39.04999923706055,39.59000015258789,32.98933792114258,43900,0.0,False
2015-09-03,39.709999084472656,40.29999923706055,39.709999084472656,39.880001068115234,33.23097610473633,39100,0.0,False
2015-09-04,39.369998931884766,39.59000015258789,39.040000915527344,39.310001373291016,32.7559928894043,69500,0.0,False
2015-09-08,39.95000076293945,40.56999969482422,39.91999816894531,40.56999969482422,33.80592727661133,13300,0.0,False
2015-09-09,40.88999938964844,41.150001525878906,39.939998626708984,39.959999084472656,33.29762268066406,46000,0.0,False
2015-09-10,39.91999816894531,40.45000076293945,39.90999984741211,40.15999984741211,33.46428680419922,34200,0.0,False
2015-09-11,40.029998779296875,40.25,39.77000045776367,40.25,33.539268493652344,87900,0.0,False
2015-09-14,40.22999954223633,40.22999954223633,39.869998931884766,39.970001220703125,33.305965423583984,14100,0.0,False
2015-09-15,40.09000015258789,40.61000061035156,40.029998779296875,40.529998779296875,33.77259063720703,25200,0.0,False
2015-09-16,40.529998779296875,40.88999938964844,40.310001373291016,40.880001068115234,34.064247131347656,15800,0.0,False
2015-09-17,40.779998779296875,41.2400016784668,39.9900016784668,40.06999969482422,33.38928985595703,314800,0.0,False
2015-09-18,39.5,39.5,39.029998779296875,39.11000061035156,32.58935546875,573000,0.0,False
2015-09-21,39.380001068115234,39.900001525878906,39.369998931884766,39.689998626708984,33.07264709472656,23900,0.0,False
2015-09-22,39.209999084472656,39.34000015258789,38.77000045776367,39.130001068115234,32.60600280761719,62600,0.0,False
2015-09-23,39.18000030517578,39.349998474121094,39.060001373291016,39.34000015258789,32.78098678588867,18300,0.0,False
2015-09-24,39.0099983215332,39.060001373291016,38.540000915527344,38.880001068115234,32.397708892822266,20500,0.0,False
2015-09-25,39.29999923706055,39.56999969482422,39.20000076293945,39.290000915527344,32.840694427490234,12400,0.0,False
2015-09-28,39.0,39.099998474121094,37.900001525878906,37.900001525878906,31.67885971069336,238900,0.0,False
2015-09-29,37.95000076293945,37.970001220703125,37.45000076293945,37.7599983215332,31.561824798583984,90900,0.0,False
2015-09-30,38.16999816894531,38.54999923706055,38.040000915527344,38.540000915527344,32.21381378173828,37200,0.0,False
2015-10-01,38.4900016784668,38.59000015258789,37.97999954223633,38.59000015258789,32.25559997558594,37300,0.0,False
2015-10-02,37.72999954223633,38.209999084472656,36.95000076293945,38.209999084472656,31.937978744506836,31700,0.0,False
2015-10-05,38.470001220703125,39.150001525878906,38.470001220703125,39.119998931884766,32.69858932495117,33000,0.0,False
2015-10-06,39.060001373291016,39.060001373291016,38.45000076293945,38.630001068115234,32.28902816772461,87300,0.0,False
2015-10-07,39.029998779296875,39.16999816894531,38.689998626708984,39.099998474121094,32.681884765625,40000,0.0,False
2015-10-08,39.04999923706055,39.279998779296875,38.849998474121094,39.25,32.80727005004883,25300,0.0,False
2015-10-09,39.2599983215332,39.29999923706055,38.599998474121094,38.86000061035156,32.48128890991211,44700,0.0,False
2015-10-12,38.86000061035156,39.11000061035156,38.72999954223633,39.099998474121094,32.681884765625,36000,0.0,False
2015-10-13,38.900001525878906,39.310001373291016,38.75,38.75,32.38933563232422,76600,0.0,False
2015-10-14,38.7400016784668,38.93000030517578,38.27000045776367,38.38999938964844,32.08842468261719,26900,0.0,False
2015-10-15,38.38999938964844,39.43000030517578,38.38999938964844,39.43000030517578,32.95771789550781,49200,0.0,False
2015-10-16,39.5,39.720001220703125,39.36000061035156,39.65999984741211,33.149959564208984,22000,0.0,False
2015-10-19,39.18000030517578,39.59000015258789,39.150001525878906,39.58000183105469,33.08309555053711,20700,0.0,False
2015-10-20,39.540000915527344,39.869998931884766,39.5,39.779998779296875,33.25025939941406,80800,0.0,False
2015-10-21,39.81999969482422,39.88999938964844,38.86000061035156,38.900001525878906,32.51471710205078,16700,0.0,False
2015-10-22,39.08000183105469,40.0099983215332,39.08000183105469,39.900001525878906,33.35057067871094,51600,0.0,False
2015-10-23,40.220001220703125,40.58000183105469,40.119998931884766,40.56999969482422,33.91059112548828,74800,0.0,False
2015-10-26,40.52000045776367,40.70000076293945,40.41999816894531,40.65999984741211,33.98582077026367,17700,0.0,False
2015-10-27,40.47999954223633,40.47999954223633,40.119998931884766,40.380001068115234,33.75177764892578,36600,0.0,False
2015-10-28,40.560001373291016,41.720001220703125,40.45000076293945,41.70000076293945,34.8551139831543,38400,0.0,False
2015-10-29,41.619998931884766,41.86000061035156,41.40999984741211,41.650001525878906,34.81330871582031,326800,0.0,False
2015-10-30,41.61000061035156,41.61000061035156,40.97999954223633,41.06999969482422,34.32850646972656,60200,0.0,False
2015-11-02,41.099998474121094,42.15999984741211,41.099998474121094,42.06999969482422,35.16436767578125,19200,0.0,False
2015-11-03,41.91999816894531,42.2400016784668,41.869998931884766,42.029998779296875,35.13093948364258,49300,0.0,False
2015-11-04,42.15999984741211,42.20000076293945,41.90999984741211,41.959999084472656,35.07242965698242,33000,0.0,False
2015-11-05,42.2599983215332,42.290000915527344,41.95000076293945,42.2599983215332,35.32317352294922,34300,0.0,False
2015-11-06,43.0,43.470001220703125,42.90999984741211,43.34000015258789,36.22590637207031,56800,0.0,False
2015-11-09,43.40999984741211,43.459999084472656,42.83000183105469,43.0099983215332,35.950069427490234,30800,0.0,False
2015-11-10,42.86000061035156,43.0,42.56999969482422,42.959999084472656,35.908267974853516,35700,0.0,False
2015-11-11,43.060001373291016,43.27000045776367,42.939998626708984,42.970001220703125,35.91664505004883,25400,0.0,False
2015-11-12,42.720001220703125,42.720001220703125,42.099998474121094,42.11000061035156,35.19780349731445,35400,0.0,False
2015-11-13,41.95000076293945,42.09000015258789,41.54999923706055,41.77000045776367,34.913612365722656,25100,0.0,False
2015-11-16,41.689998626708984,42.099998474121094,41.34000015258789,42.099998474121094,35.189449310302734,283200,0.0,False
2015-11-17,42.279998779296875,42.40999984741211,41.97999954223633,42.029998779296875,35.13093948364258,180800,0.0,False
2015-11-18,42.209999084472656,42.86000061035156,42.18000030517578,42.86000061035156,35.82469940185547,57600,0.0,False
2015-11-19,42.869998931884766,42.97999954223633,42.540000915527344,42.7400016784668,35.72439956665039,438800,0.0,False
2015-11-20,42.90999984741211,43.08000183105469,42.86000061035156,42.93000030517578,35.88319778442383,17000,0.0,False
2015-11-23,42.90999984741211,43.13999938964844,42.66999816894531,42.7400016784668,35.72439956665039,307100,0.0,False
2015-11-24,42.459999084472656,42.790000915527344,42.220001220703125,42.709999084472656,35.69930648803711,178800,0.0,False
2015-11-25,42.790000915527344,42.959999084472656,42.720001220703125,42.93000030517578,35.88319778442383,14000,0.0,False
2015-11-27,42.9900016784668,43.209999084472656,42.810001373291016,43.189998626708984,36.10053634643555,46200,0.0,False
2015-11-30,43.25,43.43000030517578,43.02000045776367,43.2400016784668,36.14232635498047,45400,0.0,False
2015-12-01,43.349998474121094,43.70000076293945,43.13999938964844,43.68000030517578,36.510101318359375,56500,0.0,False
2015-12-02,43.77000045776367,43.880001068115234,43.2400016784668,43.31999969482422,36.209190368652344,90200,0.0,False
2015-12-03,43.56999969482422,43.599998474121094,42.45000076293945,42.619998931884766,35.62408447265625,25600,0.0,False
2015-12-04,42.81999969482422,43.849998474121094,42.709999084472656,43.790000915527344,36.60204315185547,46400,0.0,False
2015-12-07,43.7400016784668,43.7400016784668,43.119998931884766,43.290000915527344,36.184120178222656,27200,0.0,False
2015-12-08,42.79999923706055,43.040000915527344,42.470001220703125,42.79999923706055,35.7745475769043,17000,0.0,False
2015-12-09,42.61000061035156,42.880001068115234,41.66999816894531,41.81999969482422,34.95541000366211,58000,0.0,False
2015-12-10,41.849998474121094,42.439998626708984,41.83000183105469,42.04999923706055,35.14764404296875,23500,0.0,False
2015-12-11,41.439998626708984,41.529998779296875,40.52000045776367,40.63999938964844,33.969112396240234,68200,0.0,False
2015-12-14,40.720001220703125,41.18000030517578,40.349998474121094,40.77000045776367,34.077762603759766,41200,0.0,False
2015-12-15,41.470001220703125,41.9900016784668,41.40999984741211,41.849998474121094,34.98047637939453,79700,0.0,False
2015-12-16,42.20000076293945,42.4900016784668,41.619998931884766,42.34000015258789,35.39004898071289,22900,0.0,False
2015-12-17,42.349998474121094,42.349998474121094,41.56999969482422,41.630001068115234,34.79659652709961,17000,0.0,False
2015-12-18,41.369998931884766,41.38999938964844,40.54999923706055,40.54999923706055,33.893882751464844,75200,0.0,False
2015-12-21,40.86000061035156,40.9900016784668,40.52000045776367,40.810001373291016,34.111209869384766,40600,0.0,False
2015-12-22,40.970001220703125,41.52000045776367,40.810001373291016,41.45000076293945,34.64613342285156,44800,0.0,False
2015-12-23,41.5099983215332,41.7400016784668,41.470001220703125,41.720001220703125,34.871822357177734,40900,0.0,False
2015-12-24,41.439998626708984,41.790000915527344,41.439998626708984,41.779998779296875,35.12657165527344,5000,0.0,False
2015-12-28,41.47999954223633,41.630001068115234,41.33000183105469,41.61000061035156,34.98365020751953,19800,0.0,False
2015-12-29,41.91999816894531,42.18000030517578,41.83000183105469,42.029998779296875,35.33675003051758,78700,0.0,False
2015-12-30,41.91999816894531,42.209999084472656,41.7599983215332,41.7599983215332,35.10975646972656,29100,0.0,False
2015-12-31,41.540000915527344,41.900001525878906,41.40999984741211,41.52000045776367,34.9079704284668,15200,0.0,False
2016-01-04,40.5099983215332,40.5099983215332,40.060001373291016,40.41999816894531,33.98314666748047,66700,0.0,False
2016-01-05,40.529998779296875,40.630001068115234,40.08000183105469,40.310001373291016,33.890655517578125,42200,0.0,False
2016-01-06,39.70000076293945,39.93000030517578,39.189998626708984,39.439998626708984,33.159210205078125,94300,0.0,False
2016-01-07,38.66999816894531,39.029998779296875,38.040000915527344,38.20000076293945,32.11668014526367,113300,0.0,False
2016-01-08,38.59000015258789,38.59000015258789,37.65999984741211,37.709999084472656,31.704702377319336,64200,0.0,False
2016-01-11,37.97999954223633,38.0,37.290000915527344,37.68000030517578,31.679481506347656,46300,0.0,False
2016-01-12,37.9900016784668,38.130001068115234,37.33000183105469,37.83000183105469,31.805604934692383,46300,0.0,False
2016-01-13,37.97999954223633,37.97999954223633,35.93000030517578,36.150001525878906,30.393152236938477,188100,0.0,False
2016-01-14,36.33000183105469,36.869998931884766,35.70000076293945,36.650001525878906,30.813512802124023,179100,0.0,False
2016-01-15,35.599998474121094,36.0099983215332,35.209999084472656,35.70000076293945,30.014808654785156,40100,0.0,False
2016-01-19,36.29999923706055,36.38999938964844,35.43000030517578,35.68000030517578,29.997983932495117,69200,0.0,False
2016-01-20,35.13999938964844,35.380001068115234,34.189998626708984,35.0,29.426271438598633,111900,0.0,False
2016-01-21,35.060001373291016,35.25,34.439998626708984,34.439998626708984,28.955463409423828,157100,0.0,False
2016-01-22,34.88999938964844,35.599998474121094,34.88999938964844,35.56999969482422,29.905502319335938,153700,0.0,False
2016-01-25,35.380001068115234,35.5099983215332,34.709999084472656,34.72999954223633,29.199277877807617,76500,0.0,False
2016-01-26,34.90999984741211,35.439998626708984,34.90999984741211,35.31999969482422,29.69532012939453,133700,0.0,False
2016-01-27,35.25,35.959999084472656,35.099998474121094,35.2400016784668,29.628055572509766,28100,0.0,False
2016-01-28,35.5,35.63999938964844,35.0099983215332,35.22999954223633,29.619651794433594,963600,0.0,False
2016-01-29,35.38999938964844,36.22999954223633,35.34000015258789,36.22999954223633,30.460397720336914,141800,0.0,False
2016-02-01,36.09000015258789,36.40999984741211,35.70000076293945,36.22999954223633,30.460397720336914,157200,0.0,False
2016-02-02,35.880001068115234,35.880001068115234,34.91999816894531,35.09000015258789,29.501949310302734,124100,0.0,False
2016-02-03,35.2400016784668,35.2400016784668,33.95000076293945,34.939998626708984,29.375835418701172,338000,0.0,False
2016-02-04,34.84000015258789,35.470001220703125,34.81999969482422,35.130001068115234,29.535579681396484,271900,0.0,False
2016-02-05,35.15999984741211,35.529998779296875,34.58000183105469,34.65999984741211,29.14042091369629,72800,0.0,False
2016-02-08,34.20000076293945,34.220001220703125,33.54999923706055,34.040000915527344,28.619163513183594,126900,0.0,False
2016-02-09,33.470001220703125,34.4900016784668,33.470001220703125,34.220001220703125,28.77048110961914,186400,0.0,False
2016-02-10,34.529998779296875,35.06999969482422,33.849998474121094,33.869998931884766,28.476232528686523,143400,0.0,False
2016-02-11,32.9900016784668,33.33000183105469,32.689998626708984,33.119998931884766,27.845659255981445,1079500,0.0,False
2016-02-12,33.470001220703125,33.7599983215332,33.150001525878906,33.7599983215332,28.383747100830078,103000,0.0,False
2016-02-16,34.439998626708984,34.599998474121094,34.04999923706055,34.45000076293945,28.963869094848633,74000,0.0,False
2016-02-17,34.779998779296875,35.36000061035156,34.779998779296875,35.220001220703125,29.611249923706055,80400,0.0,False
2016-02-18,35.36000061035156,35.36000061035156,34.72999954223633,34.83000183105469,29.283349990844727,18400,0.0,False
2016-02-19,34.65999984741211,35.18000030517578,34.61000061035156,35.04999923706055,29.468313217163086,29800,0.0,False
2016-02-22,35.439998626708984,35.68000030517578,35.02000045776367,35.13999938964844,29.543981552124023,25300,0.0,False
2016-02-23,35.029998779296875,35.189998626708984,34.61000061035156,34.68000030517578,29.157236099243164,29900,0.0,False
2016-02-24,34.209999084472656,34.709999084472656,33.720001220703125,34.65999984741211,29.14042091369629,215400,0.0,False
2016-02-25,34.7400016784668,35.2400016784668,34.68000030517578,35.22999954223633,29.619651794433594,302200,0.0,False
2016-02-26,35.58000183105469,36.0099983215332,35.56999969482422,35.790000915527344,30.090471267700195,33100,0.0,False
2016-02-29,35.70000076293945,35.790000915527344,35.36000061035156,35.36000061035156,29.72895050048828,11600,0.0,False
2016-03-01,35.56999969482422,36.470001220703125,35.439998626708984,36.470001220703125,30.662179946899414,151700,0.0,False
2016-03-02,36.5,36.61000061035156,36.33000183105469,36.61000061035156,30.779888153076172,22600,0.0,False
2016-03-03,36.61000061035156,37.08000183105469,36.470001220703125,37.06999969482422,31.1666316986084,14400,0.0,False
2016-03-04,37.2400016784668,37.54999923706055,36.959999084472656,37.33000183105469,31.38521957397461,47200,0.0,False
2016-03-07,37.119998931884766,37.34000015258789,37.0099983215332,37.27000045776367,31.33478546142578,18200,0.0,False
2016-03-08,36.90999984741211,37.029998779296875,36.59000015258789,36.68000030517578,30.838743209838867,39800,0.0,False
2016-03-09,36.849998474121094,36.86000061035156,36.38999938964844,36.56999969482422,30.746253967285156,9700,0.0,False
2016-03-10,36.810001373291016,36.880001068115234,36.2400016784668,36.689998626708984,30.84714698791504,22300,0.0,False
2016-03-11,37.060001373291016,37.7400016784668,37.060001373291016,37.709999084472656,31.704702377319336,24300,0.0,False
2016-03-14,37.599998474121094,37.66999816894531,37.529998779296875,37.630001068115234,31.637460708618164,12600,0.0,False
2016-03-15,37.2599983215332,37.27000045776367,36.97999954223633,37.20000076293945,31.27593421936035,26500,0.0,False
2016-03-16,37.029998779296875,37.41999816894531,36.709999084472656,36.90999984741211,31.032127380371094,14600,0.0,False
2016-03-17,36.81999969482422,37.7400016784668,36.689998626708984,37.599998474121094,31.612232208251953,34300,0.0,False
2016-03-18,37.77000045776367,38.11000061035156,37.7400016784668,38.11000061035156,32.041019439697266,108700,0.0,False
2016-03-21,37.9900016784668,38.29999923706055,37.689998626708984,37.86000061035156,31.830820083618164,19900,0.0,False
2016-03-22,37.61000061035156,37.97999954223633,37.5099983215332,37.79999923706055,31.780378341674805,71000,0.0,False
2016-03-23,37.380001068115234,37.43000030517578,37.130001068115234,37.13999938964844,31.440902709960938,8000,0.0,False
2016-03-24,36.599998474121094,36.869998931884766,36.5099983215332,36.849998474121094,31.195404052734375,22900,0.0,False
2016-03-28,36.97999954223633,36.97999954223633,36.630001068115234,36.81999969482422,31.170019149780273,10600,0.0,False
2016-03-29,36.5099983215332,37.189998626708984,36.41999816894531,37.16999816894531,31.4663028717041,39500,0.0,False
2016-03-30,37.36000061035156,37.779998779296875,37.189998626708984,37.400001525878906,31.6610107421875,54900,0.0,False
2016-03-31,37.40999984741211,37.619998931884766,37.38999938964844,37.43000030517578,31.686412811279297,18500,0.0,False
2016-04-01,37.2400016784668,37.91999816894531,37.2400016784668,37.900001525878906,32.08429718017578,27000,0.0,False
2016-04-04,37.83000183105469,37.83000183105469,37.380001068115234,37.40999984741211,31.66948127746582,10000,0.0,False
2016-04-05,37.13999938964844,37.13999938964844,36.529998779296875,36.560001373291016,30.949926376342773,120900,0.0,False
2016-04-06,36.72999954223633,36.900001525878906,36.61000061035156,36.849998474121094,31.195404052734375,37100,0.0,False
2016-04-07,36.599998474121094,36.599998474121094,35.43000030517578,35.630001068115234,30.162616729736328,417000,0.0,False
2016-04-08,35.810001373291016,35.88999938964844,35.369998931884766,35.43000030517578,29.99331283569336,23000,0.0,False
2016-04-11,35.619998931884766,36.13999938964844,35.619998931884766,35.75,30.264198303222656,123600,0.0,False
2016-04-12,35.900001525878906,36.369998931884766,35.689998626708984,36.2400016784668,30.679018020629883,140200,0.0,False
2016-04-13,36.599998474121094,37.52000045776367,36.599998474121094,37.52000045776367,31.76259994506836,26900,0.0,False
2016-04-14,37.40999984741211,37.869998931884766,37.400001525878906,37.650001525878906,31.87267303466797,79500,0.0,False
2016-04-15,37.709999084472656,37.709999084472656,37.25,37.34000015258789,31.610219955444336,48300,0.0,False
2016-04-18,37.25,37.56999969482422,37.119998931884766,37.52000045776367,31.76259994506836,26800,0.0,False
2016-04-19,37.47999954223633,37.810001373291016,37.400001525878906,37.79999923706055,31.999637603759766,43500,0.0,False
2016-04-20,37.84000015258789,38.38999938964844,37.779998779296875,38.369998931884766,32.482173919677734,18300,0.0,False
2016-04-21,38.4900016784668,38.75,38.470001220703125,38.540000915527344,32.6260871887207,62400,0.0,False
2016-04-22,38.970001220703125,39.150001525878906,38.84000015258789,38.95000076293945,32.973167419433594,44700,0.0,False
2016-04-25,38.77000045776367,38.900001525878906,38.43000030517578,38.56999969482422,32.6514892578125,30000,0.0,False
2016-04-26,38.70000076293945,38.970001220703125,38.599998474121094,38.959999084472656,32.981632232666016,54300,0.0,False
2016-04-27,38.88999938964844,39.029998779296875,38.65999984741211,38.869998931884766,32.90543746948242,18000,0.0,False
2016-04-28,38.599998474121094,38.65999984741211,37.939998626708984,38.0,32.16896057128906,22000,0.0,False
2016-04-29,37.849998474121094,37.849998474121094,37.369998931884766,37.66999816894531,31.889596939086914,12200,0.0,False
2016-05-02,37.79999923706055,38.13999938964844,37.47999954223633,38.099998474121094,32.253604888916016,18900,0.0,False
2016-05-03,37.68000030517578,37.68000030517578,36.959999084472656,37.290000915527344,31.567888259887695,17400,0.0,False
2016-05-04,37.060001373291016,37.540000915527344,36.91999816894531,37.099998474121094,31.40705680847168,127100,0.0,False
2016-05-05,37.02000045776367,37.209999084472656,36.939998626708984,37.040000915527344,31.35626792907715,17500,0.0,False
2016-05-06,36.79999923706055,37.18000030517578,36.66999816894531,37.060001373291016,31.37320327758789,9400,0.0,False
2016-05-09,37.220001220703125,37.220001220703125,36.86000061035156,37.02000045776367,31.33932876586914,19200,0.0,False
2016-05-10,37.20000076293945,37.81999969482422,37.20000076293945,37.779998779296875,31.982709884643555,42700,0.0,False
2016-05-11,37.650001525878906,37.7599983215332,37.38999938964844,37.38999938964844,31.65255355834961,9300,0.0,False
2016-05-12,37.709999084472656,37.709999084472656,37.20000076293945,37.439998626708984,31.69487953186035,11800,0.0,False
2016-05-13,37.349998474121094,37.61000061035156,36.970001220703125,36.9900016784668,31.313928604125977,15600,0.0,False
2016-05-16,37.310001373291016,37.400001525878906,37.130001068115234,37.16999816894531,31.4663028717041,7700,0.0,False
2016-05-17,37.06999969482422,37.34000015258789,36.880001068115234,37.0,31.32239532470703,15900,0.0,False
2016-05-18,36.880001068115234,38.15999984741211,36.880001068115234,38.150001525878906,32.29594421386719,40700,0.0,False
2016-05-19,37.90999984741211,38.040000915527344,37.43000030517578,37.61000061035156,31.838790893554688,37800,0.0,False
2016-05-20,37.84000015258789,38.16999816894531,37.79999923706055,38.040000915527344,32.20281982421875,6000,0.0,False
2016-05-23,38.0,38.11000061035156,37.869998931884766,37.9900016784668,32.160491943359375,17900,0.0,False
2016-05-24,38.220001220703125,39.040000915527344,38.220001220703125,39.0099983215332,33.02396774291992,31100,0.0,False
2016-05-25,39.2400016784668,39.619998931884766,39.2400016784668,39.400001525878906,33.3541145324707,19800,0.0,False
2016-05-26,39.380001068115234,39.380001068115234,39.0,39.119998931884766,33.11708068847656,10300,0.0,False
2016-05-27,39.209999084472656,39.470001220703125,39.209999084472656,39.470001220703125,33.41338348388672,9200,0.0,False
2016-05-31,39.68000030517578,39.7599983215332,39.36000061035156,39.47999954223633,33.42184829711914,16300,0.0,False
2016-06-01,39.18000030517578,39.66999816894531,38.90999984741211,39.61000061035156,33.531890869140625,20200,0.0,False
2016-06-02,39.43000030517578,39.5099983215332,39.29999923706055,39.4900016784668,33.43031311035156,28100,0.0,False
2016-06-03,38.91999816894531,38.91999816894531,38.279998779296875,38.66999816894531,32.73613357543945,11900,0.0,False
2016-06-06,38.720001220703125,39.2400016784668,38.720001220703125,39.2400016784668,33.21867370605469,33300,0.0,False
2016-06-07,39.150001525878906,39.150001525878906,38.7400016784668,38.7599983215332,32.81233215332031,46500,0.0,False
2016-06-08,38.77000045776367,38.900001525878906,38.689998626708984,38.709999084472656,32.77000045776367,10100,0.0,False
2016-06-09,38.470001220703125,38.470001220703125,38.09000015258789,38.27000045776367,32.39751434326172,50100,0.0,False
2016-06-10,37.779998779296875,37.97999954223633,37.54999923706055,37.68000030517578,31.898046493530273,10900,0.0,False
2016-06-13,37.439998626708984,37.79999923706055,37.369998931884766,37.400001525878906,31.6610107421875,19300,0.0,False
2016-06-14,37.25,37.45000076293945,36.68000030517578,36.86000061035156,31.20387077331543,32300,0.0,False
2016-06-15,36.9900016784668,37.5099983215332,36.97999954223633,37.02000045776367,31.33932876586914,20300,0.0,False
2016-06-16,36.650001525878906,37.150001525878906,36.41999816894531,37.13999938964844,31.440902709960938,22200,0.0,False
2016-06-17,37.16999816894531,37.5099983215332,36.959999084472656,37.060001373291016,31.37320327758789,18400,0.0,False
2016-06-20,37.599998474121094,37.959999084472656,37.380001068115234,37.380001068115234,31.644084930419922,11300,0.0,False
2016-06-21,37.310001373291016,37.36000061035156,37.0099983215332,37.08000183105469,31.51997947692871,16900,0.0,False
2016-06-22,37.040000915527344,37.40999984741211,37.040000915527344,37.2400016784668,31.65599250793457,13700,0.0,False
2016-06-23,37.70000076293945,38.27000045776367,37.65999984741211,38.27000045776367,32.53153991699219,21500,0.0,False
2016-06-24,36.310001373291016,36.630001068115234,35.630001068115234,35.709999084472656,30.355409622192383,62700,0.0,False
2016-06-27,35.22999954223633,35.22999954223633,33.93000030517578,34.0099983215332,28.91032600402832,26700,0.0,False
2016-06-28,34.61000061035156,34.810001373291016,34.279998779296875,34.65999984741211,29.462848663330078,15300,0.0,False
2016-06-29,35.06999969482422,35.540000915527344,34.93000030517578,35.540000915527344,30.210893630981445,20800,0.0,False
2016-06-30,35.61000061035156,36.08000183105469,35.349998474121094,36.08000183105469,30.669919967651367,28500,0.0,False
2016-07-01,35.95000076293945,36.25,35.79999923706055,35.869998931884766,30.491426467895508,11700,0.0,False
2016-07-05,35.54999923706055,35.54999923706055,35.060001373291016,35.279998779296875,29.989883422851562,19400,0.0,False
2016-07-06,35.029998779296875,35.61000061035156,34.970001220703125,35.5099983215332,30.185401916503906,63300,0.0,False
2016-07-07,36.0,36.0,35.63999938964844,35.959999084472656,30.56791877746582,7800,0.0,False
2016-07-08,36.45000076293945,36.720001220703125,36.45000076293945,36.63999938964844,31.145950317382812,31800,0.0,False
2016-07-11,36.900001525878906,36.959999084472656,36.779998779296875,36.86000061035156,31.332956314086914,16200,0.0,False
2016-07-12,37.209999084472656,37.79999923706055,37.209999084472656,37.72999954223633,32.072505950927734,38900,0.0,False
2016-07-13,37.810001373291016,37.810001373291016,37.369998931884766,37.58000183105469,31.94499969482422,10500,0.0,False
2016-07-14,38.18000030517578,38.209999084472656,38.08000183105469,38.18000030517578,32.45503616333008,20600,0.0,False
2016-07-15,38.380001068115234,38.43000030517578,38.060001373291016,38.310001373291016,32.56553649902344,12600,0.0,False
2016-07-18,38.369998931884766,38.459999084472656,38.290000915527344,38.41999816894531,32.65904998779297,10600,0.0,False
2016-07-19,38.2400016784668,38.630001068115234,38.16999816894531,38.45000076293945,32.684547424316406,76300,0.0,False
2016-07-20,38.70000076293945,38.70000076293945,38.279998779296875,38.599998474121094,32.812068939208984,8900,0.0,False
2016-07-21,38.59000015258789,38.59000015258789,38.34000015258789,38.470001220703125,32.701560974121094,8000,0.0,False
2016-07-22,38.5099983215332,38.720001220703125,38.47999954223633,38.709999084472656,32.90556716918945,11100,0.0,False
2016-07-25,38.650001525878906,38.709999084472656,38.560001373291016,38.689998626708984,32.88856506347656,15600,0.0,False
2016-07-26,38.63999938964844,38.900001525878906,38.619998931884766,38.88999938964844,33.05857849121094,14900,0.0,False
2016-07-27,38.91999816894531,39.209999084472656,38.91999816894531,39.11000061035156,33.24558639526367,27000,0.0,False
2016-07-28,39.06999969482422,39.290000915527344,38.93000030517578,39.189998626708984,33.313594818115234,28700,0.0,False
2016-07-29,38.939998626708984,39.25,38.939998626708984,39.20000076293945,33.32209396362305,18900,0.0,False
2016-08-01,39.189998626708984,39.290000915527344,38.959999084472656,39.04999923706055,33.19457244873047,9200,0.0,False
2016-08-02,38.869998931884766,39.04999923706055,38.349998474121094,38.4900016784668,32.71856689453125,24300,0.0,False
2016-08-03,38.54999923706055,39.369998931884766,38.54999923706055,39.22999954223633,33.347599029541016,41400,0.0,False
2016-08-04,39.220001220703125,39.33000183105469,39.18000030517578,39.290000915527344,33.39859390258789,7800,0.0,False
2016-08-05,39.59000015258789,40.130001068115234,39.59000015258789,40.099998474121094,34.08715057373047,58700,0.0,False
2016-08-08,40.16999816894531,40.29999923706055,40.029998779296875,40.099998474121094,34.08715057373047,96900,0.0,False
2016-08-09,40.13999938964844,40.25,40.08000183105469,40.11000061035156,34.09563446044922,40600,0.0,False
2016-08-10,40.11000061035156,40.11000061035156,39.810001373291016,39.90999984741211,33.9256477355957,38000,0.0,False
2016-08-11,39.97999954223633,40.08000183105469,39.97999954223633,40.060001373291016,34.05314254760742,41400,0.0,False
2016-08-12,39.849998474121094,39.97999954223633,39.689998626708984,39.97999954223633,33.985137939453125,24200,0.0,False
2016-08-15,40.099998474121094,40.529998779296875,40.099998474121094,40.5099983215332,34.43566131591797,24000,0.0,False
2016-08-16,40.43000030517578,40.58000183105469,40.369998931884766,40.380001068115234,34.32514953613281,21500,0.0,False
2016-08-17,40.38999938964844,40.599998474121094,40.20000076293945,40.54999923706055,34.469669342041016,19600,0.0,False
2016-08-18,40.5,40.70000076293945,40.459999084472656,40.650001525878906,34.5546760559082,8100,0.0,False
2016-08-19,40.58000183105469,40.779998779296875,40.529998779296875,40.7599983215332,34.648170471191406,70300,0.0,False
2016-08-22,40.59000015258789,40.720001220703125,40.5099983215332,40.65999984741211,34.563175201416016,14200,0.0,False
2016-08-23,40.869998931884766,40.91999816894531,40.790000915527344,40.790000915527344,34.67369079589844,13800,0.0,False
2016-08-24,40.7599983215332,40.900001525878906,40.650001525878906,40.650001525878906,34.5546760559082,6000,0.0,False
2016-08-25,40.630001068115234,40.779998779296875,40.630001068115234,40.779998779296875,34.6651725769043,6200,0.0,False
2016-08-26,41.06999969482422,41.06999969482422,40.88999938964844,40.939998626708984,34.80118942260742,2200,0.0,False
2016-08-29,41.099998474121094,41.5,41.099998474121094,41.290000915527344,35.098697662353516,11000,0.0,False
2016-08-30,41.310001373291016,41.83000183105469,41.310001373291016,41.83000183105469,35.557735443115234,30200,0.0,False
2016-08-31,41.83000183105469,41.90999984741211,41.45000076293945,41.7599983215332,35.49822998046875,8400,0.0,False
2016-09-01,41.84000015258789,42.029998779296875,41.25,41.529998779296875,35.30271911621094,14500,0.0,False
2016-09-02,41.689998626708984,41.84000015258789,41.52000045776367,41.84000015258789,35.56623840332031,5900,0.0,False
2016-09-06,41.79999923706055,41.939998626708984,41.27000045776367,41.45000076293945,35.234710693359375,43100,0.0,False
2016-09-07,41.40999984741211,41.61000061035156,41.40999984741211,41.61000061035156,35.370723724365234,12100,0.0,False
2016-09-08,41.58000183105469,41.88999938964844,41.58000183105469,41.810001373291016,35.540733337402344,5100,0.0,False
2016-09-09,41.61000061035156,41.81999969482422,41.369998931884766,41.369998931884766,35.16670608520508,125700,0.0,False
2016-09-12,41.06999969482422,42.0,40.95000076293945,41.95000076293945,35.65974426269531,11000,0.0,False
2016-09-13,41.54999923706055,41.630001068115234,41.040000915527344,41.25,35.06471252441406,36500,0.0,False
2016-09-14,41.2400016784668,41.36000061035156,41.150001525878906,41.15999984741211,34.98820114135742,6400,0.0,False
2016-09-15,41.11000061035156,41.939998626708984,41.11000061035156,41.83000183105469,35.557735443115234,13900,0.0,False
2016-09-16,41.709999084472656,41.7400016784668,41.40999984741211,41.540000915527344,35.311214447021484,8100,0.0,False
2016-09-19,41.81999969482422,42.15999984741211,41.61000061035156,41.779998779296875,35.51523208618164,44900,0.0,False
2016-09-20,41.9900016784668,42.02000045776367,41.75,41.79999923706055,35.532222747802734,119400,0.0,False
2016-09-21,42.16999816894531,42.16999816894531,41.79999923706055,42.040000915527344,35.736244201660156,19200,0.0,False
2016-09-22,42.380001068115234,42.400001525878906,42.13999938964844,42.22999954223633,35.89775466918945,22200,0.0,False
2016-09-23,42.150001525878906,42.220001220703125,41.83000183105469,41.849998474121094,35.574729919433594,16800,0.0,False
2016-09-26,41.41999816894531,41.41999816894531,40.810001373291016,40.869998931884766,34.85411834716797,8300,0.0,False
2016-09-27,40.630001068115234,41.04999923706055,40.56999969482422,41.04999923706055,35.00761413574219,22900,0.0,False
2016-09-28,41.209999084472656,41.310001373291016,40.81999969482422,41.29999923706055,35.22081756591797,13200,0.0,False
2016-09-29,41.369998931884766,41.54999923706055,40.59000015258789,40.869998931884766,34.85411834716797,31800,0.0,False
2016-09-30,40.970001220703125,41.599998474121094,40.970001220703125,41.599998474121094,35.47666931152344,28400,0.0,False
2016-10-03,41.29999923706055,41.38999938964844,41.119998931884766,41.2400016784668,35.16964340209961,51600,0.0,False
2016-10-04,41.369998931884766,41.720001220703125,41.2400016784668,41.400001525878906,35.30610275268555,5100,0.0,False
2016-10-05,41.58000183105469,42.130001068115234,41.58000183105469,42.040000915527344,35.851898193359375,83100,0.0,False
2016-10-06,41.790000915527344,42.02000045776367,41.790000915527344,41.97999954223633,35.800724029541016,5700,0.0,False
2016-10-07,42.08000183105469,42.08000183105469,41.72999954223633,42.04999923706055,35.86042785644531,17500,0.0,False
2016-10-10,42.2599983215332,42.29999923706055,42.040000915527344,42.04999923706055,35.86042785644531,25900,0.0,False
2016-10-11,41.88999938964844,42.11000061035156,41.40999984741211,41.66999816894531,35.5363655090332,23400,0.0,False
2016-10-12,41.709999084472656,41.77000045776367,41.5,41.52000045776367,35.4084358215332,27500,0.0,False
2016-10-13,41.150001525878906,41.2400016784668,40.65999984741211,41.15999984741211,35.101436614990234,27000,0.0,False
2016-10-14,41.66999816894531,41.75,41.439998626708984,41.66999816894531,35.5363655090332,16700,0.0,False
2016-10-17,41.619998931884766,41.75,41.04999923706055,41.130001068115234,35.07584762573242,8900,0.0,False
2016-10-18,41.630001068115234,41.75,41.439998626708984,41.529998779296875,35.41697692871094,7900,0.0,False
2016-10-19,41.63999938964844,41.91999816894531,41.63999938964844,41.869998931884766,35.7069206237793,22700,0.0,False
2016-10-20,41.7599983215332,41.86000061035156,41.459999084472656,41.52000045776367,35.4084358215332,21000,0.0,False
2016-10-21,41.41999816894531,41.880001068115234,41.349998474121094,41.849998474121094,35.68986511230469,12300,0.0,False
2016-10-24,41.939998626708984,41.939998626708984,41.72999954223633,41.77000045776367,35.621646881103516,7200,0.0,False
2016-10-25,41.75,41.790000915527344,41.4900016784668,41.5099983215332,35.39990997314453,14200,0.0,False
2016-10-26,41.439998626708984,41.599998474121094,41.31999969482422,41.560001373291016,35.44255065917969,8900,0.0,False
2016-10-27,41.790000915527344,41.880001068115234,41.63999938964844,41.68000030517578,35.54487991333008,12500,0.0,False
2016-10-28,41.720001220703125,41.83000183105469,41.189998626708984,41.470001220703125,35.365787506103516,9600,0.0,False
2016-10-31,41.65999984741211,41.65999984741211,41.43000030517578,41.45000076293945,35.3487434387207,9000,0.0,False
2016-11-01,41.52000045776367,41.52000045776367,40.95000076293945,41.220001220703125,35.152591705322266,16200,0.0,False
2016-11-02,41.060001373291016,41.130001068115234,40.779998779296875,40.880001068115234,34.86264419555664,34300,0.0,False
2016-11-03,40.9900016784668,41.27000045776367,40.91999816894531,41.0,34.96497344970703,15100,0.0,False
2016-11-04,41.040000915527344,41.400001525878906,40.779998779296875,41.0099983215332,34.973506927490234,15100,0.0,False
2016-11-07,41.779998779296875,42.099998474121094,41.779998779296875,42.04999923706055,35.86042785644531,40500,0.0,False
2016-11-08,41.72999954223633,42.279998779296875,41.72999954223633,42.150001525878906,35.945709228515625,17700,0.0,False
2016-11-09,43.13999938964844,44.45000076293945,42.52000045776367,44.2400016784668,37.72805404663086,59400,0.0,False
2016-11-10,44.83000183105469,46.099998474121094,44.83000183105469,45.65999984741211,38.93904495239258,419700,0.0,False
2016-11-11,45.40999984741211,46.20000076293945,45.40999984741211,46.13999938964844,39.34839630126953,106000,0.0,False
2016-11-14,46.689998626708984,47.349998474121094,46.599998474121094,47.02000045776367,40.09886932373047,293100,0.0,False
2016-11-15,47.0,47.31999969482422,46.22999954223633,47.31999969482422,40.35470962524414,73500,0.0,False
2016-11-16,47.0,47.11000061035156,46.720001220703125,47.060001373291016,40.13298034667969,61900,0.0,False
2016-11-17,47.220001220703125,47.709999084472656,47.220001220703125,47.709999084472656,40.68729782104492,60700,0.0,False
2016-11-18,47.709999084472656,48.119998931884766,47.709999084472656,47.939998626708984,40.88344955444336,95000,0.0,False
2016-11-21,48.099998474121094,48.11000061035156,47.810001373291016,48.08000183105469,41.00283432006836,46200,0.0,False
2016-11-22,48.25,48.290000915527344,47.83000183105469,48.189998626708984,41.09663391113281,104000,0.0,False
2016-11-23,48.2599983215332,48.5,47.91999816894531,48.470001220703125,41.3354377746582,136700,0.0,False
2016-11-25,48.59000015258789,48.59000015258789,48.349998474121094,48.5099983215332,41.369537353515625,22300,0.0,False
2016-11-28,48.27000045776367,48.31999969482422,47.779998779296875,47.849998474121094,40.80668640136719,115600,0.0,False
2016-11-29,48.0099983215332,48.2599983215332,47.9900016784668,48.04999923706055,40.977237701416016,33700,0.0,False
2016-11-30,48.709999084472656,48.709999084472656,48.5099983215332,48.54999923706055,41.403656005859375,53500,0.0,False
2016-12-01,49.04999923706055,49.52000045776367,48.90999984741211,49.5099983215332,42.22234344482422,59700,0.0,False
2016-12-02,49.43000030517578,49.43000030517578,48.88999938964844,49.08000183105469,41.855628967285156,31700,0.0,False
2016-12-05,49.790000915527344,49.97999954223633,49.470001220703125,49.709999084472656,42.39289474487305,78500,0.0,False
2016-12-06,50.0,50.13999938964844,49.52000045776367,50.130001068115234,42.751094818115234,113100,0.0,False
2016-12-07,50.38999938964844,50.61000061035156,50.08000183105469,50.529998779296875,43.092193603515625,51700,0.0,False
2016-12-08,50.7599983215332,51.220001220703125,50.47999954223633,51.11000061035156,43.58682632446289,108200,0.0,False
2016-12-09,51.189998626708984,51.189998626708984,50.84000015258789,51.09000015258789,43.56978225708008,41900,0.0,False
2016-12-12,51.09000015258789,51.13999938964844,50.45000076293945,50.599998474121094,43.15190124511719,394700,0.0,False
2016-12-13,50.709999084472656,50.88999938964844,50.349998474121094,50.58000183105469,43.13484191894531,114900,0.0,False
2016-12-14,50.439998626708984,51.11000061035156,50.29999923706055,50.43000030517578,43.006919860839844,29200,0.0,False
2016-12-15,50.7400016784668,51.20000076293945,50.540000915527344,50.79999923706055,43.32244110107422,120900,0.0,False
2016-12-16,50.95000076293945,51.0099983215332,50.25,50.310001373291016,42.90458679199219,20900,0.0,False
2016-12-19,50.31999969482422,50.459999084472656,49.95000076293945,50.34000015258789,42.93017578125,35500,0.0,False
2016-12-20,50.88999938964844,51.029998779296875,50.65999984741211,51.0099983215332,43.50154495239258,53000,0.0,False
2016-12-21,50.81999969482422,50.81999969482422,50.400001525878906,50.4900016784668,43.21568298339844,152500,0.0,False
2016-12-22,50.560001373291016,50.560001373291016,50.0,50.099998474121094,42.881858825683594,31600,0.0,False
2016-12-23,50.060001373291016,50.29999923706055,49.93000030517578,50.2599983215332,43.0188102722168,12600,0.0,False
2016-12-27,50.470001220703125,50.470001220703125,50.27000045776367,50.34000015258789,43.087276458740234,27500,0.0,False
2016-12-28,50.43000030517578,50.43000030517578,49.720001220703125,49.72999954223633,42.56517791748047,9200,0.0,False
2016-12-29,49.7599983215332,49.7599983215332,49.2400016784668,49.400001525878906,42.282718658447266,17800,0.0,False
2016-12-30,49.560001373291016,49.58000183105469,49.33000183105469,49.47999954223633,42.351200103759766,16100,0.0,False
2017-01-03,50.15999984741211,50.380001068115234,49.43000030517578,49.88999938964844,42.702117919921875,49600,0.0,False
2017-01-04,50.06999969482422,50.97999954223633,50.060001373291016,50.939998626708984,43.60083770751953,22900,0.0,False
2017-01-05,50.77000045776367,51.0099983215332,50.150001525878906,50.63999938964844,43.34407043457031,269400,0.0,False
2017-01-06,50.869998931884766,51.310001373291016,50.70000076293945,51.150001525878906,43.780582427978516,25700,0.0,False
2017-01-09,50.959999084472656,50.959999084472656,50.4900016784668,50.689998626708984,43.3868522644043,15700,0.0,False
2017-01-10,50.709999084472656,51.029998779296875,50.56999969482422,50.75,43.43821334838867,12200,0.0,False
2017-01-11,50.75,51.029998779296875,50.54999923706055,51.029998779296875,43.67786407470703,19900,0.0,False
2017-01-12,50.88999938964844,50.88999938964844,50.099998474121094,50.7599983215332,43.44676971435547,20800,0.0,False
2017-01-13,50.9900016784668,51.5099983215332,50.959999084472656,51.040000915527344,43.68643569946289,21600,0.0,False
2017-01-17,50.970001220703125,50.970001220703125,49.88999938964844,49.91999816894531,42.72779083251953,22500,0.0,False
2017-01-18,50.02000045776367,50.43000030517578,49.4900016784668,50.369998931884766,43.11297607421875,27500,0.0,False
2017-01-19,50.36000061035156,50.36000061035156,50.0,50.119998931884766,42.898983001708984,7000,0.0,False
2017-01-20,50.2400016784668,50.36000061035156,50.02000045776367,50.279998779296875,43.03593444824219,30000,0.0,False
2017-01-23,50.220001220703125,50.369998931884766,49.86000061035156,50.220001220703125,42.98457336425781,10000,0.0,False
2017-01-24,50.38999938964844,51.099998474121094,50.34000015258789,50.84000015258789,43.5152587890625,47100,0.0,False
2017-01-25,51.34000015258789,51.75,51.11000061035156,51.720001220703125,44.26845169067383,146300,0.0,False
2017-01-26,51.79999923706055,52.130001068115234,51.72999954223633,52.0,44.508121490478516,23700,0.0,False
2017-01-27,52.040000915527344,52.040000915527344,51.720001220703125,51.83000183105469,44.36260986328125,27800,0.0,False
2017-01-30,51.58000183105469,51.58000183105469,50.970001220703125,51.540000915527344,44.11439895629883,39300,0.0,False
2017-01-31,51.529998779296875,51.720001220703125,51.2400016784668,51.58000183105469,44.148624420166016,42200,0.0,False
2017-02-01,51.95000076293945,52.369998931884766,51.68000030517578,51.77000045776367,44.311248779296875,76100,0.0,False
2017-02-02,51.279998779296875,51.4900016784668,50.709999084472656,50.91999816894531,43.58370590209961,42200,0.0,False
2017-02-03,51.52000045776367,52.09000015258789,51.52000045776367,51.97999954223633,44.491004943847656,386100,0.0,False
2017-02-06,51.849998474121094,52.130001068115234,51.7400016784668,51.939998626708984,44.45676040649414,98500,0.0,False
2017-02-07,52.119998931884766,52.310001373291016,52.0,52.029998779296875,44.5338020324707,121600,0.0,False
2017-02-08,51.97999954223633,51.97999954223633,51.16999816894531,51.369998931884766,43.9688835144043,27600,0.0,False
2017-02-09,51.540000915527344,52.310001373291016,51.529998779296875,52.189998626708984,44.670745849609375,167600,0.0,False
2017-02-10,52.470001220703125,52.470001220703125,52.06999969482422,52.16999816894531,44.65363311767578,45400,0.0,False
2017-02-13,52.66999816894531,53.060001373291016,52.5099983215332,52.880001068115234,45.261329650878906,343600,0.0,False
2017-02-14,52.900001525878906,53.31999969482422,52.720001220703125,53.209999084472656,45.54378890991211,45900,0.0,False
2017-02-15,53.40999984741211,53.810001373291016,53.220001220703125,53.720001220703125,45.980316162109375,101100,0.0,False
2017-02-16,53.72999954223633,53.72999954223633,53.15999984741211,53.380001068115234,45.689292907714844,46700,0.0,False
2017-02-17,53.040000915527344,53.38999938964844,52.900001525878906,53.349998474121094,45.66361618041992,29700,0.0,False
2017-02-21,53.59000015258789,53.7400016784668,53.40999984741211,53.40999984741211,45.714988708496094,212200,0.0,False
2017-02-22,53.189998626708984,53.560001373291016,53.189998626708984,53.400001525878906,45.7064323425293,128800,0.0,False
2017-02-23,53.54999923706055,53.54999923706055,52.900001525878906,53.20000076293945,45.53523254394531,43300,0.0,False
2017-02-24,52.650001525878906,52.900001525878906,52.54999923706055,52.79999923706055,45.19285202026367,141800,0.0,False
2017-02-27,52.779998779296875,53.09000015258789,52.630001068115234,53.08000183105469,45.43252182006836,31500,0.0,False
2017-02-28,52.5,52.58000183105469,51.779998779296875,52.15999984741211,44.64506912231445,93400,0.0,False
2017-03-01,53.0099983215332,53.970001220703125,53.0099983215332,53.779998779296875,46.031654357910156,149400,0.0,False
2017-03-02,53.810001373291016,53.810001373291016,52.849998474121094,52.880001068115234,45.261329650878906,76200,0.0,False
2017-03-03,52.91999816894531,53.279998779296875,52.7599983215332,53.11000061035156,45.458194732666016,105700,0.0,False
2017-03-06,52.83000183105469,53.0099983215332,52.61000061035156,52.900001525878906,45.27845001220703,35800,0.0,False
2017-03-07,52.86000061035156,52.86000061035156,52.59000015258789,52.650001525878906,45.06447219848633,94500,0.0,False
2017-03-08,53.029998779296875,53.31999969482422,52.599998474121094,52.61000061035156,45.03022003173828,17000,0.0,False
2017-03-09,52.7599983215332,53.09000015258789,52.65999984741211,52.83000183105469,45.21854019165039,66900,0.0,False
2017-03-10,53.119998931884766,53.2400016784668,52.56999969482422,52.88999938964844,45.26988983154297,32200,0.0,False
2017-03-13,52.90999984741211,53.27000045776367,52.88999938964844,53.099998474121094,45.44964599609375,52500,0.0,False
2017-03-14,52.900001525878906,52.959999084472656,52.59000015258789,52.939998626708984,45.31267547607422,27700,0.0,False
2017-03-15,53.0,53.400001525878906,52.790000915527344,53.099998474121094,45.44964599609375,69700,0.0,False
2017-03-16,53.369998931884766,53.880001068115234,53.369998931884766,53.75,46.0059928894043,58100,0.0,False
2017-03-17,53.849998474121094,53.849998474121094,53.099998474121094,53.11000061035156,45.458194732666016,595900,0.0,False
2017-03-20,53.029998779296875,53.130001068115234,52.72999954223633,52.7400016784668,45.141510009765625,21100,0.0,False
2017-03-21,52.790000915527344,52.9900016784668,50.939998626708984,51.02000045776367,43.6693000793457,125700,0.0,False
2017-03-22,50.59000015258789,51.099998474121094,50.38999938964844,50.81999969482422,43.498138427734375,128200,0.0,False
2017-03-23,50.79999923706055,51.36000061035156,50.790000915527344,50.959999084472656,43.617958068847656,52300,0.0,False
2017-03-24,50.84000015258789,51.06999969482422,50.33000183105469,50.58000183105469,43.50957107543945,18300,0.0,False
2017-03-27,49.540000915527344,50.119998931884766,49.16999816894531,50.040000915527344,43.045047760009766,584700,0.0,False
2017-03-28,49.91999816894531,51.0099983215332,49.90999984741211,50.7599983215332,43.66440200805664,308700,0.0,False
2017-03-29,50.9900016784668,50.9900016784668,50.47999954223633,50.689998626708984,43.60420227050781,50600,0.0,False
2017-03-30,50.77000045776367,51.41999816894531,50.720001220703125,51.369998931884766,44.18913269042969,40300,0.0,False
2017-03-31,51.130001068115234,51.529998779296875,51.09000015258789,51.2599983215332,44.09452438354492,19400,0.0,False
2017-04-03,51.29999923706055,51.29999923706055,50.41999816894531,50.86000061035156,43.75042724609375,89800,0.0,False
2017-04-04,50.65999984741211,50.91999816894531,50.5099983215332,50.61000061035156,43.53537368774414,106500,0.0,False
2017-04-05,51.029998779296875,51.099998474121094,50.0,50.02000045776367,43.02783966064453,29300,0.0,False
2017-04-06,50.04999923706055,50.619998931884766,49.869998931884766,50.470001220703125,43.414947509765625,21200,0.0,False
2017-04-07,50.119998931884766,50.66999816894531,50.119998931884766,50.459999084472656,43.406349182128906,16300,0.0,False
2017-04-10,50.40999984741211,50.720001220703125,50.02000045776367,50.20000076293945,43.18269348144531,31400,0.0,False
2017-04-11,50.0099983215332,50.0099983215332,49.4900016784668,49.97999954223633,42.99343490600586,22500,0.0,False
2017-04-12,49.93000030517578,49.93000030517578,49.43000030517578,49.5,42.580543518066406,43600,0.0,False
2017-04-13,49.369998931884766,49.77000045776367,48.97999954223633,49.0099983215332,42.15903854370117,53000,0.0,False
2017-04-17,49.119998931884766,49.72999954223633,48.95000076293945,49.689998626708984,42.74397277832031,23500,0.0,False
2017-04-18,49.33000183105469,49.54999923706055,48.959999084472656,49.43000030517578,42.52032470703125,27200,0.0,False
2017-04-19,49.7599983215332,50.0,49.52000045776367,49.61000061035156,42.675167083740234,30200,0.0,False
2017-04-20,50.08000183105469,50.619998931884766,49.900001525878906,50.52000045776367,43.45795440673828,27500,0.0,False
2017-04-21,50.52000045776367,50.58000183105469,49.97999954223633,50.119998931884766,43.1138801574707,11800,0.0,False
2017-04-24,51.20000076293945,51.349998474121094,50.97999954223633,51.04999923706055,43.913875579833984,34300,0.0,False
2017-04-25,51.5099983215332,51.63999938964844,51.34000015258789,51.349998474121094,44.171932220458984,95300,0.0,False
2017-04-26,51.29999923706055,51.7400016784668,51.20000076293945,51.459999084472656,44.266544342041016,25600,0.0,False
2017-04-27,51.52000045776367,51.52000045776367,50.56999969482422,50.70000076293945,43.61280059814453,12000,0.0,False
2017-04-28,50.77000045776367,51.08000183105469,50.66999816894531,50.720001220703125,43.62999725341797,65300,0.0,False
2017-05-01,50.91999816894531,51.130001068115234,50.790000915527344,51.029998779296875,43.896671295166016,19700,0.0,False
2017-05-02,51.08000183105469,51.11000061035156,50.7599983215332,51.099998474121094,43.95688247680664,23400,0.0,False
2017-05-03,50.97999954223633,51.38999938964844,50.97999954223633,51.369998931884766,44.18913269042969,24200,0.0,False
2017-05-04,51.59000015258789,51.59000015258789,51.16999816894531,51.29999923706055,44.1289176940918,5400,0.0,False
2017-05-05,51.22999954223633,51.2400016784668,50.97999954223633,51.15999984741211,44.008487701416016,11700,0.0,False
2017-05-08,51.16999816894531,51.16999816894531,50.81999969482422,50.90999984741211,43.79343032836914,19300,0.0,False
2017-05-09,51.040000915527344,51.22999954223633,50.97999954223633,51.02000045776367,43.88806915283203,10600,0.0,False
2017-05-10,50.88999938964844,51.060001373291016,50.75,51.040000915527344,43.9052734375,7700,0.0,False
2017-05-11,50.88999938964844,50.88999938964844,50.27000045776367,50.720001220703125,43.62999725341797,24200,0.0,False
2017-05-12,50.52000045776367,50.52000045776367,50.22999954223633,50.43000030517578,43.38054656982422,13300,0.0,False
2017-05-15,50.560001373291016,51.150001525878906,50.560001373291016,51.08000183105469,43.9396858215332,25600,0.0,False
2017-05-16,51.22999954223633,51.22999954223633,50.72999954223633,51.029998779296875,43.896671295166016,23500,0.0,False
2017-05-17,50.220001220703125,50.29999923706055,49.0099983215332,49.060001373291016,42.20204162597656,20600,0.0,False
2017-05-18,49.040000915527344,49.459999084472656,49.040000915527344,49.29999923706055,42.40850830078125,18800,0.0,False
2017-05-19,49.349998474121094,49.970001220703125,49.349998474121094,49.65999984741211,42.718177795410156,13100,0.0,False
2017-05-22,49.880001068115234,49.97999954223633,49.599998474121094,49.79999923706055,42.838600158691406,33400,0.0,False
2017-05-23,49.869998931884766,50.27000045776367,49.40999984741211,50.11000061035156,43.10527801513672,25500,0.0,False
2017-05-24,50.20000076293945,50.2599983215332,50.0099983215332,50.20000076293945,43.18269348144531,17400,0.0,False
2017-05-25,50.34000015258789,50.77000045776367,50.34000015258789,50.599998474121094,43.526763916015625,16300,0.0,False
2017-05-26,50.52000045776367,50.689998626708984,50.43000030517578,50.650001525878906,43.569793701171875,11100,0.0,False
2017-05-30,50.380001068115234,50.380001068115234,50.099998474121094,50.130001068115234,43.12247848510742,18800,0.0,False
2017-05-31,50.209999084472656,50.209999084472656,49.349998474121094,49.83000183105469,42.864402770996094,36300,0.0,False
2017-06-01,50.029998779296875,50.560001373291016,49.75,50.560001373291016,43.49237060546875,85300,0.0,False
2017-06-02,50.099998474121094,50.54999923706055,50.099998474121094,50.27000045776367,43.24290466308594,26400,0.0,False
2017-06-05,50.290000915527344,50.880001068115234,50.290000915527344,50.619998931884766,43.54399108886719,14300,0.0,False
2017-06-06,50.290000915527344,50.54999923706055,50.290000915527344,50.459999084472656,43.406349182128906,8900,0.0,False
2017-06-07,50.630001068115234,51.09000015258789,50.630001068115234,50.970001220703125,43.84505081176758,32400,0.0,False
2017-06-08,51.0099983215332,51.9900016784668,51.0099983215332,51.75,44.51602554321289,146900,0.0,False
2017-06-09,52.0099983215332,52.79999923706055,52.0099983215332,52.630001068115234,45.273006439208984,55600,0.0,False
2017-06-12,52.709999084472656,52.939998626708984,52.54999923706055,52.900001525878906,45.505271911621094,12700,0.0,False
2017-06-13,53.11000061035156,53.349998474121094,53.09000015258789,53.290000915527344,45.84075164794922,34500,0.0,False
2017-06-14,52.880001068115234,53.34000015258789,52.61000061035156,53.31999969482422,45.86656188964844,16000,0.0,False
2017-06-15,52.93000030517578,53.189998626708984,52.93000030517578,53.040000915527344,45.625694274902344,8500,0.0,False
2017-06-16,53.04999923706055,53.04999923706055,52.81999969482422,52.88999938964844,45.49665069580078,6200,0.0,False
2017-06-19,53.119998931884766,53.689998626708984,53.099998474121094,53.5099983215332,46.02998352050781,27000,0.0,False
2017-06-20,53.400001525878906,53.400001525878906,53.08000183105469,53.13999938964844,45.71171188354492,14900,0.0,False
2017-06-21,53.15999984741211,53.15999984741211,52.59000015258789,52.650001525878906,45.29020690917969,35200,0.0,False
2017-06-22,52.5099983215332,52.56999969482422,52.36000061035156,52.400001525878906,45.07516098022461,60500,0.0,False
2017-06-23,52.279998779296875,52.33000183105469,52.04999923706055,52.13999938964844,44.85149383544922,13700,0.0,False
2017-06-26,52.349998474121094,52.59000015258789,52.029998779296875,52.52000045776367,45.178382873535156,13400,0.0,False
2017-06-27,52.54999923706055,53.130001068115234,52.54999923706055,52.77000045776367,45.573936462402344,12300,0.0,False
2017-06-28,53.2400016784668,53.470001220703125,53.08000183105469,53.349998474121094,46.0748176574707,19300,0.0,False
2017-06-29,54.20000076293945,54.20000076293945,53.06999969482422,53.36000061035156,46.08346176147461,21100,0.0,False
2017-06-30,53.59000015258789,53.689998626708984,53.20000076293945,53.290000915527344,46.02302551269531,16100,0.0,False
2017-07-03,53.529998779296875,54.189998626708984,53.529998779296875,54.08000183105469,46.705299377441406,20700,0.0,False
2017-07-05,54.20000076293945,54.290000915527344,53.91999816894531,54.189998626708984,46.800289154052734,125000,0.0,False
2017-07-06,54.099998474121094,54.2400016784668,53.72999954223633,53.75,46.420284271240234,64800,0.0,False
2017-07-07,54.0099983215332,54.0099983215332,53.63999938964844,53.810001373291016,46.47210693359375,55500,0.0,False
2017-07-10,53.86000061035156,54.04999923706055,53.560001373291016,53.880001068115234,46.532554626464844,21100,0.0,False
2017-07-11,53.959999084472656,53.959999084472656,53.54999923706055,53.66999816894531,46.3511962890625,15600,0.0,False
2017-07-12,53.619998931884766,53.88999938964844,53.470001220703125,53.7599983215332,46.42892074584961,21200,0.0,False
2017-07-13,53.83000183105469,54.220001220703125,53.77000045776367,54.13999938964844,46.757110595703125,12400,0.0,False
2017-07-14,53.95000076293945,53.95000076293945,53.470001220703125,53.7400016784668,46.41164016723633,31800,0.0,False
2017-07-17,53.689998626708984,53.970001220703125,53.58000183105469,53.810001373291016,46.47210693359375,9000,0.0,False
2017-07-18,53.720001220703125,53.93000030517578,53.45000076293945,53.93000030517578,46.57573699951172,46300,0.0,False
2017-07-19,54.150001525878906,54.15999984741211,53.70000076293945,54.0,46.636199951171875,47400,0.0,False
2017-07-20,53.93000030517578,54.2599983215332,53.93000030517578,54.04999923706055,46.679378509521484,8400,0.0,False
2017-07-21,54.349998474121094,54.41999816894531,54.119998931884766,54.310001373291016,46.9039192199707,10000,0.0,False
2017-07-24,54.25,54.43000030517578,54.2400016784668,54.369998931884766,46.95574951171875,9700,0.0,False
2017-07-25,54.81999969482422,55.189998626708984,54.7599983215332,55.099998474121094,47.58620071411133,27700,0.0,False
2017-07-26,55.13999938964844,55.290000915527344,54.83000183105469,54.880001068115234,47.39619445800781,19400,0.0,False
2017-07-27,55.04999923706055,55.04999923706055,54.31999969482422,54.599998474121094,47.15437698364258,53600,0.0,False
2017-07-28,54.4900016784668,54.709999084472656,54.4900016784668,54.650001525878906,47.19757080078125,29400,0.0,False
2017-07-31,54.75,54.91999816894531,54.619998931884766,54.81999969482422,47.34437942504883,34900,0.0,False
2017-08-01,54.900001525878906,55.099998474121094,54.79999923706055,55.09000015258789,47.57756042480469,71800,0.0,False
2017-08-02,55.040000915527344,55.08000183105469,54.599998474121094,54.83000183105469,47.3530158996582,25600,0.0,False
2017-08-03,54.68000030517578,54.70000076293945,54.529998779296875,54.540000915527344,47.10255432128906,19400,0.0,False
2017-08-04,54.959999084472656,55.060001373291016,54.720001220703125,54.93000030517578,47.43937683105469,29500,0.0,False
2017-08-07,54.959999084472656,55.060001373291016,54.90999984741211,54.95000076293945,47.45664596557617,19400,0.0,False
2017-08-08,54.790000915527344,55.2400016784668,54.65999984741211,54.66999816894531,47.21482849121094,47100,0.0,False
2017-08-09,54.290000915527344,54.70000076293945,54.09000015258789,54.68000030517578,47.22346496582031,13600,0.0,False
2017-08-10,54.349998474121094,54.349998474121094,53.66999816894531,53.689998626708984,46.36846923828125,71900,0.0,False
2017-08-11,53.709999084472656,53.95000076293945,53.38999938964844,53.52000045776367,46.221656799316406,27700,0.0,False
2017-08-14,54.279998779296875,54.380001068115234,54.150001525878906,54.16999816894531,46.783023834228516,97400,0.0,False
2017-08-15,54.529998779296875,54.529998779296875,54.150001525878906,54.15999984741211,46.774383544921875,21700,0.0,False
2017-08-16,54.45000076293945,54.45000076293945,53.959999084472656,53.970001220703125,46.610286712646484,11100,0.0,False
2017-08-17,53.83000183105469,53.83000183105469,52.959999084472656,52.9900016784668,45.76393508911133,40900,0.0,False
2017-08-18,52.79999923706055,53.22999954223633,52.619998931884766,52.95000076293945,45.72938919067383,55600,0.0,False
2017-08-21,52.79999923706055,52.84000015258789,52.52000045776367,52.83000183105469,45.62574768066406,17700,0.0,False
2017-08-22,53.119998931884766,53.599998474121094,53.11000061035156,53.4900016784668,46.19574737548828,14900,0.0,False
2017-08-23,53.33000183105469,53.630001068115234,53.29999923706055,53.43000030517578,46.1439208984375,18100,0.0,False
2017-08-24,53.599998474121094,53.630001068115234,53.369998931884766,53.369998931884766,46.09211349487305,6100,0.0,False
2017-08-25,53.61000061035156,53.709999084472656,53.5099983215332,53.529998779296875,46.23029327392578,15100,0.0,False
2017-08-28,53.70000076293945,53.70000076293945,53.22999954223633,53.369998931884766,46.09211349487305,6800,0.0,False
2017-08-29,52.81999969482422,53.27000045776367,52.79999923706055,53.13999938964844,45.893470764160156,33100,0.0,False
2017-08-30,53.209999084472656,53.58000183105469,53.209999084472656,53.41999816894531,46.135292053222656,15800,0.0,False
2017-08-31,53.56999969482422,53.720001220703125,53.5099983215332,53.58000183105469,46.27349090576172,15900,0.0,False
2017-09-01,53.650001525878906,54.0,53.650001525878906,53.88999938964844,46.541194915771484,59900,0.0,False
2017-09-05,53.619998931884766,53.619998931884766,52.54999923706055,52.630001068115234,45.45301818847656,19100,0.0,False
2017-09-06,52.86000061035156,53.04999923706055,52.58000183105469,52.810001373291016,45.60847091674805,127500,0.0,False
2017-09-07,52.810001373291016,52.810001373291016,51.86000061035156,52.06999969482422,44.969390869140625,41000,0.0,False
2017-09-08,52.529998779296875,52.84000015258789,52.43000030517578,52.470001220703125,45.31483840942383,8400,0.0,False
2017-09-11,52.939998626708984,53.40999984741211,52.939998626708984,53.2400016784668,45.979835510253906,13500,0.0,False
2017-09-12,53.369998931884766,53.880001068115234,53.369998931884766,53.86000061035156,46.515289306640625,35400,0.0,False
2017-09-13,53.77000045776367,53.95000076293945,53.65999984741211,53.95000076293945,46.59303283691406,10200,0.0,False
2017-09-14,53.939998626708984,54.22999954223633,53.939998626708984,54.06999969482422,46.69664764404297,17400,0.0,False
2017-09-15,54.06999969482422,54.20000076293945,53.939998626708984,54.099998474121094,46.722557067871094,22700,0.0,False
2017-09-18,54.27000045776367,54.709999084472656,54.27000045776367,54.599998474121094,47.15437698364258,10000,0.0,False
2017-09-19,54.9900016784668,55.15999984741211,54.95000076293945,54.970001220703125,47.47392272949219,8500,0.0,False
2017-09-20,55.0,55.58000183105469,54.900001525878906,55.43000030517578,47.871192932128906,15000,0.0,False
2017-09-21,55.349998474121094,55.63999938964844,55.2400016784668,55.599998474121094,48.01799392700195,9400,0.0,False
2017-09-22,55.40999984741211,55.79999923706055,55.40999984741211,55.779998779296875,48.173465728759766,12500,0.0,False
2017-09-25,55.619998931884766,55.79999923706055,55.459999084472656,55.58000183105469,48.000736236572266,10300,0.0,False
2017-09-26,55.63999938964844,55.70000076293945,55.5099983215332,55.599998474121094,48.161834716796875,45700,0.0,False
2017-09-27,56.16999816894531,56.849998474121094,56.16999816894531,56.70000076293945,49.11469650268555,26700,0.0,False
2017-09-28,56.790000915527344,56.959999084472656,56.5099983215332,56.93000030517578,49.313926696777344,14600,0.0,False
2017-09-29,56.810001373291016,57.310001373291016,56.810001373291016,57.15999984741211,49.51315689086914,35100,0.0,False
2017-10-02,57.13999938964844,57.66999816894531,57.13999938964844,57.66999816894531,49.95492935180664,69200,0.0,False
2017-10-03,57.970001220703125,58.119998931884766,57.70000076293945,58.119998931884766,50.34473419189453,21200,0.0,False
2017-10-04,58.18000030517578,58.18000030517578,57.790000915527344,57.970001220703125,50.21479415893555,26200,0.0,False
2017-10-05,57.9900016784668,58.709999084472656,57.9900016784668,58.54999923706055,50.71720504760742,20200,0.0,False
2017-10-06,58.58000183105469,58.86000061035156,57.88999938964844,58.11000061035156,50.33606719970703,26900,0.0,False
2017-10-09,58.189998626708984,58.189998626708984,58.02000045776367,58.040000915527344,50.27543258666992,12100,0.0,False
2017-10-10,58.189998626708984,58.189998626708984,57.81999969482422,57.97999954223633,50.22345733642578,104600,0.0,False
2017-10-11,57.95000076293945,58.16999816894531,57.709999084472656,58.13999938964844,50.36204528808594,11000,0.0,False
2017-10-12,58.220001220703125,58.220001220703125,57.83000183105469,57.84000015258789,50.10218811035156,14400,0.0,False
2017-10-13,57.779998779296875,57.779998779296875,57.47999954223633,57.61000061035156,49.902957916259766,8700,0.0,False
2017-10-16,57.58000183105469,57.79999923706055,57.58000183105469,57.79999923706055,50.06753158569336,7800,0.0,False
2017-10-17,58.02000045776367,58.06999969482422,57.130001068115234,57.16999816894531,49.521820068359375,16900,0.0,False
2017-10-18,57.380001068115234,57.77000045776367,57.380001068115234,57.689998626708984,49.97226333618164,6600,0.0,False
2017-10-19,57.29999923706055,57.310001373291016,56.9900016784668,57.310001373291016,49.64308166503906,9600,0.0,False
2017-10-20,57.7400016784668,57.9900016784668,57.630001068115234,57.83000183105469,50.09352493286133,5800,0.0,False
2017-10-23,57.880001068115234,57.93000030517578,57.529998779296875,57.650001525878906,49.93761444091797,90300,0.0,False
2017-10-24,57.970001220703125,58.099998474121094,57.84000015258789,58.040000915527344,50.27543258666992,8700,0.0,False
2017-10-25,58.279998779296875,58.279998779296875,57.20000076293945,57.630001068115234,49.9202766418457,30200,0.0,False
2017-10-26,57.84000015258789,58.189998626708984,57.7400016784668,57.95000076293945,50.197471618652344,11300,0.0,False
2017-10-27,57.779998779296875,58.099998474121094,57.5099983215332,58.06999969482422,50.301422119140625,14900,0.0,False
2017-10-30,57.779998779296875,58.04999923706055,57.65999984741211,57.79999923706055,50.06753158569336,7400,0.0,False
2017-10-31,57.880001068115234,58.279998779296875,57.72999954223633,57.97999954223633,50.22345733642578,109900,0.0,False
2017-11-01,58.25,58.33000183105469,57.58000183105469,57.58000183105469,49.87696838378906,13000,0.0,False
2017-11-02,57.68000030517578,58.61000061035156,57.59000015258789,58.5099983215332,50.68254470825195,13400,0.0,False
2017-11-03,58.43000030517578,58.43000030517578,57.880001068115234,58.02000045776367,50.25811004638672,5400,0.0,False
2017-11-06,57.900001525878906,58.0,57.720001220703125,57.939998626708984,50.18880844116211,12100,0.0,False
2017-11-07,58.220001220703125,58.2400016784668,57.2400016784668,57.31999969482422,49.651756286621094,9000,0.0,False
2017-11-08,57.22999954223633,57.709999084472656,57.22999954223633,57.61000061035156,49.902957916259766,17700,0.0,False
2017-11-09,57.33000183105469,57.630001068115234,57.02000045776367,57.630001068115234,49.9202766418457,14600,0.0,False
2017-11-10,57.650001525878906,57.810001373291016,57.63999938964844,57.689998626708984,49.97226333618164,8200,0.0,False
2017-11-13,57.36000061035156,58.16999816894531,57.36000061035156,58.119998931884766,50.34473419189453,10400,0.0,False
2017-11-14,57.84000015258789,58.0,57.68000030517578,57.970001220703125,50.21479415893555,6100,0.0,False
2017-11-15,57.59000015258789,58.119998931884766,57.380001068115234,57.75,50.02423095703125,37900,0.0,False
2017-11-16,58.099998474121094,58.279998779296875,57.959999084472656,58.06999969482422,50.301422119140625,13000,0.0,False
2017-11-17,57.900001525878906,58.189998626708984,57.849998474121094,58.08000183105469,50.31007766723633,5900,0.0,False
2017-11-20,58.15999984741211,58.91999816894531,58.15999984741211,58.849998474121094,50.977073669433594,9300,0.0,False
2017-11-21,59.040000915527344,59.40999984741211,59.040000915527344,59.34000015258789,51.401519775390625,8600,0.0,False
2017-11-22,59.47999954223633,59.47999954223633,59.0,59.060001373291016,51.15898132324219,35000,0.0,False
2017-11-24,59.27000045776367,59.290000915527344,59.08000183105469,59.09000015258789,51.18496322631836,12100,0.0,False
2017-11-27,59.06999969482422,59.45000076293945,58.9900016784668,59.15999984741211,51.24559783935547,29000,0.0,False
2017-11-28,59.189998626708984,60.349998474121094,59.119998931884766,60.27000045776367,52.20710372924805,98600,0.0,False
2017-11-29,60.720001220703125,61.56999969482422,60.720001220703125,61.119998931884766,52.94339370727539,78300,0.0,False
2017-11-30,61.5,62.369998931884766,61.310001373291016,61.65999984741211,53.41114044189453,69900,0.0,False
2017-12-01,61.84000015258789,62.18000030517578,60.880001068115234,62.18000030517578,53.8615837097168,39400,0.0,False
2017-12-04,63.209999084472656,63.54999923706055,63.0,63.130001068115234,54.68450164794922,75200,0.0,False
2017-12-05,63.400001525878906,63.45000076293945,62.369998931884766,62.40999984741211,54.060821533203125,77700,0.0,False
2017-12-06,62.209999084472656,62.439998626708984,62.06999969482422,62.099998474121094,53.79228973388672,18400,0.0,False
2017-12-07,62.0,62.70000076293945,61.970001220703125,62.529998779296875,54.16476058959961,41800,0.0,False
2017-12-08,62.900001525878906,63.11000061035156,62.310001373291016,63.040000915527344,54.60653305053711,32600,0.0,False
2017-12-11,63.18000030517578,63.220001220703125,62.720001220703125,62.869998931884766,54.45927429199219,25300,0.0,False
2017-12-12,63.13999938964844,63.869998931884766,63.09000015258789,63.56999969482422,55.06562805175781,49800,0.0,False
2017-12-13,63.599998474121094,63.599998474121094,62.810001373291016,62.81999969482422,54.415958404541016,25800,0.0,False
2017-12-14,63.0099983215332,63.04999923706055,62.2599983215332,62.380001068115234,54.034828186035156,17600,0.0,False
2017-12-15,63.0,63.2599983215332,62.47999954223633,62.970001220703125,54.54589080810547,33900,0.0,False
2017-12-18,63.68000030517578,63.77000045776367,63.13999938964844,63.31999969482422,54.84907531738281,53200,0.0,False
2017-12-19,63.790000915527344,63.790000915527344,62.84000015258789,62.84000015258789,54.63605499267578,25100,0.0,False
2017-12-20,63.290000915527344,63.290000915527344,62.54999923706055,62.61000061035156,54.43608093261719,29000,0.0,False
2017-12-21,62.779998779296875,63.349998474121094,62.779998779296875,63.2400016784668,54.98383712768555,57700,0.0,False
2017-12-22,63.349998474121094,63.349998474121094,62.81999969482422,63.11000061035156,54.87081527709961,21300,0.0,False
2017-12-26,62.970001220703125,63.060001373291016,62.720001220703125,62.93000030517578,54.71430969238281,26000,0.0,False
2017-12-27,62.959999084472656,62.9900016784668,62.7599983215332,62.81999969482422,54.6186637878418,13500,0.0,False
2017-12-28,63.040000915527344,63.040000915527344,62.68000030517578,63.02000045776367,54.79255676269531,29600,0.0,False
2017-12-29,63.15999984741211,63.15999984741211,62.77000045776367,62.77000045776367,54.5751953125,26500,0.0,False
2018-01-02,63.15999984741211,63.15999984741211,62.5,62.75,54.55781555175781,28600,0.0,False
2018-01-03,62.7599983215332,63.41999816894531,62.7599983215332,63.13999938964844,54.896888732910156,70400,0.0,False
2018-01-04,63.58000183105469,64.16000366210938,63.58000183105469,63.790000915527344,55.46202850341797,62300,0.0,False
2018-01-05,63.93000030517578,64.11000061035156,63.689998626708984,64.08999633789062,55.72286605834961,34100,0.0,False
2018-01-08,64.0199966430664,64.41999816894531,64.0199966430664,64.30999755859375,55.91414260864258,59200,0.0,False
2018-01-09,64.45999908447266,65.27999877929688,64.45999908447266,65.04000091552734,56.54883575439453,50100,0.0,False
2018-01-10,65.06999969482422,65.62999725341797,65.06999969482422,65.30000305175781,56.77489471435547,28500,0.0,False
2018-01-11,65.70999908447266,65.70999908447266,65.0999984741211,65.54000091552734,56.98357391357422,31000,0.0,False
2018-01-12,65.80000305175781,66.20999908447266,65.73999786376953,66.18000030517578,57.540000915527344,37400,0.0,False
2018-01-16,66.87000274658203,66.95999908447266,65.55999755859375,65.7699966430664,57.18354797363281,158500,0.0,False
2018-01-17,66.06999969482422,66.19999694824219,65.25,66.06999969482422,57.444358825683594,70900,0.0,False
2018-01-18,66.20999908447266,66.20999908447266,65.68000030517578,65.80999755859375,57.21831130981445,33000,0.0,False
2018-01-19,65.79000091552734,66.61000061035156,65.79000091552734,66.58000183105469,57.88779067993164,44900,0.0,False
2018-01-22,66.5,66.9000015258789,66.33999633789062,66.9000015258789,58.166019439697266,36500,0.0,False
2018-01-23,66.9000015258789,66.97000122070312,66.62000274658203,66.83000183105469,58.10515594482422,33500,0.0,False
2018-01-24,66.97000122070312,67.44999694824219,66.4000015258789,67.23999786376953,58.46162796020508,11800,0.0,False
2018-01-25,67.29000091552734,67.29000091552734,66.55000305175781,66.77999877929688,58.061676025390625,14900,0.0,False
2018-01-26,66.7699966430664,67.05000305175781,66.54000091552734,66.98999786376953,58.24427795410156,20700,0.0,False
2018-01-29,67.0199966430664,67.33999633789062,66.6500015258789,66.70999908447266,58.000816345214844,22500,0.0,False
2018-01-30,66.26000213623047,66.69999694824219,66.0199966430664,66.04000091552734,57.41828536987305,25600,0.0,False
2018-01-31,66.25,66.72000122070312,66.12999725341797,66.30000305175781,57.64434814453125,52500,0.0,False
2018-02-01,66.12000274658203,67.56999969482422,66.12000274658203,67.56999969482422,58.7485466003418,23000,0.0,False
2018-02-02,67.27999877929688,67.68000030517578,65.94000244140625,66.0,57.383514404296875,42000,0.0,False
2018-02-05,65.16000366210938,66.3499984741211,63.060001373291016,63.56999969482422,55.270755767822266,86300,0.0,False
2018-02-06,62.119998931884766,64.70999908447266,61.40999984741211,64.5199966430664,56.09672546386719,412700,0.0,False
2018-02-07,64.16000366210938,65.29000091552734,64.16000366210938,64.45999908447266,56.0445671081543,59100,0.0,False
2018-02-08,64.66999816894531,64.66999816894531,62.08000183105469,62.08000183105469,53.975284576416016,275000,0.0,False
2018-02-09,62.91999816894531,63.29999923706055,60.869998931884766,62.869998931884766,54.662147521972656,175800,0.0,False
2018-02-12,63.38999938964844,64.41999816894531,63.099998474121094,63.88999938964844,55.54896926879883,177500,0.0,False
2018-02-13,63.619998931884766,64.19999694824219,63.40999984741211,64.0999984741211,55.7315673828125,63300,0.0,False
2018-02-14,63.959999084472656,65.66999816894531,63.959999084472656,65.62000274658203,57.05311965942383,139800,0.0,False
2018-02-15,66.08999633789062,66.18000030517578,65.22000122070312,66.11000061035156,57.479156494140625,42400,0.0,False
2018-02-16,65.98999786376953,66.12000274658203,65.75,65.9000015258789,57.29656982421875,34700,0.0,False
2018-02-20,65.77999877929688,66.41000366210938,65.62999725341797,65.94000244140625,57.33134841918945,96800,0.0,False
2018-02-21,65.91000366210938,66.66000366210938,65.62999725341797,65.63999938964844,57.07050704956055,29300,0.0,False
2018-02-22,65.88999938964844,65.88999938964844,64.83000183105469,64.95999908447266,56.47928237915039,20900,0.0,False
2018-02-23,65.19999694824219,65.8499984741211,65.19999694824219,65.8499984741211,57.25310134887695,33900,0.0,False
2018-02-26,66.12999725341797,66.91999816894531,66.0,66.86000061035156,58.1312370300293,30900,0.0,False
2018-02-27,67.0,67.79000091552734,66.87000274658203,66.87000274658203,58.13993453979492,82000,0.0,False
2018-02-28,67.12000274658203,67.52999877929688,66.27999877929688,66.29000091552734,57.635650634765625,53200,0.0,False
2018-03-01,66.30999755859375,66.44000244140625,64.95999908447266,65.37999725341797,56.84444808959961,50400,0.0,False
2018-03-02,64.91000366210938,65.91999816894531,64.43000030517578,65.79000091552734,57.200923919677734,28600,0.0,False
2018-03-05,65.41999816894531,67.1500015258789,65.41999816894531,66.86000061035156,58.1312370300293,36100,0.0,False
2018-03-06,67.22000122070312,67.87000274658203,66.73999786376953,67.87000274658203,59.00938034057617,28000,0.0,False
2018-03-07,67.12999725341797,68.1500015258789,67.12999725341797,67.97000122070312,59.096336364746094,41100,0.0,False
2018-03-08,68.20999908447266,68.58000183105469,67.58999633789062,68.43000030517578,59.49628829956055,517900,0.0,False
2018-03-09,69.01000213623047,70.2300033569336,69.01000213623047,70.19000244140625,61.02648162841797,154800,0.0,False
2018-03-12,70.30999755859375,70.58000183105469,69.98999786376953,70.27999877929688,61.104736328125,385400,0.0,False
2018-03-13,70.45999908447266,70.45999908447266,69.11000061035156,69.20999908447266,60.174434661865234,142600,0.0,False
2018-03-14,69.38999938964844,69.38999938964844,68.43000030517578,68.58000183105469,59.626686096191406,238200,0.0,False
2018-03-15,68.83000183105469,68.83000183105469,68.19999694824219,68.45999908447266,59.5223388671875,73800,0.0,False
2018-03-16,68.44999694824219,69.16999816894531,68.44999694824219,68.80999755859375,59.82665252685547,70700,0.0,False
2018-03-19,68.68000030517578,68.79000091552734,67.43000030517578,68.11000061035156,59.21805191040039,94900,0.0,False
2018-03-20,68.30000305175781,68.87999725341797,68.30000305175781,68.48999786376953,59.548431396484375,304900,0.0,False
2018-03-21,68.4800033569336,69.19000244140625,68.16999816894531,68.36000061035156,59.435401916503906,51800,0.0,False
2018-03-22,67.56999969482422,67.66999816894531,65.5,65.61000061035156,57.19923400878906,66500,0.0,False
2018-03-23,65.69000244140625,65.69000244140625,63.529998779296875,63.54999923706055,55.403297424316406,60800,0.0,False
2018-03-26,64.70999908447266,65.79000091552734,64.2300033569336,65.69000244140625,57.26897430419922,90200,0.0,False
2018-03-27,66.01000213623047,66.16999816894531,63.900001525878906,64.33000183105469,56.083309173583984,222600,0.0,False
2018-03-28,64.31999969482422,64.66000366210938,63.290000915527344,64.11000061035156,55.89151382446289,56100,0.0,False
2018-03-29,64.54000091552734,65.66000366210938,64.30000305175781,65.43000030517578,57.04228973388672,28100,0.0,False
2018-04-02,65.41999816894531,65.7699966430664,63.31999969482422,64.0999984741211,55.8828010559082,71200,0.0,False
2018-04-03,64.5,65.06999969482422,64.04000091552734,64.98999786376953,56.65869903564453,30700,0.0,False
2018-04-04,64.01000213623047,65.5199966430664,64.0,65.3499984741211,56.97254943847656,26400,0.0,False
2018-04-05,65.81999969482422,66.5,65.72000122070312,66.1500015258789,57.66999816894531,60100,0.0,False
2018-04-06,65.38999938964844,65.63999938964844,63.779998779296875,64.3499984741211,56.100746154785156,51800,0.0,False
2018-04-09,64.80000305175781,65.7699966430664,64.5,64.58000183105469,56.3012580871582,39600,0.0,False
2018-04-10,65.54000091552734,66.08000183105469,65.16999816894531,65.66000366210938,57.24282455444336,55100,0.0,False
2018-04-11,65.08000183105469,65.5199966430664,64.62000274658203,65.12999725341797,56.78075408935547,302100,0.0,False
2018-04-12,65.56999969482422,66.43000030517578,65.56999969482422,66.08000183105469,57.608978271484375,47500,0.0,False
2018-04-13,66.69000244140625,66.70999908447266,65.16999816894531,65.44999694824219,57.05974578857422,50000,0.0,False
2018-04-16,65.79000091552734,66.48999786376953,65.79000091552734,66.13999938964844,57.66128158569336,62600,0.0,False
2018-04-17,66.75,66.80999755859375,66.2699966430664,66.5199966430664,57.992557525634766,82900,0.0,False
2018-04-18,66.7300033569336,66.95999908447266,66.1500015258789,66.19999694824219,57.713592529296875,66200,0.0,False
2018-04-19,66.30000305175781,67.04000091552734,66.30000305175781,66.91000366210938,58.332576751708984,52200,0.0,False
2018-04-20,66.88999938964844,67.5199966430664,66.80000305175781,67.08999633789062,58.4895133972168,41100,0.0,False
2018-04-23,67.26000213623047,67.48999786376953,66.3499984741211,66.68000030517578,58.13206481933594,36500,0.0,False
2018-04-24,66.91999816894531,67.0999984741211,65.41999816894531,65.80000305175781,57.36485290527344,60500,0.0,False
2018-04-25,65.83000183105469,65.97000122070312,65.05000305175781,65.58999633789062,57.18178176879883,723600,0.0,False
2018-04-26,65.61000061035156,66.41999816894531,65.30999755859375,66.18000030517578,57.69614791870117,195400,0.0,False
2018-04-27,66.02999877929688,66.30000305175781,65.66999816894531,66.06999969482422,57.600242614746094,45600,0.0,False
2018-04-30,66.16000366210938,66.70999908447266,65.80000305175781,65.80999755859375,57.37358474731445,55900,0.0,False
2018-05-01,65.70999908447266,65.94000244140625,65.19000244140625,65.94000244140625,57.486915588378906,46200,0.0,False
2018-05-02,65.87000274658203,66.27999877929688,65.55000305175781,65.66999816894531,57.25153732299805,194800,0.0,False
2018-05-03,65.33999633789062,65.38999938964844,64.0,65.05000305175781,56.711029052734375,88100,0.0,False
2018-05-04,64.7300033569336,66.08000183105469,64.61000061035156,65.6500015258789,57.23409652709961,523100,0.0,False
2018-05-07,65.95999908447266,66.72000122070312,65.88999938964844,66.51000213623047,57.98385238647461,34400,0.0,False
2018-05-08,66.52999877929688,67.26000213623047,66.52999877929688,66.87000274658203,58.29770278930664,85400,0.0,False
2018-05-09,67.18000030517578,68.05000305175781,67.0,67.94000244140625,59.230533599853516,122800,0.0,False
2018-05-10,67.91999816894531,68.41000366210938,67.70999908447266,68.16000366210938,59.42233657836914,55000,0.0,False
2018-05-11,68.1500015258789,68.5,67.95999908447266,68.22000122070312,59.47465515136719,120600,0.0,False
2018-05-14,68.43000030517578,68.45999908447266,67.86000061035156,68.08000183105469,59.352603912353516,46000,0.0,False
2018-05-15,67.80000305175781,68.36000061035156,67.80000305175781,68.11000061035156,59.37875747680664,30600,0.0,False
2018-05-16,68.05000305175781,68.66999816894531,68.05000305175781,68.37999725341797,59.61412811279297,55500,0.0,False
2018-05-17,68.33999633789062,68.80999755859375,68.02999877929688,68.62000274658203,59.8233642578125,31100,0.0,False
2018-05-18,68.6500015258789,68.6500015258789,68.22000122070312,68.22000122070312,59.47465515136719,29100,0.0,False
2018-05-21,68.58000183105469,68.98999786376953,68.58000183105469,68.8499984741211,60.02387619018555,52800,0.0,False
2018-05-22,68.9800033569336,69.38999938964844,68.8499984741211,68.98999786376953,60.14593505859375,61100,0.0,False
2018-05-23,68.55999755859375,68.5999984741211,67.97000122070312,68.56999969482422,59.779762268066406,26700,0.0,False
2018-05-24,68.29000091552734,68.45999908447266,67.45999908447266,68.2699966430664,59.518226623535156,32100,0.0,False
2018-05-25,68.0199966430664,68.08000183105469,67.63999938964844,67.9800033569336,59.26541519165039,22900,0.0,False
2018-05-29,67.25,67.37000274658203,65.80999755859375,66.12999725341797,57.65255355834961,91200,0.0,False
2018-05-30,66.87999725341797,67.41000366210938,66.58000183105469,67.1500015258789,58.54179763793945,23400,0.0,False
2018-05-31,67.01000213623047,67.22000122070312,66.3499984741211,66.45999908447266,57.94025802612305,27100,0.0,False
2018-06-01,67.08000183105469,67.4000015258789,67.06999969482422,67.20999908447266,58.5941162109375,51300,0.0,False
2018-06-04,67.4800033569336,67.5999984741211,67.18000030517578,67.55000305175781,58.89053726196289,311100,0.0,False
2018-06-05,67.44000244140625,67.5999984741211,67.05999755859375,67.54000091552734,58.88181686401367,105800,0.0,False
2018-06-06,67.76000213623047,68.80000305175781,67.76000213623047,68.79000091552734,59.971588134765625,38000,0.0,False
2018-06-07,68.9800033569336,69.16999816894531,68.2699966430664,68.69000244140625,59.88438034057617,26000,0.0,False
2018-06-08,68.61000061035156,68.94999694824219,68.43000030517578,68.91000366210938,60.07617950439453,14900,0.0,False
2018-06-11,69.06999969482422,69.1500015258789,68.72000122070312,68.72000122070312,59.910560607910156,148800,0.0,False
2018-06-12,68.87000274658203,68.95999908447266,68.12000274658203,68.51000213623047,59.727474212646484,111200,0.0,False
2018-06-13,68.56999969482422,69.38999938964844,68.48999786376953,68.61000061035156,59.81466293334961,44800,0.0,False
2018-06-14,68.81999969482422,68.81999969482422,68.1500015258789,68.43000030517578,59.65772247314453,29500,0.0,False
2018-06-15,68.01000213623047,68.41999816894531,67.55999755859375,68.19000244140625,59.448490142822266,29100,0.0,False
2018-06-18,67.77999877929688,68.06999969482422,67.47000122070312,68.05999755859375,59.33514404296875,39200,0.0,False
2018-06-19,67.4000015258789,67.6500015258789,67.04000091552734,67.4800033569336,58.82950210571289,45200,0.0,False
2018-06-20,67.75,68.08999633789062,67.7300033569336,67.73999786376953,59.056175231933594,30200,0.0,False
2018-06-21,67.5,67.70999908447266,66.66000366210938,67.4000015258789,58.7597541809082,29300,0.0,False
2018-06-22,67.69999694824219,67.88999938964844,67.02999877929688,67.02999877929688,58.43718719482422,19800,0.0,False
2018-06-25,66.75,66.86000061035156,65.25,65.79000091552734,57.35615539550781,132200,0.0,False
2018-06-26,65.66000366210938,65.86000061035156,65.31999969482422,65.47000122070312,57.243370056152344,229200,0.0,False
2018-06-27,65.66000366210938,65.73999786376953,64.4000015258789,64.4000015258789,56.30781555175781,90100,0.0,False
2018-06-28,64.33000183105469,64.91000366210938,64.13999938964844,64.62000274658203,56.50017547607422,40400,0.0,False
2018-06-29,65.08999633789062,65.13999938964844,64.11000061035156,64.11000061035156,56.05424880981445,60700,0.0,False
2018-07-02,63.790000915527344,64.55999755859375,63.58000183105469,64.55999755859375,56.44770050048828,94500,0.0,False
2018-07-03,64.80999755859375,64.8499984741211,63.70000076293945,63.79999923706055,55.783203125,14400,0.0,False
2018-07-05,64.04000091552734,64.27999877929688,63.290000915527344,63.4900016784668,55.512142181396484,105700,0.0,False
2018-07-06,63.43000030517578,64.2300033569336,63.34000015258789,63.9900016784668,55.9493293762207,52600,0.0,False
2018-07-09,64.26000213623047,65.37999725341797,64.26000213623047,65.23999786376953,57.04225158691406,57100,0.0,False
2018-07-10,65.37999725341797,65.37999725341797,64.80999755859375,65.0,56.83241271972656,47900,0.0,False
2018-07-11,64.48999786376953,65.05999755859375,64.43000030517578,64.75,56.613834381103516,17800,0.0,False
2018-07-12,65.11000061035156,65.11000061035156,64.55999755859375,64.87000274658203,56.71875762939453,13300,0.0,False
2018-07-13,64.86000061035156,65.02999877929688,64.26000213623047,64.76000213623047,56.62257766723633,35400,0.0,False
2018-07-16,64.91000366210938,65.4800033569336,64.91000366210938,65.33000183105469,57.1209602355957,24400,0.0,False
2018-07-17,65.5,66.12000274658203,65.44000244140625,66.04000091552734,57.74173355102539,59900,0.0,False
2018-07-18,66.44999694824219,67.19999694824219,66.44999694824219,67.19000244140625,58.747230529785156,84000,0.0,False
2018-07-19,67.0,67.06999969482422,66.16999816894531,66.26000213623047,57.93407440185547,71000,0.0,False
2018-07-20,66.05000305175781,66.31999969482422,65.80999755859375,66.20999908447266,57.89036178588867,122900,0.0,False
2018-07-23,66.18000030517578,66.87000274658203,66.18000030517578,66.83000183105469,58.43247604370117,26500,0.0,False
2018-07-24,67.16000366210938,67.45999908447266,66.7300033569336,66.93000030517578,58.519901275634766,76100,0.0,False
2018-07-25,66.91000366210938,67.04000091552734,66.43000030517578,66.94000244140625,58.52865219116211,105900,0.0,False
2018-07-26,67.13999938964844,67.29000091552734,66.77999877929688,66.77999877929688,58.38874816894531,30500,0.0,False
2018-07-27,66.72000122070312,66.76000213623047,66.08000183105469,66.36000061035156,58.02152633666992,17800,0.0,False
2018-07-30,66.44000244140625,66.44999694824219,65.12000274658203,65.16000366210938,56.97231674194336,28700,0.0,False
2018-07-31,65.41000366210938,65.41000366210938,64.7300033569336,65.23999786376953,57.04225158691406,50300,0.0,False
2018-08-01,65.45999908447266,66.19999694824219,65.11000061035156,65.23999786376953,57.04225158691406,85800,0.0,False
2018-08-02,64.72000122070312,65.04000091552734,64.51000213623047,64.83000183105469,56.68378829956055,37300,0.0,False
2018-08-03,64.94999694824219,65.0199966430664,64.58000183105469,64.75,56.613834381103516,14600,0.0,False
2018-08-06,64.7699966430664,64.97000122070312,64.62000274658203,64.8499984741211,56.701263427734375,249700,0.0,False
2018-08-07,65.05999755859375,65.83999633789062,65.05999755859375,65.26000213623047,57.05975341796875,145600,0.0,False
2018-08-08,65.23999786376953,65.23999786376953,64.9800033569336,65.0199966430664,56.84990692138672,22100,0.0,False
2018-08-09,65.05000305175781,65.2699966430664,64.88999938964844,64.9000015258789,56.74497604370117,27900,0.0,False
2018-08-10,64.37000274658203,64.61000061035156,64.06999969482422,64.4800033569336,56.37776565551758,31800,0.0,False
2018-08-13,64.58000183105469,64.69999694824219,63.93000030517578,63.93000030517578,55.89686584472656,16200,0.0,False
2018-08-14,64.08000183105469,64.72000122070312,64.08000183105469,64.6500015258789,56.52639389038086,19600,0.0,False
2018-08-15,64.23999786376953,64.5999984741211,64.04000091552734,64.30000305175781,56.22036361694336,49300,0.0,False
2018-08-16,64.69999694824219,65.19000244140625,64.68000030517578,64.87999725341797,56.72748565673828,21600,0.0,False
2018-08-17,64.87000274658203,65.13999938964844,64.72000122070312,65.05000305175781,56.87614822387695,20300,0.0,False
2018-08-20,65.16000366210938,65.44999694824219,65.1500015258789,65.27999877929688,57.07722854614258,627500,0.0,False
2018-08-21,64.66999816894531,65.19999694824219,64.44000244140625,64.81999969482422,56.675045013427734,72200,0.0,False
2018-08-22,64.58000183105469,65.19000244140625,64.58000183105469,65.05999755859375,56.884864807128906,23000,0.0,False
2018-08-23,65.0,65.0999984741211,64.56999969482422,64.66999816894531,56.543880462646484,22100,0.0,False
2018-08-24,64.80999755859375,65.16000366210938,64.80000305175781,65.0199966430664,56.84990692138672,72300,0.0,False
2018-08-27,65.12000274658203,66.26000213623047,65.12000274658203,65.95999908447266,57.671791076660156,81400,0.0,False
2018-08-28,66.12000274658203,66.36000061035156,65.88999938964844,65.91999816894531,57.63681411743164,60400,0.0,False
2018-08-29,66.0199966430664,66.19000244140625,65.69000244140625,66.02999877929688,57.73299026489258,190800,0.0,False
2018-08-30,65.76000213623047,65.88999938964844,65.58999633789062,65.69000244140625,57.43572235107422,55900,0.0,False
2018-08-31,65.44000244140625,65.76000213623047,65.33999633789062,65.76000213623047,57.496910095214844,39200,0.0,False
2018-09-04,65.58999633789062,66.08999633789062,65.48999786376953,66.08999633789062,57.78546142578125,49600,0.0,False
2018-09-05,66.0,66.11000061035156,65.31999969482422,65.37000274658203,57.155906677246094,47800,0.0,False
2018-09-06,65.31999969482422,65.41000366210938,64.31999969482422,64.4800033569336,56.37776565551758,36500,0.0,False
2018-09-07,64.68000030517578,64.83000183105469,64.44999694824219,64.61000061035156,56.491416931152344,28200,0.0,False
2018-09-10,64.83000183105469,64.87999725341797,64.47000122070312,64.47000122070312,56.369014739990234,16500,0.0,False
2018-09-11,64.37000274658203,64.77999877929688,64.08999633789062,64.55000305175781,56.438968658447266,28400,0.0,False
2018-09-12,64.5199966430664,64.5199966430664,63.59000015258789,63.79999923706055,55.783203125,214800,0.0,False
2018-09-13,64.04000091552734,64.27999877929688,63.77000045776367,64.02999877929688,55.98430252075195,133500,0.0,False
2018-09-14,64.06999969482422,64.81999969482422,64.06999969482422,64.56999969482422,56.456443786621094,34600,0.0,False
2018-09-17,64.58000183105469,64.58000183105469,63.7599983215332,63.83000183105469,55.80944061279297,53200,0.0,False
2018-09-18,64.0,64.2699966430664,63.7599983215332,64.19000244140625,56.124202728271484,26900,0.0,False
2018-09-19,64.19000244140625,65.13999938964844,64.19000244140625,65.04000091552734,56.86738967895508,41600,0.0,False
2018-09-20,65.44000244140625,65.66999816894531,65.16999816894531,65.44000244140625,57.217124938964844,28700,0.0,False
2018-09-21,65.66000366210938,65.66000366210938,65.06999969482422,65.11000061035156,56.92859649658203,21200,0.0,False
2018-09-24,65.05999755859375,65.05999755859375,64.5,64.63999938964844,56.51765060424805,16100,0.0,False
2018-09-25,64.80999755859375,64.80999755859375,64.23999786376953,64.37999725341797,56.29030990600586,14400,0.0,False
2018-09-26,64.2300033569336,64.2300033569336,63.060001373291016,63.119998931884766,55.41934585571289,77400,0.0,False
2018-09-27,63.22999954223633,63.380001068115234,62.84000015258789,62.84000015258789,55.173484802246094,62600,0.0,False
2018-09-28,62.58000183105469,62.7599983215332,62.150001525878906,62.22999954223633,54.63792419433594,94700,0.0,False
2018-10-01,62.54999923706055,62.65999984741211,62.15999984741211,62.349998474121094,54.743282318115234,55200,0.0,False
2018-10-02,62.29999923706055,62.369998931884766,61.7599983215332,62.2400016784668,54.646697998046875,83300,0.0,False
2018-10-03,62.59000015258789,63.25,62.5,62.95000076293945,55.27009201049805,37300,0.0,False
2018-10-04,63.029998779296875,63.869998931884766,62.959999084472656,63.54999923706055,55.796897888183594,83000,0.0,False
2018-10-05,63.70000076293945,63.939998626708984,63.040000915527344,63.33000183105469,55.60373306274414,41900,0.0,False
2018-10-08,63.22999954223633,63.27000045776367,62.66999816894531,63.25,55.53348922729492,25900,0.0,False
2018-10-09,63.0,63.41999816894531,62.7599983215332,63.18000030517578,55.4720344543457,53100,0.0,False
2018-10-10,63.15999984741211,63.15999984741211,61.279998779296875,61.290000915527344,53.8126220703125,59300,0.0,False
2018-10-11,60.95000076293945,61.40999984741211,59.58000183105469,59.90999984741211,52.60096740722656,635200,0.0,False
2018-10-12,60.880001068115234,61.04999923706055,59.52000045776367,60.33000183105469,52.969730377197266,187800,0.0,False
2018-10-15,60.29999923706055,60.5099983215332,59.869998931884766,60.08000183105469,52.75021743774414,17900,0.0,False
2018-10-16,60.72999954223633,61.650001525878906,60.279998779296875,61.63999938964844,54.11990737915039,67300,0.0,False
2018-10-17,61.5099983215332,62.150001525878906,61.02000045776367,61.970001220703125,54.40964126586914,75100,0.0,False
2018-10-18,61.790000915527344,61.95000076293945,60.70000076293945,60.959999084472656,53.522865295410156,20200,0.0,False
2018-10-19,61.02000045776367,61.47999954223633,60.88999938964844,61.209999084472656,53.74236297607422,43000,0.0,False
2018-10-22,61.2599983215332,61.43000030517578,60.34000015258789,60.34000015258789,52.978511810302734,17200,0.0,False
2018-10-23,59.540000915527344,59.95000076293945,58.56999969482422,59.61000061035156,52.33756637573242,277300,0.0,False
2018-10-24,59.58000183105469,59.58000183105469,58.13999938964844,58.20000076293945,51.09959030151367,145000,0.0,False
2018-10-25,58.61000061035156,59.060001373291016,58.25,58.79999923706055,51.626380920410156,96200,0.0,False
2018-10-26,58.09000015258789,58.869998931884766,57.86000061035156,58.400001525878906,51.27519226074219,61000,0.0,False
2018-10-29,59.08000183105469,59.599998474121094,57.9900016784668,58.59000015258789,51.44200134277344,37200,0.0,False
2018-10-30,58.81999969482422,59.869998931884766,58.81999969482422,59.84000015258789,52.53950881958008,86000,0.0,False
2018-10-31,60.369998931884766,61.439998626708984,60.369998931884766,60.900001525878906,53.47018051147461,46600,0.0,False
2018-11-01,61.06999969482422,61.459999084472656,61.02000045776367,61.27000045776367,53.79503631591797,137100,0.0,False
2018-11-02,61.61000061035156,62.31999969482422,61.279998779296875,61.650001525878906,54.128700256347656,30500,0.0,False
2018-11-05,61.59000015258789,62.189998626708984,61.59000015258789,61.91999816894531,54.36575698852539,124500,0.0,False
2018-11-06,62.04999923706055,62.560001373291016,61.81999969482422,62.52000045776367,54.892539978027344,40600,0.0,False
2018-11-07,62.97999954223633,63.52000045776367,62.45000076293945,63.41999816894531,55.68274688720703,67900,0.0,False
2018-11-08,63.15999984741211,63.720001220703125,63.15999984741211,63.56999969482422,55.8144416809082,35800,0.0,False
2018-11-09,63.20000076293945,63.27000045776367,62.43000030517578,62.59000015258789,54.95399856567383,57500,0.0,False
2018-11-12,62.470001220703125,62.56999969482422,60.86000061035156,60.939998626708984,53.505313873291016,76500,0.0,False
2018-11-13,61.0,61.72999954223633,61.0,61.130001068115234,53.67212677001953,10000,0.0,False
2018-11-14,61.70000076293945,61.86000061035156,60.0,60.59000015258789,53.1980094909668,61200,0.0,False
2018-11-15,60.189998626708984,61.5099983215332,60.099998474121094,61.5099983215332,54.005760192871094,48700,0.0,False
2018-11-16,61.290000915527344,61.90999984741211,61.18000030517578,61.790000915527344,54.251617431640625,250100,0.0,False
2018-11-19,61.779998779296875,62.04999923706055,61.0,61.33000183105469,53.84772872924805,57900,0.0,False
2018-11-20,60.83000183105469,60.83000183105469,59.810001373291016,60.0099983215332,52.68875503540039,97400,0.0,False
2018-11-21,60.310001373291016,60.849998474121094,60.20000076293945,60.31999969482422,52.9609489440918,29700,0.0,False
2018-11-23,59.90999984741211,60.40999984741211,59.79999923706055,60.040000915527344,52.715110778808594,7000,0.0,False
2018-11-26,60.61000061035156,61.470001220703125,60.58000183105469,61.08000183105469,53.628231048583984,87900,0.0,False
2018-11-27,61.34000015258789,61.34000015258789,60.869998931884766,61.11000061035156,53.654563903808594,21000,0.0,False
2018-11-28,61.4900016784668,61.70000076293945,60.65999984741211,61.650001525878906,54.128700256347656,14600,0.0,False
2018-11-29,61.34000015258789,61.43000030517578,60.84000015258789,60.939998626708984,53.505313873291016,16100,0.0,False
2018-11-30,60.75,61.36000061035156,60.5,61.36000061035156,53.87406921386719,64600,0.0,False
2018-12-03,62.529998779296875,62.529998779296875,61.45000076293945,61.689998626708984,54.1638069152832,31300,0.0,False
2018-12-04,61.66999816894531,61.66999816894531,59.189998626708984,59.40999984741211,52.16197204589844,36500,0.0,False
2018-12-06,58.27000045776367,59.349998474121094,57.790000915527344,59.310001373291016,52.07416915893555,80400,0.0,False
2018-12-07,59.20000076293945,59.91999816894531,57.970001220703125,58.20000076293945,51.09959030151367,77000,0.0,False
2018-12-10,58.11000061035156,58.18000030517578,57.0,58.060001373291016,50.97665786743164,87400,0.0,False
2018-12-11,58.7400016784668,58.91999816894531,57.77000045776367,57.81999969482422,50.76594161987305,35700,0.0,False
2018-12-12,58.470001220703125,59.06999969482422,58.27000045776367,58.279998779296875,51.169830322265625,47100,0.0,False
2018-12-13,58.45000076293945,58.45000076293945,57.529998779296875,57.65999984741211,50.62546920776367,36700,0.0,False
2018-12-14,57.15999984741211,57.83000183105469,56.779998779296875,56.91999816894531,49.97574996948242,96400,0.0,False
2018-12-17,56.40999984741211,57.02000045776367,55.70000076293945,55.91999816894531,49.30825424194336,67600,0.0,False
2018-12-18,56.22999954223633,56.66999816894531,55.5,55.7599983215332,49.16716384887695,59900,0.0,False
2018-12-19,55.68000030517578,56.59000015258789,54.90999984741211,55.130001068115234,48.611663818359375,47500,0.0,False
2018-12-20,54.72999954223633,55.400001525878906,54.38999938964844,54.54999923706055,48.1002311706543,170500,0.0,False
2018-12-21,54.70000076293945,55.369998931884766,53.54999923706055,53.61000061035156,47.27136993408203,94400,0.0,False
2018-12-24,53.119998931884766,53.560001373291016,52.540000915527344,52.66999816894531,46.4425163269043,126900,0.0,False
2018-12-26,52.7400016784668,54.86000061035156,51.959999084472656,54.86000061035156,48.37358856201172,184500,0.0,False
2018-12-27,54.02000045776367,55.38999938964844,53.66999816894531,55.38999938964844,48.840911865234375,91200,0.0,False
2018-12-28,55.61000061035156,56.060001373291016,55.099998474121094,55.43000030517578,48.876182556152344,105000,0.0,False
2018-12-31,55.7400016784668,56.060001373291016,55.34000015258789,56.029998779296875,49.40524673461914,168200,0.0,False
2019-01-02,55.15999984741211,56.689998626708984,55.15999984741211,56.45000076293945,49.77560043334961,65200,0.0,False
2019-01-03,56.099998474121094,56.36000061035156,55.33000183105469,55.33000183105469,48.78801345825195,46600,0.0,False
2019-01-04,56.13999938964844,57.52000045776367,56.13999938964844,57.349998474121094,50.56917190551758,15600,0.0,False
2019-01-07,57.13999938964844,57.72999954223633,56.72999954223633,57.189998626708984,50.42808532714844,35500,0.0,False
2019-01-08,57.75,57.849998474121094,56.75,57.380001068115234,50.59563064575195,39500,0.0,False
2019-01-09,57.630001068115234,57.91999816894531,57.43000030517578,57.70000076293945,50.8777961730957,70800,0.0,False
2019-01-10,57.43000030517578,57.880001068115234,57.279998779296875,57.75,50.921878814697266,81800,0.0,False
2019-01-11,57.459999084472656,58.040000915527344,57.279998779296875,57.970001220703125,51.115875244140625,25000,0.0,False
2019-01-14,57.41999816894531,58.209999084472656,57.41999816894531,58.0,51.142330169677734,25000,0.0,False
2019-01-15,57.88999938964844,58.5099983215332,57.70000076293945,58.5,51.58320236206055,32700,0.0,False
2019-01-16,59.439998626708984,60.70000076293945,59.34000015258789,60.470001220703125,53.320289611816406,71700,0.0,False
2019-01-17,60.04999923706055,60.72999954223633,59.779998779296875,60.369998931884766,53.23210144042969,82500,0.0,False
2019-01-18,60.7599983215332,61.470001220703125,60.470001220703125,61.439998626708984,54.175594329833984,62200,0.0,False
2019-01-22,61.029998779296875,61.11000061035156,60.279998779296875,60.66999816894531,53.49662780761719,38700,0.0,False
2019-01-23,60.90999984741211,60.90999984741211,59.93000030517578,60.560001373291016,53.399635314941406,49700,0.0,False
2019-01-24,60.36000061035156,60.79999923706055,60.33000183105469,60.5099983215332,53.35554504394531,18600,0.0,False
2019-01-25,60.900001525878906,61.20000076293945,60.810001373291016,61.04999923706055,53.83170700073242,116700,0.0,False
2019-01-28,60.5,60.880001068115234,60.380001068115234,60.86000061035156,53.6641731262207,124900,0.0,False
2019-01-29,60.83000183105469,60.83000183105469,60.33000183105469,60.540000915527344,53.38199234008789,118200,0.0,False
2019-01-30,60.34000015258789,60.90999984741211,60.25,60.599998474121094,53.434906005859375,45200,0.0,False
2019-01-31,60.34000015258789,60.59000015258789,60.0,60.58000183105469,53.417266845703125,30400,0.0,False
2019-02-01,60.650001525878906,61.459999084472656,60.650001525878906,60.939998626708984,53.73471450805664,23100,0.0,False
2019-02-04,61.04999923706055,61.2599983215332,60.43000030517578,61.2599983215332,54.0168571472168,33800,0.0,False
2019-02-05,61.310001373291016,61.33000183105469,60.7400016784668,61.119998931884766,53.893428802490234,34200,0.0,False
2019-02-06,60.959999084472656,61.18000030517578,60.630001068115234,60.83000183105469,53.63770294189453,28300,0.0,False
2019-02-07,60.68000030517578,60.68000030517578,59.810001373291016,60.310001373291016,53.17919921875,32800,0.0,False
2019-02-08,60.029998779296875,60.130001068115234,59.459999084472656,60.130001068115234,53.020477294921875,28000,0.0,False
2019-02-11,60.310001373291016,60.310001373291016,60.0,60.11000061035156,53.002845764160156,34900,0.0,False
2019-02-12,60.5099983215332,61.27000045776367,60.5099983215332,60.88999938964844,53.69062042236328,122800,0.0,False
2019-02-13,61.20000076293945,61.529998779296875,60.939998626708984,60.95000076293945,53.7435302734375,32000,0.0,False
2019-02-14,60.58000183105469,60.70000076293945,60.060001373291016,60.34000015258789,53.20565414428711,61000,0.0,False
2019-02-15,60.66999816894531,61.16999816894531,60.66999816894531,61.15999984741211,53.92869567871094,20600,0.0,False
2019-02-19,60.95000076293945,61.689998626708984,60.849998474121094,61.560001373291016,54.281410217285156,50600,0.0,False
2019-02-20,61.40999984741211,61.56999969482422,61.11000061035156,61.540000915527344,54.26375961303711,15800,0.0,False
2019-02-21,61.439998626708984,61.4900016784668,61.060001373291016,61.20000076293945,53.96397399902344,75200,0.0,False
2019-02-22,61.20000076293945,61.61000061035156,61.20000076293945,61.61000061035156,54.32549285888672,13200,0.0,False
2019-02-25,62.0,62.47999954223633,61.72999954223633,61.75,54.44893264770508,22900,0.0,False
2019-02-26,61.59000015258789,62.15999984741211,61.59000015258789,61.77000045776367,54.46657180786133,32600,0.0,False
2019-02-27,61.7400016784668,62.060001373291016,61.63999938964844,61.90999984741211,54.59001159667969,24900,0.0,False
2019-02-28,61.900001525878906,62.09000015258789,61.630001068115234,61.77000045776367,54.46657180786133,28000,0.0,False
2019-03-01,62.16999816894531,62.720001220703125,62.16999816894531,62.5099983215332,55.11906433105469,58900,0.0,False
2019-03-04,62.7400016784668,62.81999969482422,61.349998474121094,61.68000030517578,54.387210845947266,42200,0.0,False
2019-03-05,61.369998931884766,61.369998931884766,60.959999084472656,61.2400016784668,53.999237060546875,26700,0.0,False
2019-03-06,61.29999923706055,61.29999923706055,60.5099983215332,60.5099983215332,53.35554504394531,25900,0.0,False
2019-03-07,60.349998474121094,60.54999923706055,59.209999084472656,59.4900016784668,52.456153869628906,26800,0.0,False
2019-03-08,58.84000015258789,59.189998626708984,58.72999954223633,59.18000030517578,52.182796478271484,16900,0.0,False
2019-03-11,59.439998626708984,59.93000030517578,59.439998626708984,59.709999084472656,52.650146484375,25700,0.0,False
2019-03-12,59.81999969482422,60.150001525878906,59.779998779296875,59.959999084472656,52.870574951171875,19300,0.0,False
2019-03-13,60.220001220703125,60.5,60.209999084472656,60.34000015258789,53.20565414428711,50700,0.0,False
2019-03-14,60.400001525878906,60.5,60.16999816894531,60.47999954223633,53.329097747802734,9500,0.0,False
2019-03-15,60.650001525878906,60.90999984741211,60.529998779296875,60.650001525878906,53.47899627685547,9500,0.0,False
2019-03-18,60.779998779296875,61.470001220703125,60.779998779296875,61.380001068115234,54.122684478759766,17500,0.0,False
2019-03-19,61.720001220703125,61.849998474121094,60.849998474121094,60.970001220703125,53.76116180419922,16500,0.0,False
2019-03-20,60.470001220703125,60.470001220703125,59.209999084472656,59.33000183105469,52.613643646240234,45200,0.0,False
2019-03-21,59.040000915527344,59.560001373291016,58.779998779296875,59.16999816894531,52.47175598144531,34000,0.0,False
2019-03-22,58.560001373291016,58.560001373291016,57.369998931884766,57.66999816894531,51.14155578613281,35100,0.0,False
2019-03-25,57.720001220703125,58.0099983215332,57.34000015258789,57.720001220703125,51.18590545654297,28100,0.0,False
2019-03-26,58.220001220703125,58.470001220703125,57.849998474121094,58.29999923706055,51.70024108886719,73600,0.0,False
2019-03-27,58.22999954223633,58.43000030517578,57.7599983215332,58.040000915527344,51.469688415527344,36200,0.0,False
2019-03-28,58.150001525878906,58.47999954223633,57.91999816894531,58.47999954223633,51.85985565185547,17100,0.0,False
2019-03-29,58.900001525878906,58.93000030517578,58.7599983215332,58.779998779296875,52.12590026855469,15300,0.0,False
2019-04-01,59.36000061035156,60.25,59.33000183105469,60.16999816894531,53.358551025390625,16500,0.0,False
2019-04-02,60.099998474121094,60.459999084472656,60.040000915527344,60.41999816894531,53.58025360107422,36100,0.0,False
2019-04-03,60.79999923706055,61.11000061035156,60.41999816894531,60.7400016784668,53.86402893066406,19600,0.0,False
2019-04-04,60.689998626708984,61.279998779296875,60.689998626708984,61.150001525878906,54.227622985839844,17700,0.0,False
2019-04-05,61.33000183105469,61.400001525878906,61.16999816894531,61.279998779296875,54.34290313720703,13100,0.0,False
2019-04-08,61.20000076293945,61.33000183105469,61.0,61.33000183105469,54.38724136352539,10400,0.0,False
2019-04-09,61.06999969482422,61.06999969482422,60.65999984741211,60.779998779296875,53.89950180053711,35800,0.0,False
2019-04-10,60.900001525878906,61.09000015258789,60.75,61.060001373291016,54.147804260253906,23000,0.0,False
2019-04-11,61.2400016784668,61.38999938964844,60.91999816894531,61.119998931884766,54.20101547241211,43200,0.0,False
2019-04-12,61.959999084472656,62.599998474121094,61.959999084472656,62.33000183105469,55.274044036865234,119200,0.0,False
2019-04-15,62.25,62.310001373291016,61.709999084472656,61.790000915527344,54.795162200927734,26200,0.0,False
2019-04-16,61.939998626708984,62.54999923706055,61.900001525878906,62.52000045776367,55.44252014160156,64900,0.0,False
2019-04-17,62.790000915527344,63.36000061035156,62.619998931884766,63.290000915527344,56.1253662109375,32800,0.0,False
2019-04-18,63.279998779296875,63.43000030517578,62.93000030517578,63.119998931884766,55.9745979309082,40800,0.0,False
2019-04-22,62.95000076293945,62.95000076293945,62.650001525878906,62.7599983215332,55.65534973144531,18000,0.0,False
2019-04-23,62.70000076293945,63.099998474121094,62.45000076293945,63.0,55.86817932128906,25200,0.0,False
2019-04-24,62.83000183105469,62.83000183105469,62.400001525878906,62.650001525878906,55.557804107666016,15400,0.0,False
2019-04-25,62.560001373291016,63.209999084472656,62.45000076293945,63.060001373291016,55.9213981628418,40200,0.0,False
2019-04-26,63.040000915527344,63.290000915527344,62.77000045776367,63.27000045776367,56.10762023925781,31300,0.0,False
2019-04-29,63.34000015258789,64.12000274658203,63.34000015258789,64.01000213623047,56.763858795166016,22700,0.0,False
2019-04-30,64.0199966430664,64.08999633789062,63.349998474121094,63.83000183105469,56.604217529296875,18900,0.0,False
2019-05-01,63.91999816894531,63.91999816894531,62.97999954223633,63.22999954223633,56.072147369384766,16600,0.0,False
2019-05-02,63.189998626708984,63.54999923706055,63.02000045776367,63.15999984741211,56.01007843017578,44900,0.0,False
2019-05-03,63.43000030517578,63.95000076293945,63.43000030517578,63.939998626708984,56.70176315307617,9200,0.0,False
2019-05-06,62.880001068115234,64.31999969482422,62.619998931884766,64.18000030517578,56.91461181640625,21900,0.0,False
2019-05-07,63.5,63.81999969482422,62.91999816894531,63.27000045776367,56.10762023925781,22300,0.0,False
2019-05-08,63.04999923706055,63.5,63.040000915527344,63.040000915527344,55.90365982055664,20300,0.0,False
2019-05-09,62.5,63.279998779296875,62.34000015258789,63.20000076293945,56.045555114746094,9500,0.0,False
2019-05-10,63.0099983215332,63.41999816894531,62.470001220703125,63.41999816894531,56.240638732910156,32300,0.0,False
2019-05-13,62.2400016784668,62.2400016784668,61.4900016784668,61.68000030517578,54.6976203918457,22800,0.0,False
2019-05-14,61.77000045776367,62.650001525878906,61.77000045776367,62.2400016784668,55.1942253112793,14700,0.0,False
2019-05-15,61.650001525878906,62.040000915527344,61.650001525878906,61.720001220703125,54.733089447021484,12100,0.0,False
2019-05-16,61.97999954223633,62.66999816894531,61.95000076293945,62.380001068115234,55.31837844848633,8500,0.0,False
2019-05-17,61.779998779296875,62.439998626708984,61.779998779296875,62.029998779296875,55.00800323486328,6900,0.0,False
2019-05-20,61.72999954223633,62.36000061035156,61.72999954223633,62.29999923706055,55.2474250793457,8800,0.0,False
2019-05-21,62.599998474121094,62.880001068115234,62.529998779296875,62.689998626708984,55.5932731628418,27600,0.0,False
2019-05-22,62.47999954223633,62.529998779296875,62.08000183105469,62.09000015258789,55.06120681762695,13500,0.0,False
2019-05-23,61.5099983215332,61.5099983215332,61.060001373291016,61.400001525878906,54.44931411743164,18100,0.0,False
2019-05-24,61.56999969482422,61.849998474121094,61.47999954223633,61.84000015258789,54.839508056640625,2900,0.0,False
2019-05-28,61.689998626708984,61.959999084472656,61.0,61.0,54.0945930480957,26700,0.0,False
2019-05-29,60.619998931884766,61.22999954223633,60.380001068115234,61.220001220703125,54.28968048095703,27300,0.0,False
2019-05-30,61.310001373291016,61.61000061035156,61.02000045776367,61.119998931884766,54.20101547241211,5900,0.0,False
2019-05-31,60.38999938964844,60.68000030517578,60.279998779296875,60.349998474121094,53.51817321777344,14700,0.0,False
2019-06-03,60.310001373291016,60.7400016784668,60.2599983215332,60.5,53.65119934082031,27700,0.0,False
2019-06-04,61.18000030517578,62.290000915527344,61.18000030517578,62.2599983215332,55.21195602416992,28100,0.0,False
2019-06-05,62.36000061035156,62.880001068115234,62.20000076293945,62.86000061035156,55.744041442871094,25100,0.0,False
2019-06-06,62.810001373291016,63.5,62.63999938964844,63.29999923706055,56.13423156738281,9000,0.0,False
2019-06-07,63.29999923706055,63.54999923706055,63.290000915527344,63.41999816894531,56.240638732910156,12000,0.0,False
2019-06-10,63.83000183105469,64.41000366210938,63.709999084472656,64.05999755859375,56.80818557739258,17300,0.0,False
2019-06-11,64.37000274658203,64.58000183105469,63.380001068115234,63.65999984741211,56.45346450805664,11100,0.0,False
2019-06-12,63.470001220703125,63.470001220703125,62.630001068115234,62.849998474121094,55.73515701293945,10100,0.0,False
2019-06-13,63.0,63.04999923706055,62.63999938964844,62.77000045776367,55.66422653198242,45900,0.0,False
2019-06-14,62.88999938964844,62.88999938964844,62.310001373291016,62.65999984741211,55.56668472290039,8500,0.0,False
2019-06-17,62.43000030517578,62.63999938964844,61.95000076293945,61.95000076293945,55.133262634277344,5300,0.0,False
2019-06-18,61.939998626708984,63.029998779296875,61.939998626708984,62.63999938964844,55.74733352661133,8700,0.0,False
2019-06-19,62.790000915527344,63.18000030517578,62.61000061035156,62.650001525878906,55.75623321533203,8300,0.0,False
2019-06-20,63.11000061035156,63.11000061035156,62.31999969482422,62.970001220703125,56.0410270690918,40600,0.0,False
2019-06-21,62.880001068115234,63.540000915527344,62.880001068115234,63.040000915527344,56.10332489013672,14300,0.0,False
2019-06-24,63.0,63.31999969482422,62.4900016784668,62.4900016784668,55.61383819580078,11000,0.0,False
2019-06-25,62.470001220703125,62.470001220703125,61.880001068115234,62.18000030517578,55.33795166015625,14500,0.0,False
2019-06-26,62.31999969482422,62.36000061035156,61.79999923706055,61.79999923706055,54.99977493286133,14900,0.0,False
2019-06-27,61.9900016784668,62.79999923706055,61.9900016784668,62.619998931884766,55.72954177856445,32800,0.0,False
2019-06-28,63.439998626708984,63.439998626708984,62.91999816894531,63.13999938964844,56.19232177734375,15600,0.0,False
2019-07-01,63.790000915527344,64.19000244140625,63.47999954223633,63.779998779296875,56.76189041137695,29600,0.0,False
2019-07-02,63.540000915527344,63.970001220703125,63.369998931884766,63.970001220703125,56.93098831176758,24100,0.0,False
2019-07-03,64.1500015258789,64.5,64.08000183105469,64.43000030517578,57.340370178222656,10000,0.0,False
2019-07-05,64.56999969482422,64.9800033569336,64.56999969482422,64.94999694824219,57.803157806396484,41300,0.0,False
2019-07-08,64.62000274658203,64.66000366210938,64.05000305175781,64.20999908447266,57.144588470458984,15500,0.0,False
2019-07-09,63.88999938964844,64.66999816894531,63.88999938964844,64.66999816894531,57.55396270751953,16200,0.0,False
2019-07-10,64.62999725341797,64.94000244140625,64.36000061035156,64.44000244140625,57.349273681640625,8800,0.0,False
2019-07-11,64.5,65.44999694824219,64.5,65.44999694824219,58.24814224243164,17500,0.0,False
2019-07-12,65.58000183105469,65.98999786376953,65.55000305175781,65.95999908447266,58.70201110839844,38400,0.0,False
2019-07-15,66.02999877929688,66.02999877929688,65.43000030517578,65.55000305175781,58.337135314941406,37900,0.0,False
2019-07-16,65.91999816894531,66.29000091552734,65.73999786376953,65.88999938964844,58.63972091674805,31700,0.0,False
2019-07-17,65.73999786376953,65.73999786376953,65.31999969482422,65.33999633789062,58.150245666503906,21600,0.0,False
2019-07-18,65.31999969482422,66.12000274658203,65.31999969482422,65.98999786376953,58.72871780395508,63400,0.0,False
2019-07-19,66.05999755859375,66.45999908447266,65.88999938964844,65.88999938964844,58.63972091674805,19700,0.0,False
2019-07-22,65.80999755859375,66.16000366210938,65.58000183105469,66.05000305175781,58.782127380371094,20800,0.0,False
2019-07-23,66.23999786376953,66.62000274658203,66.1500015258789,66.55000305175781,59.22710037231445,48000,0.0,False
2019-07-24,66.27999877929688,66.43000030517578,65.62999725341797,66.4000015258789,59.093605041503906,39700,0.0,False
2019-07-25,66.44000244140625,66.47000122070312,65.80000305175781,66.02999877929688,58.764312744140625,13000,0.0,False
2019-07-26,66.08999633789062,66.47000122070312,66.08999633789062,66.43000030517578,59.120304107666016,8200,0.0,False
2019-07-29,66.3499984741211,66.3499984741211,65.69000244140625,65.69000244140625,58.46173095703125,9900,0.0,False
2019-07-30,65.45999908447266,65.6500015258789,65.2300033569336,65.58999633789062,58.37272644042969,10700,0.0,False
2019-07-31,65.45999908447266,65.62000274658203,64.91999816894531,65.19999694824219,58.0256462097168,14600,0.0,False
2019-08-01,65.0,65.44000244140625,63.959999084472656,64.25,57.18017578125,37800,0.0,False
2019-08-02,64.16000366210938,64.3499984741211,63.41999816894531,64.0999984741211,57.04668426513672,38900,0.0,False
2019-08-05,63.0,63.0099983215332,61.689998626708984,62.09000015258789,55.25785827636719,54400,0.0,False
2019-08-06,62.56999969482422,63.43000030517578,62.310001373291016,63.43000030517578,56.45041275024414,12600,0.0,False
2019-08-07,62.34000015258789,63.0099983215332,61.68000030517578,62.86000061035156,55.94313049316406,77400,0.0,False
2019-08-08,63.209999084472656,63.5,62.86000061035156,63.5,56.51270294189453,17600,0.0,False
2019-08-09,63.279998779296875,63.79999923706055,63.02000045776367,63.560001373291016,56.566097259521484,23900,0.0,False
2019-08-12,62.84000015258789,62.84000015258789,62.040000915527344,62.150001525878906,55.31126022338867,23600,0.0,False
2019-08-13,62.189998626708984,63.40999984741211,62.189998626708984,63.08000183105469,56.1389274597168,22800,0.0,False
2019-08-14,61.849998474121094,62.119998931884766,61.08000183105469,61.20000076293945,54.46580123901367,13400,0.0,False
2019-08-15,61.369998931884766,61.70000076293945,61.16999816894531,61.619998931884766,54.83957290649414,7300,0.0,False
2019-08-16,61.84000015258789,62.619998931884766,61.84000015258789,62.41999816894531,55.55154800415039,49300,0.0,False
2019-08-19,63.34000015258789,63.34000015258789,62.880001068115234,63.16999816894531,56.21901321411133,9100,0.0,False
2019-08-20,62.59000015258789,63.18000030517578,62.59000015258789,62.66999816894531,55.77402877807617,7000,0.0,False
2019-08-21,63.2599983215332,63.2599983215332,62.84000015258789,63.02000045776367,56.08552932739258,19000,0.0,False
2019-08-22,63.290000915527344,63.560001373291016,63.0,63.369998931884766,56.39701461791992,22400,0.0,False
2019-08-23,63.36000061035156,63.36000061035156,61.779998779296875,62.029998779296875,55.2044677734375,8900,0.0,False
2019-08-26,62.349998474121094,62.70000076293945,62.349998474121094,62.630001068115234,55.738433837890625,15300,0.0,False
2019-08-27,62.95000076293945,62.95000076293945,62.209999084472656,62.47999954223633,55.604957580566406,13500,0.0,False
2019-08-28,62.13999938964844,62.93000030517578,62.02000045776367,62.88999938964844,55.96982192993164,6600,0.0,False
2019-08-29,63.41999816894531,63.86000061035156,63.34000015258789,63.72999954223633,56.7174072265625,21400,0.0,False
2019-08-30,64.02999877929688,64.26000213623047,63.7400016784668,64.12000274658203,57.06447982788086,8100,0.0,False
2019-09-03,63.560001373291016,63.72999954223633,63.119998931884766,63.470001220703125,56.48601531982422,15700,0.0,False
2019-09-04,64.0199966430664,64.30999755859375,63.970001220703125,64.26000213623047,57.189090728759766,9500,0.0,False
2019-09-05,65.22000122070312,65.80999755859375,65.22000122070312,65.41000366210938,58.21254348754883,32100,0.0,False
2019-09-06,65.51000213623047,65.93000030517578,65.51000213623047,65.62000274658203,58.399436950683594,10700,0.0,False
2019-09-09,66.08999633789062,66.3499984741211,65.58999633789062,65.6500015258789,58.42612838745117,28400,0.0,False
2019-09-10,65.47000122070312,65.55000305175781,64.97000122070312,65.19999694824219,58.0256462097168,3700,0.0,False
2019-09-11,65.27999877929688,65.47000122070312,64.94999694824219,65.47000122070312,58.26593780517578,28900,0.0,False
2019-09-12,65.19999694824219,66.08999633789062,65.19999694824219,65.9800033569336,58.71982955932617,13400,0.0,False
2019-09-13,66.33999633789062,66.43000030517578,66.12999725341797,66.12999725341797,58.85330581665039,9900,0.0,False
2019-09-16,65.70999908447266,66.13999938964844,65.70999908447266,66.13999938964844,58.86221694946289,8300,0.0,False
2019-09-17,65.98999786376953,66.54000091552734,65.98999786376953,66.51000213623047,59.19150924682617,25400,0.0,False
2019-09-18,66.29000091552734,66.80000305175781,65.95999908447266,66.75,59.40510177612305,19100,0.0,False
2019-09-19,66.69000244140625,66.80000305175781,66.19000244140625,66.19000244140625,58.906707763671875,15900,0.0,False
2019-09-20,66.2699966430664,66.54000091552734,65.79000091552734,65.80000305175781,58.55961990356445,5700,0.0,False
2019-09-23,65.4800033569336,65.86000061035156,65.38999938964844,65.77999877929688,58.54181671142578,5600,0.0,False
2019-09-24,65.5199966430664,65.56999969482422,64.5199966430664,64.69999694824219,57.78533172607422,10900,0.0,False
2019-09-25,64.5999984741211,65.29000091552734,64.58999633789062,65.23999786376953,58.26763916015625,16700,0.0,False
2019-09-26,65.1500015258789,65.23999786376953,64.62999725341797,64.6500015258789,57.740699768066406,33500,0.0,False
2019-09-27,65.06999969482422,65.06999969482422,64.3499984741211,64.51000213623047,57.61566162109375,55100,0.0,False
2019-09-30,64.76000213623047,64.76000213623047,64.27999877929688,64.30999755859375,57.43702697753906,31800,0.0,False
2019-10-01,63.29999923706055,63.29999923706055,61.59000015258789,61.720001220703125,55.12382507324219,66800,0.0,False
2019-10-02,61.34000015258789,61.34000015258789,60.22999954223633,60.27000045776367,53.82878875732422,35600,0.0,False
2019-10-03,60.380001068115234,60.47999954223633,59.709999084472656,60.349998474121094,53.90024185180664,48500,0.0,False
2019-10-04,60.650001525878906,61.68000030517578,60.599998474121094,61.68000030517578,55.088096618652344,31700,0.0,False
2019-10-07,61.529998779296875,61.84000015258789,61.380001068115234,61.540000915527344,54.96306610107422,17300,0.0,False
2019-10-08,61.0099983215332,61.189998626708984,60.650001525878906,60.7599983215332,54.26641845703125,19100,0.0,False
2019-10-09,61.099998474121094,61.4900016784668,61.099998474121094,61.279998779296875,54.7308464050293,15100,0.0,False
2019-10-10,61.470001220703125,62.22999954223633,61.470001220703125,62.0099983215332,55.38283157348633,368300,0.0,False
2019-10-11,62.90999984741211,63.06999969482422,62.56999969482422,62.56999969482422,55.88298797607422,44700,0.0,False
2019-10-14,62.369998931884766,62.79999923706055,62.369998931884766,62.65999984741211,55.9633674621582,405400,0.0,False
2019-10-15,62.75,63.47999954223633,62.65999984741211,63.2400016784668,56.48137283325195,66200,0.0,False
2019-10-16,63.060001373291016,63.09000015258789,62.790000915527344,62.93000030517578,56.20450210571289,10100,0.0,False
2019-10-17,63.41999816894531,63.41999816894531,63.20000076293945,63.29999923706055,56.53496551513672,16900,0.0,False
2019-10-18,63.29999923706055,63.7400016784668,63.29999923706055,63.599998474121094,56.80290603637695,15200,0.0,False
2019-10-21,63.880001068115234,63.880001068115234,63.61000061035156,63.66999816894531,56.86542510986328,12500,0.0,False
2019-10-22,63.849998474121094,63.900001525878906,63.2400016784668,63.2599983215332,56.49923324584961,12400,0.0,False
2019-10-23,63.369998931884766,63.58000183105469,63.189998626708984,63.56999969482422,56.7761116027832,10100,0.0,False
2019-10-24,63.75,63.75,63.40999984741211,63.68000030517578,56.874359130859375,12200,0.0,False
2019-10-25,63.70000076293945,63.83000183105469,63.61000061035156,63.66999816894531,56.86542510986328,16900,0.0,False
2019-10-28,64.01000213623047,64.41000366210938,64.01000213623047,64.3499984741211,57.47274398803711,13900,0.0,False
2019-10-29,64.20999908447266,64.6500015258789,64.20999908447266,64.3499984741211,57.47274398803711,21500,0.0,False
2019-10-30,64.58000183105469,64.91000366210938,64.25,64.76000213623047,57.83894348144531,17400,0.0,False
2019-10-31,64.58000183105469,64.58000183105469,64.0999984741211,64.44000244140625,57.55314636230469,6900,0.0,False
2019-11-01,64.83999633789062,65.04000091552734,64.73999786376953,64.9000015258789,57.9639778137207,30700,0.0,False
2019-11-04,65.20999908447266,65.47000122070312,65.05000305175781,65.25,58.27656555175781,52400,0.0,False
2019-11-05,65.41000366210938,65.5999984741211,65.05999755859375,65.20999908447266,58.2408447265625,13400,0.0,False
2019-11-06,65.13999938964844,65.37000274658203,64.97000122070312,65.29000091552734,58.31229782104492,21300,0.0,False
2019-11-07,65.70999908447266,66.06999969482422,65.70999908447266,65.81999969482422,58.785648345947266,16100,0.0,False
2019-11-08,65.87000274658203,65.97000122070312,65.69000244140625,65.80000305175781,58.767791748046875,6100,0.0,False
2019-11-11,65.58000183105469,65.94999694824219,65.58000183105469,65.7300033569336,58.70527648925781,6900,0.0,False
2019-11-12,65.7300033569336,66.13999938964844,65.68000030517578,66.08000183105469,59.01785659790039,30100,0.0,False
2019-11-13,65.83999633789062,66.19000244140625,65.83999633789062,66.02999877929688,58.97319793701172,9700,0.0,False
2019-11-14,65.94000244140625,66.38999938964844,65.94000244140625,66.37999725341797,59.285804748535156,10300,0.0,False
2019-11-15,66.7300033569336,66.81999969482422,66.5999984741211,66.73999786376953,59.60732650756836,19700,0.0,False
2019-11-18,66.55000305175781,66.86000061035156,66.4800033569336,66.83999633789062,59.69663619995117,23700,0.0,False
2019-11-19,66.9000015258789,67.37000274658203,66.86000061035156,67.27999877929688,60.089603424072266,15000,0.0,False
2019-11-20,66.87000274658203,67.44000244140625,66.87000274658203,67.38999938964844,60.18785095214844,42900,0.0,False
2019-11-21,68.30000305175781,68.30000305175781,67.4000015258789,67.4000015258789,60.19679641723633,71300,0.0,False
2019-11-22,67.44999694824219,67.87999725341797,67.44000244140625,67.83999633789062,60.58975601196289,27400,0.0,False
2019-11-25,68.0199966430664,68.81999969482422,68.0199966430664,68.77999877929688,61.429298400878906,35100,0.0,False
2019-11-26,68.81999969482422,68.81999969482422,68.31999969482422,68.55000305175781,61.2238655090332,21700,0.0,False
2019-11-27,68.69000244140625,68.72000122070312,68.25,68.45999908447266,61.14350128173828,14100,0.0,False
2019-11-29,68.33999633789062,68.58000183105469,68.22000122070312,68.36000061035156,61.05418395996094,1900,0.0,False
2019-12-02,68.47000122070312,68.47000122070312,67.94999694824219,67.94999694824219,60.687992095947266,32000,0.0,False
2019-12-03,67.38999938964844,67.41000366210938,66.86000061035156,67.30000305175781,60.107479095458984,22700,0.0,False
2019-12-04,67.47000122070312,68.06999969482422,67.47000122070312,67.94000244140625,60.6790657043457,11000,0.0,False
2019-12-05,68.11000061035156,68.2699966430664,67.77999877929688,68.01000213623047,60.741607666015625,17900,0.0,False
2019-12-06,68.48999786376953,68.91000366210938,68.48999786376953,68.69000244140625,61.34891891479492,27800,0.0,False
2019-12-09,68.5,68.5,68.13999938964844,68.16000366210938,60.87559509277344,10900,0.0,False
2019-12-10,68.18000030517578,68.25,67.98999786376953,68.05000305175781,60.77733612060547,17000,0.0,False
2019-12-11,68.13999938964844,68.19999694824219,67.93000030517578,67.94999694824219,60.687992095947266,11500,0.0,False
2019-12-12,67.94000244140625,68.9800033569336,67.94000244140625,68.76000213623047,61.41144561767578,15500,0.0,False
2019-12-13,68.72000122070312,69.0,68.33999633789062,68.5,61.179222106933594,12500,0.0,False
2019-12-16,68.76000213623047,69.05000305175781,68.5199966430664,68.58999633789062,61.472312927246094,23800,0.0,False
2019-12-17,68.69000244140625,68.98999786376953,68.69000244140625,68.87999725341797,61.732208251953125,10700,0.0,False
2019-12-18,69.19999694824219,69.19999694824219,68.33000183105469,68.3499984741211,61.257198333740234,16100,0.0,False
2019-12-19,68.26000213623047,68.80000305175781,68.26000213623047,68.79000091552734,61.651554107666016,43400,0.0,False
2019-12-20,69.0199966430664,69.0199966430664,68.61000061035156,68.61000061035156,61.49022674560547,5900,0.0,False
2019-12-23,68.76000213623047,68.83999633789062,68.5,68.54000091552734,61.4274787902832,4700,0.0,False
2019-12-24,68.56999969482422,68.66000366210938,68.44999694824219,68.5999984741211,61.48127365112305,2300,0.0,False
2019-12-26,68.7300033569336,69.06999969482422,68.7300033569336,68.91999816894531,61.768062591552734,4600,0.0,False
2019-12-27,68.98999786376953,68.98999786376953,68.81999969482422,68.87999725341797,61.732208251953125,14900,0.0,False
2019-12-30,68.9800033569336,68.9800033569336,68.37999725341797,68.44000244140625,61.33787536621094,9300,0.0,False
2019-12-31,68.37000274658203,68.55999755859375,68.26000213623047,68.5,61.39163589477539,10500,0.0,False
2020-01-02,68.83999633789062,69.3499984741211,68.66999816894531,69.33999633789062,62.14448547363281,10500,0.0,False
2020-01-03,68.69999694824219,68.98999786376953,68.5199966430664,68.94999694824219,61.79493713378906,34300,0.0,False
2020-01-06,68.48999786376953,69.0999984741211,68.26000213623047,69.0999984741211,61.92936706542969,19400,0.0,False
2020-01-07,69.04000091552734,69.41999816894531,69.04000091552734,69.27999877929688,62.090675354003906,7700,0.0,False
2020-01-08,69.41999816894531,69.83999633789062,69.33999633789062,69.61000061035156,62.38644790649414,39300,0.0,False
2020-01-09,70.08000183105469,70.58000183105469,70.05000305175781,70.41000366210938,63.10342025756836,11100,0.0,False
2020-01-10,70.30000305175781,70.3499984741211,69.9000015258789,69.98999786376953,62.72700500488281,8100,0.0,False
2020-01-13,70.16999816894531,70.52999877929688,70.08999633789062,70.52999877929688,63.210994720458984,27500,0.0,False
2020-01-14,70.68000030517578,70.75,70.2699966430664,70.37000274658203,63.06759262084961,20100,0.0,False
2020-01-15,69.98999786376953,70.80000305175781,69.7699966430664,70.45999908447266,63.14824295043945,15700,0.0,False
2020-01-16,70.8499984741211,72.0,70.8499984741211,72.0,64.52842712402344,22400,0.0,False
2020-01-17,72.0999984741211,72.33999633789062,71.97000122070312,72.04000091552734,64.5643081665039,20700,0.0,False
2020-01-21,71.69000244140625,71.97000122070312,71.6500015258789,71.66999816894531,64.23269653320312,12700,0.0,False
2020-01-22,71.79000091552734,72.0,71.63999938964844,71.80000305175781,64.34919738769531,7400,0.0,False
2020-01-23,71.41000366210938,71.45999908447266,70.88999938964844,71.30000305175781,63.901065826416016,20100,0.0,False
2020-01-24,71.19999694824219,71.23999786376953,70.33000183105469,70.56999969482422,63.2468147277832,21600,0.0,False
2020-01-27,69.0999984741211,70.1500015258789,69.0999984741211,69.87000274658203,62.61945343017578,15800,0.0,False
2020-01-28,70.26000213623047,70.83000183105469,70.20999908447266,70.66000366210938,63.32750701904297,9300,0.0,False
2020-01-29,70.91999816894531,71.16999816894531,70.5,70.68000030517578,63.34542465209961,8500,0.0,False
2020-01-30,70.13999938964844,71.87999725341797,70.13999938964844,71.87999725341797,64.42090606689453,22900,0.0,False
2020-01-31,71.41000366210938,71.41000366210938,70.38999938964844,70.4800033569336,63.16618728637695,30900,0.0,False
2020-02-03,70.91000366210938,71.54000091552734,70.66999816894531,70.66999816894531,63.336456298828125,11300,0.0,False
2020-02-04,71.56999969482422,72.44999694824219,71.45999908447266,71.55000305175781,64.12515258789062,15900,0.0,False
2020-02-05,72.2300033569336,72.37999725341797,71.66999816894531,72.05000305175781,64.57324981689453,14700,0.0,False
2020-02-06,72.36000061035156,72.36000061035156,71.3499984741211,71.61000061035156,64.17892456054688,9900,0.0,False
2020-02-07,71.38999938964844,71.5999984741211,71.2300033569336,71.29000091552734,63.892120361328125,7400,0.0,False
2020-02-10,71.20999908447266,71.3499984741211,71.01000213623047,71.3499984741211,63.945884704589844,8200,0.0,False
2020-02-11,71.61000061035156,72.13999938964844,71.61000061035156,71.69999694824219,64.25956726074219,12200,0.0,False
2020-02-12,71.7300033569336,71.80000305175781,71.4000015258789,71.68000030517578,64.24163818359375,12400,0.0,False
2020-02-13,71.44000244140625,71.7300033569336,71.20999908447266,71.56999969482422,64.14305114746094,18600,0.0,False
2020-02-14,71.69999694824219,71.98999786376953,71.69999694824219,71.98999786376953,64.51947784423828,13500,0.0,False
2020-02-18,71.6500015258789,71.66000366210938,71.30000305175781,71.58000183105469,64.15202331542969,6500,0.0,False
2020-02-19,71.72000122070312,72.19999694824219,71.72000122070312,71.81999969482422,64.36711120605469,32800,0.0,False
2020-02-20,72.13999938964844,72.95999908447266,71.91999816894531,72.20999908447266,64.71663665771484,17300,0.0,False
2020-02-21,71.94999694824219,71.94999694824219,70.81999969482422,71.0,63.63219451904297,19300,0.0,False
2020-02-24,69.2300033569336,69.55000305175781,68.80999755859375,69.0199966430664,61.85767364501953,19900,0.0,False
2020-02-25,69.18000030517578,69.18000030517578,66.98999786376953,67.29000091552734,60.30720901489258,27800,0.0,False
2020-02-26,67.75,68.62999725341797,67.44999694824219,67.69999694824219,60.67466735839844,26900,0.0,False
2020-02-27,66.38999938964844,67.4800033569336,65.44000244140625,65.44000244140625,58.64918518066406,52000,0.0,False
2020-02-28,63.52000045776367,64.5,62.060001373291016,63.380001068115234,56.80295181274414,46000,0.0,False
2020-03-02,63.58000183105469,66.30000305175781,63.16999816894531,66.30000305175781,59.419944763183594,69100,0.0,False
2020-03-03,66.05999755859375,66.86000061035156,63.90999984741211,64.77999877929688,58.05766296386719,57000,0.0,False
2020-03-04,65.2699966430664,66.02999877929688,64.4000015258789,66.0199966430664,59.16899490356445,30000,0.0,False
2020-03-05,64.27999877929688,64.68000030517578,63.08000183105469,63.58000183105469,56.98219680786133,122900,0.0,False
2020-03-06,61.060001373291016,62.400001525878906,61.0,62.08000183105469,55.63785171508789,54900,0.0,False
2020-03-09,55.93000030517578,58.7400016784668,55.93000030517578,56.779998779296875,50.88784408569336,51600,0.0,False
2020-03-10,59.29999923706055,59.29999923706055,56.63999938964844,59.2400016784668,53.092567443847656,53600,0.0,False
2020-03-11,57.4900016784668,58.099998474121094,55.349998474121094,55.9900016784668,50.1798210144043,322100,0.0,False
2020-03-12,51.15999984741211,52.9900016784668,49.18000030517578,49.279998779296875,44.16613006591797,72800,0.0,False
2020-03-13,52.220001220703125,55.27000045776367,50.310001373291016,55.27000045776367,49.534549713134766,64000,0.0,False
2020-03-16,48.349998474121094,52.22999954223633,48.0,48.0,43.01896286010742,35400,0.0,False
2020-03-17,48.83000183105469,51.5,47.16999816894531,50.869998931884766,45.591129302978516,44300,0.0,False
2020-03-18,47.459999084472656,48.88999938964844,44.0099983215332,45.970001220703125,41.199623107910156,53800,0.0,False
2020-03-19,44.9900016784668,48.4900016784668,43.529998779296875,47.70000076293945,42.750083923339844,100200,0.0,False
2020-03-20,48.2400016784668,48.400001525878906,45.0,46.27000045776367,41.46847915649414,42200,0.0,False
2020-03-23,45.869998931884766,45.9900016784668,42.540000915527344,43.04999923706055,38.582618713378906,59100,0.0,False
2020-03-24,45.75,48.33000183105469,45.63999938964844,48.2599983215332,43.25197982788086,23500,0.0,False
2020-03-25,48.5099983215332,51.220001220703125,47.209999084472656,49.31999969482422,44.56675338745117,48100,0.0,False
2020-03-26,49.7400016784668,53.15999984741211,49.7400016784668,52.7400016784668,47.65714645385742,69500,0.0,False
2020-03-27,50.65999984741211,52.81999969482422,50.220001220703125,51.290000915527344,46.346893310546875,39600,0.0,False
2020-03-30,51.439998626708984,52.5099983215332,50.880001068115234,52.36000061035156,47.31376647949219,22100,0.0,False
2020-03-31,52.18000030517578,52.18000030517578,50.83000183105469,51.189998626708984,46.256526947021484,30900,0.0,False
2020-04-01,49.130001068115234,49.70000076293945,48.869998931884766,49.380001068115234,44.620967864990234,43900,0.0,False
2020-04-02,49.029998779296875,50.900001525878906,49.0099983215332,50.869998931884766,45.96736526489258,220600,0.0,False
2020-04-03,50.81999969482422,51.2400016784668,50.33000183105469,50.90999984741211,46.00351333618164,19200,0.0,False
2020-04-06,52.95000076293945,54.41999816894531,52.91999816894531,54.06999969482422,48.85896682739258,106100,0.0,False
2020-04-07,56.09000015258789,56.36000061035156,53.650001525878906,53.650001525878906,48.47944259643555,27600,0.0,False
2020-04-08,54.619998931884766,56.16999816894531,54.09000015258789,55.88999938964844,50.50355911254883,19700,0.0,False
2020-04-09,57.029998779296875,58.11000061035156,57.029998779296875,57.72999954223633,52.16623306274414,54000,0.0,False
2020-04-13,57.529998779296875,57.529998779296875,55.7400016784668,55.849998474121094,50.46742248535156,47900,0.0,False
2020-04-14,56.779998779296875,57.04999923706055,56.0,56.83000183105469,51.35297393798828,57100,0.0,False
2020-04-15,55.040000915527344,56.279998779296875,55.040000915527344,55.779998779296875,50.40415954589844,10800,0.0,False
2020-04-16,55.66999816894531,56.150001525878906,54.9900016784668,56.09000015258789,50.684288024902344,47400,0.0,False
2020-04-17,57.72999954223633,57.790000915527344,56.790000915527344,57.630001068115234,52.07586669921875,15300,0.0,False
2020-04-20,56.849998474121094,57.849998474121094,56.119998931884766,56.790000915527344,51.31683349609375,14400,0.0,False
2020-04-21,55.70000076293945,55.959999084472656,54.88999938964844,55.18000030517578,49.861995697021484,30700,0.0,False
2020-04-22,56.310001373291016,56.310001373291016,55.15999984741211,55.630001068115234,50.268619537353516,15200,0.0,False
2020-04-23,55.880001068115234,56.0,55.060001373291016,55.13999938964844,49.82585144042969,34600,0.0,False
2020-04-24,55.689998626708984,55.689998626708984,54.84000015258789,55.34000015258789,50.006568908691406,10300,0.0,False
2020-04-27,55.79999923706055,57.66999816894531,55.79999923706055,57.540000915527344,51.99454116821289,10100,0.0,False
2020-04-28,58.779998779296875,59.09000015258789,57.529998779296875,57.779998779296875,52.21140670776367,24700,0.0,False
2020-04-29,58.86000061035156,59.5099983215332,58.86000061035156,58.959999084472656,53.277687072753906,26500,0.0,False
2020-04-30,58.150001525878906,58.22999954223633,57.15999984741211,57.5099983215332,51.967437744140625,23000,0.0,False
2020-05-01,56.220001220703125,56.709999084472656,55.880001068115234,56.0,50.602970123291016,16100,0.0,False
2020-05-04,55.47999954223633,55.93000030517578,54.95000076293945,55.849998474121094,50.46742248535156,6200,0.0,False
2020-05-05,56.83000183105469,57.47999954223633,56.7599983215332,56.810001373291016,51.33489990234375,9400,0.0,False
2020-05-06,56.630001068115234,56.630001068115234,55.93000030517578,55.95000076293945,50.55778884887695,9100,0.0,False
2020-05-07,56.810001373291016,58.29999923706055,56.810001373291016,57.369998931884766,51.84092712402344,17500,0.0,False
2020-05-08,58.41999816894531,58.529998779296875,58.18000030517578,58.529998779296875,52.889137268066406,6800,0.0,False
2020-05-11,57.77000045776367,58.959999084472656,57.689998626708984,58.5099983215332,52.871063232421875,70300,0.0,False
2020-05-12,58.83000183105469,58.83000183105469,56.790000915527344,56.93000030517578,51.44333267211914,16500,0.0,False
2020-05-13,56.47999954223633,56.47999954223633,55.09000015258789,55.720001220703125,50.34995651245117,20900,0.0,False
2020-05-14,54.86000061035156,56.27000045776367,54.529998779296875,56.2599983215332,50.8379020690918,14500,0.0,False
2020-05-15,55.9900016784668,56.52000045776367,55.939998626708984,56.20000076293945,50.78369140625,14400,0.0,False
2020-05-18,57.689998626708984,59.11000061035156,57.689998626708984,58.75,53.08792495727539,9600,0.0,False
2020-05-19,58.150001525878906,58.529998779296875,56.939998626708984,56.939998626708984,51.45237350463867,42200,0.0,False
2020-05-20,57.720001220703125,58.369998931884766,57.720001220703125,58.04999923706055,52.45539474487305,16000,0.0,False
2020-05-21,57.900001525878906,57.95000076293945,57.13999938964844,57.400001525878906,51.86803436279297,641500,0.0,False
2020-05-22,57.29999923706055,57.540000915527344,56.900001525878906,57.540000915527344,51.99454116821289,311400,0.0,False
2020-05-26,59.0,60.33000183105469,59.0,60.0,54.21746063232422,39700,0.0,False
2020-05-27,61.72999954223633,61.7599983215332,60.849998474121094,61.720001220703125,55.771690368652344,42500,0.0,False
2020-05-28,62.029998779296875,62.029998779296875,60.88999938964844,61.04999923706055,55.16626739501953,39300,0.0,False
2020-05-29,60.33000183105469,61.20000076293945,60.310001373291016,61.189998626708984,55.29276657104492,17900,0.0,False
2020-06-01,61.470001220703125,62.25,61.189998626708984,61.81999969482422,55.86205291748047,12000,0.0,False
2020-06-02,62.2599983215332,62.27000045776367,61.810001373291016,62.0,56.02470016479492,11200,0.0,False
2020-06-03,62.959999084472656,64.2300033569336,62.959999084472656,64.08000183105469,57.90424728393555,12800,0.0,False
2020-06-04,64.08000183105469,64.66000366210938,63.689998626708984,64.63999938964844,58.410282135009766,14700,0.0,False
2020-06-05,66.73999786376953,67.0,65.98999786376953,66.0,59.63920211791992,76000,0.0,False
2020-06-08,66.83000183105469,66.83000183105469,65.94000244140625,66.45999908447266,60.05487823486328,15100,0.0,False
2020-06-09,65.80999755859375,66.47000122070312,65.61000061035156,66.19999694824219,59.81993103027344,5400,0.0,False
2020-06-10,65.98999786376953,65.98999786376953,64.47000122070312,64.6500015258789,58.41931915283203,8700,0.0,False
2020-06-11,62.45000076293945,62.86000061035156,60.06999969482422,60.06999969482422,54.28071212768555,40000,0.0,False
2020-06-12,61.75,61.900001525878906,60.119998931884766,61.31999969482422,55.41024398803711,15200,0.0,False
2020-06-15,59.599998474121094,62.09000015258789,59.54999923706055,61.900001525878906,56.19736099243164,9000,0.0,False
2020-06-16,63.63999938964844,63.63999938964844,61.61000061035156,62.619998931884766,56.851036071777344,38700,0.0,False
2020-06-17,62.93000030517578,62.93000030517578,62.349998474121094,62.349998474121094,56.60590362548828,11000,0.0,False
2020-06-18,62.0099983215332,62.5,61.75,62.02000045776367,56.30631637573242,5200,0.0,False
2020-06-19,63.08000183105469,63.08000183105469,61.209999084472656,61.7599983215332,56.07027053833008,9700,0.0,False
2020-06-22,61.560001373291016,61.90999984741211,61.38999938964844,61.75,56.06119155883789,7100,0.0,False
2020-06-23,62.459999084472656,62.47999954223633,61.5099983215332,61.59000015258789,55.91592788696289,7600,0.0,False
2020-06-24,61.130001068115234,61.130001068115234,59.56999969482422,59.58000183105469,54.091102600097656,34300,0.0,False
2020-06-25,59.25,60.95000076293945,59.25,60.93000030517578,55.31672668457031,14100,0.0,False
2020-06-26,59.9900016784668,60.099998474121094,57.91999816894531,57.91999816894531,52.58403778076172,15200,0.0,False
2020-06-29,58.18000030517578,58.84000015258789,58.08000183105469,58.84000015258789,53.41926956176758,13800,0.0,False
2020-06-30,58.7400016784668,59.849998474121094,58.7400016784668,59.849998474121094,54.33623123168945,10000,0.0,False
2020-07-01,60.099998474121094,60.290000915527344,59.52000045776367,59.959999084472656,54.43608474731445,44600,0.0,False
2020-07-02,61.119998931884766,61.119998931884766,59.75,59.810001373291016,54.2999153137207,9200,0.0,False
2020-07-06,60.90999984741211,61.369998931884766,60.90999984741211,61.08000183105469,55.45291519165039,18400,0.0,False
2020-07-07,60.689998626708984,60.689998626708984,59.970001220703125,59.9900016784668,54.46334457397461,5400,0.0,False
2020-07-08,59.849998474121094,61.040000915527344,59.849998474121094,61.040000915527344,55.41659927368164,7800,0.0,False
2020-07-09,60.7400016784668,60.7400016784668,59.349998474121094,59.75,54.24544906616211,20900,0.0,False
2020-07-10,59.47999954223633,61.22999954223633,59.47999954223633,61.22999954223633,55.5890998840332,5200,0.0,False
2020-07-13,62.220001220703125,62.5099983215332,61.29999923706055,61.43000030517578,55.770668029785156,89200,0.0,False
2020-07-14,61.0,61.88999938964844,60.880001068115234,61.88999938964844,56.188289642333984,6700,0.0,False
2020-07-15,63.63999938964844,63.63999938964844,62.65999984741211,63.470001220703125,57.62273025512695,11700,0.0,False
2020-07-16,63.0,64.04000091552734,62.95000076293945,63.34000015258789,57.50470733642578,17000,0.0,False
2020-07-17,63.4900016784668,63.4900016784668,62.779998779296875,62.790000915527344,57.0053825378418,18400,0.0,False
2020-07-20,62.66999816894531,63.0099983215332,62.25,62.88999938964844,57.096168518066406,9900,0.0,False
2020-07-21,63.20000076293945,63.63999938964844,63.02000045776367,63.470001220703125,57.62273025512695,7300,0.0,False
2020-07-22,62.810001373291016,63.13999938964844,62.58000183105469,62.83000183105469,57.04169845581055,6100,0.0,False
2020-07-23,62.900001525878906,62.95000076293945,62.16999816894531,62.279998779296875,56.5423698425293,9300,0.0,False
2020-07-24,61.970001220703125,62.31999969482422,61.79999923706055,61.81999969482422,56.1247444152832,20100,0.0,False
2020-07-27,61.88999938964844,62.09000015258789,61.349998474121094,61.90999984741211,56.20645523071289,8500,0.0,False
2020-07-28,61.560001373291016,61.7599983215332,61.20000076293945,61.20000076293945,55.56186294555664,5200,0.0,False
2020-07-29,61.209999084472656,61.939998626708984,61.119998931884766,61.77000045776367,56.079349517822266,5300,0.0,False
2020-07-30,60.849998474121094,60.900001525878906,60.150001525878906,60.790000915527344,55.189632415771484,27500,0.0,False
2020-07-31,61.04999923706055,61.04999923706055,60.27000045776367,60.869998931884766,55.26225662231445,12600,0.0,False
2020-08-03,61.369998931884766,61.540000915527344,60.88999938964844,61.29999923706055,55.65264129638672,10200,0.0,False
2020-08-04,60.869998931884766,61.41999816894531,60.869998931884766,61.34000015258789,55.688961029052734,11300,0.0,False
2020-08-05,61.54999923706055,62.150001525878906,61.54999923706055,62.11000061035156,56.38802719116211,6600,0.0,False
2020-08-06,62.029998779296875,62.11000061035156,61.689998626708984,61.869998931884766,56.170127868652344,6600,0.0,False
2020-08-07,61.54999923706055,63.130001068115234,61.380001068115234,63.08000183105469,57.26866912841797,50200,0.0,False
2020-08-10,63.40999984741211,63.40999984741211,62.630001068115234,62.779998779296875,56.99629592895508,15300,0.0,False
2020-08-11,63.63999938964844,64.47000122070312,63.45000076293945,63.65999984741211,57.795230865478516,9200,0.0,False
2020-08-12,64.63999938964844,64.79000091552734,64.0199966430664,64.0199966430664,58.1220588684082,4400,0.0,False
2020-08-13,63.470001220703125,63.959999084472656,63.400001525878906,63.63999938964844,57.77708053588867,33000,0.0,False
2020-08-14,63.13999938964844,64.30000305175781,63.13999938964844,64.0,58.103912353515625,9800,0.0,False
2020-08-17,63.599998474121094,63.709999084472656,63.54999923706055,63.689998626708984,57.82245635986328,3100,0.0,False
2020-08-18,63.65999984741211,63.65999984741211,63.18000030517578,63.38999938964844,57.55009841918945,23400,0.0,False
2020-08-19,63.970001220703125,64.20999908447266,63.56999969482422,63.59000015258789,57.73168182373047,13000,0.0,False
2020-08-20,62.709999084472656,63.630001068115234,62.709999084472656,63.2599983215332,57.43208312988281,281900,0.0,False
2020-08-21,63.18000030517578,63.5099983215332,63.13999938964844,63.40999984741211,57.568260192871094,355100,0.0,False
2020-08-24,63.630001068115234,64.5,63.5,64.48999786376953,58.54876708984375,62800,0.0,False
2020-08-25,65.19000244140625,65.19000244140625,64.22000122070312,64.3499984741211,58.421653747558594,60900,0.0,False
2020-08-26,64.11000061035156,64.61000061035156,64.11000061035156,64.30000305175781,58.37627410888672,7900,0.0,False
2020-08-27,64.33999633789062,65.45999908447266,64.33999633789062,65.02999877929688,59.03901290893555,14200,0.0,False
2020-08-28,65.44999694824219,65.44999694824219,64.80000305175781,64.98999786376953,59.0026969909668,10300,0.0,False
2020-08-31,65.05999755859375,65.05999755859375,64.48999786376953,64.66999816894531,58.712181091308594,12000,0.0,False
2020-09-01,64.26000213623047,64.70999908447266,64.16999816894531,64.70999908447266,58.74850082397461,14900,0.0,False
2020-09-02,64.72000122070312,65.3499984741211,64.55000305175781,65.27999877929688,59.26597595214844,13600,0.0,False
2020-09-03,65.44000244140625,66.05000305175781,64.16999816894531,64.41999816894531,58.48521041870117,12000,0.0,False
2020-09-04,65.20999908447266,65.20999908447266,63.54999923706055,64.37000274658203,58.43982696533203,34400,0.0,False
2020-09-08,63.77000045776367,63.77000045776367,62.13999938964844,62.38999938964844,56.6422233581543,7800,0.0,False
2020-09-09,62.849998474121094,63.40999984741211,62.599998474121094,62.95000076293945,57.150634765625,11000,0.0,False
2020-09-10,63.13999938964844,63.40999984741211,61.83000183105469,61.83000183105469,56.13382339477539,20600,0.0,False
2020-09-11,61.91999816894531,62.560001373291016,61.7599983215332,62.13999938964844,56.41525650024414,9200,0.0,False
2020-09-14,62.790000915527344,63.349998474121094,62.790000915527344,63.16999816894531,57.350364685058594,6800,0.0,False
2020-09-15,63.18000030517578,63.189998626708984,62.5099983215332,62.70000076293945,56.923667907714844,17400,0.0,False
2020-09-16,62.65999984741211,63.88999938964844,62.65999984741211,63.380001068115234,57.54102325439453,12800,0.0,False
2020-09-17,62.59000015258789,63.119998931884766,62.4900016784668,62.58000183105469,56.814735412597656,7600,0.0,False
2020-09-18,62.75,62.81999969482422,62.2599983215332,62.43000030517578,56.67854309082031,6000,0.0,False
2020-09-21,61.31999969482422,61.45000076293945,60.470001220703125,61.2599983215332,55.61632537841797,22400,0.0,False
2020-09-22,61.27000045776367,61.27000045776367,60.2599983215332,60.90999984741211,55.2985725402832,7600,0.0,False
2020-09-23,60.849998474121094,60.91999816894531,59.13999938964844,59.20000076293945,54.036224365234375,42600,0.0,False
2020-09-24,59.220001220703125,60.470001220703125,58.88999938964844,59.88999938964844,54.66603469848633,7700,0.0,False
2020-09-25,59.29999923706055,60.61000061035156,59.29999923706055,60.52000045776367,55.24107360839844,11200,0.0,False
2020-09-28,61.220001220703125,62.13999938964844,61.220001220703125,61.7599983215332,56.37290954589844,7200,0.0,False
2020-09-29,61.81999969482422,61.939998626708984,60.900001525878906,61.06999969482422,55.74310302734375,10100,0.0,False
2020-09-30,61.70000076293945,62.29999923706055,61.439998626708984,62.0099983215332,56.601104736328125,12100,0.0,False
2020-10-01,62.2400016784668,62.630001068115234,61.91999816894531,62.06999969482422,56.65586853027344,7900,0.0,False
2020-10-02,60.959999084472656,62.709999084472656,60.959999084472656,62.45000076293945,57.002723693847656,8300,0.0,False
2020-10-05,62.849998474121094,63.22999954223633,62.689998626708984,62.970001220703125,57.47737121582031,16800,0.0,False
2020-10-06,63.9900016784668,63.9900016784668,62.630001068115234,62.630001068115234,57.167030334472656,16200,0.0,False
2020-10-07,63.400001525878906,63.5099983215332,62.900001525878906,63.38999938964844,57.86073303222656,5900,0.0,False
2020-10-08,63.7400016784668,64.19999694824219,63.36000061035156,64.19000244140625,58.59095001220703,6700,0.0,False
2020-10-09,64.91000366210938,64.91000366210938,64.05999755859375,64.25,58.64573287963867,5300,0.0,False
2020-10-12,64.41000366210938,65.66999816894531,64.41000366210938,65.52999877929688,59.8140754699707,6400,0.0,False
2020-10-13,65.91000366210938,65.91000366210938,64.56999969482422,64.94999694824219,59.28467559814453,7200,0.0,False
2020-10-14,65.2300033569336,65.30999755859375,64.72000122070312,64.80000305175781,59.147743225097656,12400,0.0,False
2020-10-15,64.22000122070312,65.2300033569336,64.22000122070312,65.2300033569336,59.54024124145508,6700,0.0,False
2020-10-16,65.66000366210938,65.7300033569336,65.36000061035156,65.41999816894531,59.71365737915039,3900,0.0,False
2020-10-19,65.87000274658203,65.87000274658203,64.52999877929688,64.5999984741211,58.9651985168457,5600,0.0,False
2020-10-20,64.93000030517578,65.87000274658203,64.93000030517578,65.0999984741211,59.42158126831055,10900,0.0,False
2020-10-21,65.33000183105469,65.33000183105469,64.3499984741211,64.45999908447266,58.83740234375,45600,0.0,False
2020-10-22,64.61000061035156,65.41999816894531,64.25,65.26000213623047,59.56763458251953,9300,0.0,False
2020-10-23,65.76000213623047,65.76000213623047,65.08999633789062,65.2699966430664,59.57674789428711,7400,0.0,False
2020-10-26,64.45999908447266,64.55000305175781,63.2599983215332,63.939998626708984,58.36276626586914,17200,0.0,False
2020-10-27,63.86000061035156,63.86000061035156,63.2599983215332,63.2599983215332,57.7420768737793,8100,0.0,False
2020-10-28,61.91999816894531,61.91999816894531,61.150001525878906,61.290000915527344,55.943904876708984,9000,0.0,False
2020-10-29,60.959999084472656,62.22999954223633,60.959999084472656,61.88999938964844,56.49156951904297,7200,0.0,False
2020-10-30,61.849998474121094,61.849998474121094,61.20000076293945,61.63999938964844,56.26338195800781,7600,0.0,False
2020-11-02,62.810001373291016,63.130001068115234,62.41999816894531,62.630001068115234,57.167030334472656,6900,0.0,False
2020-11-03,63.81999969482422,64.58999633789062,63.79999923706055,64.16000366210938,58.56357192993164,15800,0.0,False
2020-11-04,63.650001525878906,65.1500015258789,63.650001525878906,64.2300033569336,58.627464294433594,8800,0.0,False
2020-11-05,64.91000366210938,65.83000183105469,64.87000274658203,65.19999694824219,59.51285171508789,6200,0.0,False
2020-11-06,65.13999938964844,65.33999633789062,64.45999908447266,64.68000030517578,59.0382080078125,17700,0.0,False
2020-11-09,68.62000274658203,69.43000030517578,68.06999969482422,68.16999816894531,62.22380447387695,31700,0.0,False
2020-11-10,67.91000366210938,68.86000061035156,67.41000366210938,68.8499984741211,62.84447479248047,9400,0.0,False
2020-11-11,69.05999755859375,69.26000213623047,68.68000030517578,68.98999786376953,62.972267150878906,15800,0.0,False
2020-11-12,68.36000061035156,68.36000061035156,67.27999877929688,67.77999877929688,61.86781692504883,15200,0.0,False
2020-11-13,68.06999969482422,69.2300033569336,68.06999969482422,69.02999877929688,63.00876998901367,6400,0.0,False
2020-11-16,70.19000244140625,70.20999908447266,69.58999633789062,70.05999755859375,63.94892120361328,15700,0.0,False
2020-11-17,69.6500015258789,70.66999816894531,69.6500015258789,70.63999938964844,64.47833251953125,6100,0.0,False
2020-11-18,71.30000305175781,71.37999725341797,70.29000091552734,70.30000305175781,64.16800689697266,25700,0.0,False
2020-11-19,70.11000061035156,70.37000274658203,70.11000061035156,70.3499984741211,64.2136459350586,2100,0.0,False
2020-11-20,70.30000305175781,70.30000305175781,69.94000244140625,70.0999984741211,63.985435485839844,6700,0.0,False
2020-11-23,71.3499984741211,71.7699966430664,71.23999786376953,71.5,65.26331329345703,4500,0.0,False
2020-11-24,72.44999694824219,73.7699966430664,72.29000091552734,73.7699966430664,67.33531951904297,12900,0.0,False
2020-11-25,73.25,73.76000213623047,72.77999877929688,73.70999908447266,67.28055572509766,279300,0.0,False
2020-11-27,74.01000213623047,74.01000213623047,73.62999725341797,73.80999755859375,67.37184143066406,1600,0.0,False
2020-11-30,73.76000213623047,73.76000213623047,72.52999877929688,72.7300033569336,66.38604736328125,8200,0.0,False
2020-12-01,73.58000183105469,74.23999786376953,73.58000183105469,74.18000030517578,67.70956420898438,27200,0.0,False
2020-12-02,74.16999816894531,75.1500015258789,74.06999969482422,75.05999755859375,68.5127944946289,169000,0.0,False
2020-12-03,75.19999694824219,75.5199966430664,74.91999816894531,75.0999984741211,68.54932403564453,15000,0.0,False
2020-12-04,75.44999694824219,76.29000091552734,75.44999694824219,76.04000091552734,69.40734100341797,17400,0.0,False
2020-12-07,75.73999786376953,76.18000030517578,75.30000305175781,75.87999725341797,69.26127624511719,28900,0.0,False
2020-12-08,75.58000183105469,75.86000061035156,75.41999816894531,75.75,69.14263153076172,12100,0.0,False
2020-12-09,76.31999969482422,76.56999969482422,75.75,76.13999938964844,69.49859619140625,12500,0.0,False
2020-12-10,75.45999908447266,75.88999938964844,75.2699966430664,75.88999938964844,69.27040100097656,7100,0.0,False
2020-12-11,75.0,75.0199966430664,74.5,75.0,68.45803833007812,15500,0.0,False
2020-12-14,75.87000274658203,75.87000274658203,74.26000213623047,74.26000213623047,67.98381042480469,9400,0.0,False
2020-12-15,74.69000244140625,76.13999938964844,74.58000183105469,76.08000183105469,69.65000915527344,8000,0.0,False
2020-12-16,76.55000305175781,76.55000305175781,76.0,76.44999694824219,69.98872375488281,8100,0.0,False
2020-12-17,76.97000122070312,77.12999725341797,76.63999938964844,77.04000091552734,70.52886962890625,15000,0.0,False
2020-12-18,77.47000122070312,77.47000122070312,76.44000244140625,76.95999908447266,70.45563507080078,4700,0.0,False
2020-12-21,77.56999969482422,78.61000061035156,77.0,78.26000213623047,71.64575958251953,28000,0.0,False
2020-12-22,78.88999938964844,78.88999938964844,77.7699966430664,77.81999969482422,71.24293518066406,20100,0.0,False
2020-12-23,78.30999755859375,79.25,78.30999755859375,78.66999816894531,72.02111053466797,9400,0.0,False
2020-12-24,79.06999969482422,79.06999969482422,78.36000061035156,78.68000030517578,72.0302505493164,2000,0.0,False
2020-12-28,79.25,79.41000366210938,79.0199966430664,79.2300033569336,72.53375244140625,48900,0.0,False
2020-12-29,79.0199966430664,79.0199966430664,78.5,78.5999984741211,71.95702362060547,10000,0.0,False
2020-12-30,78.73999786376953,78.97000122070312,78.66999816894531,78.75,72.09434509277344,17800,0.0,False
2020-12-31,78.52999877929688,79.61000061035156,78.52999877929688,79.54000091552734,72.81759643554688,7800,0.0,False
2021-01-04,80.62999725341797,80.62999725341797,78.29000091552734,79.16000366210938,72.46968078613281,110400,0.0,False
2021-01-05,79.0999984741211,80.02999877929688,78.23999786376953,79.66999816894531,72.93660736083984,28500,0.0,False
2021-01-06,80.69999694824219,84.58000183105469,80.69999694824219,83.95999908447266,76.86400604248047,227400,0.0,False
2021-01-07,84.94999694824219,86.08000183105469,84.94999694824219,85.61000061035156,78.37456512451172,31700,0.0,False
2021-01-08,85.73999786376953,85.73999786376953,84.63999938964844,85.73999786376953,78.49356842041016,27500,0.0,False
2021-01-11,85.1500015258789,86.5199966430664,85.1500015258789,86.41000366210938,79.1069564819336,57600,0.0,False
2021-01-12,87.01000213623047,87.62000274658203,86.91999816894531,87.30000305175781,79.92172241210938,31400,0.0,False
2021-01-13,87.27999877929688,87.30000305175781,86.23999786376953,86.72000122070312,79.39076232910156,22200,0.0,False
2021-01-14,86.88999938964844,87.33999633789062,86.87000274658203,87.0,79.6470718383789,22700,0.0,False
2021-01-15,86.25,86.48999786376953,85.19999694824219,86.12000274658203,78.84146118164062,18700,0.0,False
2021-01-19,87.06999969482422,87.06999969482422,85.80999755859375,86.05999755859375,78.78652954101562,128500,0.0,False
2021-01-20,86.7300033569336,86.7300033569336,85.16000366210938,85.43000030517578,78.20977783203125,23100,0.0,False
2021-01-21,85.63999938964844,85.63999938964844,84.7699966430664,84.77999877929688,77.6147232055664,14000,0.0,False
2021-01-22,84.01000213623047,84.54000091552734,83.51000213623047,84.4000015258789,77.26683044433594,29200,0.0,False
2021-01-25,83.98999786376953,83.98999786376953,82.69000244140625,83.2699966430664,76.23233032226562,36900,0.0,False
2021-01-26,83.62000274658203,83.62000274658203,82.3499984741211,82.37999725341797,75.41753387451172,27500,0.0,False
2021-01-27,81.23999786376953,81.23999786376953,79.45999908447266,79.5,72.78095245361328,131800,0.0,False
2021-01-28,80.19000244140625,81.9800033569336,80.19000244140625,81.02999877929688,74.18163299560547,23300,0.0,False
2021-01-29,81.02999877929688,81.02999877929688,78.94000244140625,79.29000091552734,72.58869171142578,38100,0.0,False
2021-02-01,80.20999908447266,81.6500015258789,80.08000183105469,81.33000183105469,74.456298828125,32900,0.0,False
2021-02-02,82.11000061035156,84.06999969482422,82.11000061035156,83.8499984741211,76.7633056640625,48000,0.0,False
2021-02-03,83.91999816894531,84.36000061035156,83.7300033569336,83.7699966430664,76.69007110595703,20800,0.0,False
2021-02-04,84.26000213623047,85.0,84.26000213623047,84.81999969482422,77.65131378173828,8800,0.0,False
2021-02-05,85.2699966430664,85.45999908447266,85.05000305175781,85.37000274658203,78.15483093261719,21100,0.0,False
2021-02-08,86.04000091552734,86.19999694824219,85.68000030517578,86.19999694824219,78.91470336914062,27700,0.0,False
2021-02-09,86.30999755859375,86.5199966430664,85.5,86.23999786376953,78.95130920410156,16800,0.0,False
2021-02-10,86.5199966430664,86.62999725341797,85.55000305175781,86.33000183105469,79.03370666503906,21100,0.0,False
2021-02-11,86.97000122070312,86.97000122070312,85.19999694824219,86.12000274658203,78.84146118164062,16500,0.0,False
2021-02-12,86.0999984741211,87.25,86.0999984741211,87.20999908447266,79.83932495117188,24700,0.0,False
2021-02-16,88.0,89.20999908447266,87.87999725341797,89.19999694824219,81.66114807128906,30000,0.0,False
2021-02-17,88.77999877929688,88.98999786376953,88.2699966430664,88.80000305175781,81.29493713378906,33200,0.0,False
2021-02-18,88.36000061035156,88.93000030517578,87.91000366210938,88.69000244140625,81.1942367553711,12500,0.0,False
2021-02-19,89.26000213623047,89.66000366210938,89.23999786376953,89.45999908447266,81.89918518066406,23600,0.0,False
2021-02-22,89.2300033569336,90.29000091552734,89.19000244140625,90.06999969482422,82.45762634277344,80700,0.0,False
2021-02-23,90.0999984741211,90.38999938964844,88.66000366210938,90.22000122070312,82.59494018554688,95500,0.0,False
2021-02-24,90.69000244140625,92.38999938964844,90.3499984741211,92.2699966430664,84.47168731689453,537700,0.0,False
2021-02-25,92.73999786376953,93.05999755859375,90.93000030517578,91.19000244140625,83.48294830322266,138900,0.0,False
2021-02-26,90.55999755859375,90.88999938964844,89.19999694824219,89.69000244140625,82.10973358154297,44500,0.0,False
2021-03-01,91.22000122070312,93.29000091552734,91.1500015258789,92.69999694824219,84.86534881591797,116000,0.0,False
2021-03-02,93.05000305175781,93.22000122070312,92.37000274658203,92.47000122070312,84.65479278564453,93300,0.0,False
2021-03-03,92.94000244140625,93.98999786376953,92.54000091552734,92.5999984741211,84.77378845214844,132100,0.0,False
2021-03-04,92.62999725341797,93.45999908447266,89.95999908447266,91.52999877929688,83.79421997070312,301900,0.0,False
2021-03-05,93.13999938964844,93.13999938964844,89.5,92.48999786376953,84.673095703125,99800,0.0,False
2021-03-08,93.37999725341797,94.51000213623047,92.69999694824219,93.30999755859375,85.42379760742188,234400,0.0,False
2021-03-09,93.30999755859375,94.61000061035156,92.05000305175781,93.37000274658203,85.47870635986328,85200,0.0,False
2021-03-10,94.13999938964844,95.04000091552734,94.02999877929688,94.93000030517578,86.90686798095703,103000,0.0,False
2021-03-11,95.26000213623047,95.94000244140625,94.4800033569336,95.44999694824219,87.38292694091797,109000,0.0,False
2021-03-12,96.4000015258789,97.01000213623047,96.13999938964844,96.73999786376953,88.56389617919922,32000,0.0,False
2021-03-15,96.97000122070312,96.97000122070312,95.33999633789062,96.4800033569336,88.32588195800781,62900,0.0,False
2021-03-16,96.38999938964844,96.38999938964844,94.93000030517578,95.2300033569336,87.1814956665039,52600,0.0,False
2021-03-17,95.88999938964844,96.18000030517578,94.91000366210938,96.0999984741211,87.97798156738281,69100,0.0,False
2021-03-18,96.91000366210938,98.08999633789062,95.73999786376953,95.97000122070312,87.85897827148438,386200,0.0,False
2021-03-19,95.4800033569336,95.91000366210938,94.4000015258789,95.30000305175781,87.2455825805664,94900,0.0,False
2021-03-22,95.02999877929688,95.25,94.19000244140625,94.52999877929688,86.5406723022461,80900,0.0,False
2021-03-23,94.0,94.30000305175781,92.26000213623047,92.44000244140625,84.62731170654297,38200,0.0,False
2021-03-24,93.25,93.97000122070312,92.2300033569336,92.2300033569336,84.43506622314453,27100,0.0,False
2021-03-25,91.73999786376953,92.7300033569336,90.55000305175781,92.44999694824219,84.85173034667969,209600,0.0,False
2021-03-26,93.33000183105469,93.55999755859375,92.0,92.95999908447266,85.31983184814453,25000,0.0,False
2021-03-29,91.76000213623047,92.66999816894531,91.22000122070312,92.20999908447266,84.63148498535156,76200,0.0,False
2021-03-30,92.58999633789062,93.33000183105469,92.38999938964844,92.68000030517578,85.06285095214844,28200,0.0,False
2021-03-31,92.54000091552734,92.86000061035156,92.16000366210938,92.16000366210938,84.5855941772461,37600,0.0,False
2021-04-01,92.4000015258789,93.6500015258789,92.31999969482422,93.6500015258789,85.95313262939453,36200,0.0,False
2021-04-05,94.77999877929688,94.77999877929688,93.91999816894531,94.08999633789062,86.35694122314453,36100,0.0,False
2021-04-06,93.75,94.5999984741211,93.75,94.19999694824219,86.45791625976562,34500,0.0,False
2021-04-07,94.56999969482422,94.80000305175781,93.58000183105469,94.06999969482422,86.33860778808594,38100,0.0,False
2021-04-08,94.06999969482422,94.55000305175781,93.33999633789062,94.55000305175781,86.77916717529297,20400,0.0,False
2021-04-09,94.80000305175781,95.02999877929688,94.19999694824219,94.98999786376953,87.18297576904297,30300,0.0,False
2021-04-12,95.41000366210938,95.45999908447266,94.93000030517578,95.3499984741211,87.51339721679688,34100,0.0,False
2021-04-13,95.29000091552734,95.29000091552734,94.22000122070312,94.55999755859375,86.78831481933594,25500,0.0,False
2021-04-14,94.77999877929688,96.91999816894531,94.77999877929688,95.86000061035156,87.98148345947266,27200,0.0,False
2021-04-15,96.43000030517578,96.43000030517578,95.38999938964844,96.05999755859375,88.16504669189453,58400,0.0,False
2021-04-16,96.80000305175781,96.80000305175781,95.6500015258789,96.19000244140625,88.28438568115234,23200,0.0,False
2021-04-19,96.08000183105469,96.66999816894531,95.63999938964844,96.52999877929688,88.596435546875,26100,0.0,False
2021-04-20,96.30999755859375,96.30999755859375,93.83999633789062,94.31999969482422,86.56806182861328,28300,0.0,False
2021-04-21,94.33999633789062,95.30000305175781,94.12000274658203,95.25,87.42162322998047,121000,0.0,False
2021-04-22,95.66000366210938,95.66000366210938,94.29000091552734,94.37000274658203,86.61394500732422,28900,0.0,False
2021-04-23,94.31999969482422,97.02999877929688,94.31999969482422,96.68000030517578,88.73409271240234,23700,0.0,False
2021-04-26,97.27999877929688,97.69000244140625,96.83999633789062,96.91999816894531,88.95435333251953,27600,0.0,False
2021-04-27,96.97000122070312,97.31999969482422,96.61000061035156,97.30999755859375,89.31230163574219,35500,0.0,False
2021-04-28,97.76000213623047,97.76000213623047,97.12000274658203,97.45999908447266,89.44998931884766,36300,0.0,False
2021-04-29,98.0199966430664,98.37000274658203,97.16000366210938,98.33999633789062,90.25765991210938,841700,0.0,False
2021-04-30,97.87000274658203,97.87000274658203,96.8499984741211,97.30000305175781,89.30313110351562,543600,0.0,False
2021-05-03,98.0,98.0,97.27999877929688,97.48999786376953,89.47750854492188,87000,0.0,False
2021-05-04,97.25,97.37000274658203,95.80000305175781,97.3499984741211,89.34903717041016,99700,0.0,False
2021-05-05,97.87999725341797,98.81999969482422,97.2300033569336,98.54000091552734,90.44122314453125,25100,0.0,False
2021-05-06,98.93000030517578,99.54000091552734,98.11000061035156,99.54000091552734,91.35903930664062,200000,0.0,False
2021-05-07,98.94000244140625,100.26000213623047,98.51000213623047,100.13999938964844,91.90972900390625,79300,0.0,False
2021-05-10,100.70999908447266,101.0,99.30000305175781,99.33000183105469,91.16629791259766,87600,0.0,False
2021-05-11,97.88999938964844,98.83999633789062,97.20999908447266,97.94000244140625,89.89053344726562,78900,0.0,False
2021-05-12,98.08999633789062,98.55999755859375,96.37999725341797,96.62999725341797,88.68820190429688,31800,0.0,False
2021-05-13,96.38999938964844,98.76000213623047,96.38999938964844,98.38999938964844,90.30355072021484,55900,0.0,False
2021-05-14,99.20999908447266,100.88999938964844,99.08999633789062,100.61000061035156,92.34111022949219,48200,0.0,False
2021-05-17,100.41999816894531,100.73999786376953,99.9000015258789,100.70999908447266,92.43285369873047,30700,0.0,False
2021-05-18,100.6500015258789,100.79000091552734,99.0199966430664,99.06999969482422,90.92765808105469,43500,0.0,False
2021-05-19,97.58999633789062,98.51000213623047,96.87000274658203,98.44999694824219,90.35860443115234,1401000,0.0,False
2021-05-20,98.58000183105469,99.58000183105469,97.87999725341797,99.0199966430664,90.88177490234375,295300,0.0,False
2021-05-21,99.5999984741211,100.73999786376953,99.5999984741211,100.2699966430664,92.02903747558594,39400,0.0,False
2021-05-24,100.76000213623047,101.16999816894531,100.54000091552734,100.88999938964844,92.59808349609375,55900,0.0,False
2021-05-25,101.30000305175781,101.9800033569336,99.58000183105469,99.76000213623047,91.56097412109375,58500,0.0,False
2021-05-26,100.12000274658203,100.87999725341797,99.27999877929688,100.41999816894531,92.16670227050781,64700,0.0,False
2021-05-27,101.16000366210938,101.37999725341797,100.25,101.22000122070312,92.9009780883789,49800,0.0,False
2021-05-28,101.56999969482422,102.05000305175781,100.88999938964844,101.80000305175781,93.43331146240234,43200,0.0,False
2021-06-01,102.91000366210938,103.2300033569336,102.44999694824219,102.62000274658203,94.1859130859375,186700,0.0,False
2021-06-02,102.77999877929688,102.91000366210938,102.2300033569336,102.79000091552734,94.34192657470703,77800,0.0,False
2021-06-03,102.33000183105469,103.58000183105469,101.91000366210938,103.08000183105469,94.60808563232422,67600,0.0,False
2021-06-04,103.58000183105469,103.58000183105469,102.3499984741211,103.33999633789062,94.84671783447266,35900,0.0,False
2021-06-07,103.44000244140625,103.44000244140625,102.5199966430664,102.58999633789062,94.15837097167969,60000,0.0,False
2021-06-08,102.23999786376953,102.61000061035156,101.5199966430664,102.4000015258789,93.98397827148438,32900,0.0,False
2021-06-09,102.22000122070312,102.27999877929688,101.44000244140625,101.5999984741211,93.24972534179688,29300,0.0,False
2021-06-10,102.19999694824219,102.22000122070312,100.31999969482422,100.44999694824219,92.43169403076172,46200,0.0,False
2021-06-11,100.5999984741211,101.4800033569336,100.5999984741211,101.4800033569336,93.37948608398438,40500,0.0,False
2021-06-14,101.58000183105469,101.58000183105469,100.12999725341797,100.63999938964844,92.60652160644531,44300,0.0,False
2021-06-15,100.9800033569336,101.38999938964844,100.04000091552734,100.81999969482422,92.77216339111328,1693500,0.0,False
2021-06-16,100.70999908447266,101.5199966430664,99.7300033569336,101.0999984741211,93.02981567382812,30400,0.0,False
2021-06-17,101.66000366210938,101.66000366210938,98.37999725341797,99.25,91.32749938964844,57700,0.0,False
2021-06-18,98.18000030517578,98.18000030517578,96.05000305175781,96.16999816894531,88.49334716796875,91800,0.0,False
2021-06-21,97.08999633789062,98.56999969482422,96.87000274658203,98.51000213623047,90.64656066894531,42600,0.0,False
2021-06-22,98.58999633789062,98.80000305175781,97.69000244140625,98.47000122070312,90.60977172851562,62200,0.0,False
2021-06-23,98.87999725341797,99.44999694824219,98.68000030517578,99.11000061035156,91.19866943359375,106100,0.0,False
2021-06-24,99.66999816894531,100.55999755859375,99.4000015258789,100.44999694824219,92.43169403076172,30900,0.0,False
2021-06-25,100.87999725341797,101.5199966430664,100.38999938964844,101.4800033569336,93.37948608398438,27100,0.0,False
2021-06-28,101.48999786376953,101.48999786376953,99.80000305175781,100.3499984741211,92.33967590332031,34000,0.0,False
2021-06-29,101.69000244140625,102.33999633789062,101.36000061035156,101.54000091552734,93.43470001220703,65700,0.0,False
2021-06-30,101.3499984741211,102.08999633789062,101.3499984741211,102.06999969482422,93.92240142822266,22400,0.0,False
2021-07-01,102.56999969482422,102.61000061035156,102.02999877929688,102.41999816894531,94.24444580078125,40900,0.0,False
2021-07-02,102.55999755859375,102.55999755859375,101.79000091552734,102.29000091552734,94.12480926513672,19900,0.0,False
2021-07-06,102.30999755859375,102.30999755859375,100.22000122070312,100.9800033569336,92.91938781738281,62100,0.0,False
2021-07-07,100.66000366210938,100.83000183105469,99.26000213623047,100.43000030517578,92.41329193115234,92100,0.0,False
2021-07-08,98.63999938964844,99.13999938964844,97.91999816894531,98.33999633789062,90.49011993408203,67800,0.0,False
2021-07-09,99.5999984741211,100.80999755859375,99.3499984741211,100.80999755859375,92.7629623413086,40800,0.0,False
2021-07-12,100.56999969482422,102.80000305175781,100.22000122070312,102.47000122070312,94.29045867919922,71100,0.0,False
2021-07-13,102.61000061035156,102.61000061035156,101.44000244140625,102.0199966430664,93.87635040283203,42900,0.0,False
2021-07-14,102.12000274658203,102.87999725341797,100.80999755859375,101.16000366210938,93.08502197265625,59600,0.0,False
2021-07-15,100.48999786376953,102.0199966430664,100.45999908447266,101.12999725341797,93.05740356445312,43000,0.0,False
2021-07-16,101.68000030517578,101.68000030517578,99.55000305175781,99.75,91.78758239746094,53400,0.0,False
2021-07-19,97.72000122070312,97.76000213623047,96.9000015258789,97.62000274658203,89.82759857177734,52500,0.0,False
2021-07-20,97.68000030517578,100.87000274658203,97.68000030517578,100.06999969482422,92.08203125,1492100,0.0,False
2021-07-21,100.95999908447266,102.6500015258789,100.95999908447266,102.38999938964844,94.21684265136719,152800,0.0,False
2021-07-22,102.27999877929688,102.27999877929688,101.48999786376953,101.80999755859375,93.68313598632812,36100,0.0,False
2021-07-23,102.48999786376953,102.69000244140625,101.77999877929688,102.22000122070312,94.06040954589844,42200,0.0,False
2021-07-26,101.87000274658203,102.70999908447266,101.87000274658203,102.70999908447266,94.51128387451172,480700,0.0,False
2021-07-27,102.08000183105469,102.56999969482422,101.58000183105469,102.2699966430664,94.1064224243164,145200,0.0,False
2021-07-28,102.48999786376953,103.08000183105469,101.91999816894531,102.62000274658203,94.4284896850586,32800,0.0,False
2021-07-29,103.2699966430664,104.04000091552734,102.97000122070312,103.66000366210938,95.3854751586914,41500,0.0,False
2021-07-30,103.33000183105469,104.41999816894531,102.88999938964844,103.22000122070312,94.98058319091797,57900,0.0,False
2021-08-02,103.83000183105469,104.91999816894531,103.55999755859375,103.6500015258789,95.37626647949219,92300,0.0,False
2021-08-03,104.0199966430664,104.0199966430664,102.06999969482422,103.41999816894531,95.16461944580078,98500,0.0,False
2021-08-04,102.62000274658203,104.1500015258789,102.61000061035156,103.29000091552734,95.04500579833984,68600,0.0,False
2021-08-05,103.55999755859375,104.75,103.55999755859375,104.68000030517578,96.32402801513672,62300,0.0,False
2021-08-06,105.5199966430664,106.70999908447266,105.5,106.63999938964844,98.1275634765625,46900,0.0,False
2021-08-09,106.63999938964844,107.54000091552734,106.0,107.25,98.68889617919922,400800,0.0,False
2021-08-10,107.2699966430664,108.56999969482422,107.0,107.9800033569336,99.36062622070312,1480000,0.0,False
2021-08-11,108.3499984741211,109.0999984741211,107.94000244140625,109.0999984741211,100.39122009277344,43700,0.0,False
2021-08-12,109.27999877929688,109.6500015258789,108.79000091552734,109.58999633789062,100.84210968017578,69600,0.0,False
2021-08-13,109.6500015258789,109.6500015258789,108.44999694824219,108.76000213623047,100.07836151123047,217800,0.0,False
2021-08-16,108.26000213623047,108.54000091552734,107.16999816894531,108.54000091552734,99.87592315673828,143500,0.0,False
2021-08-17,107.73999786376953,108.1500015258789,106.4800033569336,107.41000366210938,98.83612823486328,100300,0.0,False
2021-08-18,106.94000244140625,108.16999816894531,105.97000122070312,106.02999877929688,97.56627655029297,80200,0.0,False
2021-08-19,104.87999725341797,105.8499984741211,104.44000244140625,105.19999694824219,96.80252075195312,104000,0.0,False
2021-08-20,105.23999786376953,106.4800033569336,105.23999786376953,106.33999633789062,97.85153198242188,33200,0.0,False
2021-08-23,107.1500015258789,107.94999694824219,107.1500015258789,107.41000366210938,98.83612823486328,105800,0.0,False
2021-08-24,108.05999755859375,108.45999908447266,107.87000274658203,108.37999725341797,99.72869873046875,75800,0.0,False
2021-08-25,108.5,109.87999725341797,108.5,109.30999755859375,100.58445739746094,56700,0.0,False
2021-08-26,109.73999786376953,110.11000061035156,108.7699966430664,108.87000274658203,100.17957305908203,84300,0.0,False
2021-08-27,109.05999755859375,110.7699966430664,109.05999755859375,110.7300033569336,101.89109802246094,44500,0.0,False
2021-08-30,111.16999816894531,111.16999816894531,109.3499984741211,109.44000244140625,100.7040786743164,55100,0.0,False
2021-08-31,109.58000183105469,109.7699966430664,109.01000213623047,109.62999725341797,100.87890625,36100,0.0,False
2021-09-01,109.91999816894531,110.18000030517578,108.75,109.95999908447266,101.18257904052734,216500,0.0,False
2021-09-02,110.2300033569336,110.30999755859375,109.73999786376953,110.02999877929688,101.2469711303711,53500,0.0,False
2021-09-03,110.04000091552734,110.19999694824219,109.3499984741211,109.41000366210938,100.67647552490234,40400,0.0,False
2021-09-07,109.41000366210938,109.5199966430664,108.45999908447266,108.55999755859375,99.89430236816406,136800,0.0,False
2021-09-08,108.2300033569336,108.45999908447266,107.5,107.97000122070312,99.35140991210938,152100,0.0,False
2021-09-09,107.7699966430664,109.08000183105469,107.75,108.05000305175781,99.425048828125,82200,0.0,False
2021-09-10,108.55999755859375,108.55999755859375,107.31999969482422,107.41999816894531,98.8453140258789,66200,0.0,False
2021-09-13,107.83999633789062,108.11000061035156,107.30000305175781,107.81999969482422,99.2134017944336,31300,0.0,False
2021-09-14,108.26000213623047,108.66999816894531,106.11000061035156,106.44000244140625,97.9435806274414,71800,0.0,False
2021-09-15,106.06999969482422,107.31999969482422,105.77999877929688,107.08999633789062,98.54165649414062,41700,0.0,False
2021-09-16,107.52999877929688,107.97000122070312,106.05999755859375,106.48999786376953,97.98954772949219,25700,0.0,False
2021-09-17,106.52999877929688,106.75,105.22000122070312,105.81999969482422,97.37303924560547,25900,0.0,False
2021-09-20,103.44999694824219,103.77999877929688,101.9800033569336,103.27999877929688,95.03579711914062,94900,0.0,False
2021-09-21,104.02999877929688,104.12000274658203,102.62000274658203,102.9000015258789,94.68612670898438,87900,0.0,False
2021-09-22,103.97000122070312,105.55000305175781,103.86000061035156,104.94000244140625,96.56330108642578,22500,0.0,False
2021-09-23,105.94000244140625,107.62999725341797,105.93000030517578,107.37000274658203,98.79932403564453,85200,0.0,False
2021-09-24,106.80000305175781,107.61000061035156,106.80000305175781,107.41000366210938,99.23816680908203,34100,0.0,False
2021-09-27,107.91999816894531,109.25,107.91999816894531,108.91999816894531,100.63329315185547,111600,0.0,False
2021-09-28,108.87000274658203,109.01000213623047,106.62999725341797,106.73999786376953,98.61915588378906,31800,0.0,False
2021-09-29,106.91999816894531,106.91999816894531,105.87999725341797,106.20999908447266,98.12947082519531,28000,0.0,False
2021-09-30,106.93000030517578,106.93000030517578,104.23999786376953,104.4000015258789,96.45716094970703,129500,0.0,False
2021-10-01,104.72000122070312,106.61000061035156,104.25,105.98999786376953,97.92620086669922,123200,0.0,False
2021-10-04,106.12000274658203,107.18000030517578,104.58999633789062,104.7699966430664,96.79902648925781,139900,0.0,False
2021-10-05,105.48999786376953,107.58999633789062,105.31999969482422,107.30000305175781,99.13655090332031,71800,0.0,False
2021-10-06,106.16999816894531,107.62999725341797,105.6500015258789,107.54000091552734,99.3582763671875,47800,0.0,False
2021-10-07,108.73999786376953,109.83000183105469,108.5,108.66000366210938,100.39307403564453,89200,0.0,False
2021-10-08,108.7699966430664,109.7300033569336,108.16999816894531,109.44999694824219,101.12296295166016,35500,0.0,False
2021-10-11,109.8499984741211,110.48999786376953,108.0199966430664,108.08999633789062,99.86641693115234,37700,0.0,False
2021-10-12,108.19000244140625,108.9800033569336,107.7699966430664,108.41999816894531,100.17131805419922,35600,0.0,False
2021-10-13,108.70999908447266,108.70999908447266,107.44000244140625,108.58000183105469,100.31915283203125,31700,0.0,False
2021-10-14,109.97000122070312,110.2300033569336,108.6500015258789,110.2300033569336,101.84364318847656,60500,0.0,False
2021-10-15,111.56999969482422,112.55999755859375,111.25,112.16000366210938,103.62680053710938,118600,0.0,False
2021-10-18,112.20999908447266,113.30000305175781,112.04000091552734,112.7300033569336,104.1534423828125,121300,0.0,False
2021-10-19,113.30999755859375,113.41999816894531,112.68000030517578,113.30000305175781,104.6800537109375,147800,0.0,False
2021-10-20,113.19000244140625,113.26000213623047,112.43000030517578,112.79000091552734,104.2088623046875,78100,0.0,False
2021-10-21,112.55000305175781,113.30000305175781,112.08999633789062,112.63999938964844,104.07026672363281,49500,0.0,False
2021-10-22,113.0,114.19999694824219,113.0,114.0999984741211,105.41919708251953,47300,0.0,False
2021-10-25,114.66000366210938,114.66000366210938,113.86000061035156,114.30999755859375,105.61322784423828,85100,0.0,False
2021-10-26,114.8499984741211,115.2699966430664,114.22000122070312,114.6500015258789,105.92733001708984,77800,0.0,False
2021-10-27,114.27999877929688,114.62000274658203,112.55000305175781,112.56999969482422,104.00560760498047,42000,0.0,False
2021-10-28,113.19000244140625,113.91000366210938,112.98999786376953,113.80000305175781,105.14202117919922,93900,0.0,False
2021-10-29,113.77999877929688,114.23999786376953,113.56999969482422,113.91000366210938,105.24365997314453,41800,0.0,False
2021-11-01,114.83999633789062,115.13999938964844,114.23999786376953,115.13999938964844,106.38006591796875,146900,0.0,False
2021-11-02,115.27999877929688,116.25,114.87999725341797,116.1500015258789,107.313232421875,165800,0.0,False
2021-11-03,116.05999755859375,116.0999984741211,114.93000030517578,115.80000305175781,106.98986053466797,75500,0.0,False
2021-11-04,115.81999969482422,115.88999938964844,112.7699966430664,113.62000274658203,104.9757308959961,140000,0.0,False
2021-11-05,114.62999725341797,115.23999786376953,113.41999816894531,113.62000274658203,104.9757308959961,56900,0.0,False
2021-11-08,114.38999938964844,114.70999908447266,113.58000183105469,113.73999786376953,105.08657836914062,302900,0.0,False
2021-11-09,113.4800033569336,113.5,112.13999938964844,112.87999725341797,104.29200744628906,41700,0.0,False
2021-11-10,112.69999694824219,112.83000183105469,111.30000305175781,111.70999908447266,103.21102905273438,52000,0.0,False
2021-11-11,111.94000244140625,112.86000061035156,111.80999755859375,112.6500015258789,104.07950592041016,29000,0.0,False
2021-11-12,112.94000244140625,113.37000274658203,112.19999694824219,113.31999969482422,104.69853973388672,70100,0.0,False
2021-11-15,113.83999633789062,114.02999877929688,113.30000305175781,113.4800033569336,104.84636688232422,34400,0.0,False
2021-11-16,113.4000015258789,114.23999786376953,112.76000213623047,113.56999969482422,104.92949676513672,96100,0.0,False
2021-11-17,113.44999694824219,113.44999694824219,111.3499984741211,111.54000091552734,103.05396270751953,67800,0.0,False
2021-11-18,111.98999786376953,111.98999786376953,110.45999908447266,111.2300033569336,102.76756286621094,71800,0.0,False
2021-11-19,110.38999938964844,111.02999877929688,109.4000015258789,110.16000366210938,101.77893829345703,115200,0.0,False
2021-11-22,111.33999633789062,112.69000244140625,111.06999969482422,111.44000244140625,102.96156311035156,127100,0.0,False
2021-11-23,112.26000213623047,113.47000122070312,111.58999633789062,113.3499984741211,104.72624969482422,281900,0.0,False
2021-11-24,113.30999755859375,113.33999633789062,112.55000305175781,112.9800033569336,104.38440704345703,41200,0.0,False
2021-11-26,110.33000183105469,110.33000183105469,108.4800033569336,109.4000015258789,101.0767822265625,50700,0.0,False
2021-11-29,110.88999938964844,110.88999938964844,108.8499984741211,109.7300033569336,101.38165283203125,247200,0.0,False
2021-11-30,108.93000030517578,108.93000030517578,106.81999969482422,107.2300033569336,99.07186126708984,97100,0.0,False
2021-12-01,109.18000030517578,109.86000061035156,106.2300033569336,106.33999633789062,98.24957275390625,217000,0.0,False
2021-12-02,106.63999938964844,110.0199966430664,106.56999969482422,109.80999755859375,101.45558166503906,262300,0.0,False
2021-12-03,110.31999969482422,110.31999969482422,107.19000244140625,108.16999816894531,99.94035339355469,82400,0.0,False
2021-12-06,109.69999694824219,110.56999969482422,108.51000213623047,109.51000213623047,101.17839813232422,106200,0.0,False
2021-12-07,110.9000015258789,112.7699966430664,110.9000015258789,112.18000030517578,103.6452865600586,43800,0.0,False
2021-12-08,112.51000213623047,112.51000213623047,111.55000305175781,111.6500015258789,103.15558624267578,42400,0.0,False
2021-12-09,111.2699966430664,111.63999938964844,110.4800033569336,110.52999877929688,102.12079620361328,29000,0.0,False
2021-12-10,111.16999816894531,111.16999816894531,109.16999816894531,109.8499984741211,101.49253845214844,77300,0.0,False
2021-12-13,109.2699966430664,109.2699966430664,107.80000305175781,108.08999633789062,100.33866119384766,168300,0.0,False
2021-12-14,107.97000122070312,109.52999877929688,107.69999694824219,108.91000366210938,101.0998764038086,49400,0.0,False
2021-12-15,109.37000274658203,110.05000305175781,107.81999969482422,109.88999938964844,102.00959777832031,22700,0.0,False
2021-12-16,111.18000030517578,111.98999786376953,110.30000305175781,110.86000061035156,102.91004180908203,31300,0.0,False
2021-12-17,110.06999969482422,110.06999969482422,107.95999908447266,108.2699966430664,100.50576782226562,24400,0.0,False
2021-12-20,107.0,107.0,104.7300033569336,105.94999694824219,98.35213470458984,65200,0.0,False
2021-12-21,107.11000061035156,108.66999816894531,107.11000061035156,108.43000030517578,100.65430450439453,86000,0.0,False
2021-12-22,108.47000122070312,109.30000305175781,108.2699966430664,109.30000305175781,101.46190643310547,63100,0.0,False
2021-12-23,110.05000305175781,110.91000366210938,110.05000305175781,110.3499984741211,102.43660736083984,46400,0.0,False
2021-12-27,110.77999877929688,111.58999633789062,110.2699966430664,111.58999633789062,103.58769226074219,51600,0.0,False
2021-12-28,111.5999984741211,112.19000244140625,111.41999816894531,111.5199966430664,103.52271270751953,41900,0.0,False
2021-12-29,111.9800033569336,111.98999786376953,110.91999816894531,111.0199966430664,103.05854797363281,40200,0.0,False
2021-12-30,111.33000183105469,111.75,110.5999984741211,110.66000366210938,102.72437286376953,20300,0.0,False
2021-12-31,110.62000274658203,110.69999694824219,110.0,110.19999694824219,102.29736328125,32600,0.0,False
2022-01-03,111.12999725341797,111.98999786376953,110.9000015258789,111.31999969482422,103.33704376220703,78900,0.0,False
2022-01-04,112.4000015258789,114.26000213623047,112.4000015258789,113.5,105.36073303222656,101900,0.0,False
2022-01-05,114.19000244140625,114.19999694824219,111.36000061035156,111.43000030517578,103.43916320800781,79400,0.0,False
2022-01-06,112.62000274658203,112.76000213623047,110.41999816894531,112.54000091552734,104.46956634521484,60400,0.0,False
2022-01-07,112.98999786376953,113.58000183105469,112.05000305175781,113.22000122070312,105.10079193115234,48500,0.0,False
2022-01-10,113.41999816894531,113.5,111.5999984741211,113.04000091552734,104.9336929321289,102400,0.0,False
2022-01-11,113.18000030517578,114.6500015258789,112.5999984741211,114.54000091552734,106.32613372802734,125100,0.0,False
2022-01-12,114.6500015258789,114.73999786376953,112.4800033569336,112.73999786376953,104.65521240234375,202000,0.0,False
2022-01-13,113.38999938964844,113.4800033569336,111.19999694824219,111.58000183105469,103.57840728759766,123300,0.0,False
2022-01-14,110.37000274658203,110.37000274658203,108.33000183105469,109.76000213623047,101.88893127441406,85800,0.0,False
2022-01-18,107.58000183105469,107.58000183105469,104.5,105.44000244140625,97.87870788574219,129200,0.0,False
2022-01-19,107.0999984741211,107.0999984741211,104.66000366210938,104.66000366210938,97.15464782714844,90200,0.0,False
2022-01-20,105.3499984741211,107.72000122070312,105.30999755859375,105.5,97.93441772460938,67200,0.0,False
2022-01-21,104.76000213623047,105.19999694824219,103.23999786376953,103.81999969482422,96.37488555908203,79900,0.0,False
2022-01-24,101.72000122070312,103.54000091552734,98.88999938964844,103.52999877929688,96.10568237304688,194600,0.0,False
2022-01-25,101.72000122070312,103.79000091552734,100.19999694824219,102.91000366210938,95.53013610839844,263900,0.0,False
2022-01-26,104.52999877929688,105.04000091552734,102.04000091552734,103.05000305175781,95.66010284423828,66500,0.0,False
2022-01-27,104.47000122070312,105.55000305175781,102.87999725341797,103.52999877929688,96.10568237304688,75000,0.0,False
2022-01-28,103.27999877929688,105.0999984741211,101.58000183105469,105.06999969482422,97.53523254394531,104800,0.0,False
2022-01-31,104.69999694824219,107.05999755859375,104.16000366210938,107.02999877929688,99.35467529296875,71100,0.0,False
2022-02-01,107.05000305175781,108.88999938964844,106.80999755859375,108.69000244140625,100.89566040039062,630900,0.0,False
2022-02-02,108.94000244140625,109.58999633789062,107.83000183105469,108.8499984741211,101.04417419433594,93900,0.0,False
2022-02-03,108.43000030517578,109.23999786376953,107.48999786376953,107.6500015258789,99.93024444580078,107600,0.0,False
2022-02-04,107.97000122070312,110.87000274658203,107.97000122070312,110.02999877929688,102.13955688476562,102300,0.0,False
2022-02-07,110.16000366210938,111.26000213623047,109.87999725341797,110.33999633789062,102.42731475830078,68500,0.0,False
2022-02-08,110.87999725341797,112.02999877929688,110.75,111.88999938964844,103.86617279052734,47500,0.0,False
2022-02-09,112.93000030517578,114.20999908447266,112.83000183105469,113.4000015258789,105.26789855957031,50500,0.0,False
2022-02-10,112.44000244140625,113.97000122070312,111.4000015258789,111.80999755859375,103.79190063476562,62900,0.0,False
2022-02-11,111.75,112.55000305175781,108.97000122070312,109.66000366210938,101.79609680175781,85500,0.0,False
2022-02-14,109.31999969482422,109.66000366210938,107.58999633789062,108.43000030517578,100.65430450439453,121200,0.0,False
2022-02-15,109.5999984741211,110.37000274658203,109.1500015258789,109.77999877929688,101.90750122070312,920900,0.0,False
2022-02-16,109.08000183105469,109.58999633789062,108.41000366210938,109.23999786376953,101.40621185302734,73500,0.0,False
2022-02-17,108.36000061035156,108.37000274658203,105.73999786376953,105.94999694824219,98.35213470458984,103600,0.0,False
2022-02-18,105.56999969482422,105.98999786376953,104.61000061035156,105.12000274658203,97.58167266845703,45600,0.0,False
2022-02-22,104.5,105.66999816894531,103.61000061035156,104.19999694824219,96.72763061523438,99800,0.0,False
2022-02-23,105.2300033569336,105.48999786376953,102.63999938964844,102.87000274658203,95.49301147460938,57000,0.0,False
2022-02-24,99.33999633789062,103.12999725341797,98.55999755859375,102.7699966430664,95.40019226074219,183000,0.0,False
2022-02-25,103.18000030517578,105.52999877929688,103.18000030517578,105.48999786376953,97.92513275146484,46500,0.0,False
2022-02-28,103.20999908447266,104.4800033569336,102.66000366210938,103.58000183105469,96.15208435058594,231800,0.0,False
2022-03-01,103.08000183105469,103.08000183105469,99.52999877929688,100.0199966430664,92.84739685058594,194100,0.0,False
2022-03-02,100.69999694824219,102.52999877929688,100.33000183105469,102.0999984741211,94.77822875976562,51500,0.0,False
2022-03-03,102.80000305175781,103.06999969482422,100.41000366210938,101.06999969482422,93.82209777832031,47900,0.0,False
2022-03-04,99.6500015258789,99.6500015258789,98.25,99.48999786376953,92.35539245605469,50000,0.0,False
2022-03-07,98.87000274658203,98.97000122070312,95.66000366210938,95.73999786376953,88.87430572509766,1321600,0.0,False
2022-03-08,95.80000305175781,97.0999984741211,93.72000122070312,94.41999816894531,87.64896392822266,126400,0.0,False
2022-03-09,97.16000366210938,99.02999877929688,96.9000015258789,98.1500015258789,91.11148834228516,184000,0.0,False
2022-03-10,96.70999908447266,97.75,95.87000274658203,97.27999877929688,90.30388641357422,169800,0.0,False
2022-03-11,98.26000213623047,98.68000030517578,96.52999877929688,96.62000274658203,89.69123077392578,71800,0.0,False
2022-03-14,97.58999633789062,98.83000183105469,96.87999725341797,97.16999816894531,90.20176696777344,61700,0.0,False
2022-03-15,97.94000244140625,98.76000213623047,97.30999755859375,98.55000305175781,91.4828109741211,47600,0.0,False
2022-03-16,99.88999938964844,102.62999725341797,99.88999938964844,102.62999725341797,95.27022552490234,117000,0.0,False
2022-03-17,101.81999969482422,103.7300033569336,101.36000061035156,103.66000366210938,96.22637176513672,84300,0.0,False
2022-03-18,103.33000183105469,105.0199966430664,103.16999816894531,104.80000305175781,97.28459930419922,54700,0.0,False
2022-03-21,104.91000366210938,104.91999816894531,102.81999969482422,103.3499984741211,95.93859100341797,66400,0.0,False
2022-03-22,104.51000213623047,105.5,104.26000213623047,105.3499984741211,97.79517364501953,35700,0.0,False
2022-03-23,104.6500015258789,104.6500015258789,103.08000183105469,103.0999984741211,95.70650482177734,49700,0.0,False
2022-03-24,103.05999755859375,103.19999694824219,102.2300033569336,103.1500015258789,96.43385314941406,150000,0.0,False
2022-03-25,103.30000305175781,104.08999633789062,102.87000274658203,103.37999725341797,96.64889526367188,26300,0.0,False
2022-03-28,103.26000213623047,103.33000183105469,102.48999786376953,103.31999969482422,96.5927963256836,79900,0.0,False
2022-03-29,104.5999984741211,105.01000213623047,103.4000015258789,103.98999786376953,97.21916198730469,32300,0.0,False
2022-03-30,103.91000366210938,103.91000366210938,102.08999633789062,102.51000213623047,95.83553314208984,39100,0.0,False
2022-03-31,102.16999816894531,102.55000305175781,99.81999969482422,99.87999725341797,93.37676239013672,86200,0.0,False
2022-04-01,100.44999694824219,100.69999694824219,99.1500015258789,99.97000122070312,93.46092224121094,49800,0.0,False
2022-04-04,99.80000305175781,100.41999816894531,99.0,99.44000244140625,92.9654312133789,29200,0.0,False
2022-04-05,99.12999725341797,99.69999694824219,97.95999908447266,98.18000030517578,91.78746795654297,56500,0.0,False
2022-04-06,97.5999984741211,97.5999984741211,96.13999938964844,96.37000274658203,90.09530639648438,50400,0.0,False
2022-04-07,96.2300033569336,96.66000366210938,94.61000061035156,96.16000366210938,89.89899444580078,85700,0.0,False
2022-04-08,96.58999633789062,97.91000366210938,96.58999633789062,97.16000366210938,90.8338851928711,49100,0.0,False
2022-04-11,96.91000366210938,98.25,96.6500015258789,96.91999816894531,90.6094970703125,79900,0.0,False
2022-04-12,97.38999938964844,98.22000122070312,95.80999755859375,96.11000061035156,89.85224914550781,67500,0.0,False
2022-04-13,95.62999725341797,98.08999633789062,95.29000091552734,98.01000213623047,91.6285400390625,29300,0.0,False
2022-04-14,98.55999755859375,99.3499984741211,97.5,97.62999725341797,91.27326965332031,38900,0.0,False
2022-04-18,96.08999633789062,96.61000061035156,95.19000244140625,96.06999969482422,89.8148422241211,33000,0.0,False
2022-04-19,96.20999908447266,98.5,96.20999908447266,98.4000015258789,91.99312591552734,20600,0.0,False
2022-04-20,98.80999755859375,99.79000091552734,98.76000213623047,99.12999725341797,92.67559814453125,32900,0.0,False
2022-04-21,99.9800033569336,100.19000244140625,96.04000091552734,96.26000213623047,89.99248504638672,56900,0.0,False
2022-04-22,95.8499984741211,95.8499984741211,92.75,92.80999755859375,86.76709747314453,39800,0.0,False
2022-04-25,92.06999969482422,93.33000183105469,91.19999694824219,93.26000213623047,87.18782806396484,54700,0.0,False
2022-04-26,92.55000305175781,93.27999877929688,90.5199966430664,90.5199966430664,84.62619018554688,103000,0.0,False
2022-04-27,90.73999786376953,92.2300033569336,90.73999786376953,91.05000305175781,85.12171173095703,44800,0.0,False
2022-04-28,91.76000213623047,92.91999816894531,90.06999969482422,92.44000244140625,86.42120361328125,64400,0.0,False
2022-04-29,91.98999786376953,92.44000244140625,88.72000122070312,88.87000274658203,83.0836410522461,22600,0.0,False
2022-05-02,89.13999938964844,90.51000213623047,88.20999908447266,90.08000183105469,84.21484375,186400,0.0,False
2022-05-03,90.0999984741211,91.88999938964844,90.0999984741211,91.29000091552734,85.3460693359375,55300,0.0,False
2022-05-04,91.8499984741211,93.77999877929688,90.73999786376953,93.5999984741211,87.50566864013672,37000,0.0,False
2022-05-05,92.38999938964844,92.4800033569336,89.94999694824219,90.86000061035156,84.9440689086914,59400,0.0,False
2022-05-06,90.29000091552734,90.29000091552734,88.33000183105469,89.1500015258789,83.34541320800781,62400,0.0,False
2022-05-09,87.7300033569336,88.08000183105469,85.88999938964844,86.23999786376953,80.62487030029297,65100,0.0,False
2022-05-10,87.2699966430664,87.2699966430664,84.69000244140625,86.06999969482422,80.4659423828125,127000,0.0,False
2022-05-11,85.83999633789062,87.77999877929688,85.11000061035156,85.25,79.69932556152344,49700,0.0,False
2022-05-12,84.72000122070312,85.7300033569336,83.37999725341797,85.0199966430664,79.48432159423828,60200,0.0,False
2022-05-13,86.2300033569336,87.70999908447266,86.05000305175781,86.94000244140625,81.27930450439453,31200,0.0,False
2022-05-16,86.62999725341797,86.79000091552734,85.47000122070312,85.97000122070312,80.37245178222656,27900,0.0,False
2022-05-17,87.25,88.44000244140625,86.8499984741211,88.26000213623047,82.51335144042969,28900,0.0,False
2022-05-18,87.13999938964844,87.19999694824219,84.91999816894531,85.3499984741211,79.79283142089844,38900,0.0,False
2022-05-19,84.31999969482422,86.12999725341797,84.31999969482422,85.4000015258789,79.8395767211914,266700,0.0,False
2022-05-20,86.3499984741211,86.66999816894531,84.05000305175781,85.91000366210938,80.31635284423828,59500,0.0,False
2022-05-23,87.12000274658203,88.5,86.83999633789062,88.0199966430664,82.28898620605469,41400,0.0,False
2022-05-24,87.51000213623047,87.69000244140625,85.33000183105469,87.0999984741211,81.42889404296875,31400,0.0,False
2022-05-25,86.8499984741211,88.73999786376953,86.47000122070312,88.16000366210938,82.41988372802734,54000,0.0,False
2022-05-26,89.12000274658203,91.19999694824219,89.12000274658203,90.75,84.84123229980469,21400,0.0,False
2022-05-27,91.4000015258789,92.77999877929688,91.4000015258789,92.76000213623047,86.7203598022461,23300,0.0,False
2022-05-31,92.30000305175781,93.04000091552734,91.69999694824219,92.38999938964844,86.37444305419922,57100,0.0,False
2022-06-01,92.47000122070312,92.5999984741211,90.29000091552734,91.22000122070312,85.28063201904297,73700,0.0,False
2022-06-02,91.25,92.94999694824219,90.98999786376953,92.9000015258789,86.85125732421875,24800,0.0,False
2022-06-03,92.08999633789062,92.16999816894531,91.19999694824219,91.30999755859375,85.3647689819336,71300,0.0,False
2022-06-06,92.2699966430664,93.30999755859375,91.30999755859375,91.41000366210938,85.4582748413086,21100,0.0,False
2022-06-07,90.7699966430664,91.80000305175781,90.66000366210938,91.7300033569336,85.75743103027344,39600,0.0,False
2022-06-08,90.94000244140625,91.31999969482422,89.6500015258789,90.0199966430664,84.15876007080078,47100,0.0,False
2022-06-09,89.23999786376953,89.36000061035156,87.55999755859375,87.58000183105469,82.23941040039062,22400,0.0,False
2022-06-10,85.94000244140625,86.04000091552734,84.2300033569336,84.52999877929688,79.37538146972656,52300,0.0,False
2022-06-13,82.11000061035156,83.22000122070312,81.08999633789062,82.05999755859375,77.0560073852539,74800,0.0,False
2022-06-14,82.20999908447266,83.2699966430664,82.08999633789062,82.44000244140625,77.41284942626953,58900,0.0,False
2022-06-15,83.2300033569336,84.51000213623047,82.83000183105469,83.5199966430664,78.4269790649414,25700,0.0,False
2022-06-16,81.22000122070312,82.19000244140625,80.81999969482422,81.86000061035156,76.86820983886719,23800,0.0,False
2022-06-17,82.08000183105469,82.76000213623047,81.31999969482422,81.31999969482422,76.36112976074219,78300,0.0,False
2022-06-21,82.79000091552734,83.56999969482422,82.79000091552734,83.13999938964844,78.07014465332031,41000,0.0,False
2022-06-22,81.98999786376953,83.4000015258789,81.98999786376953,82.97000122070312,77.9105224609375,23800,0.0,False
2022-06-23,83.33000183105469,83.33000183105469,81.5999984741211,83.08000183105469,78.01380920410156,18000,0.0,False
2022-06-24,83.95999908447266,86.33999633789062,83.95999908447266,86.30000305175781,81.03746032714844,24400,0.0,False
2022-06-27,86.69000244140625,86.69999694824219,85.62000274658203,86.01000213623047,80.76515197753906,17300,0.0,False
2022-06-28,87.20999908447266,87.94999694824219,85.75,85.7699966430664,80.53977966308594,36800,0.0,False
2022-06-29,85.97000122070312,86.36000061035156,85.16000366210938,85.4000015258789,80.19234466552734,13300,0.0,False
2022-06-30,84.0999984741211,84.69000244140625,82.8499984741211,83.97000122070312,78.84951782226562,28600,0.0,False
2022-07-01,83.33999633789062,84.62999725341797,82.54000091552734,84.43000030517578,79.281494140625,20000,0.0,False
2022-07-05,83.11000061035156,84.95999908447266,82.18000030517578,84.95999908447266,79.77916717529297,22400,0.0,False
2022-07-06,84.7699966430664,84.7699966430664,83.5,84.0199966430664,78.89649200439453,40500,0.0,False
2022-07-07,84.58000183105469,85.5999984741211,84.58000183105469,85.44000244140625,80.22990417480469,19500,0.0,False
2022-07-08,85.47000122070312,85.81999969482422,84.66999816894531,85.08000183105469,79.89183807373047,9100,0.0,False
2022-07-11,84.1500015258789,84.41000366210938,83.61000061035156,83.9800033569336,78.85891723632812,61500,0.0,False
2022-07-12,83.61000061035156,85.25,83.45999908447266,83.69000244140625,78.58663940429688,11600,0.0,False
2022-07-13,82.83999633789062,83.5,82.13999938964844,83.12000274658203,78.0513916015625,24900,0.0,False
2022-07-14,81.75,81.94999694824219,80.62999725341797,81.80000305175781,76.81187438964844,37500,0.0,False
2022-07-15,82.77999877929688,85.12000274658203,82.77999877929688,84.55999755859375,79.40357208251953,59400,0.0,False
2022-07-18,85.88999938964844,86.62999725341797,84.45999908447266,84.75,79.58197784423828,8800,0.0,False
2022-07-19,85.83999633789062,88.19000244140625,85.62999725341797,87.98999786376953,82.6243896484375,36500,0.0,False
2022-07-20,88.0,89.12000274658203,88.0,88.95999908447266,83.53524780273438,18100,0.0,False
2022-07-21,88.55999755859375,90.12999725341797,88.55999755859375,90.12999725341797,84.6339111328125,51900,0.0,False
2022-07-22,90.30999755859375,90.5,89.22000122070312,89.69999694824219,84.2301254272461,70900,0.0,False
2022-07-25,90.25,90.25,89.29000091552734,89.79000091552734,84.31464385986328,14400,0.0,False
2022-07-26,89.37999725341797,89.5999984741211,88.31999969482422,88.47000122070312,83.07512664794922,23000,0.0,False
2022-07-27,88.87999725341797,90.13999938964844,88.4800033569336,89.5999984741211,84.13623046875,21700,0.0,False
2022-07-28,89.70999908447266,91.70999908447266,89.26000213623047,91.6500015258789,86.06121826171875,20400,0.0,False
2022-07-29,91.56999969482422,93.1500015258789,91.56999969482422,92.83000183105469,87.16925811767578,60000,0.0,False
2022-08-01,92.08999633789062,92.47000122070312,91.38999938964844,92.0199966430664,86.40865325927734,25900,0.0,False
2022-08-02,91.27999877929688,92.4000015258789,91.0199966430664,91.68000030517578,86.08939361572266,42200,0.0,False
2022-08-03,92.47000122070312,93.58999633789062,92.3499984741211,93.16999816894531,87.48851013183594,244500,0.0,False
2022-08-04,93.23999786376953,93.95999908447266,93.23999786376953,93.75,88.03316497802734,15900,0.0,False
2022-08-05,93.20999908447266,94.44999694824219,93.20999908447266,94.13999938964844,88.3993911743164,14400,0.0,False
2022-08-08,94.66000366210938,95.05000305175781,94.05000305175781,94.11000061035156,88.3711929321289,15000,0.0,False
2022-08-09,93.95999908447266,94.38999938964844,93.93000030517578,94.3499984741211,88.5965805053711,47300,0.0,False
2022-08-10,95.51000213623047,96.66000366210938,95.51000213623047,96.2300033569336,90.36192321777344,458800,0.0,False
2022-08-11,96.83000183105469,97.94000244140625,96.83000183105469,97.22000122070312,91.29156494140625,50600,0.0,False
2022-08-12,97.95999908447266,98.87000274658203,97.45999908447266,98.80999755859375,92.78461456298828,18400,0.0,False
2022-08-15,97.95999908447266,99.62000274658203,97.9000015258789,99.29000091552734,93.23533630371094,191000,0.0,False
2022-08-16,98.94999694824219,99.81999969482422,98.83999633789062,99.48999786376953,93.42313385009766,35300,0.0,False
2022-08-17,98.63999938964844,99.54000091552734,98.44999694824219,99.27999877929688,93.22595977783203,20200,0.0,False
2022-08-18,99.05999755859375,99.80999755859375,99.0,99.58000183105469,93.50763702392578,158000,0.0,False
2022-08-19,98.83000183105469,98.83000183105469,97.13999938964844,97.3499984741211,91.41362762451172,64600,0.0,False
2022-08-22,96.22000122070312,96.22000122070312,95.37000274658203,95.54000091552734,89.71401977539062,32100,0.0,False
2022-08-23,95.45999908447266,95.94000244140625,95.0999984741211,95.2300033569336,89.42290496826172,36500,0.0,False
2022-08-24,94.9800033569336,96.11000061035156,94.9800033569336,95.72000122070312,89.88301849365234,19800,0.0,False
2022-08-25,95.98999786376953,96.88999938964844,95.98999786376953,96.80999755859375,90.90657043457031,30500,0.0,False
2022-08-26,97.22000122070312,97.22000122070312,94.05999755859375,94.08999633789062,88.35242462158203,34400,0.0,False
2022-08-29,93.30000305175781,93.81999969482422,92.7699966430664,93.08000183105469,87.40402221679688,32400,0.0,False
2022-08-30,93.44000244140625,93.47000122070312,92.19999694824219,92.5199966430664,86.87816619873047,26600,0.0,False
2022-08-31,92.94000244140625,93.23999786376953,92.41000366210938,92.7300033569336,87.07537078857422,23200,0.0,False
2022-09-01,92.12999725341797,93.43000030517578,91.05000305175781,93.37000274658203,87.67633819580078,57600,0.0,False
2022-09-02,94.38999938964844,95.05000305175781,92.2699966430664,92.58000183105469,86.93450927734375,85400,0.0,False
2022-09-06,93.05000305175781,93.05000305175781,91.0999984741211,92.2699966430664,86.6434097290039,45100,0.0,False
2022-09-07,91.91999816894531,94.0999984741211,91.91999816894531,93.91000366210938,88.18341827392578,42200,0.0,False
2022-09-08,93.47000122070312,95.36000061035156,93.47000122070312,95.30000305175781,89.48863983154297,48200,0.0,False
2022-09-09,96.11000061035156,96.80000305175781,96.01000213623047,96.68000030517578,90.78448486328125,17500,0.0,False
2022-09-12,96.73999786376953,97.9000015258789,96.73999786376953,97.2300033569336,91.30094909667969,125400,0.0,False
2022-09-13,95.12999725341797,95.2699966430664,93.77999877929688,94.05000305175781,88.31485748291016,54500,0.0,False
2022-09-14,94.12000274658203,94.41000366210938,93.0999984741211,93.91000366210938,88.18341827392578,42100,0.0,False
2022-09-15,93.80000305175781,95.44000244140625,93.80000305175781,94.2699966430664,88.52143096923828,25600,0.0,False
2022-09-16,93.12000274658203,93.38999938964844,92.38999938964844,93.22000122070312,87.53546905517578,21200,0.0,False
2022-09-19,92.13999938964844,94.08999633789062,92.13999938964844,94.05999755859375,88.32425689697266,21200,0.0,False
2022-09-20,93.3499984741211,93.88999938964844,91.88999938964844,92.58000183105469,86.93450927734375,22200,0.0,False
2022-09-21,92.93000030517578,93.9800033569336,91.68000030517578,91.69999694824219,86.1081771850586,27700,0.0,False
2022-09-22,91.93000030517578,91.94999694824219,90.04000091552734,90.3499984741211,84.84049987792969,42300,0.0,False
2022-09-23,89.0999984741211,89.0999984741211,86.62000274658203,87.75,82.39904022216797,153400,0.0,False
2022-09-26,86.58999633789062,87.22000122070312,85.4800033569336,85.93000030517578,81.1366195678711,66200,0.0,False
2022-09-27,86.87999725341797,86.87999725341797,84.62999725341797,85.36000061035156,80.5984115600586,41400,0.0,False
2022-09-28,85.7300033569336,87.63999938964844,85.4800033569336,87.25,82.38298034667969,25600,0.0,False
2022-09-29,86.30999755859375,86.56999969482422,85.12000274658203,85.70999908447266,80.92888641357422,63400,0.0,False
2022-09-30,85.69999694824219,87.22000122070312,85.37999725341797,85.38999938964844,80.62673950195312,18400,0.0,False
2022-10-03,86.05000305175781,87.62000274658203,85.19999694824219,87.1500015258789,82.28855895996094,95900,0.0,False
2022-10-04,88.4000015258789,91.19999694824219,88.4000015258789,91.19999694824219,86.11264038085938,24800,0.0,False
2022-10-05,89.69000244140625,91.02999877929688,89.37000274658203,90.62999725341797,85.57443237304688,75900,0.0,False
2022-10-06,90.01000213623047,90.72000122070312,89.70999908447266,89.94999694824219,84.932373046875,20900,0.0,False
2022-10-07,88.51000213623047,88.7300033569336,87.41000366210938,87.9000015258789,82.99673461914062,38100,0.0,False
2022-10-10,88.63999938964844,88.63999938964844,87.31999969482422,87.76000213623047,82.86454772949219,76400,0.0,False
2022-10-11,87.30000305175781,87.86000061035156,86.05999755859375,86.5,81.67481994628906,26500,0.0,False
2022-10-12,86.48999786376953,87.5,86.45999908447266,86.62999725341797,81.79756164550781,33000,0.0,False
2022-10-13,84.91999816894531,89.4800033569336,84.51000213623047,89.12000274658203,84.14867401123047,88900,0.0,False
2022-10-14,89.13999938964844,90.0,85.7699966430664,85.81999969482422,81.03276824951172,31800,0.0,False
2022-10-17,87.33000183105469,88.18000030517578,86.87000274658203,87.16999816894531,82.30744171142578,41900,0.0,False
2022-10-18,89.66000366210938,90.37999725341797,88.41999816894531,88.98999786376953,84.02592468261719,33800,0.0,False
2022-10-19,88.47000122070312,88.94000244140625,87.58999633789062,88.06999969482422,83.15724182128906,12900,0.0,False
2022-10-20,88.01000213623047,88.83000183105469,86.9800033569336,87.25,82.38298034667969,13300,0.0,False
2022-10-21,87.1500015258789,90.08000183105469,87.1500015258789,89.98999786376953,84.97013854980469,14200,0.0,False
2022-10-24,90.44000244140625,90.98999786376953,90.12999725341797,90.5999984741211,85.54612731933594,22500,0.0,False
2022-10-25,90.51000213623047,92.01000213623047,90.47000122070312,91.9800033569336,86.84912872314453,85500,0.0,False
2022-10-26,92.02999877929688,93.37999725341797,92.02999877929688,92.43000030517578,87.27403259277344,36100,0.0,False
2022-10-27,93.27999877929688,94.54000091552734,93.27999877929688,93.69999694824219,88.47317504882812,41900,0.0,False
2022-10-28,93.93000030517578,96.12999725341797,93.75,96.05999755859375,90.70153045654297,82400,0.0,False
2022-10-31,95.73999786376953,96.41999816894531,95.73999786376953,95.91000366210938,90.55992126464844,39600,0.0,False
2022-11-01,96.7300033569336,96.9800033569336,96.02999877929688,96.58999633789062,91.20198059082031,56700,0.0,False
2022-11-02,96.55999755859375,98.5,96.06999969482422,96.23999786376953,90.87150573730469,97600,0.0,False
2022-11-03,95.19999694824219,96.61000061035156,94.75,95.83999633789062,90.49380493164062,152600,0.0,False
2022-11-04,97.30000305175781,97.66999816894531,96.2300033569336,97.30999755859375,91.88180541992188,38000,0.0,False
2022-11-07,97.9800033569336,98.18000030517578,97.33000183105469,98.16000366210938,92.68440246582031,17600,0.0,False
2022-11-08,98.2300033569336,99.55000305175781,98.01000213623047,98.70999908447266,93.20370483398438,94700,0.0,False
2022-11-09,98.19000244140625,98.7300033569336,96.77999877929688,96.95999908447266,91.55133056640625,143600,0.0,False
2022-11-10,99.94999694824219,101.0199966430664,98.95999908447266,100.94000244140625,95.30933380126953,64700,0.0,False
2022-11-11,101.4000015258789,102.0999984741211,101.12999725341797,101.5999984741211,95.9324951171875,32100,0.0,False
2022-11-14,101.06999969482422,102.2699966430664,100.58000183105469,100.73999786376953,95.1204833984375,2303300,0.0,False
2022-11-15,102.0999984741211,102.3499984741211,100.9000015258789,101.62999725341797,95.96083068847656,79800,0.0,False
2022-11-16,101.30999755859375,101.4000015258789,100.37000274658203,100.52999877929688,94.92217254638672,27300,0.0,False
2022-11-17,99.08000183105469,99.80999755859375,98.77999877929688,99.6500015258789,94.09127807617188,252100,0.0,False
2022-11-18,100.61000061035156,100.81999969482422,99.5199966430664,99.94999694824219,94.37454986572266,27100,0.0,False
2022-11-21,99.94999694824219,100.51000213623047,99.9000015258789,100.2300033569336,94.638916015625,155100,0.0,False
2022-11-22,100.81999969482422,101.58999633789062,100.80999755859375,101.37999725341797,95.72477722167969,20300,0.0,False
2022-11-23,101.56999969482422,102.27999877929688,101.48999786376953,101.80999755859375,96.13079071044922,376300,0.0,False
2022-11-25,101.48999786376953,102.27999877929688,101.20999908447266,102.0199966430664,96.32908630371094,12800,0.0,False
2022-11-28,101.44000244140625,101.66000366210938,100.5,100.55999755859375,94.95052337646484,82600,0.0,False
2022-11-29,100.75,101.44000244140625,100.75,101.25,95.6020278930664,33600,0.0,False
2022-11-30,101.37999725341797,103.08000183105469,100.0,103.08000183105469,97.32994079589844,22800,0.0,False
2022-12-01,103.36000061035156,103.45999908447266,102.41999816894531,103.06999969482422,97.32050323486328,60400,0.0,False
2022-12-02,102.01000213623047,103.33000183105469,102.01000213623047,103.05999755859375,97.31105041503906,31400,0.0,False
2022-12-05,102.62000274658203,102.62000274658203,100.30000305175781,100.87000274658203,95.24322509765625,46600,0.0,False
2022-12-06,100.5,100.55999755859375,99.0999984741211,99.7699966430664,94.20458221435547,102200,0.0,False
2022-12-07,99.37999725341797,99.7300033569336,98.5,98.56999969482422,93.071533203125,78500,0.0,False
2022-12-08,99.37000274658203,99.58000183105469,98.56999969482422,98.77999877929688,93.2697982788086,31900,0.0,False
2022-12-09,98.80999755859375,99.27999877929688,98.6500015258789,98.8499984741211,93.3359146118164,65700,0.0,False
2022-12-12,98.79000091552734,100.0,98.12000274658203,99.91000366210938,94.33678436279297,14300,0.0,False
2022-12-13,102.13999938964844,102.13999938964844,99.22000122070312,99.80999755859375,94.66970825195312,33400,0.0,False
2022-12-14,99.41999816894531,99.98999786376953,97.69999694824219,98.05999755859375,93.00982666015625,50800,0.0,False
2022-12-15,96.66000366210938,96.69000244140625,95.16000366210938,95.83999633789062,90.90415954589844,129600,0.0,False
2022-12-16,94.70999908447266,95.29000091552734,94.45999908447266,95.18000030517578,90.27813720703125,42900,0.0,False
2022-12-19,95.26000213623047,95.48999786376953,94.0999984741211,94.52999877929688,89.66162109375,37600,0.0,False
2022-12-20,94.6500015258789,95.4800033569336,94.6500015258789,94.73999786376953,89.8608169555664,20000,0.0,False
2022-12-21,95.45999908447266,96.80999755859375,95.45999908447266,96.62999725341797,91.6534652709961,61500,0.0,False
2022-12-22,96.0199966430664,96.0199966430664,94.43000030517578,95.69999694824219,90.7713623046875,30700,0.0,False
2022-12-23,95.7699966430664,96.7300033569336,95.29000091552734,96.30999755859375,91.34994506835938,17200,0.0,False
2022-12-27,96.4800033569336,96.55000305175781,95.62999725341797,96.0,91.05591583251953,21300,0.0,False
2022-12-28,95.80000305175781,96.18000030517578,95.44999694824219,95.44999694824219,90.53424072265625,34700,0.0,False
2022-12-29,96.23999786376953,96.80999755859375,95.87000274658203,96.63999938964844,91.6629638671875,27700,0.0,False
2022-12-30,95.83999633789062,96.33999633789062,95.41999816894531,96.12999725341797,91.1792221069336,40800,0.0,False
2023-01-03,96.76000213623047,97.30000305175781,95.68000030517578,96.54000091552734,91.56810760498047,224500,0.0,False
2023-01-04,97.12999725341797,98.01000213623047,96.44000244140625,97.30999755859375,92.2984390258789,99800,0.0,False
2023-01-05,96.83999633789062,97.44000244140625,96.52999877929688,97.04000091552734,92.0423355102539,30500,0.0,False
2023-01-06,97.94000244140625,99.16999816894531,97.16000366210938,99.12000274658203,94.01525115966797,73900,0.0,False
2023-01-09,99.4800033569336,101.05000305175781,99.26000213623047,99.69999694824219,94.56536865234375,32600,0.0,False
2023-01-10,99.87000274658203,101.0,99.69999694824219,100.98999786376953,95.78893280029297,388900,0.0,False
2023-01-11,101.0,101.30000305175781,100.69999694824219,101.12000274658203,95.9122314453125,65700,0.0,False
2023-01-12,101.52999877929688,102.08999633789062,100.31999969482422,101.83999633789062,96.59515380859375,52500,0.0,False
2023-01-13,100.73999786376953,102.6500015258789,100.73999786376953,102.36000061035156,97.08837127685547,18900,0.0,False
2023-01-17,101.87000274658203,102.16999816894531,101.41000366210938,101.62000274658203,96.38648986816406,45400,0.0,False
2023-01-18,101.58999633789062,101.68000030517578,100.66999816894531,100.80000305175781,95.60871124267578,78100,0.0,False
2023-01-19,99.27999877929688,99.76000213623047,98.29000091552734,98.62000274658203,93.54097747802734,40600,0.0,False
2023-01-20,98.94000244140625,99.51000213623047,98.58000183105469,99.30999755859375,94.19544982910156,477600,0.0,False
2023-01-23,99.5199966430664,100.45999908447266,99.08999633789062,100.37999725341797,95.2103500366211,46900,0.0,False
2023-01-24,99.88999938964844,100.7699966430664,99.88999938964844,100.30000305175781,95.13446807861328,36300,0.0,False
2023-01-25,99.19000244140625,101.0,99.19000244140625,100.91999816894531,95.7225341796875,25100,0.0,False
2023-01-26,101.12999725341797,101.44999694824219,100.5,101.44000244140625,96.21574401855469,23700,0.0,False
2023-01-27,101.01000213623047,101.72000122070312,100.41999816894531,100.54000091552734,95.36209869384766,39800,0.0,False
2023-01-30,99.98999786376953,101.47000122070312,99.98999786376953,100.70999908447266,95.52334594726562,54900,0.0,False
2023-01-31,100.8499984741211,102.19000244140625,100.77999877929688,102.19000244140625,96.92713165283203,20400,0.0,False
2023-02-01,101.62999725341797,103.75,101.31999969482422,102.88999938964844,97.59107971191406,154600,0.0,False
2023-02-02,103.31999969482422,103.93000030517578,102.05000305175781,102.55999755859375,97.27808380126953,59700,0.0,False
2023-02-03,102.0,104.48999786376953,101.44999694824219,103.2699966430664,97.95150756835938,126400,0.0,False
2023-02-06,102.80000305175781,103.87000274658203,102.80000305175781,103.37000274658203,98.04634857177734,42000,0.0,False
2023-02-07,102.76000213623047,104.7699966430664,102.76000213623047,104.44999694824219,99.07075500488281,37600,0.0,False
2023-02-08,104.08000183105469,105.19999694824219,104.08000183105469,104.48999786376953,99.10868072509766,54400,0.0,False
2023-02-09,105.08999633789062,105.22000122070312,102.83999633789062,103.06999969482422,97.76180267333984,111200,0.0,False
2023-02-10,102.66000366210938,103.83999633789062,102.3499984741211,103.6500015258789,98.31194305419922,39400,0.0,False
2023-02-13,103.83000183105469,104.70999908447266,103.83000183105469,104.44999694824219,99.07075500488281,14700,0.0,False
2023-02-14,104.4000015258789,105.62999725341797,104.05000305175781,104.44999694824219,99.07075500488281,44500,0.0,False
2023-02-15,103.80000305175781,105.05999755859375,103.37999725341797,104.88999938964844,99.48807525634766,44500,0.0,False
2023-02-16,104.43000030517578,105.19999694824219,104.18000030517578,104.30000305175781,98.92845916748047,31600,0.0,False
2023-02-17,103.70999908447266,104.41000366210938,103.55000305175781,104.26000213623047,98.8905258178711,20800,0.0,False
2023-02-21,103.36000061035156,103.94999694824219,102.4800033569336,102.63999938964844,97.35394287109375,42500,0.0,False
2023-02-22,102.62000274658203,102.70999908447266,101.94000244140625,102.20999908447266,96.94609832763672,43600,0.0,False
2023-02-23,102.69000244140625,102.9000015258789,101.25,101.98999786376953,96.73741912841797,22200,0.0,False
2023-02-24,101.30000305175781,102.55000305175781,101.27999877929688,102.36000061035156,97.08837127685547,84000,0.0,False
2023-02-27,103.08999633789062,103.0999984741211,101.62999725341797,101.7300033569336,96.4908218383789,103800,0.0,False
2023-02-28,101.66000366210938,102.1500015258789,101.20999908447266,101.20999908447266,95.99760437011719,24700,0.0,False
2023-03-01,100.95999908447266,101.30000305175781,100.66000366210938,100.9800033569336,95.77946472167969,70600,0.0,False
2023-03-02,100.37000274658203,101.12999725341797,99.63999938964844,100.91999816894531,95.7225341796875,61400,0.0,False
2023-03-03,101.31999969482422,102.44999694824219,101.31999969482422,102.36000061035156,97.08837127685547,30300,0.0,False
2023-03-06,102.47000122070312,102.66999816894531,101.61000061035156,101.66000366210938,96.42443084716797,31600,0.0,False
2023-03-07,101.30000305175781,101.62000274658203,99.83999633789062,99.91999816894531,94.77403259277344,10500,0.0,False
2023-03-08,100.08000183105469,100.72000122070312,100.0199966430664,100.55000305175781,95.37158203125,645200,0.0,False
2023-03-09,99.5999984741211,99.5999984741211,95.41999816894531,95.6500015258789,90.72393798828125,157600,0.0,False
2023-03-10,94.81999969482422,94.81999969482422,90.27999877929688,90.68000030517578,86.00989532470703,326300,0.0,False
2023-03-13,87.68000030517578,89.37999725341797,84.97000122070312,87.45999908447266,82.95574188232422,176400,0.0,False
2023-03-14,90.19999694824219,91.04000091552734,89.16000366210938,90.20999908447266,85.5641098022461,462900,0.0,False
2023-03-15,88.0199966430664,89.2699966430664,87.01000213623047,89.2699966430664,84.67251586914062,269200,0.0,False
2023-03-16,88.23999786376953,91.19999694824219,87.41999816894531,90.19000244140625,85.54513549804688,198200,0.0,False
2023-03-17,89.22000122070312,89.22000122070312,87.44000244140625,88.30999755859375,83.76195526123047,51600,0.0,False
2023-03-20,88.31999969482422,90.0999984741211,88.31999969482422,89.4000015258789,84.79582977294922,146800,0.0,False
2023-03-21,91.5,92.0999984741211,91.29000091552734,91.91999816894531,87.1860580444336,76300,0.0,False
2023-03-22,91.55000305175781,92.27999877929688,90.08999633789062,90.08999633789062,85.45028686523438,71000,0.0,False
2023-03-23,89.80000305175781,90.55999755859375,88.2699966430664,88.94999694824219,84.7726821899414,940200,0.0,False
2023-03-24,87.69999694824219,87.88999938964844,86.2699966430664,87.83000183105469,83.70527648925781,47700,0.0,False
2023-03-27,89.02999877929688,89.94999694824219,88.80999755859375,89.27999877929688,85.08718872070312,78200,0.0,False
2023-03-28,89.29000091552734,89.41000366210938,88.62999725341797,89.29000091552734,85.09671020507812,63600,0.0,False
2023-03-29,89.94999694824219,90.33999633789062,89.37999725341797,90.33999633789062,86.097412109375,30200,0.0,False
2023-03-30,91.05000305175781,91.22000122070312,89.6500015258789,90.13999938964844,85.90679931640625,27700,0.0,False
2023-03-31,90.52999877929688,91.63999938964844,90.38999938964844,91.63999938964844,87.33635711669922,51100,0.0,False
2023-04-03,91.5199966430664,91.7300033569336,90.66999816894531,90.83999633789062,86.57391357421875,1069200,0.0,False
2023-04-04,90.77999877929688,91.23999786376953,89.29000091552734,89.72000122070312,85.50651550292969,95600,0.0,False
2023-04-05,89.33000183105469,89.33000183105469,88.2699966430664,88.66999816894531,84.50582122802734,117100,0.0,False
2023-04-06,88.7699966430664,89.31999969482422,88.7699966430664,89.25,85.05859375,87500,0.0,False
2023-04-10,88.8499984741211,89.55000305175781,88.8499984741211,89.19000244140625,85.00141143798828,36500,0.0,False
2023-04-11,89.43000030517578,90.44000244140625,89.2699966430664,89.91000366210938,85.6875991821289,46900,0.0,False
2023-04-12,90.62999725341797,90.88999938964844,89.88999938964844,90.3499984741211,86.10692596435547,37200,0.0,False
2023-04-13,90.44999694824219,91.05000305175781,90.02999877929688,90.88999938964844,86.62157440185547,1020700,0.0,False
2023-04-14,91.44000244140625,92.0,91.02999877929688,91.54000091552734,87.2410659790039,53600,0.0,False
2023-04-17,91.27999877929688,92.91000366210938,91.18000030517578,92.9000015258789,88.53717041015625,68200,0.0,False
2023-04-18,92.2699966430664,93.12000274658203,92.05999755859375,92.94000244140625,88.5752944946289,47300,0.0,False
2023-04-19,91.83999633789062,93.93000030517578,91.83999633789062,93.62000274658203,89.22337341308594,86700,0.0,False
2023-04-20,92.88999938964844,93.68000030517578,92.88999938964844,93.27999877929688,88.89933013916016,34400,0.0,False
2023-04-21,93.2300033569336,93.69999694824219,92.56999969482422,93.69999694824219,89.29959869384766,28000,0.0,False
2023-04-24,93.37999725341797,93.52999877929688,92.61000061035156,92.93000030517578,88.5657730102539,54200,0.0,False
2023-04-25,92.26000213623047,92.26000213623047,91.0,91.12000274658203,86.84078216552734,61400,0.0,False
2023-04-26,90.87000274658203,91.05000305175781,89.76000213623047,90.06999969482422,85.84009552001953,35600,0.0,False
2023-04-27,90.66999816894531,91.56999969482422,90.0199966430664,91.37000274658203,87.07902526855469,38300,0.0,False
2023-04-28,90.87000274658203,92.05000305175781,90.87000274658203,91.88999938964844,87.57462310791016,37200,0.0,False
2023-05-01,91.81999969482422,92.27999877929688,90.91999816894531,90.98999786376953,86.71685791015625,22600,0.0,False
2023-05-02,90.5,90.5,88.23999786376953,88.91000366210938,84.73456573486328,29400,0.0,False
2023-05-03,88.91000366210938,88.98999786376953,87.01000213623047,87.13999938964844,83.04767608642578,28900,0.0,False
2023-05-04,86.5999984741211,86.5999984741211,85.30000305175781,85.9000015258789,81.86590576171875,99100,0.0,False
2023-05-05,86.97000122070312,88.12000274658203,86.97000122070312,88.0,83.8673095703125,25800,0.0,False
2023-05-08,88.2300033569336,88.37000274658203,87.45999908447266,87.66999816894531,83.55278778076172,20000,0.0,False
2023-05-09,87.05999755859375,88.0,86.9800033569336,87.54000091552734,83.42887878417969,241900,0.0,False
2023-05-10,88.44000244140625,88.44000244140625,86.62000274658203,87.43000030517578,83.32406616210938,45000,0.0,False
2023-05-11,86.9800033569336,87.11000061035156,86.4800033569336,87.05000305175781,82.96190643310547,22500,0.0,False
2023-05-12,87.52999877929688,87.70999908447266,86.36000061035156,86.7699966430664,82.69506072998047,41200,0.0,False
2023-05-15,87.18000030517578,88.0199966430664,86.9000015258789,87.41999816894531,83.31453704833984,28700,0.0,False
2023-05-16,87.25,87.27999877929688,86.58999633789062,86.7699966430664,82.69506072998047,168800,0.0,False
2023-05-17,87.01000213623047,88.4000015258789,86.7699966430664,88.1500015258789,84.01026153564453,25300,0.0,False
2023-05-18,88.05999755859375,88.6500015258789,87.41999816894531,88.5199966430664,84.36286926269531,32800,0.0,False
2023-05-19,88.54000091552734,88.88999938964844,87.5,87.80000305175781,83.67667388916016,26500,0.0,False
2023-05-22,88.04000091552734,88.3499984741211,87.48999786376953,88.13999938964844,84.00071716308594,24600,0.0,False
2023-05-23,87.97000122070312,88.69000244140625,87.48999786376953,87.6500015258789,83.53374481201172,238100,0.0,False
2023-05-24,86.98999786376953,87.19999694824219,86.33000183105469,86.68000030517578,82.60928344726562,22000,0.0,False
2023-05-25,86.31999969482422,87.5199966430664,86.31999969482422,87.30999755859375,83.20970916748047,18400,0.0,False
2023-05-26,87.36000061035156,88.63999938964844,87.36000061035156,88.30999755859375,84.16273498535156,15000,0.0,False
2023-05-30,88.7300033569336,88.7300033569336,87.83999633789062,88.41999816894531,84.26757049560547,23800,0.0,False
2023-05-31,87.93000030517578,87.93000030517578,86.98999786376953,87.19000244140625,83.09532928466797,36500,0.0,False
2023-06-01,87.38999938964844,87.5,86.6500015258789,87.08000183105469,82.99050903320312,1331600,0.0,False
2023-06-02,88.33999633789062,89.80999755859375,88.33000183105469,89.44999694824219,85.24919891357422,27700,0.0,False
2023-06-05,89.58999633789062,89.66999816894531,88.5999984741211,88.83000183105469,84.65831756591797,20600,0.0,False
2023-06-06,88.70999908447266,89.98999786376953,88.70999908447266,89.91000366210938,85.6875991821289,50800,0.0,False
2023-06-07,89.69000244140625,90.9000015258789,89.45999908447266,90.88999938964844,87.11182403564453,74700,0.0,False
2023-06-08,90.37999725341797,90.91999816894531,89.30000305175781,90.8499984741211,87.07349395751953,683000,0.0,False
2023-06-09,90.69999694824219,91.18000030517578,90.33999633789062,91.08000183105469,87.2939224243164,217600,0.0,False
2023-06-12,90.62000274658203,90.62000274658203,89.22000122070312,89.87999725341797,86.1438217163086,377700,0.0,False
2023-06-13,90.41999816894531,91.33000183105469,90.41999816894531,91.05999755859375,87.27476501464844,30100,0.0,False
2023-06-14,91.06999969482422,91.94000244140625,90.95999908447266,91.55000305175781,87.74440002441406,28100,0.0,False
2023-06-15,91.22000122070312,92.66000366210938,91.22000122070312,92.47000122070312,88.62615203857422,47600,0.0,False
2023-06-16,92.68000030517578,92.68000030517578,91.41999816894531,91.73999786376953,87.9264907836914,22600,0.0,False
2023-06-20,91.16999816894531,91.16999816894531,90.16000366210938,90.94000244140625,87.15975189208984,19000,0.0,False
2023-06-21,90.63999938964844,90.79000091552734,89.98999786376953,89.98999786376953,86.2492446899414,19600,0.0,False
2023-06-22,89.80999755859375,89.80999755859375,88.52999877929688,88.98999786376953,85.29080200195312,40200,0.0,False
2023-06-23,88.12000274658203,88.37999725341797,87.7300033569336,88.12000274658203,84.45697784423828,40000,0.0,False
2023-06-26,87.9000015258789,88.4800033569336,87.86000061035156,87.86000061035156,84.20777893066406,17500,0.0,False
2023-06-27,87.70999908447266,89.16000366210938,87.70999908447266,88.68000030517578,84.99369049072266,16000,0.0,False
2023-06-28,88.7699966430664,89.19000244140625,88.69999694824219,88.86000061035156,85.16619873046875,15500,0.0,False
2023-06-29,89.52999877929688,90.75,89.52999877929688,90.70999908447266,86.93931579589844,42900,0.0,False
2023-06-30,91.22000122070312,91.27999877929688,90.62999725341797,90.75,86.97765350341797,27900,0.0,False
2023-07-03,90.58999633789062,92.12000274658203,90.58999633789062,91.63999938964844,87.83065032958984,28900,0.0,False
2023-07-05,91.0199966430664,91.0199966430664,90.27999877929688,90.5999984741211,86.8338851928711,16100,0.0,False
2023-07-06,89.66000366210938,90.0,88.62000274658203,89.26000213623047,85.54959106445312,373200,0.0,False
2023-07-07,88.95999908447266,90.26000213623047,88.95999908447266,89.69000244140625,85.96170806884766,38200,0.0,False
2023-07-10,89.4800033569336,90.54000091552734,89.4800033569336,90.0,86.25881958007812,30500,0.0,False
2023-07-11,90.36000061035156,91.45999908447266,90.12999725341797,91.45999908447266,87.65813446044922,564100,0.0,False
2023-07-12,92.4000015258789,92.97000122070312,92.08000183105469,92.36000061035156,88.5207290649414,62900,0.0,False
2023-07-13,92.51000213623047,93.47000122070312,92.51000213623047,93.47000122070312,89.58458709716797,176300,0.0,False
2023-07-14,94.05000305175781,94.05000305175781,92.80000305175781,92.88999938964844,89.02869415283203,34900,0.0,False
2023-07-17,92.86000061035156,93.76000213623047,92.5,93.4000015258789,89.51750183105469,31700,0.0,False
2023-07-18,94.16999816894531,96.87000274658203,94.16999816894531,96.73999786376953,92.71864318847656,64600,0.0,False
2023-07-19,96.51000213623047,97.81999969482422,96.51000213623047,97.12000274658203,93.0828628540039,28200,0.0,False
2023-07-20,96.62999725341797,98.26000213623047,96.62999725341797,98.12999725341797,94.05087280273438,19000,0.0,False
2023-07-21,98.43000030517578,98.5999984741211,97.54000091552734,98.02999877929688,93.95503997802734,13300,0.0,False
2023-07-24,98.3499984741211,99.47000122070312,98.3499984741211,98.83000183105469,94.72177124023438,17100,0.0,False
2023-07-25,98.56999969482422,99.2300033569336,98.5,98.76000213623047,94.65469360351562,35600,0.0,False
2023-07-26,98.63999938964844,99.1500015258789,98.55999755859375,99.1500015258789,95.02847290039062,20900,0.0,False
2023-07-27,99.36000061035156,99.73999786376953,97.8499984741211,98.12999725341797,94.05087280273438,23600,0.0,False
2023-07-28,98.54000091552734,98.54000091552734,97.56999969482422,97.7300033569336,93.6675033569336,35600,0.0,False
2023-07-31,97.87999725341797,98.26000213623047,97.55000305175781,97.83000183105469,93.76334381103516,12300,0.0,False
2023-08-01,97.62000274658203,97.91000366210938,97.3499984741211,97.87000274658203,93.80168151855469,11300,0.0,False
2023-08-02,96.87999725341797,97.30000305175781,96.5999984741211,97.08999633789062,93.05408477783203,33300,0.0,False
2023-08-03,96.33000183105469,97.36000061035156,95.9000015258789,96.80000305175781,92.77616119384766,11300,0.0,False
2023-08-04,96.6500015258789,98.05999755859375,96.5199966430664,96.69000244140625,92.67072296142578,11500,0.0,False
2023-08-07,96.72000122070312,97.62999725341797,96.72000122070312,97.2699966430664,93.22660827636719,15200,0.0,False
2023-08-08,95.97000122070312,96.52999877929688,95.0199966430664,96.13999938964844,92.14358520507812,18300,0.0,False
2023-08-09,95.94999694824219,96.37000274658203,95.47000122070312,95.48999786376953,91.5206069946289,11300,0.0,False
2023-08-10,95.69000244140625,96.73999786376953,95.27999877929688,95.55000305175781,91.578125,10300,0.0,False
2023-08-11,95.1500015258789,95.87999725341797,95.1500015258789,95.73999786376953,91.76021575927734,10200,0.0,False
2023-08-14,95.06999969482422,95.45999908447266,94.81999969482422,95.19999694824219,91.24266052246094,15200,0.0,False
2023-08-15,94.62999725341797,94.62999725341797,93.61000061035156,93.97000122070312,90.06379699707031,38900,0.0,False
2023-08-16,93.37000274658203,94.12000274658203,93.37000274658203,93.70999908447266,89.81459045410156,37700,0.0,False
2023-08-17,93.8499984741211,94.18000030517578,93.16999816894531,93.38999938964844,89.50789642333984,12300,0.0,False
2023-08-18,92.70999908447266,93.63999938964844,92.70999908447266,93.12999725341797,89.25871276855469,12400,0.0,False
2023-08-21,93.2699966430664,93.44999694824219,92.55000305175781,93.31999969482422,89.44082641601562,26400,0.0,False
2023-08-22,93.31999969482422,93.33000183105469,92.02999877929688,92.05999755859375,88.23318481445312,13700,0.0,False
2023-08-23,92.18000030517578,93.02999877929688,92.18000030517578,92.93000030517578,89.06702423095703,11100,0.0,False
2023-08-24,92.69999694824219,93.8499984741211,92.52999877929688,92.79000091552734,88.93285369873047,10300,0.0,False
2023-08-25,92.81999969482422,93.41999816894531,92.2300033569336,93.19999694824219,89.32579803466797,17900,0.0,False
2023-08-28,93.52999877929688,94.41000366210938,93.52999877929688,94.1500015258789,90.2363052368164,25700,0.0,False
2023-08-29,94.41999816894531,95.27999877929688,94.41999816894531,94.94999694824219,91.00305938720703,14100,0.0,False
2023-08-30,95.04000091552734,95.48999786376953,94.80000305175781,94.80000305175781,90.85929870605469,13900,0.0,False
2023-08-31,95.05999755859375,95.25,94.45999908447266,94.52999877929688,90.60050964355469,7300,0.0,False
2023-09-01,95.27999877929688,95.41999816894531,95.12000274658203,95.41999816894531,91.45352935791016,7500,0.0,False
2023-09-05,94.98999786376953,94.98999786376953,94.1500015258789,94.1500015258789,90.2363052368164,11000,0.0,False
2023-09-06,94.01000213623047,94.05999755859375,93.38999938964844,93.72000122070312,89.8241958618164,9400,0.0,False
2023-09-07,93.12000274658203,93.75,93.12000274658203,93.63999938964844,89.74752044677734,6000,0.0,False
2023-09-08,93.69000244140625,94.44000244140625,93.69000244140625,94.36000061035156,90.4375991821289,10000,0.0,False
2023-09-11,94.95999908447266,94.95999908447266,93.98999786376953,93.98999786376953,90.08295440673828,6800,0.0,False
2023-09-12,93.8499984741211,96.0,93.8499984741211,95.19000244140625,91.23310852050781,37300,0.0,False
2023-09-13,95.25,95.73999786376953,95.06999969482422,95.12999725341797,91.17557525634766,24800,0.0,False
2023-09-14,95.41999816894531,97.19999694824219,95.41999816894531,97.19999694824219,93.1595230102539,20100,0.0,False
2023-09-15,95.98999786376953,96.75,95.98999786376953,96.52999877929688,92.51737213134766,9000,0.0,False
2023-09-18,96.26000213623047,96.91999816894531,96.25,96.68000030517578,92.66114044189453,11400,0.0,False
2023-09-19,96.62000274658203,96.98999786376953,96.19000244140625,96.48999786376953,92.47904205322266,19800,0.0,False
2023-09-20,96.55000305175781,97.04000091552734,95.44000244140625,95.45999908447266,91.49185943603516,5800,0.0,False
2023-09-21,94.70999908447266,94.70999908447266,93.13999938964844,93.13999938964844,89.26830291748047,21400,0.0,False
2023-09-22,93.26000213623047,93.41000366210938,92.37000274658203,92.58000183105469,88.73157501220703,23700,0.0,False
2023-09-25,92.11000061035156,92.62000274658203,92.11000061035156,92.62000274658203,88.76993560791016,7300,0.0,False
2023-09-26,91.1500015258789,91.2699966430664,90.45999908447266,90.68000030517578,87.45728302001953,22000,0.0,False
2023-09-27,91.11000061035156,91.11000061035156,89.80999755859375,90.48999786376953,87.27403259277344,11000,0.0,False
2023-09-28,90.38999938964844,91.88999938964844,90.38999938964844,91.41999816894531,88.17098236083984,27400,0.0,False
2023-09-29,92.20999908447266,92.20999908447266,90.86000061035156,91.02999877929688,87.79485321044922,9600,0.0,False
2023-10-02,91.05000305175781,91.05000305175781,90.0199966430664,90.4000015258789,87.18722534179688,21900,0.0,False
2023-10-03,89.41999816894531,89.66999816894531,87.91999816894531,88.05999755859375,84.93038177490234,26000,0.0,False
2023-10-04,88.20999908447266,89.36000061035156,88.0199966430664,89.33000183105469,86.15525817871094,15700,0.0,False
2023-10-05,89.02999877929688,89.97000122070312,88.80999755859375,89.76000213623047,86.56998443603516,7900,0.0,False
2023-10-06,89.43000030517578,91.44000244140625,89.41000366210938,91.13999938964844,87.90094757080078,8000,0.0,False
2023-10-09,90.33999633789062,91.44000244140625,90.33999633789062,91.25,88.00702667236328,23100,0.0,False
2023-10-10,91.5,92.33999633789062,91.31999969482422,91.68000030517578,88.42174530029297,8500,0.0,False
2023-10-11,91.77999877929688,92.1500015258789,90.97000122070312,91.48999786376953,88.23848724365234,8200,0.0,False
2023-10-12,91.58999633789062,91.93000030517578,89.9800033569336,90.44000244140625,87.2258071899414,8700,0.0,False
2023-10-13,90.69000244140625,90.69000244140625,89.4800033569336,89.9000015258789,86.70500183105469,8300,0.0,False
2023-10-16,90.61000061035156,91.70999908447266,90.61000061035156,91.18000030517578,87.93951416015625,12100,0.0,False
2023-10-17,90.52999877929688,92.18000030517578,90.52999877929688,91.41000366210938,88.16134643554688,15400,0.0,False
2023-10-18,90.27999877929688,90.27999877929688,89.11000061035156,89.13999938964844,85.97200012207031,9300,0.0,False
2023-10-19,88.69999694824219,89.5,87.88999938964844,88.0199966430664,84.89180755615234,7300,0.0,False
2023-10-20,87.93000030517578,88.02999877929688,87.08999633789062,87.38999938964844,84.28421020507812,9600,0.0,False
2023-10-23,86.86000061035156,87.83000183105469,86.86000061035156,87.0,83.9080810546875,8600,0.0,False
2023-10-24,87.2300033569336,87.79000091552734,86.66000366210938,86.86000061035156,83.77303314208984,8900,0.0,False
2023-10-25,86.62000274658203,86.97000122070312,86.0199966430664,86.08999633789062,83.03042602539062,48600,0.0,False
2023-10-26,87.22000122070312,87.83000183105469,86.75,87.0999984741211,84.0045166015625,8700,0.0,False
2023-10-27,87.11000061035156,87.11000061035156,85.0999984741211,85.18000030517578,82.15275573730469,33500,0.0,False
2023-10-30,85.70999908447266,86.88999938964844,85.70999908447266,86.55999755859375,83.48370361328125,14000,0.0,False
2023-10-31,86.93000030517578,87.48999786376953,86.61000061035156,87.30000305175781,84.19741821289062,22200,0.0,False
2023-11-01,87.36000061035156,88.3499984741211,87.36000061035156,87.75,84.63141632080078,7100,0.0,False
2023-11-02,88.62000274658203,90.5199966430664,88.62000274658203,90.38999938964844,87.1775894165039,40300,0.0,False
2023-11-03,91.75,92.58999633789062,91.5199966430664,92.19999694824219,88.92325592041016,9700,0.0,False
2023-11-06,92.30000305175781,92.30000305175781,91.72000122070312,92.26000213623047,88.98113250732422,9300,0.0,False
2023-11-07,92.01000213623047,92.69000244140625,92.01000213623047,92.19000244140625,88.91362762451172,5700,0.0,False
2023-11-08,92.1500015258789,92.5199966430664,91.83999633789062,92.41000366210938,89.12581634521484,11700,0.0,False
2023-11-09,92.7699966430664,93.0,92.13999938964844,92.16000366210938,88.88468170166016,5500,0.0,False
2023-11-10,92.95999908447266,93.36000061035156,92.30999755859375,93.2699966430664,89.95523071289062,25900,0.0,False
2023-11-13,92.79000091552734,93.38999938964844,92.79000091552734,93.13999938964844,89.8298568725586,9500,0.0,False
2023-11-14,94.0199966430664,95.55000305175781,94.0199966430664,94.9000015258789,91.52731323242188,12100,0.0,False
2023-11-15,95.19000244140625,95.72000122070312,95.19000244140625,95.4000015258789,92.00953674316406,11300,0.0,False
2023-11-16,95.31999969482422,95.41999816894531,95.08999633789062,95.2300033569336,91.8455810546875,4800,0.0,False
2023-11-17,95.7699966430664,95.97000122070312,95.56999969482422,95.79000091552734,92.38566589355469,12100,0.0,False
2023-11-20,96.0,96.58999633789062,95.88999938964844,96.55000305175781,93.11866760253906,8300,0.0,False
2023-11-21,96.04000091552734,96.52999877929688,95.93000030517578,96.41999816894531,92.99330139160156,7800,0.0,False
2023-11-22,96.5,97.0,96.4000015258789,96.9800033569336,93.53338623046875,3300,0.0,False
2023-11-24,96.9800033569336,97.37999725341797,96.9800033569336,97.31999969482422,93.8613052368164,6400,0.0,False
2023-11-27,96.73999786376953,97.4000015258789,96.73999786376953,97.26000213623047,93.80345153808594,9700,0.0,False
2023-11-28,97.0199966430664,97.51000213623047,96.7699966430664,96.95999908447266,93.51409912109375,4800,0.0,False
2023-11-29,97.1500015258789,98.43000030517578,97.1500015258789,97.87999725341797,94.40140533447266,20700,0.0,False
2023-11-30,97.86000061035156,98.6500015258789,97.86000061035156,98.6500015258789,95.14403533935547,8900,0.0,False
2023-12-01,98.47000122070312,100.2300033569336,98.47000122070312,100.06999969482422,96.5135726928711,35800,0.0,False
2023-12-04,100.06999969482422,101.02999877929688,100.05000305175781,100.83000183105469,97.24655151367188,14000,0.0,False
2023-12-05,100.2699966430664,100.33999633789062,99.88999938964844,100.2699966430664,96.70645904541016,17500,0.0,False
2023-12-06,100.7300033569336,101.06999969482422,99.2699966430664,99.2699966430664,95.74198913574219,6700,0.0,False
2023-12-07,99.44000244140625,99.70999908447266,99.29000091552734,99.41999816894531,95.88665771484375,56600,0.0,False
2023-12-08,99.44000244140625,100.94999694824219,99.4000015258789,100.94999694824219,97.36229705810547,6800,0.0,False
2023-12-11,100.54000091552734,101.37999725341797,100.54000091552734,101.29000091552734,97.69020080566406,23700,0.0,False
2023-12-12,101.61000061035156,102.05999755859375,101.25,101.98999786376953,98.3653335571289,40800,0.0,False
2023-12-13,102.2300033569336,104.01000213623047,102.16000366210938,103.9000015258789,100.20744323730469,19900,0.0,False
2023-12-14,105.12000274658203,106.75,105.12000274658203,106.44999694824219,102.66682434082031,67300,0.0,False
2023-12-15,105.8499984741211,105.87999725341797,105.1500015258789,105.61000061035156,101.856689453125,9700,0.0,False
2023-12-18,105.45999908447266,106.19999694824219,105.43000030517578,105.83999633789062,102.0784912109375,30700,0.0,False
2023-12-19,105.9000015258789,107.08999633789062,105.9000015258789,106.86000061035156,103.06224822998047,25300,0.0,False
2023-12-20,106.2300033569336,107.1500015258789,105.08999633789062,105.08999633789062,101.77230072021484,26700,0.0,False
2023-12-21,105.80000305175781,106.52999877929688,105.62000274658203,106.47000122070312,103.10873413085938,21900,0.0,False
2023-12-22,107.45999908447266,107.72000122070312,107.08000183105469,107.55999755859375,104.16434478759766,13200,0.0,False
2023-12-26,107.30999755859375,107.91999816894531,107.30000305175781,107.66999816894531,104.27084350585938,10000,0.0,False
2023-12-27,107.93000030517578,108.87000274658203,107.93000030517578,108.87000274658203,105.4329833984375,7500,0.0,False
2023-12-28,108.80999755859375,109.30000305175781,108.68000030517578,109.0999984741211,105.65571594238281,16200,0.0,False
2023-12-29,109.31999969482422,109.4000015258789,108.08000183105469,108.52999877929688,105.10369873046875,6300,0.0,False
2024-01-02,107.62999725341797,107.69000244140625,106.80999755859375,107.61000061035156,104.2127456665039,30100,0.0,False
2024-01-03,106.19999694824219,106.19999694824219,105.18000030517578,105.58000183105469,102.24683380126953,20700,0.0,False
2024-01-04,105.69000244140625,106.7699966430664,105.69000244140625,106.02999877929688,102.68263244628906,16600,0.0,False
2024-01-05,106.30999755859375,106.63999938964844,105.66999816894531,105.87000274658203,102.5276870727539,16100,0.0,False
2024-01-08,106.16999816894531,107.18000030517578,105.58000183105469,107.04000091552734,103.66073608398438,12800,0.0,False
2024-01-09,106.2699966430664,106.2699966430664,105.55999755859375,105.62000274658203,102.28556060791016,78700,0.0,False
2024-01-10,105.5199966430664,105.80999755859375,104.94000244140625,105.51000213623047,102.17906188964844,15700,0.0,False
2024-01-11,105.62999725341797,105.75,104.4000015258789,105.30000305175781,101.9756851196289,16600,0.0,False
2024-01-12,105.45999908447266,105.5,104.33999633789062,104.7699966430664,101.46240997314453,14300,0.0,False
2024-01-16,103.80000305175781,104.58000183105469,103.52999877929688,104.33000183105469,101.03630065917969,95900,0.0,False
2024-01-17,103.0,104.0,102.97000122070312,103.68000030517578,100.40682983398438,17200,0.0,False
2024-01-18,104.33000183105469,104.33000183105469,103.0999984741211,103.86000061035156,100.58113098144531,94100,0.0,False
2024-01-19,104.0,104.86000061035156,103.48999786376953,104.81999969482422,101.5108413696289,15400,0.0,False
2024-01-22,105.45999908447266,106.16000366210938,105.01000213623047,105.62999725341797,102.29524230957031,96600,0.0,False
2024-01-23,105.41000366210938,105.88999938964844,105.33999633789062,105.7300033569336,102.3921127319336,15000,0.0,False
2024-01-24,106.62000274658203,106.73999786376953,105.69999694824219,105.87000274658203,102.5276870727539,69600,0.0,False
2024-01-25,106.2699966430664,106.2699966430664,105.38999938964844,105.93000030517578,102.5857925415039,73200,0.0,False
2024-01-26,106.38999938964844,106.38999938964844,105.69000244140625,105.98999786376953,102.64387512207031,97000,0.0,False
2024-01-29,105.63999938964844,106.4800033569336,105.38999938964844,106.4800033569336,103.1184310913086,36400,0.0,False
2024-01-30,106.5199966430664,107.6500015258789,106.5199966430664,107.6500015258789,104.25149536132812,12900,0.0,False
2024-01-31,107.62000274658203,108.04000091552734,105.72000122070312,105.91000366210938,102.56641387939453,24100,0.0,False
2024-02-01,106.08000183105469,106.62000274658203,104.88999938964844,106.41000366210938,103.05062103271484,98200,0.0,False
2024-02-02,105.81999969482422,107.25,105.81999969482422,106.9000015258789,103.525146484375,25000,0.0,False
2024-02-05,106.66000366210938,106.66000366210938,105.05000305175781,105.69999694824219,102.36304473876953,19000,0.0,False
2024-02-06,105.8499984741211,105.8499984741211,104.91999816894531,105.51000213623047,102.17906188964844,17000,0.0,False
2024-02-07,105.94999694824219,106.55000305175781,105.37999725341797,106.30999755859375,102.95380401611328,10400,0.0,False
2024-02-08,105.6500015258789,106.26000213623047,105.27999877929688,105.79000091552734,102.4502182006836,45700,0.0,False
2024-02-09,106.41000366210938,107.16000366210938,106.25,106.97000122070312,103.59294128417969,13400,0.0,False
2024-02-12,107.06999969482422,108.26000213623047,107.05999755859375,107.7300033569336,104.32896423339844,10000,0.0,False
2024-02-13,106.29000091552734,106.47000122070312,104.45999908447266,105.04000091552734,101.7238998413086,22000,0.0,False
2024-02-14,106.33000183105469,106.33000183105469,105.63999938964844,106.13999938964844,102.7891616821289,8000,0.0,False
2024-02-15,106.87999725341797,107.9000015258789,106.87999725341797,107.5999984741211,104.20306396484375,12000,0.0,False
2024-02-16,107.44000244140625,108.9800033569336,107.44000244140625,107.81999969482422,104.41612243652344,14000,0.0,False
2024-02-20,107.36000061035156,107.73999786376953,106.87000274658203,107.31999969482422,103.93190002441406,17900,0.0,False
2024-02-21,106.69000244140625,107.4000015258789,106.68000030517578,107.4000015258789,104.0093765258789,18500,0.0,False
2024-02-22,107.7699966430664,109.29000091552734,107.7699966430664,108.9000015258789,105.46202850341797,19300,0.0,False
2024-02-23,108.69999694824219,109.87999725341797,108.69999694824219,109.38999938964844,105.9365463256836,21400,0.0,False
2024-02-26,109.7300033569336,110.19000244140625,109.68000030517578,109.94000244140625,106.46920776367188,15200,0.0,False
2024-02-27,110.23999786376953,110.2699966430664,109.4800033569336,110.0,106.52728271484375,10800,0.0,False
2024-02-28,110.30000305175781,111.13999938964844,110.30000305175781,110.72000122070312,107.22457122802734,13400,0.0,False
2024-02-29,111.47000122070312,111.48999786376953,109.87999725341797,110.69000244140625,107.19552612304688,6600,0.0,False
2024-03-01,110.3499984741211,110.79000091552734,110.26000213623047,110.48999786376953,107.00181579589844,17600,0.0,False
2024-03-04,111.12000274658203,112.94999694824219,111.12000274658203,112.30000305175781,108.75469970703125,15600,0.0,False
2024-03-05,112.08000183105469,112.54000091552734,111.18000030517578,111.41999816894531,107.9024658203125,7600,0.0,False
2024-03-06,111.51000213623047,111.83000183105469,110.87000274658203,111.79000091552734,108.26078033447266,14700,0.0,False
2024-03-07,112.83000183105469,112.83000183105469,111.76000213623047,111.94999694824219,108.41573333740234,17500,0.0,False
2024-03-08,111.7699966430664,113.37999725341797,111.7699966430664,112.41999816894531,108.87088775634766,230400,0.0,False
2024-03-11,112.97000122070312,112.97000122070312,112.0999984741211,112.41999816894531,108.87088775634766,8700,0.0,False
2024-03-12,113.0199966430664,113.08000183105469,112.27999877929688,112.91999816894531,109.35511779785156,22400,0.0,False
2024-03-13,113.01000213623047,114.0,112.62000274658203,113.12999725341797,109.55847930908203,10700,0.0,False
2024-03-14,112.91999816894531,112.91999816894531,111.11000061035156,111.94000244140625,108.40605926513672,45200,0.0,False
2024-03-15,111.52999877929688,112.52999877929688,111.30999755859375,112.04000091552734,108.50288391113281,11500,0.0,False
2024-03-18,112.2699966430664,112.37000274658203,111.5999984741211,111.5999984741211,108.07678985595703,17700,0.0,False
2024-03-19,111.80000305175781,112.5199966430664,111.47000122070312,112.30000305175781,108.75469970703125,12400,0.0,False
2024-03-20,112.48999786376953,114.26000213623047,112.30000305175781,114.16999816894531,110.56563568115234,173500,0.0,False
2024-03-21,114.44999694824219,116.0,114.44999694824219,115.81999969482422,112.51142120361328,15900,0.0,False
2024-03-22,114.69000244140625,114.69000244140625,113.73999786376953,113.73999786376953,110.49083709716797,12400,0.0,False
2024-03-25,114.29000091552734,114.38999938964844,113.91999816894531,114.04000091552734,110.78227233886719,16500,0.0,False
2024-03-26,114.02999877929688,114.62000274658203,113.87999725341797,113.94000244140625,110.68513488769531,21600,0.0,False
2024-03-27,115.05000305175781,115.29000091552734,114.20999908447266,114.94999694824219,111.6662826538086,30700,0.0,False
2024-03-28,115.72000122070312,116.16000366210938,115.37999725341797,116.01000213623047,112.6960220336914,11000,0.0,False
2024-04-01,115.80999755859375,115.80999755859375,114.73999786376953,115.19999694824219,111.90914154052734,178800,0.0,False
2024-04-02,114.06999969482422,114.5199966430664,113.56999969482422,113.9800033569336,110.7239990234375,137700,0.0,False
2024-04-03,114.22000122070312,115.19999694824219,114.22000122070312,114.55999755859375,111.28742218017578,15000,0.0,False
2024-04-04,115.19999694824219,115.98999786376953,113.62999725341797,113.94999694824219,110.69483947753906,24500,0.0,False
2024-04-05,113.5999984741211,114.5,113.5,114.25,110.98629760742188,18800,0.0,False
2024-04-08,114.80000305175781,115.98999786376953,114.80000305175781,115.2300033569336,111.93828582763672,2022400,0.0,False
2024-04-09,115.87999725341797,116.08000183105469,114.18000030517578,114.97000122070312,111.68571472167969,2323700,0.0,False
2024-04-10,113.87999725341797,114.2699966430664,112.77999877929688,113.25,110.01483917236328,1520500,0.0,False
2024-04-11,113.3499984741211,113.62000274658203,112.16999816894531,112.41999816894531,109.20854187011719,124500,0.0,False
2024-04-12,111.45999908447266,111.75,110.31999969482422,110.83000183105469,107.66398620605469,113500,0.0,False
2024-04-15,112.54000091552734,112.95999908447266,109.5199966430664,109.69999694824219,106.56624603271484,104700,0.0,False
2024-04-16,110.51000213623047,110.51000213623047,109.16999816894531,109.87000274658203,106.73139953613281,76900,0.0,False
2024-04-17,110.55000305175781,111.20999908447266,110.0,110.3499984741211,107.19769287109375,31500,0.0,False
2024-04-18,110.6500015258789,111.38999938964844,110.18000030517578,110.51000213623047,107.3531265258789,32600,0.0,False
2024-04-19,110.98999786376953,111.43000030517578,110.62999725341797,111.02999877929688,107.85826873779297,129100,0.0,False
2024-04-22,111.6500015258789,113.26000213623047,111.3499984741211,112.87999725341797,109.6554183959961,74700,0.0,False
2024-04-23,112.94999694824219,113.33999633789062,112.43000030517578,113.0999984741211,109.8691177368164,38400,0.0,False
2024-04-24,113.0199966430664,113.3499984741211,112.62999725341797,112.9000015258789,109.67484283447266,108200,0.0,False
2024-04-25,112.02999877929688,112.58000183105469,111.0199966430664,112.1500015258789,108.94628143310547,50500,0.0,False
2024-04-26,112.3499984741211,113.19000244140625,111.94000244140625,113.01000213623047,109.78170013427734,28800,0.0,False
2024-04-29,113.19000244140625,113.6500015258789,112.5,112.9000015258789,109.67484283447266,52800,0.0,False
2024-04-30,112.05000305175781,112.33999633789062,111.36000061035156,111.37000274658203,108.18854522705078,44500,0.0,False
2024-05-01,111.41999816894531,113.43000030517578,111.31999969482422,112.06999969482422,108.86856079101562,53600,0.0,False
2024-05-02,112.66999816894531,113.3499984741211,111.80000305175781,113.16000366210938,109.92741394042969,53000,0.0,False
2024-05-03,114.01000213623047,114.43000030517578,113.66999816894531,114.2699966430664,111.00570678710938,47400,0.0,False
2024-05-06,115.01000213623047,115.73999786376953,114.93000030517578,115.73999786376953,112.4337158203125,43800,0.0,False
2024-05-07,116.18000030517578,116.19999694824219,115.44999694824219,115.55000305175781,112.2491455078125,125500,0.0,False
2024-05-08,115.2699966430664,115.81999969482422,114.95999908447266,115.69000244140625,112.3851547241211,47600,0.0,False
2024-05-09,115.56999969482422,116.72000122070312,115.55999755859375,116.72000122070312,113.38572692871094,66500,0.0,False
2024-05-10,117.02999877929688,117.19999694824219,116.19999694824219,116.45999908447266,113.13313293457031,64900,0.0,False
2024-05-13,116.83000183105469,117.02999877929688,116.01000213623047,116.12999725341797,112.81256103515625,61100,0.0,False
2024-05-14,116.36000061035156,117.11000061035156,116.20999908447266,117.0999984741211,113.75486755371094,31200,0.0,False
2024-05-15,117.5999984741211,118.94999694824219,117.5999984741211,118.94999694824219,115.5520248413086,65000,0.0,False
2024-05-16,118.66999816894531,118.94000244140625,118.19999694824219,118.19999694824219,114.82344818115234,133800,0.0,False
2024-05-17,118.52999877929688,119.55000305175781,118.48999786376953,119.47000122070312,116.05716705322266,39800,0.0,False
2024-05-20,119.56999969482422,119.88999938964844,119.05000305175781,119.58000183105469,116.16400909423828,56400,0.0,False
2024-05-21,119.55999755859375,120.4800033569336,119.54000091552734,120.12999725341797,116.69831848144531,52600,0.0,False
2024-05-22,119.8499984741211,120.08000183105469,118.87999725341797,119.23999786376953,115.83372497558594,40300,0.0,False
2024-05-23,119.45999908447266,119.45999908447266,117.26000213623047,117.30000305175781,113.94915771484375,30300,0.0,False
2024-05-24,117.87999725341797,118.91000366210938,117.87999725341797,118.91000366210938,115.5131607055664,33500,0.0,False
2024-05-28,118.58999633789062,118.58999633789062,117.18000030517578,117.68000030517578,114.31830596923828,58000,0.0,False
2024-05-29,116.5,116.56999969482422,115.94999694824219,116.43000030517578,113.10400390625,118800,0.0,False
2024-05-30,116.22000122070312,116.41999816894531,115.6500015258789,116.0199966430664,112.70571899414062,37700,0.0,False
2024-05-31,116.4000015258789,116.63999938964844,115.05000305175781,116.63999938964844,113.30801391601562,23600,0.0,False
2024-06-03,117.16000366210938,117.16000366210938,115.37000274658203,116.30999755859375,112.98743438720703,28600,0.0,False
2024-06-04,115.9000015258789,116.73999786376953,115.9000015258789,116.52999877929688,113.20115661621094,23400,0.0,False
2024-06-05,116.93000030517578,117.66999816894531,116.4800033569336,117.66000366210938,114.29886627197266,20900,0.0,False
2024-06-06,117.73999786376953,117.94000244140625,117.27999877929688,117.36000061035156,114.00745391845703,19600,0.0,False
2024-06-07,116.9800033569336,117.75,116.33000183105469,116.33000183105469,113.0068588256836,20000,0.0,False
2024-06-10,115.97000122070312,116.7300033569336,115.7699966430664,116.52999877929688,113.20115661621094,42300,0.0,False
2024-06-11,115.41999816894531,115.41999816894531,114.61000061035156,115.11000061035156,112.1720962524414,24100,0.0,False
2024-06-12,116.72000122070312,117.26000213623047,116.20999908447266,116.23999786376953,113.27324676513672,19000,0.0,False
2024-06-13,116.0199966430664,116.0199966430664,114.94999694824219,115.33000183105469,112.38648986816406,106200,0.0,False
2024-06-14,114.45999908447266,115.22000122070312,114.27999877929688,115.22000122070312,112.27928924560547,119100,0.0,False
2024-06-17,115.02999877929688,115.93000030517578,114.22000122070312,115.93000030517578,112.97117614746094,222300,0.0,False
2024-06-18,115.76000213623047,116.38999938964844,115.61000061035156,116.36000061035156,113.39019775390625,51200,0.0,False
2024-06-20,116.58000183105469,116.87000274658203,116.01000213623047,116.58000183105469,113.60457611083984,69400,0.0,False
2024-06-21,116.45999908447266,116.45999908447266,115.86000061035156,116.16999816894531,113.20504760742188,20700,0.0,False
2024-06-24,116.26000213623047,117.33999633789062,116.04000091552734,116.70999908447266,113.73126220703125,118800,0.0,False
2024-06-25,117.01000213623047,117.08999633789062,116.54000091552734,116.87999725341797,113.89693450927734,22300,0.0,False
2024-06-26,116.58000183105469,116.58000183105469,115.9000015258789,116.44999694824219,113.47789001464844,103500,0.0,False
2024-06-27,116.01000213623047,116.54000091552734,115.95999908447266,116.54000091552734,113.56560516357422,42800,0.0,False
2024-06-28,116.83000183105469,117.33000183105469,116.47000122070312,116.93000030517578,113.9456558227539,32100,0.0,False
2024-07-01,117.80999755859375,118.20999908447266,117.26000213623047,117.94999694824219,114.93960571289062,30100,0.0,False
2024-07-02,118.2300033569336,118.81999969482422,117.9800033569336,118.81999969482422,115.78739929199219,44000,0.0,False
2024-07-03,118.9000015258789,119.01000213623047,118.61000061035156,118.61000061035156,115.58277130126953,114100,0.0,False
2024-07-05,118.58000183105469,118.70999908447266,117.5,118.70999908447266,115.68022155761719,35600,0.0,False
2024-07-08,119.0199966430664,119.41999816894531,118.3499984741211,118.37999725341797,115.35863494873047,37600,0.0,False
2024-07-09,118.63999938964844,119.98999786376953,118.45999908447266,119.5199966430664,116.46954345703125,28600,0.0,False
2024-07-10,119.5,120.37999725341797,119.30999755859375,120.33999633789062,117.26860809326172,23400,0.0,False
2024-07-11,120.80999755859375,121.63999938964844,120.72000122070312,121.41999816894531,118.32103729248047,25300,0.0,False
2024-07-12,121.7300033569336,122.55000305175781,121.7300033569336,121.76000213623047,118.6523666381836,42200,0.0,False
2024-07-15,122.2300033569336,124.0199966430664,122.20999908447266,124.0199966430664,120.85468292236328,143900,0.0,False
2024-07-16,123.3499984741211,124.73999786376953,123.3499984741211,124.4000015258789,121.22499084472656,68400,0.0,False
2024-07-17,123.41000366210938,124.2300033569336,123.16999816894531,124.0999984741211,120.93264770507812,39500,0.0,False
2024-07-18,123.66999816894531,124.26000213623047,121.33000183105469,121.86000061035156,118.74981689453125,53000,0.0,False
2024-07-19,121.4800033569336,121.76000213623047,120.9000015258789,121.3499984741211,118.25283813476562,25900,0.0,False
2024-07-22,121.73999786376953,122.77999877929688,121.36000061035156,122.77999877929688,119.64633178710938,32800,0.0,False
2024-07-23,123.08999633789062,124.25,123.08999633789062,123.58000183105469,120.42591857910156,26400,0.0,False
2024-07-24,123.44999694824219,123.76000213623047,121.30000305175781,121.5,118.39900970458984,37400,0.0,False
2024-07-25,121.33000183105469,124.5,121.33000183105469,123.31999969482422,120.17255401611328,90900,0.0,False
2024-07-26,124.05000305175781,125.05999755859375,124.05000305175781,124.45999908447266,121.28346252441406,33300,0.0,False
2024-07-29,124.56999969482422,124.56999969482422,123.16000366210938,123.20999908447266,120.06536102294922,25800,0.0,False
2024-07-30,124.05000305175781,125.0199966430664,123.5,123.88999938964844,120.72801208496094,39000,0.0,False
2024-07-31,124.86000061035156,124.95999908447266,123.8499984741211,124.08999633789062,120.92289733886719,36500,0.0,False
2024-08-01,124.7699966430664,124.7699966430664,121.83999633789062,122.29000091552734,119.1688461303711,49600,0.0,False
2024-08-02,121.30999755859375,121.30999755859375,118.7699966430664,119.4800033569336,116.43057250976562,46700,0.0,False
2024-08-05,114.94000244140625,117.19999694824219,114.16999816894531,115.7300033569336,112.7762680053711,87500,0.0,False
2024-08-06,116.18000030517578,119.06999969482422,116.05000305175781,117.76000213623047,114.75446319580078,111000,0.0,False
2024-08-07,119.16999816894531,119.9000015258789,117.48999786376953,117.68000030517578,114.67650604248047,89600,0.0,False
2024-08-08,118.44999694824219,120.36000061035156,118.44999694824219,120.11000061035156,117.04447937011719,61000,0.0,False
2024-08-09,119.93000030517578,121.06999969482422,119.86000061035156,120.63999938964844,117.56095886230469,124400,0.0,False
2024-08-12,120.72000122070312,120.72000122070312,119.62999725341797,120.22000122070312,117.15167999267578,47700,0.0,False
2024-08-13,120.91999816894531,121.69000244140625,120.41000366210938,121.58999633789062,118.48670196533203,29000,0.0,False
2024-08-14,122.05999755859375,123.52999877929688,121.86000061035156,123.51000213623047,120.35771179199219,109800,0.0,False
2024-08-15,124.58999633789062,124.58999633789062,123.68000030517578,123.95999908447266,120.79622650146484,233500,0.0,False
2024-08-16,123.58000183105469,124.80000305175781,123.58000183105469,124.80000305175781,121.61479187011719,59000,0.0,False
2024-08-19,124.81999969482422,125.20999908447266,124.66999816894531,125.20999908447266,122.01432037353516,132100,0.0,False
2024-08-20,125.20999908447266,125.20999908447266,124.12000274658203,124.27999877929688,121.1080551147461,37800,0.0,False
2024-08-21,124.75,124.91999816894531,123.9000015258789,124.87000274658203,121.68299865722656,55900,0.0,False
2024-08-22,124.70999908447266,125.25,124.4800033569336,125.02999877929688,121.83889770507812,955300,0.0,False
2024-08-23,125.72000122070312,126.55000305175781,125.33999633789062,126.31999969482422,123.09597778320312,44800,0.0,False
2024-08-26,126.95999908447266,127.25,126.26000213623047,126.37999725341797,123.15444946289062,47000,0.0,False
2024-08-27,126.4800033569336,126.95999908447266,126.33000183105469,126.76000213623047,123.5247573852539,79500,0.0,False
2024-08-28,126.4800033569336,127.08999633789062,125.44000244140625,126.13999938964844,122.92058563232422,103200,0.0,False
2024-08-29,126.2699966430664,127.47000122070312,126.05999755859375,126.8499984741211,123.61246490478516,49600,0.0,False
2024-08-30,127.22000122070312,127.7300033569336,126.25,127.7300033569336,124.47000122070312,28500,0.0,False
2024-09-03,127.0,127.11000061035156,124.38999938964844,125.13999938964844,121.94611358642578,119600,0.0,False
2024-09-04,125.26000213623047,126.30000305175781,124.97000122070312,125.62999725341797,122.423583984375,104800,0.0,False
2024-09-05,125.9800033569336,125.98999786376953,124.61000061035156,125.58000183105469,122.37488555908203,447200,0.0,False
2024-09-06,125.66000366210938,126.26000213623047,122.68000030517578,123.0199966430664,119.88021087646484,189300,0.0,False
2024-09-09,124.13999938964844,125.5,124.05999755859375,124.52999877929688,121.35166931152344,72600,0.0,False
2024-09-10,124.75,124.75,122.41000366210938,123.7699966430664,120.61106872558594,69300,0.0,False
2024-09-11,123.05000305175781,123.70999908447266,120.81999969482422,123.70999908447266,120.55259704589844,103800,0.0,False
2024-09-12,123.80000305175781,124.27999877929688,122.79000091552734,124.27999877929688,121.1080551147461,57400,0.0,False
2024-09-13,124.56999969482422,125.44000244140625,124.56999969482422,125.05000305175781,121.85841369628906,62200,0.0,False
2024-09-16,125.54000091552734,126.87999725341797,125.54000091552734,126.61000061035156,123.37859344482422,130200,0.0,False
2024-09-17,127.2300033569336,127.30999755859375,126.2300033569336,126.66000366210938,123.42731475830078,76100,0.0,False
2024-09-18,126.72000122070312,127.97000122070312,126.19999694824219,126.19999694824219,122.97904205322266,48700,0.0,False
2024-09-19,128.22999572753906,128.63999938964844,127.30000305175781,128.4499969482422,125.17162322998047,43200,0.0,False
2024-09-20,128.0,128.30999755859375,127.4800033569336,128.02000427246094,124.75260925292969,52300,0.0,False
2024-09-23,128.30999755859375,128.99000549316406,128.0800018310547,128.0800018310547,124.81107330322266,49600,0.0,False
2024-09-24,128.47000122070312,128.47000122070312,127.41999816894531,128.44000244140625,125.16187286376953,24700,0.0,False
2024-09-25,128.1699981689453,128.2899932861328,126.77999877929688,127.16000366210938,124.26382446289062,998100,0.0,False
2024-09-26,127.7699966430664,128.0399932861328,127.37000274658203,127.75,124.84037017822266,73300,0.0,False
2024-09-27,128.17999267578125,129.1199951171875,127.9000015258789,128.5800018310547,125.65147399902344,49100,0.0,False
2024-09-30,128.1199951171875,128.57000732421875,127.19999694824219,128.55999755859375,125.63191986083984,27600,0.0,False
2024-10-01,128.55999755859375,128.55999755859375,126.7699966430664,127.63999938964844,124.73287963867188,25800,0.0,False
2024-10-02,127.62999725341797,128.14999389648438,127.12999725341797,128.02000427246094,125.1042251586914,27600,0.0,False
2024-10-03,127.54000091552734,128.1699981689453,127.16000366210938,128.0500030517578,125.13355255126953,37800,0.0,False
2024-10-04,129.3000030517578,129.9199981689453,128.38999938964844,129.61000061035156,126.65802764892578,50400,0.0,False
2024-10-07,129.36000061035156,129.92999267578125,128.36000061035156,128.5399932861328,125.61237335205078,53300,0.0,False
2024-10-08,129.02000427246094,130.24000549316406,129.02000427246094,130.10000610351562,127.13687133789062,51200,0.0,False
2024-10-09,130.24000549316406,131.5500030517578,130.10000610351562,131.1999969482422,128.21180725097656,38700,0.0,False
2024-10-10,131.02999877929688,131.02999877929688,129.9600067138672,130.38999938964844,127.42024993896484,426500,0.0,False
2024-10-11,130.97000122070312,132.8300018310547,130.97000122070312,132.77999877929688,129.7558135986328,131000,0.0,False
2024-10-14,133.33999633789062,134.85000610351562,133.1199951171875,134.83999633789062,131.76889038085938,183200,0.0,False
2024-10-15,136.5,136.97999572753906,135.5399932861328,135.89999389648438,132.80474853515625,90700,0.0,False
2024-10-16,136.97999572753906,138.25,136.92999267578125,137.97999572753906,134.8373565673828,46600,0.0,False
2024-10-17,138.39999389648438,138.39999389648438,137.39999389648438,137.49000549316406,134.35853576660156,42100,0.0,False
2024-10-18,137.67999267578125,138.74000549316406,137.61000061035156,138.47999572753906,135.3260040283203,53600,0.0,False
2024-10-21,138.10000610351562,138.10000610351562,136.57000732421875,137.19000244140625,134.06536865234375,54300,0.0,False
2024-10-22,136.47000122070312,136.50999450683594,135.72000122070312,136.3800048828125,133.27381896972656,27400,0.0,False
2024-10-23,135.88999938964844,136.1699981689453,134.6300048828125,135.25,132.16957092285156,142600,0.0,False
2024-10-24,135.66000366210938,136.2100067138672,135.2100067138672,136.07000732421875,132.97088623046875,43300,0.0,False
2024-10-25,136.47999572753906,136.47999572753906,134.08999633789062,134.57000732421875,131.50506591796875,66100,0.0,False
2024-10-28,135.61000061035156,136.49000549316406,135.61000061035156,136.2899932861328,133.18585205078125,41200,0.0,False
2024-10-29,136.2100067138672,137.36000061035156,136.2100067138672,136.41000366210938,133.30313110351562,31400,0.0,False
2024-10-30,136.11000061035156,136.99000549316406,135.4199981689453,135.4199981689453,132.335693359375,27200,0.0,False
2024-10-31,134.89999389648438,134.89999389648438,132.6199951171875,132.6199951171875,129.59945678710938,74800,0.0,False
2024-11-01,133.2899932861328,134.22999572753906,132.80999755859375,133.11000061035156,130.0782928466797,40000,0.0,False
2024-11-04,132.97999572753906,133.3300018310547,132.1300048828125,133.02000427246094,129.99034118652344,66300,0.0,False
2024-11-05,132.99000549316406,135.1199951171875,132.99000549316406,135.08999633789062,132.01321411132812,34100,0.0,False
2024-11-06,142.10000610351562,145.42999267578125,141.0,145.22000122070312,141.91250610351562,311300,0.0,False
2024-11-07,144.69000244140625,144.97000122070312,143.69000244140625,143.92999267578125,140.65184020996094,144000,0.0,False
2024-11-08,144.57000732421875,146.75,144.36000061035156,145.94000244140625,142.61607360839844,142800,0.0,False
2024-11-11,148.6199951171875,151.2100067138672,148.6199951171875,150.50999450683594,147.0819854736328,376800,0.0,False
2024-11-12,149.8000030517578,150.41000366210938,148.72000122070312,149.39999389648438,145.9972686767578,74700,0.0,False
2024-11-13,150.19000244140625,150.9600067138672,148.24000549316406,148.47999572753906,145.09823608398438,84400,0.0,False
2024-11-14,149.6699981689453,150.02000427246094,147.75,147.77999877929688,144.4141845703125,73500,0.0,False
2024-11-15,147.8000030517578,148.86000061035156,147.3800048828125,148.7100067138672,145.32298278808594,50900,0.0,False
2024-11-18,148.9600067138672,150.4499969482422,148.42999267578125,150.0800018310547,146.66180419921875,64700,0.0,False
2024-11-19,149.27000427246094,150.36000061035156,148.8800048828125,149.72999572753906,146.31976318359375,106300,0.0,False
2024-11-20,151.05999755859375,151.16000366210938,148.3300018310547,149.63999938964844,146.23182678222656,29300,0.0,False
2024-11-21,150.94000244140625,151.52999877929688,149.52000427246094,150.77000427246094,147.33609008789062,64500,0.0,False
2024-11-22,150.5800018310547,152.05999755859375,150.39999389648438,152.0,148.53805541992188,46300,0.0,False
2024-11-25,153.44000244140625,153.72999572753906,152.0,153.1300048828125,149.64230346679688,41900,0.0,False
2024-11-26,152.07000732421875,152.94000244140625,151.39999389648438,152.67999267578125,149.2025604248047,38000,0.0,False
2024-11-27,153.39999389648438,154.2899932861328,152.72000122070312,153.5800018310547,150.0820770263672,125100,0.0,False
2024-11-29,154.3699951171875,154.3800048828125,153.25,153.41000366210938,149.9159393310547,32500,0.0,False
2024-12-02,153.6699981689453,153.97000122070312,152.3800048828125,152.3800048828125,148.90940856933594,481600,0.0,False
2024-12-03,152.64999389648438,153.30999755859375,152.08999633789062,152.22000122070312,148.7530517578125,109800,0.0,False
2024-12-04,152.5500030517578,153.47000122070312,152.08999633789062,153.2899932861328,149.79864501953125,62700,0.0,False
2024-12-05,154.05999755859375,154.3800048828125,152.32000732421875,152.42999267578125,148.95826721191406,69800,0.0,False
2024-12-06,152.61000061035156,153.4499969482422,152.42999267578125,153.27999877929688,149.78892517089844,59000,0.0,False
2024-12-09,153.3800048828125,153.3800048828125,150.39999389648438,150.77000427246094,147.33609008789062,80800,0.0,False
2024-12-10,150.6999969482422,150.9199981689453,149.5,149.8000030517578,146.38816833496094,53500,0.0,False
2024-12-11,150.77999877929688,151.3699951171875,150.75999450683594,151.0500030517578,147.6096954345703,57000,0.0,False
2024-12-12,151.4199981689453,151.9199981689453,151.07000732421875,151.1199951171875,147.67811584472656,72100,0.0,False
2024-12-13,151.55999755859375,151.55999755859375,149.60000610351562,149.7899932861328,146.37838745117188,72000,0.0,False
2024-12-16,150.64999389648438,151.16000366210938,150.16000366210938,150.25,146.8279266357422,266800,0.0,False
2024-12-17,149.39999389648438,149.41000366210938,147.74000549316406,148.1199951171875,145.16574096679688,348800,0.0,False
2024-12-18,148.39999389648438,148.50999450683594,141.8800048828125,142.10000610351562,139.2657928466797,84000,0.0,False
2024-12-19,144.1699981689453,145.07000732421875,141.80999755859375,141.80999755859375,138.98159790039062,98600,0.0,False
2024-12-20,141.0399932861328,144.77999877929688,141.0399932861328,144.05999755859375,141.18670654296875,132900,0.0,False
2024-12-23,143.47999572753906,144.63999938964844,142.83999633789062,144.57000732421875,141.6865692138672,155800,0.0,False
2024-12-24,145.1999969482422,146.77999877929688,144.8300018310547,146.77999877929688,143.8524627685547,74000,0.0,False
2024-12-26,146.1300048828125,147.25999450683594,146.0,147.22999572753906,144.29347229003906,35200,0.0,False
2024-12-27,146.44000244140625,147.0,144.97000122070312,145.91000366210938,142.99981689453125,37500,0.0,False
2024-12-30,144.0399932861328,144.92999267578125,143.00999450683594,144.3800048828125,141.50033569335938,54400,0.0,False
2024-12-31,145.22000122070312,145.22000122070312,143.5500030517578,144.10000610351562,141.22592163085938,62000,0.0,False
2025-01-02,145.3000030517578,145.86000061035156,143.4600067138672,144.4499969482422,141.5689239501953,107200,0.0,False
2025-01-03,145.27000427246094,146.0500030517578,144.2100067138672,146.0500030517578,143.1370391845703,133000,0.0,False
2025-01-06,146.88999938964844,147.4499969482422,146.1300048828125,146.39999389648438,143.4800262451172,254000,0.0,False
2025-01-07,146.67999267578125,146.89999389648438,143.4499969482422,144.4499969482422,141.5689239501953,92700,0.0,False
2025-01-08,144.3300018310547,145.3000030517578,143.2899932861328,145.27000427246094,142.37258911132812,173500,0.0,False
2025-01-10,143.80999755859375,143.80999755859375,140.89999389648438,141.30999755859375,138.49156188964844,1242700,0.0,False
2025-01-13,140.27000427246094,141.32000732421875,139.86000061035156,141.22999572753906,138.41314697265625,137100,0.0,False
2025-01-14,142.4600067138672,143.4199981689453,141.77000427246094,142.64999389648438,139.80484008789062,196600,0.0,False
2025-01-15,146.19000244140625,147.6199951171875,146.0,147.3800048828125,144.44049072265625,112400,0.0,False
2025-01-16,147.85000610351562,150.25,147.85000610351562,150.05999755859375,147.06707763671875,85900,0.0,False
2025-01-17,150.74000549316406,152.1699981689453,150.25999450683594,151.49000549316406,148.46853637695312,106100,0.0,False
2025-01-21,152.0,153.72999572753906,151.7100067138672,153.72999572753906,150.66384887695312,106100,0.0,False
2025-01-22,153.69000244140625,154.1999969482422,153.3800048828125,153.97000122070312,150.89907836914062,111000,0.0,False
2025-01-23,153.75999450683594,155.3800048828125,153.67999267578125,155.1999969482422,152.1045379638672,97400,0.0,False
2025-01-24,154.69000244140625,156.4199981689453,154.69000244140625,155.6699981689453,152.56517028808594,111400,0.0,False
2025-01-27,154.0800018310547,154.55999755859375,152.75,154.50999450683594,151.42828369140625,118700,0.0,False
2025-01-28,154.4499969482422,155.9199981689453,154.07000732421875,155.4199981689453,152.32012939453125,95100,0.0,False
2025-01-29,154.9499969482422,155.89999389648438,154.27999877929688,155.22999572753906,152.13394165039062,105800,0.0,False
2025-01-30,156.3300018310547,157.75999450683594,156.16000366210938,157.14999389648438,154.01564025878906,119200,0.0,False
2025-01-31,157.2899932861328,157.7899932861328,156.10000610351562,156.44000244140625,153.31979370117188,123900,0.0,False
2025-02-03,153.25,155.97999572753906,152.8800048828125,155.4499969482422,152.34954833984375,240900,0.0,False
2025-02-04,155.3000030517578,156.3000030517578,154.82000732421875,155.07000732421875,151.9771270751953,112500,0.0,False
2025-02-05,155.86000061035156,156.4600067138672,154.66000366210938,156.33999633789062,153.22178649902344,188000,0.0,False
2025-02-06,157.5,158.33999633789062,157.17999267578125,158.0500030517578,154.89768981933594,441100,0.0,False
2025-02-07,158.42999267578125,158.92999267578125,157.61000061035156,157.85000610351562,154.70167541503906,263100,0.0,False
2025-02-10,158.55999755859375,158.55999755859375,155.5500030517578,156.24000549316406,153.12379455566406,180400,0.0,False
2025-02-11,156.5500030517578,156.6300048828125,155.1199951171875,156.25999450683594,153.1433868408203,122400,0.0,False
2025-02-12,155.0500030517578,156.5500030517578,154.85000610351562,156.5500030517578,153.42762756347656,174000,0.0,False
2025-02-13,158.52999877929688,159.0800018310547,157.22999572753906,158.99000549316406,155.81893920898438,141000,0.0,False
2025-02-14,159.02999877929688,159.89999389648438,158.4199981689453,158.9499969482422,155.77975463867188,110200,0.0,False
2025-02-18,159.4499969482422,159.4499969482422,158.2899932861328,159.3000030517578,156.1227569580078,187700,0.0,False
2025-02-19,159.17999267578125,159.4199981689453,158.38999938964844,159.13999938964844,155.96595764160156,102900,0.0,False
2025-02-20,159.08999633789062,159.08999633789062,154.25,155.67999267578125,152.574951171875,132900,0.0,False
2025-02-21,156.60000610351562,156.60000610351562,152.3000030517578,152.6999969482422,149.65440368652344,86600,0.0,False
2025-02-24,153.3300018310547,153.8000030517578,150.72999572753906,151.66000366210938,148.63516235351562,2093800,0.0,False
2025-02-25,151.86000061035156,152.1300048828125,148.11000061035156,149.9499969482422,146.95924377441406,3361500,0.0,False
2025-02-26,150.27999877929688,152.05999755859375,150.02000427246094,150.58999633789062,147.5864715576172,238900,0.0,False
2025-02-27,151.47000122070312,152.82000732421875,149.19000244140625,149.44000244140625,146.45941162109375,266000,0.0,False
2025-02-28,149.9499969482422,152.88999938964844,149.80999755859375,152.77000427246094,149.7230224609375,213300,0.0,False
2025-03-03,154.32000732421875,154.32000732421875,149.19000244140625,149.99000549316406,146.9984588623047,205300,0.0,False
2025-03-04,148.5399932861328,148.5399932861328,143.00999450683594,144.8699951171875,141.98057556152344,276800,0.0,False
2025-03-05,145.32000732421875,147.64999389648438,144.4499969482422,147.08999633789062,144.15628051757812,112300,0.0,False
2025-03-06,144.97000122070312,146.2899932861328,142.75999450683594,143.3800048828125,140.52024841308594,156700,0.0,False
2025-03-07,142.60000610351562,143.27999877929688,138.44000244140625,142.0800018310547,139.2462158203125,310000,0.0,False
2025-03-10,139.13999938964844,139.13999938964844,133.97000122070312,135.66000366210938,132.95425415039062,225300,0.0,False
2025-03-11,135.88999938964844,137.39999389648438,134.5500030517578,135.6699981689453,132.9640655517578,145600,0.0,False
2025-03-12,137.77999877929688,138.14999389648438,135.02999877929688,136.74000549316406,134.01272583007812,248100,0.0,False
2025-03-13,136.52000427246094,136.63999938964844,134.1199951171875,134.67999267578125,131.99378967285156,64000,0.0,False
2025-03-14,136.66000366210938,138.52000427246094,136.25,138.13999938964844,135.38479614257812,119000,0.0,False
2025-03-17,138.02999877929688,141.8300018310547,138.02999877929688,140.91000366210938,138.0995635986328,356300,0.0,False
2025-03-18,140.13999938964844,140.38999938964844,139.13999938964844,139.91000366210938,137.572509765625,258200,0.0,False
2025-03-19,140.1199951171875,143.10000610351562,139.50999450683594,141.89999389648438,139.52923583984375,134000,0.0,False
2025-03-20,140.85000610351562,143.1199951171875,140.85000610351562,142.25999450683594,139.8832244873047,248600,0.0,False
2025-03-21,141.17999267578125,142.22000122070312,140.35000610351562,142.0,139.62759399414062,126600,0.0,False
2025-03-24,144.36000061035156,146.0,144.0,145.52000427246094,143.08876037597656,264500,0.0,False
2025-03-25,146.19000244140625,146.92999267578125,145.52000427246094,146.74000549316406,144.2884063720703,155700,0.0,False
2025-03-26,147.14999389648438,147.5500030517578,143.82000732421875,144.39999389648438,141.98745727539062,93300,0.0,False
2025-03-27,143.3699951171875,143.8000030517578,141.85000610351562,142.27999877929688,139.9029083251953,405800,0.0,False
2025-03-28,141.9600067138672,142.35000610351562,138.74000549316406,139.41000366210938,137.0808563232422,449100,0.0,False
2025-03-31,137.30999755859375,140.66000366210938,136.61000061035156,140.11000061035156,137.76918029785156,176900,0.0,False
2025-04-01,139.83999633789062,141.33999633789062,138.35000610351562,140.4600067138672,138.11329650878906,211300,0.0,False
2025-04-02,138.89999389648438,143.25,138.8800048828125,142.72999572753906,140.3453826904297,116100,0.0,False
2025-04-03,136.16000366210938,137.1999969482422,133.58999633789062,133.80999755859375,131.57440185546875,657700,0.0,False
2025-04-04,128.8699951171875,129.8300018310547,123.5999984741211,123.93000030517578,121.85946655273438,432200,0.0,False
2025-04-07,119.56999969482422,127.5,116.87999725341797,122.86000061035156,120.80735778808594,852700,0.0,False
2025-04-08,128.3300018310547,128.61000061035156,120.27999877929688,122.04000091552734,120.00105285644531,210300,0.0,False
2025-04-09,120.33999633789062,134.27999877929688,119.5999984741211,133.5800018310547,131.3482666015625,233500,0.0,False
2025-04-10,130.6699981689453,130.6699981689453,125.0,128.77000427246094,126.61863708496094,111600,0.0,False
2025-04-11,128.13999938964844,132.27000427246094,127.51000213623047,131.6300048828125,129.4308319091797,90900,0.0,False
2025-04-14,134.24000549316406,134.44000244140625,132.22000122070312,133.32000732421875,131.09262084960938,83800,0.0,False
2025-04-15,134.02000427246094,135.24000549316406,133.82000732421875,133.82000732421875,131.58425903320312,139000,0.0,False
2025-04-16,132.64999389648438,133.19000244140625,129.83999633789062,130.91000366210938,128.7228546142578,132400,0.0,False
2025-04-17,131.6699981689453,133.4499969482422,131.6199951171875,132.1199951171875,129.91265869140625,108100,0.0,False
2025-04-21,130.85000610351562,131.1999969482422,127.73999786376953,128.97000122070312,126.81526947021484,285500,0.0,False
2025-04-22,130.6699981689453,133.63999938964844,130.6300048828125,133.47000122070312,131.2401123046875,99500,0.0,False
2025-04-23,136.6699981689453,139.0,134.67999267578125,134.8300018310547,132.57737731933594,60300,0.0,False
2025-04-24,135.08999633789062,138.50999450683594,134.83999633789062,138.30999755859375,135.99923706054688,98100,0.0,False
2025-04-25,138.13999938964844,139.36000061035156,137.94000244140625,138.8800048828125,136.5597381591797,46500,0.0,False
2025-04-28,139.2899932861328,140.27000427246094,137.5,138.77000427246094,136.4515380859375,67800,0.0,False
2025-04-29,138.57000732421875,140.66000366210938,138.42999267578125,140.4199981689453,138.073974609375,61300,0.0,False
2025-04-30,138.2899932861328,141.27000427246094,137.14999389648438,140.8699951171875,138.51644897460938,150200,0.0,False
2025-05-01,141.25,142.6199951171875,140.6199951171875,141.33999633789062,138.97860717773438,99400,0.0,False
2025-05-02,143.52999877929688,145.0500030517578,143.36000061035156,144.69000244140625,142.27264404296875,143400,0.0,False
2025-05-05,143.33999633789062,145.27000427246094,143.0399932861328,144.0800018310547,141.67283630371094,202600,0.0,False
2025-05-06,142.3300018310547,144.02999877929688,142.17999267578125,143.05999755859375,140.66986083984375,240500,0.0,False
2025-05-07,143.6699981689453,144.8000030517578,143.55999755859375,144.41000366210938,141.997314453125,94600,0.0,False
2025-05-08,145.75999450683594,148.41000366210938,145.75999450683594,146.86000061035156,144.40635681152344,176900,0.0,False
2025-05-09,147.27000427246094,148.16000366210938,146.69000244140625,147.2899932861328,144.82919311523438,122800,0.0,False
2025-05-12,152.47999572753906,152.47999572753906,149.99000549316406,150.85000610351562,148.3297119140625,79400,0.0,False
2025-05-13,151.97999572753906,154.8699951171875,151.97999572753906,153.94000244140625,151.36810302734375,302100,0.0,False
2025-05-14,153.58999633789062,154.5399932861328,153.42999267578125,154.24000549316406,151.66310119628906,128600,0.0,False
2025-05-15,153.67999267578125,155.2100067138672,153.30999755859375,154.94000244140625,152.35137939453125,85700,0.0,False
2025-05-16,155.00999450683594,156.77000427246094,155.00999450683594,156.58999633789062,153.9738006591797,125500,0.0,False
2025-05-19,154.77999877929688,157.0,154.4499969482422,156.60000610351562,153.98365783691406,293500,0.0,False
2025-05-20,155.97999572753906,156.25,154.7899932861328,155.9499969482422,153.34451293945312,133000,0.0,False
2025-05-21,154.8000030517578,155.80999755859375,152.6300048828125,152.80999755859375,150.25697326660156,120200,0.0,False
2025-05-22,152.99000549316406,154.63999938964844,152.6300048828125,153.77000427246094,151.20094299316406,93400,0.0,False
2025-05-23,151.27999877929688,154.00999450683594,151.27999877929688,153.1999969482422,150.64044189453125,136300,0.0,False
2025-05-27,155.14999389648438,156.47000122070312,154.11000061035156,156.3000030517578,153.6886749267578,201700,0.0,False
2025-05-28,156.10000610351562,156.10000610351562,154.25,154.2899932861328,151.7122344970703,160000,0.0,False
2025-05-29,154.99000549316406,155.10000610351562,153.3699951171875,154.57000732421875,151.98757934570312,171800,0.0,False
2025-05-30,153.86000061035156,154.83999633789062,152.92999267578125,154.5500030517578,151.96792602539062,73000,0.0,False
2025-06-02,153.57000732421875,154.8300018310547,152.52000427246094,154.74000549316406,152.1547393798828,126500,0.0,False
2025-06-03,154.77999877929688,155.77000427246094,153.44000244140625,155.44000244140625,152.84304809570312,82700,0.0,False
2025-06-04,155.9600067138672,155.9600067138672,154.67999267578125,154.67999267578125,152.09571838378906,802300,0.0,False
2025-06-05,155.55999755859375,156.27999877929688,154.24000549316406,155.16000366210938,152.5677032470703,124500,0.0,False
2025-06-06,157.11000061035156,158.0,156.1999969482422,157.13999938964844,154.51463317871094,64300,0.0,False
2025-06-09,157.10000610351562,157.10000610351562,154.8000030517578,156.2899932861328,153.6788330078125,190100,0.0,False
2025-06-10,156.32000732421875,156.5,154.86000061035156,155.83999633789062,153.23635864257812,92200,0.0,False
2025-06-11,156.24000549316406,157.77000427246094,155.6999969482422,156.6999969482422,154.0819854736328,69800,0.0,False
2025-06-12,155.77999877929688,156.35000610351562,154.80999755859375,156.30999755859375,153.69850158691406,48300,0.0,False
2025-06-13,154.50999450683594,155.4199981689453,153.44000244140625,154.05999755859375,151.48609924316406,81400,0.0,False
2025-06-16,154.7899932861328,157.49000549316406,154.7899932861328,156.61000061035156,154.35317993164062,62200,0.0,False
2025-06-17,155.67999267578125,156.44000244140625,154.97999572753906,155.66000366210938,153.41685485839844,78200,0.0,False
2025-06-18,155.88999938964844,159.2100067138672,155.52000427246094,158.47999572753906,156.1962127685547,78100,0.0,False
2025-06-20,159.4600067138672,159.5399932861328,158.2899932861328,158.77999877929688,156.49188232421875,75700,0.0,False
2025-06-23,158.72000122070312,160.22999572753906,157.10000610351562,160.1999969482422,157.89141845703125,262300,0.0,False
2025-06-24,161.77000427246094,164.0500030517578,161.38999938964844,163.4499969482422,161.09458923339844,147700,0.0,False
2025-06-25,164.50999450683594,164.83999633789062,163.57000732421875,164.83999633789062,162.4645538330078,199400,0.0,False
2025-06-26,165.2899932861328,166.63999938964844,164.7899932861328,166.57000732421875,164.1696319580078,68300,0.0,False
2025-06-27,166.85000610351562,167.47000122070312,165.4600067138672,166.67999267578125,164.2780303955078,93700,0.0,False
2025-06-30,168.25,169.33999633789062,167.1199951171875,169.13999938964844,166.70260620117188,137800,0.0,False
2025-07-01,168.77999877929688,169.42999267578125,167.39999389648438,168.92999267578125,166.49562072753906,109600,0.0,False
2025-07-02,169.02000427246094,170.97999572753906,168.63999938964844,170.9499969482422,168.4865264892578,124700,0.0,False
2025-07-03,171.02999877929688,171.72000122070312,170.61000061035156,171.69000244140625,169.2158660888672,163800,0.0,False
2025-07-07,171.57000732421875,172.0500030517578,170.16000366210938,171.4199981689453,168.9497528076172,261500,0.0,False
2025-07-08,171.63999938964844,171.85000610351562,168.83999633789062,168.99000549316406,166.55477905273438,176600,0.0,False
2025-07-09,170.07000732421875,170.6699981689453,169.4499969482422,170.6699981689453,168.21055603027344,139500,0.0,False
2025-07-10,170.60000610351562,172.8800048828125,170.60000610351562,172.64999389648438,170.16201782226562,85100,0.0,False
2025-07-11,171.49000549316406,172.1300048828125,171.0,171.25999450683594,168.79205322265625,96700,0.0,False
2025-07-14,171.75999450683594,173.02000427246094,171.41000366210938,172.88999938964844,170.39857482910156,112500,0.0,False
2025-07-15,172.6300048828125,172.75,170.41000366210938,170.44000244140625,167.98387145996094,107500,0.0,False
2025-07-16,170.9499969482422,171.9600067138672,168.64999389648438,171.72999572753906,169.25527954101562,101700,0.0,False
2025-07-17,171.6199951171875,173.9600067138672,171.3300018310547,173.44000244140625,170.94064331054688,56100,0.0,False
2025-07-18,174.72999572753906,176.0,173.5399932861328,174.6300048828125,172.11349487304688,85400,0.0,False
2025-07-21,175.0,175.67999267578125,173.05999755859375,173.17999267578125,170.68438720703125,352600,0.0,False
2025-07-22,173.25999450683594,173.25999450683594,170.58999633789062,171.4199981689453,168.9497528076172,103800,0.0,False
2025-07-23,171.85000610351562,173.13999938964844,171.1999969482422,173.13999938964844,170.64495849609375,66900,0.0,False
2025-07-24,173.27000427246094,175.52000427246094,173.27000427246094,174.41000366210938,171.8966522216797,75900,0.0,False
2025-07-25,174.97999572753906,176.17999267578125,174.39999389648438,175.82000732421875,173.28634643554688,108500,0.0,False
2025-07-28,175.6999969482422,175.8000030517578,174.47999572753906,174.88999938964844,172.36973571777344,108500,0.0,False
2025-07-29,175.6300048828125,176.0,174.25,175.0800018310547,172.5570068359375,74100,0.0,False
2025-07-30,175.75999450683594,177.6199951171875,175.49000549316406,176.38999938964844,173.84814453125,77300,0.0,False
2025-07-31,175.75,177.85000610351562,175.3800048828125,175.63999938964844,173.1089324951172,140500,0.0,False
2025-08-01,172.14999389648438,172.25,168.8000030517578,170.97000122070312,168.5062255859375,148600,0.0,False
2025-08-04,172.00999450683594,175.10000610351562,172.00999450683594,174.97000122070312,172.4486083984375,52900,0.0,False
2025-08-05,175.3300018310547,175.33999633789062,172.6199951171875,173.4499969482422,170.95050048828125,109400,0.0,False
2025-08-06,173.6999969482422,173.7100067138672,172.10000610351562,173.4600067138672,170.96035766601562,126800,0.0,False
2025-08-07,175.07000732421875,175.16000366210938,172.8000030517578,173.38999938964844,170.89137268066406,139500,0.0,False
2025-08-08,174.39999389648438,175.27000427246094,173.77999877929688,174.52999877929688,172.0149383544922,101300,0.0,False
2025-08-11,175.52999877929688,176.19000244140625,174.67999267578125,174.74000549316406,172.22190856933594,153900,0.0,False
2025-08-12,176.25,177.1199951171875,175.72000122070312,176.77999877929688,174.23251342773438,181300,0.0,False
2025-08-13,177.6300048828125,177.92999267578125,174.30999755859375,175.92999267578125,173.39476013183594,138300,0.0,False
2025-08-14,175.39999389648438,176.4600067138672,175.16000366210938,176.39999389648438,173.85797119140625,90600,0.0,False
2025-08-15,176.24000549316406,176.24000549316406,174.11000061035156,174.3000030517578,171.7882537841797,120000,0.0,False
2025-08-18,174.00999450683594,174.07000732421875,172.91000366210938,173.9600067138672,171.45314025878906,194700,0.0,False
2025-08-19,174.25,174.25,171.86000061035156,172.3699951171875,169.88604736328125,213800,0.0,False
2025-08-20,172.2100067138672,172.97999572753906,169.8000030517578,172.63999938964844,170.1521759033203,311500,0.0,False
2025-08-21,172.11000061035156,172.8000030517578,171.52000427246094,172.0500030517578,169.57066345214844,130400,0.0,False
2025-08-22,172.47000122070312,175.94000244140625,172.47000122070312,175.3300018310547,172.8034210205078,179400,0.0,False
2025-08-25,175.0500030517578,175.32000732421875,174.27000427246094,174.36000061035156,171.84738159179688,89700,0.0,False
2025-08-26,174.14999389648438,175.6300048828125,173.47999572753906,175.6300048828125,173.09909057617188,104600,0.0,False
2025-08-27,175.38999938964844,175.8000030517578,174.57000732421875,174.57000732421875,172.05438232421875,134200,0.0,False
2025-08-28,175.1199951171875,175.2100067138672,174.3699951171875,174.60000610351562,172.08392333984375,95400,0.0,False
2025-08-29,174.44000244140625,174.63999938964844,173.2899932861328,174.17999267578125,171.6699676513672,157300,0.0,False
2025-09-02,172.19000244140625,172.35000610351562,170.3800048828125,171.9499969482422,169.4720916748047,355800,0.0,False
2025-09-03,171.97999572753906,172.52999877929688,170.55999755859375,171.9499969482422,169.4720916748047,285400,0.0,False
2025-09-04,172.3699951171875,173.92999267578125,172.3699951171875,173.89999389648438,171.39402770996094,128400,0.0,False
2025-09-05,174.6999969482422,174.6999969482422,169.0,170.72999572753906,168.26968383789062,256400,0.0,False
2025-09-08,171.61000061035156,173.91000366210938,171.61000061035156,173.8000030517578,171.2954559326172,386400,0.0,False
2025-09-09,173.5500030517578,175.85000610351562,173.17999267578125,175.63999938964844,173.1089324951172,181100,0.0,False
2025-09-10,175.7100067138672,176.92999267578125,174.77999877929688,175.4499969482422,172.9216766357422,85400,0.0,False
2025-09-11,175.99000549316406,178.88999938964844,175.77000427246094,178.6999969482422,176.1248321533203,178000,0.0,False
2025-09-12,178.80999755859375,178.80999755859375,177.0399932861328,177.39999389648438,174.84356689453125,97900,0.0,False
2025-09-15,177.8800048828125,178.47999572753906,176.2899932861328,176.60000610351562,174.05511474609375,107100,0.0,False
2025-09-16,176.5399932861328,176.5399932861328,175.16000366210938,175.72000122070312,173.61642456054688,127600,0.0,False
2025-09-17,176.4199981689453,177.50999450683594,175.0,177.0,174.88108825683594,99600,0.0,False
2025-09-18,177.72000122070312,179.07000732421875,176.3000030517578,176.3800048828125,174.26852416992188,220000,0.0,False
2025-09-19,176.77000427246094,177.3699951171875,175.5,176.63999938964844,174.52542114257812,98400,0.0,False
2025-09-22,176.17999267578125,177.0800018310547,175.88999938964844,176.9199981689453,174.8020477294922,92500,0.0,False
2025-09-23,177.00999450683594,178.25999450683594,175.5500030517578,176.13999938964844,174.03138732910156,113100,0.0,False
2025-09-24,176.47999572753906,176.47999572753906,174.08999633789062,174.1300048828125,172.0454559326172,75000,0.0,False
2025-09-25,173.22000122070312,174.4199981689453,172.5800018310547,173.83999633789062,171.75892639160156,77300,0.0,False
2025-09-26,174.72999572753906,175.8699951171875,174.58999633789062,175.25999450683594,173.1619110107422,32800,0.0,False
2025-09-29,176.38999938964844,177.9600067138672,175.83999633789062,177.8300018310547,175.70115661621094,47000,0.0,False
2025-09-30,177.64999389648438,178.80999755859375,175.1999969482422,176.8800048828125,174.76255798339844,101300,0.0,False
2025-10-01,175.8699951171875,176.2100067138672,173.8800048828125,173.94000244140625,171.8577423095703,427400,0.0,False
2025-10-02,174.22999572753906,174.94000244140625,173.16000366210938,174.64999389648438,172.55923461914062,80000,0.0,False
2025-10-03,175.1699981689453,176.67999267578125,174.94000244140625,175.88999938964844,173.7843780517578,181000,0.0,False
2025-10-06,177.41000366210938,177.41000366210938,174.41000366210938,175.47000122070312,173.36941528320312,79700,0.0,False
2025-10-07,176.3699951171875,176.42999267578125,173.83999633789062,175.0500030517578,172.95443725585938,83300,0.0,False
2025-10-08,175.86000061035156,176.3300018310547,173.4499969482422,175.63999938964844,173.53736877441406,82100,0.0,False
2025-10-09,175.6699981689453,176.24000549316406,174.8300018310547,176.17999267578125,174.07090759277344,91200,0.0,False
2025-10-10,176.8300018310547,177.58999633789062,171.60000610351562,171.60000610351562,169.54574584960938,154200,0.0,False
2025-10-13,173.80999755859375,174.02000427246094,172.39999389648438,173.39999389648438,171.32418823242188,87100,0.0,False
2025-10-14,171.50999450683594,174.47000122070312,170.50999450683594,172.52000427246094,170.45474243164062,104300,0.0,False
2025-10-15,174.61000061035156,175.5,172.9499969482422,173.49000549316406,171.4131317138672,107300,0.0,False
2025-10-16,173.86000061035156,174.32000732421875,169.49000549316406,170.22000122070312,168.18226623535156,84400,0.0,False
2025-10-17,170.0,170.86000061035156,168.77999877929688,170.35000610351562,168.3107147216797,115200,0.0,False
2025-10-20,171.89999389648438,173.44000244140625,171.3000030517578,172.75,170.68199157714844,54400,0.0,False
2025-10-21,172.4499969482422,173.33999633789062,172.3699951171875,172.58999633789062,170.52389526367188,38400,0.0,False
2025-10-22,172.38999938964844,172.38999938964844,169.41000366210938,170.4499969482422,168.40951538085938,82700,0.0,False
2025-10-23,171.3300018310547,172.42999267578125,170.14999389648438,171.8699951171875,169.8125,41500,0.0,False
2025-10-24,173.7100067138672,176.00999450683594,173.49000549316406,175.69000244140625,173.5867919921875,48500,0.0,False
2025-10-27,177.0800018310547,178.0800018310547,177.0,177.6699981689453,175.54307556152344,181600,0.0,False
2025-10-28,177.74000549316406,178.4199981689453,176.89999389648438,176.9499969482422,174.83168029785156,90600,0.0,False
2025-10-29,175.89999389648438,175.89999389648438,172.5500030517578,173.1699981689453,171.09693908691406,141800,0.0,False
2025-10-30,173.02000427246094,176.00999450683594,173.02000427246094,173.69000244140625,171.61073303222656,67000,0.0,False
2025-10-31,174.0,176.02000427246094,174.0,175.08999633789062,172.99395751953125,52800,0.0,False
2025-11-03,175.3300018310547,175.33999633789062,173.07000732421875,175.02000427246094,172.9248046875,214100,0.0,False
2025-11-04,173.6999969482422,176.0399932861328,172.7899932861328,173.92999267578125,171.8478546142578,144900,0.0,False
2025-11-05,174.27000427246094,175.77999877929688,173.22999572753906,174.97999572753906,172.88526916503906,69700,0.0,False
2025-11-06,174.35000610351562,174.35000610351562,172.0500030517578,172.8699951171875,170.800537109375,47600,0.0,False
2025-11-07,172.33999633789062,174.50999450683594,170.5800018310547,174.50999450683594,172.4208984375,71600,0.0,False
2025-11-10,175.6300048828125,176.75999450683594,174.5500030517578,176.07000732421875,173.9622344970703,122000,0.0,False
2025-11-11,175.69000244140625,177.47000122070312,175.69000244140625,176.8800048828125,174.76255798339844,77900,0.0,False
2025-11-12,177.6699981689453,179.83999633789062,177.6699981689453,179.2899932861328,177.1436767578125,427200,0.0,False
2025-11-13,178.08999633789062,178.77000427246094,174.80999755859375,175.0399932861328,172.94454956054688,170600,0.0,False
2025-11-14,173.32000732421875,175.0,171.50999450683594,173.22999572753906,171.15621948242188,77800,0.0,False
2025-11-17,172.9199981689453,172.9199981689453,168.17999267578125,169.05999755859375,167.03616333007812,95000,0.0,False
2025-11-18,167.75999450683594,170.77999877929688,167.75999450683594,169.08999633789062,167.0657958984375,462000,0.0,False
2025-11-19,169.19000244140625,170.47999572753906,168.6300048828125,170.0399932861328,168.00440979003906,129600,0.0,False
2025-11-20,171.97999572753906,173.3699951171875,166.74000549316406,166.7899932861328,164.7933349609375,431700,0.0,False
2025-11-21,168.00999450683594,168.77000427246094,165.14999389648438,167.49000549316406,165.4849395751953,314500,0.0,False
2025-11-24,168.3699951171875,170.47000122070312,167.47000122070312,169.6699981689453,167.63885498046875,105600,0.0,False
2025-11-25,169.85000610351562,172.1699981689453,168.6199951171875,171.75,169.6939697265625,171400,0.0,False
2025-11-26,172.4199981689453,175.25,172.4199981689453,174.47000122070312,172.38137817382812,62800,0.0,False
2025-11-28,175.25,176.55999755859375,175.16000366210938,175.77000427246094,173.6658172607422,19400,0.0,False
2025-12-01,174.27999877929688,175.17999267578125,173.14999389648438,173.77999877929688,171.69964599609375,134400,0.0,False
2025-12-02,174.67999267578125,174.75999450683594,173.72000122070312,173.77999877929688,171.69964599609375,44700,0.0,False
2025-12-03,173.80999755859375,177.3000030517578,173.80999755859375,177.17999267578125,175.05894470214844,64700,0.0,False
2025-12-04,177.25,178.52000427246094,177.25,178.16000366210938,176.02720642089844,56300,0.0,False
2025-12-05,177.7100067138672,179.27999877929688,177.55999755859375,178.60000610351562,176.4619598388672,40300,0.0,False
2025-12-08,178.97000122070312,179.3000030517578,177.97000122070312,178.94000244140625,176.79786682128906,42900,0.0,False
2025-12-09,178.6199951171875,181.6199951171875,178.6199951171875,180.05999755859375,177.9044647216797,80200,0.0,False
2025-12-10,179.7100067138672,182.25,179.36000061035156,181.2899932861328,179.11972045898438,72200,0.0,False
2025-12-11,180.89999389648438,182.77000427246094,180.85000610351562,182.22000122070312,180.03860473632812,39900,0.0,False
2025-12-12,182.8699951171875,182.8800048828125,180.25,180.49000549316406,178.32933044433594,66400,0.0,False
2025-12-15,181.49000549316406,181.50999450683594,178.75999450683594,178.86000061035156,176.71884155273438,41500,0.0,False
2025-12-16,178.92999267578125,179.58999633789062,177.77000427246094,178.41000366210938,176.71487426757812,50000,0.0,False
2025-12-17,179.1300048828125,181.11000061035156,177.72999572753906,177.9600067138672,176.26914978027344,37900,0.0,False
2025-12-18,179.5399932861328,179.88999938964844,177.19000244140625,177.33999633789062,175.655029296875,59400,0.0,False
2025-12-19,178.25,180.5800018310547,178.25,180.1199951171875,178.4086151123047,60500,0.0,False
2025-12-22,180.8800048828125,183.22999572753906,180.8800048828125,182.80999755859375,181.07305908203125,78600,0.0,False
2025-12-23,182.6300048828125,183.08999633789062,182.3300018310547,182.99000549316406,181.2513427734375,41700,0.0,False
2025-12-24,183.14999389648438,184.1300048828125,182.8000030517578,183.92999267578125,182.1824188232422,20100,0.0,False
2025-12-26,183.86000061035156,184.10000610351562,183.5,184.02999877929688,182.28146362304688,800900,0.0,False
2025-12-29,183.6300048828125,183.8000030517578,182.47000122070312,182.57000732421875,180.83534240722656,61900,0.0,False
2025-12-30,182.97999572753906,182.97999572753906,181.08999633789062,181.1699981689453,179.44863891601562,134100,0.0,False
2025-12-31,181.30999755859375,181.3300018310547,179.35000610351562,179.3699951171875,177.66574096679688,70200,0.0,False
2026-01-02,180.0,182.0500030517578,178.9499969482422,181.80999755859375,180.0825653076172,103500,0.0,False
2026-01-05,182.10000610351562,189.33999633789062,182.10000610351562,188.11000061035156,186.3227081298828,121500,0.0,False
2026-01-06,188.0500030517578,189.3699951171875,187.7899932861328,189.0800018310547,187.2834930419922,96900,0.0,False
2026-01-07,189.07000732421875,189.07000732421875,186.0,186.07000732421875,184.30209350585938,54900,0.0,False
2026-01-08,185.30999755859375,186.88999938964844,185.30999755859375,185.64999389648438,183.88607788085938,73900,0.0,False
2026-01-09,186.38999938964844,186.82000732421875,185.52999877929688,185.67999267578125,183.91578674316406,125500,0.0,False
2026-01-12,184.9600067138672,187.60000610351562,184.9600067138672,187.47999572753906,185.69869995117188,78200,0.0,False
2026-01-13,187.82000732421875,187.82000732421875,185.24000549316406,186.4600067138672,184.68838500976562,132700,0.0,False
2026-01-14,186.0800018310547,187.55999755859375,184.6300048828125,187.55999755859375,185.77792358398438,118100,0.0,False
2026-01-15,187.32000732421875,191.6199951171875,187.32000732421875,190.39999389648438,188.5909423828125,146000,0.0,False
2026-01-16,190.1699981689453,191.4600067138672,189.5,190.1699981689453,188.36312866210938,72800,0.0,False
2026-01-20,187.1999969482422,188.85000610351562,184.57000732421875,184.85000610351562,183.09368896484375,115800,0.0,False
2026-01-21,185.8000030517578,189.1300048828125,185.61000061035156,186.94000244140625,185.16383361816406,98400,0.0,False
2026-01-22,188.24000549316406,189.52000427246094,187.83999633789062,188.16000366210938,186.3722381591797,90100,0.0,False
2026-01-23,187.27999877929688,187.27999877929688,184.42999267578125,184.8699951171875,183.1134796142578,79700,0.0,False
2026-01-26,184.8699951171875,186.3000030517578,184.8699951171875,185.75999450683594,183.99501037597656,108900,0.0,False
2026-01-27,185.4600067138672,185.92999267578125,184.2100067138672,185.02000427246094,183.26205444335938,697300,0.0,False
2026-01-28,184.8699951171875,185.77000427246094,184.10000610351562,185.25999450683594,183.49978637695312,261000,0.0,False
2026-01-29,185.82000732421875,187.52999877929688,183.22000122070312,184.74000549316406,182.98472595214844,172000,0.0,False
2026-01-30,184.3000030517578,185.55999755859375,182.6300048828125,184.4199981689453,182.66775512695312,106300,0.0,False
2026-02-02,184.22999572753906,185.3300018310547,182.8800048828125,184.9199981689453,183.1630096435547,143000,0.0,False
2026-02-03,184.02999877929688,184.5399932861328,177.36000061035156,179.57000732421875,177.8638458251953,192200,0.0,False
2026-02-04,178.97999572753906,179.13999938964844,175.8800048828125,177.88999938964844,176.19981384277344,280700,0.0,False
2026-02-05,177.49000549316406,178.22999572753906,173.4499969482422,173.97000122070312,172.31704711914062,518600,0.0,False
2026-02-06,176.36000061035156,178.8699951171875,176.36000061035156,178.47000122070312,176.77430725097656,219900,0.0,False
2026-02-09,178.13999938964844,181.83999633789062,178.13999938964844,181.2899932861328,179.5675048828125,67700,0.0,False
2026-02-10,179.0500030517578,180.6199951171875,173.6300048828125,175.6199951171875,173.9513702392578,934800,0.0,False
2026-02-11,176.08999633789062,176.5800018310547,170.8300018310547,171.3000030517578,169.67242431640625,264900,0.0,False
2026-02-12,172.2100067138672,172.44000244140625,165.3300018310547,167.0399932861328,165.452880859375,304900,0.0,False
2026-02-13,167.16000366210938,169.64999389648438,165.27999877929688,169.3000030517578,167.69142150878906,227400,0.0,False
2026-02-17,169.8000030517578,170.6699981689453,168.4199981689453,169.25,167.6418914794922,229700,0.0,False
2026-02-18,170.0800018310547,173.69000244140625,170.0800018310547,172.91000366210938,171.2671356201172,118300,0.0,False
2026-02-19,171.77000427246094,171.99000549316406,169.69000244140625,171.2100067138672,169.58328247070312,109900,0.0,False
2026-02-20,170.57000732421875,172.13999938964844,169.58999633789062,172.0399932861328,170.40538024902344,358200,0.0,False
2026-02-23,171.10000610351562,172.05999755859375,166.72000122070312,167.1999969482422,165.61138916015625,115900,0.0,False
2026-02-24,166.27000427246094,170.6199951171875,166.27000427246094,169.58999633789062,167.97865295410156,132300,0.0,False
2026-02-25,171.72000122070312,173.8000030517578,170.5500030517578,173.33999633789062,171.69305419921875,64700,0.0,False
2026-02-26,174.10000610351562,176.74000549316406,174.07000732421875,176.64999389648438,174.97158813476562,101000,0.0,False
2026-02-27,173.80999755859375,173.80999755859375,169.5,170.69000244140625,169.06822204589844,129800,0.0,False
2026-03-02,168.1699981689453,173.13999938964844,167.50999450683594,171.99000549316406,170.3558807373047,147600,0.0,False
2026-03-03,168.25,172.42999267578125,167.3300018310547,171.1699981689453,169.54367065429688,166000,0.0,False
2026-03-04,172.27000427246094,174.05999755859375,171.6699981689453,173.2899932861328,171.6435089111328,129600,0.0,False
2026-03-05,171.6199951171875,174.25,168.99000549316406,170.5,168.88002014160156,118900,0.0,False
2026-03-06,167.5399932861328,168.88999938964844,165.6699981689453,168.6300048828125,167.02780151367188,65800,0.0,False
2026-03-09,166.0399932861328,169.4600067138672,163.61000061035156,168.5399932861328,166.9386444091797,81400,0.0,False
2026-03-10,168.6199951171875,169.10000610351562,165.6199951171875,166.75999450683594,165.17555236816406,94600,0.0,False
2026-03-11,166.4199981689453,167.13999938964844,163.25999450683594,165.49000549316406,163.91763305664062,74800,0.0,False
2026-03-12,162.6999969482422,163.25,161.22999572753906,161.3800048828125,159.84669494628906,153900,0.0,False
2026-03-13,162.64999389648438,164.1199951171875,161.72000122070312,161.99000549316406,160.45089721679688,128100,0.0,False
2026-03-16,163.42999267578125,165.0800018310547,163.1699981689453,163.55999755859375,162.00596618652344,68900,0.0,False
2026-03-17,164.27999877929688,166.67999267578125,164.27999877929688,164.97000122070312,164.09783935546875,47900,0.0,False
2026-03-18,163.69000244140625,165.0399932861328,163.2100067138672,163.3699951171875,162.5063018798828,47200,0.0,False
2026-03-19,161.5500030517578,164.16000366210938,161.5500030517578,163.61000061035156,162.7450408935547,42800,0.0,False
2026-03-20,163.27000427246094,164.77000427246094,162.50999450683594,163.63999938964844,162.77488708496094,86500,0.0,False
2026-03-23,166.49000549316406,168.0500030517578,165.44000244140625,165.66000366210938,164.78419494628906,97300,0.0,False
2026-03-24,164.27999877929688,165.50999450683594,163.66000366210938,163.75,162.88429260253906,122300,0.0,False
2026-03-25,165.57000732421875,166.5399932861328,163.07000732421875,163.9499969482422,163.08323669433594,62100,0.0,False
2026-03-26,162.82000732421875,164.4499969482422,161.97999572753906,162.5,161.6409149169922,54500,0.0,False
2026-03-27,161.25,161.25,157.77999877929688,158.27999877929688,157.44322204589844,80900,0.0,False
2026-03-30,160.0,161.1300048828125,158.74000549316406,159.66000366210938,158.81591796875,75900,0.0,False
2026-03-31,162.2100067138672,164.49000549316406,160.5399932861328,164.17999267578125,163.31201171875,159700,0.0,False
2026-04-01,166.16000366210938,166.32000732421875,162.88999938964844,164.83999633789062,163.96853637695312,68200,0.0,False
2026-04-02,161.85000610351562,166.91000366210938,161.85000610351562,166.14999389648438,165.2716064453125,94800,0.0,False
2026-04-06,166.32000732421875,167.97999572753906,166.32000732421875,167.1699981689453,166.2862091064453,47300,0.0,False
2026-04-07,165.91000366210938,167.8300018310547,165.86000061035156,167.38999938964844,166.50506591796875,64500,0.0,False
2026-04-08,172.69000244140625,174.00999450683594,171.55999755859375,172.5399932861328,171.62782287597656,69100,0.0,False
2026-04-09,171.74000549316406,172.61000061035156,170.10000610351562,171.38999938964844,170.48390197753906,549600,0.0,False
2026-04-10,171.27999877929688,171.6699981689453,168.6999969482422,169.99000549316406,169.09130859375,181300,0.0,False
2026-04-13,168.05999755859375,173.25999450683594,168.05999755859375,173.22999572753906,172.31417846679688,241500,0.0,False
2026-04-14,174.30999755859375,176.22000122070312,174.24000549316406,175.64999389648438,174.7213897705078,66900,0.0,False
2026-04-15,177.44000244140625,180.0,177.44000244140625,179.39999389648438,178.45155334472656,67300,0.0,False
2026-04-16,178.52999877929688,179.1300048828125,176.94000244140625,177.08999633789062,176.15377807617188,88400,0.0,False
2026-04-17,178.77000427246094,180.5,178.02000427246094,179.0399932861328,178.0934600830078,153000,0.0,False
2026-04-20,178.1999969482422,180.24000549316406,178.1999969482422,180.14999389648438,179.1975860595703,35100,0.0,False
2026-04-21,180.58999633789062,182.14999389648438,177.6999969482422,178.1699981689453,177.22805786132812,49400,0.0,False
2026-04-22,179.8699951171875,180.88999938964844,178.8800048828125,179.1699981689453,178.2227783203125,29600,0.0,False
2026-04-23,178.42999267578125,178.89999389648438,174.30999755859375,176.2899932861328,175.3579864501953,30700,0.0,False
2026-04-24,176.50999450683594,176.80999755859375,175.5,176.5500030517578,175.61663818359375,97600,0.0,False
2026-04-27,175.94000244140625,178.10000610351562,175.94000244140625,177.63999938964844,176.70086669921875,184000,0.0,False
2026-04-28,177.9199981689453,178.63999938964844,177.0500030517578,177.22999572753906,176.29302978515625,56800,0.0,False
2026-04-29,175.75999450683594,175.75999450683594,173.33999633789062,174.6300048828125,173.70677185058594,60100,0.0,False
2026-04-30,174.0399932861328,176.8000030517578,173.72000122070312,176.5,175.56689453125,48400,0.0,False
2026-05-01,176.8800048828125,178.1300048828125,176.24000549316406,176.24000549316406,175.3082733154297,45400,0.0,False
2026-05-04,176.16000366210938,177.9199981689453,175.58999633789062,175.9600067138672,175.02975463867188,111100,0.0,False
2026-05-05,176.91000366210938,177.60000610351562,175.67999267578125,176.99000549316406,176.0543212890625,58200,0.0,False
2026-05-06,178.41000366210938,178.77000427246094,177.94000244140625,178.47999572753906,177.5364227294922,56200,0.0,False
2026-05-07,178.47999572753906,178.9600067138672,176.0,176.6300048828125,175.6962127685547,44900,0.0,False
2026-05-08,177.27999877929688,177.49000549316406,176.07000732421875,177.49000549316406,176.55165100097656,31800,0.0,False
2026-05-11,177.0,178.1300048828125,175.58999633789062,177.82000732421875,176.8799285888672,172600,0.0,False
2026-05-12,177.25999450683594,178.36000061035156,175.5800018310547,178.25,177.30764770507812,650900,0.0,False
2026-05-13,177.00999450683594,178.80999755859375,175.89999389648438,178.52999877929688,177.58616638183594,127100,0.0,False
2026-05-14,179.47000122070312,181.25999450683594,178.1300048828125,179.66000366210938,178.71018981933594,46800,0.0,False
2026-05-15,178.63999938964844,179.19000244140625,177.42999267578125,177.6699981689453,176.73069763183594,57800,0.0,False
2026-05-18,177.58999633789062,180.83999633789062,177.58999633789062,178.9600067138672,178.01388549804688,75000,0.0,False
2026-05-19,178.08999633789062,178.5,176.1199951171875,176.1199951171875,175.18890380859375,63200,0.0,False
2026-05-20,177.0800018310547,179.3800048828125,175.9199981689453,178.88999938964844,177.9442596435547,64400,0.0,False
2026-05-21,178.47999572753906,180.2100067138672,177.60000610351562,179.72999572753906,178.77981567382812,66600,0.0,False
2026-05-22,180.75999450683594,181.33999633789062,179.8000030517578,179.88999938964844,178.93896484375,57100,0.0,False
2026-05-26,180.47000122070312,180.75,178.63999938964844,179.10000610351562,178.1531524658203,397900,0.0,False
2026-05-27,178.8699951171875,178.8800048828125,176.25999450683594,177.63999938964844,176.70086669921875,76100,0.0,False
2026-05-28,176.8000030517578,179.60000610351562,176.0,179.5800018310547,178.630615234375,224700,0.0,False
2026-05-29,179.6699981689453,183.42999267578125,179.5800018310547,182.7899932861328,181.82362365722656,64000,0.0,False
2026-06-01,181.1199951171875,184.3300018310547,181.1199951171875,183.8800048828125,182.9078826904297,93600,0.0,False
2026-06-02,182.97999572753906,183.38999938964844,180.1300048828125,182.14999389648438,181.18701171875,413100,0.0,False
2026-06-03,180.97000122070312,180.97000122070312,177.85000610351562,179.0399932861328,178.0934600830078,71600,0.0,False
2026-06-04,180.85000610351562,184.25,180.77000427246094,184.02999877929688,183.0570831298828,368700,0.0,False
2026-06-05,183.75,183.75,178.86000061035156,179.97999572753906,179.0284881591797,46500,0.0,False
2026-06-08,180.52000427246094,181.67999267578125,179.6999969482422,180.0,179.04840087890625,77400,0.0,False
2026-06-09,180.82000732421875,182.2100067138672,176.97999572753906,180.1699981689453,179.2174835205078,90300,0.0,False
2026-06-10,179.52999877929688,181.27999877929688,178.67999267578125,178.8300018310547,177.8845672607422,67900,0.0,False
2026-06-11,179.72000122070312,181.3300018310547,178.35000610351562,180.9499969482422,179.9933624267578,49400,0.0,False
2026-06-12,183.07000732421875,185.88999938964844,182.6999969482422,184.27000427246094,183.2958221435547,38800,0.0,False
2026-06-15,187.11000061035156,188.58999633789062,186.27000427246094,186.4199981689453,185.9126739501953,135100,0.0,False
2026-06-16,187.9199981689453,189.0,186.30999755859375,187.75,187.23904418945312,56800,0.0,False
2026-06-17,187.36000061035156,190.24000549316406,186.99000549316406,187.58999633789062,187.07948303222656,87300,0.0,False
2026-06-18,189.7100067138672,189.7100067138672,185.55999755859375,186.10000610351562,185.5935516357422,339900,0.0,False
2026-06-22,186.55999755859375,187.9499969482422,186.0399932861328,186.6999969482422,186.19190979003906,67200,0.0,False
2026-06-23,184.49000549316406,187.07000732421875,184.49000549316406,185.49000549316406,184.98521423339844,56100,0.0,False
2026-06-24,184.92999267578125,184.92999267578125,181.27999877929688,181.38999938964844,180.8963623046875,91200,0.0,False
2026-06-25,182.7899932861328,183.52999877929688,177.6699981689453,177.75999450683594,177.27622985839844,83900,0.0,False
2026-06-26,176.97000122070312,177.3800048828125,174.3800048828125,175.82000732421875,175.34152221679688,127400,0.0,False
2026-06-29,177.02999877929688,177.41000366210938,174.9499969482422,175.2100067138672,174.73318481445312,47100,0.0,False
2026-06-30,174.7899932861328,176.97999572753906,174.60000610351562,175.3300018310547,174.8528594970703,49500,0.0,False
2026-07-01,175.58999633789062,182.1199951171875,175.58999633789062,181.2100067138672,180.71685791015625,55500,0.0,False
2026-07-02,183.13999938964844,186.16000366210938,182.9199981689453,184.27999877929688,183.7784881591797,65800,0.0,False
2026-07-06,184.80999755859375,189.33999633789062,184.80999755859375,189.32000732421875,188.80477905273438,101300,0.0,False
2026-07-07,189.85000610351562,189.9499969482422,187.9199981689453,188.8000030517578,188.28619384765625,60100,0.0,False
2026-07-08,187.02999877929688,187.57000732421875,185.32000732421875,186.3000030517578,185.79299926757812,39500,0.0,False
2026-07-09,187.25999450683594,189.58999633789062,186.8800048828125,188.72000122070312,188.20640563964844,24400,0.0,False
2026-07-10,190.74000549316406,191.0,187.52999877929688,188.5,187.9870147705078,23100,0.0,False
2026-07-13,188.80999755859375,190.1300048828125,187.49000549316406,188.7100067138672,188.19644165039062,40600,0.0,False
2026-07-14,189.8699951171875,194.0,189.77999877929688,193.47000122070312,192.9434814453125,346600,0.0,False
2026-07-15,193.67999267578125,196.44000244140625,193.42999267578125,196.32000732421875,195.78573608398438,62400,0.0,False
2026-07-16,196.24000549316406,196.24000549316406,191.19000244140625,192.27999877929688,191.75672912597656,43000,0.0,False
2026-07-17,189.4199981689453,190.41000366210938,187.80999755859375,188.3699951171875,187.85736083984375,75500,0.0,False
2026-07-20,188.75999450683594,189.44000244140625,187.10000610351562,187.72999572753906,187.21910095214844,114000,0.0,False
2026-07-21,187.7100067138672,190.11000061035156,187.7100067138672,188.61000061035156,188.09671020507812,50000,0.0,False
2026-07-22,188.6199951171875,191.0,188.6199951171875,189.80999755859375,189.29344177246094,61200,0.0,False
2026-07-23,187.66000366210938,188.4600067138672,186.72000122070312,187.3300018310547,186.8201904296875,46900,0.0,False
2026-07-24,187.80999755859375,187.80999755859375,184.92999267578125,186.89999389648438,186.391357421875,89400,0.0,False
2026-07-27,189.42999267578125,190.99000549316406,187.27999877929688,188.64999389648438,188.1365966796875,41400,0.0,False
2026-07-28,188.35000610351562,189.8000030517578,185.42999267578125,188.85000610351562,188.3360595703125,99000,0.0,False
2026-07-29,188.2899932861328,188.42999267578125,184.14999389648438,184.3699951171875,183.8682403564453,79200,0.0,False
2026-07-30,185.30999755859375,187.41000366210938,184.33999633789062,186.88999938964844,186.3813934326172,32000,0.0,False
2026-07-31,186.60000610351562,187.0500030517578,185.19000244140625,186.25999450683594,185.7530975341797,32800,0.0,False
2026-08-03,187.32000732421875,187.4199981689453,185.61000061035156,187.32000732421875,186.8102264404297,51600,0.0,False
2026-08-04,187.88999938964844,190.02999877929688,187.7100067138672,189.0,188.48565673828125,44600,0.0,False
2026-08-05,190.2100067138672,191.2899932861328,189.8000030517578,189.9499969482422,189.4330596923828,57700,0.0,False
2026-08-06,190.22999572753906,190.5500030517578,186.63999938964844,187.0500030517578,186.54095458984375,88000,0.0,False
2026-08-07,187.47000122070312,188.86000061035156,187.47000122070312,188.25,187.73768615722656,56500,0.0,False
2026-08-10,187.7899932861328,189.60000610351562,187.7899932861328,188.22999572753906,187.71774291992188,63100,0.0,False
2026-08-11,188.32000732421875,189.1199951171875,187.72000122070312,187.97999572753906,187.46841430664062,89400,0.0,False
2026-08-12,189.25,189.77999877929688,188.97000122070312,189.4199981689453,188.90451049804688,25700,0.0,False
2026-08-13,190.3800048828125,192.19000244140625,190.1999969482422,192.00999450683594,191.48745727539062,33500,0.0,False
2026-08-14,191.80999755859375,191.80999755859375,190.5800018310547,191.1699981689453,190.64974975585938,33800,0.0,False
2026-08-17,190.66000366210938,192.24000549316406,190.66000366210938,191.0,190.48020935058594,149500,0.0,False
2026-08-18,191.0,191.0,189.6999969482422,190.39999389648438,189.8818359375,69900,0.0,False
2026-08-19,191.22999572753906,192.36000061035156,189.58999633789062,190.17999267578125,189.6624298095703,116300,0.0,False
2026-08-20,190.77999877929688,191.4499969482422,188.67999267578125,188.85000610351562,188.3360595703125,133100,0.0,False
2026-08-21,190.8699951171875,194.74000549316406,190.8699951171875,194.52999877929688,194.00059509277344,91100,0.0,False
2026-08-24,194.85000610351562,196.08999633789062,194.25999450683594,194.75999450683594,194.22996520996094,77400,0.0,False
2026-08-25,194.80999755859375,197.27000427246094,193.67999267578125,196.77999877929688,196.24447631835938,76700,0.0,False
2026-08-26,195.72999572753906,195.72999572753906,194.16000366210938,194.9600067138672,194.429443359375,43100,0.0,False
2026-08-27,195.07000732421875,196.72999572753906,194.61000061035156,195.35000610351562,194.81837463378906,118800,0.0,False
2026-08-28,195.72999572753906,196.63999938964844,195.0,195.13999938964844,194.6089324951172,48300,0.0,False
2026-08-31,194.47999572753906,195.02000427246094,193.47999572753906,194.47000122070312,193.94076538085938,46000,0.0,False
2026-09-01,192.75999450683594,194.7100067138672,191.0500030517578,191.38999938964844,190.869140625,56600,0.0,False
2026-09-02,191.5399932861328,193.60000610351562,189.97000122070312,190.82000732421875,190.3007049560547,60200,0.0,False
2026-09-03,192.97000122070312,198.08999633789062,192.97000122070312,198.05999755859375,197.52099609375,198700,0.0,False
2026-09-04,195.75999450683594,196.85000610351562,195.0800018310547,196.4600067138672,195.92535400390625,62500,0.0,False
2026-09-08,195.77000427246094,195.77000427246094,193.19000244140625,193.2899932861328,192.7639617919922,44700,0.0,False
2026-09-09,192.97000122070312,193.42999267578125,191.58999633789062,191.6300048828125,191.10848999023438,53700,0.0,False
2026-09-10,190.4499969482422,191.63999938964844,189.3000030517578,189.77000427246094,189.25355529785156,76000,0.0,False
2026-09-11,191.77999877929688,191.77999877929688,189.6199951171875,190.50999450683594,189.9915313720703,37300,0.0,False
2026-09-14,190.30999755859375,191.75,188.10000610351562,188.8699951171875,188.3560028076172,47600,0.0,False
2026-09-15,187.0800018310547,187.0800018310547,183.4199981689453,185.22999572753906,185.22999572753906,340900,0.0,False
2026-09-16,185.44000244140625,185.44000244140625,179.22000122070312,181.16000366210938,181.16000366210938,89800,0.0,False
2026-09-17,182.85000610351562,182.86000061035156,180.30999755859375,182.50999450683594,182.50999450683594,95300,0.0,False
2026-09-18,182.42999267578125,184.91000366210938,182.07000732421875,184.8000030517578,184.8000030517578,47400,0.0,False
2026-09-21,187.2100067138672,187.61000061035156,186.0,187.10000610351562,187.10000610351562,39100,0.0,False
2026-09-22,187.47999572753906,187.47999572753906,181.9600067138672,183.44000244140625,183.44000244140625,91700,0.0,False
2026-09-23,182.49000549316406,185.0500030517578,182.49000549316406,182.8300018310547,182.8300018310547,48000,0.0,False
2026-09-24,182.0,182.0,179.8699951171875,181.0800018310547,181.0800018310547,50200,0.0,False
2026-09-25,181.44000244140625,181.58999633789062,179.08999633789062,180.8800048828125,180.8800048828125,41100,0.0,False
2026-09-28,180.36000061035156,180.36000061035156,178.24000549316406,179.0,179.0,24046,0.0,True
