Date,Open,High,Low,Close,Adj_Close,Volume,Capital_Gains,Repaired?
2010-01-08,8.73799991607666,9.0,8.633999824523926,8.633999824523926,8.633999824523926,1474500,0.0,False
2010-01-11,8.729999542236328,8.748000144958496,8.630000114440918,8.739999771118164,8.739999771118164,1694000,0.0,False
2010-01-12,8.723999977111816,8.767999649047852,8.460000038146973,8.460000038146973,8.460000038146973,1704500,0.0,False
2010-01-13,8.479999542236328,8.541999816894531,8.338000297546387,8.531999588012695,8.531999588012695,5057000,0.0,False
2010-01-14,8.78600025177002,9.003999710083008,8.772000312805176,8.968000411987305,8.968000411987305,1823000,0.0,False
2010-01-15,9.03600025177002,9.152000427246094,8.880000114440918,9.152000427246094,9.152000427246094,2211500,0.0,False
2010-01-19,9.20199966430664,9.416000366210938,9.140000343322754,9.387999534606934,9.387999534606934,3146000,0.0,False
2010-01-20,9.317999839782715,9.461999893188477,9.034000396728516,9.40999984741211,9.40999984741211,3216000,0.0,False
2010-01-21,9.319999694824219,9.395999908447266,9.013999938964844,9.0600004196167,9.0600004196167,1942500,0.0,False
2010-01-22,8.739999771118164,8.878000259399414,8.520000457763672,8.65999984741211,8.65999984741211,1718000,0.0,False
2010-01-25,8.736000061035156,8.883999824523926,8.685999870300293,8.871999740600586,8.871999740600586,922500,0.0,False
2010-01-26,8.553999900817871,8.619999885559082,8.47599983215332,8.550000190734863,8.550000190734863,1691000,0.0,False
2010-01-27,8.447999954223633,8.48799991607666,8.185999870300293,8.267999649047852,8.267999649047852,2099000,0.0,False
2010-01-28,8.522000312805176,8.526000022888184,8.170000076293945,8.432000160217285,8.432000160217285,1409000,0.0,False
2010-01-29,8.390000343322754,8.442000389099121,8.229999542236328,8.34000015258789,8.34000015258789,850000,0.0,False
2010-02-01,8.498000144958496,8.656000137329102,8.425999641418457,8.649999618530273,8.649999618530273,947000,0.0,False
2010-02-02,8.819999694824219,8.890000343322754,8.76200008392334,8.859999656677246,8.859999656677246,1541500,0.0,False
2010-02-03,8.871999740600586,8.911999702453613,8.696000099182129,8.772000312805176,8.772000312805176,601000,0.0,False
2010-02-04,8.513999938964844,8.513999938964844,8.088000297546387,8.170000076293945,8.170000076293945,2036500,0.0,False
2010-02-05,7.926000118255615,8.109999656677246,7.697999954223633,8.017999649047852,8.017999649047852,2723500,0.0,False
2010-02-08,8.069999694824219,8.163999557495117,8.0,8.13599967956543,8.13599967956543,281500,0.0,False
2010-02-09,8.27400016784668,8.390000343322754,8.265999794006348,8.381999969482422,8.381999969482422,1227500,0.0,False
2010-02-10,8.342000007629395,8.345999717712402,8.142000198364258,8.272000312805176,8.272000312805176,464000,0.0,False
2010-02-11,8.333999633789062,8.442000389099121,8.244000434875488,8.416000366210938,8.416000366210938,867000,0.0,False
2010-02-12,8.303999900817871,8.395999908447266,8.197999954223633,8.343999862670898,8.343999862670898,611000,0.0,False
2010-02-16,8.64799976348877,8.687999725341797,8.609999656677246,8.663999557495117,8.663999557495117,576000,0.0,False
2010-02-17,8.800000190734863,8.819999694824219,8.70199966430664,8.758000373840332,8.758000373840332,486000,0.0,False
2010-02-18,8.760000228881836,8.781999588012695,8.64799976348877,8.781999588012695,8.781999588012695,338500,0.0,False
2010-02-19,8.649999618530273,8.965999603271484,8.63599967956543,8.772000312805176,8.772000312805176,520000,0.0,False
2010-02-22,8.829999923706055,8.85200023651123,8.699999809265137,8.836000442504883,8.836000442504883,307500,0.0,False
2010-02-23,8.776000022888184,8.836000442504883,8.600000381469727,8.609999656677246,8.609999656677246,391500,0.0,False
2010-02-24,8.57800006866455,8.604000091552734,8.399999618530273,8.430000305175781,8.430000305175781,723000,0.0,False
2010-02-25,8.347999572753906,8.501999855041504,8.319999694824219,8.437999725341797,8.437999725341797,672500,0.0,False
2010-02-26,8.586000442504883,8.65999984741211,8.5600004196167,8.645999908447266,8.645999908447266,469000,0.0,False
2010-03-01,8.739999771118164,8.75,8.652000427246094,8.652000427246094,8.652000427246094,1466000,0.0,False
2010-03-02,8.821999549865723,8.890000343322754,8.791999816894531,8.82800006866455,8.82800006866455,1513000,0.0,False
2010-03-03,8.887999534606934,9.04800033569336,8.85200023651123,8.979999542236328,8.979999542236328,700500,0.0,False
2010-03-04,9.119999885559082,9.289999961853027,9.0,9.258000373840332,9.258000373840332,2390500,0.0,False
2010-03-05,9.343999862670898,9.555999755859375,9.324000358581543,9.54800033569336,9.54800033569336,1073500,0.0,False
2010-03-08,9.529999732971191,9.529999732971191,9.359999656677246,9.40999984741211,9.40999984741211,916500,0.0,False
2010-03-09,9.263999938964844,9.456000328063965,9.260000228881836,9.357999801635742,9.357999801635742,426000,0.0,False
2010-03-10,9.390000343322754,9.517999649047852,9.17199993133545,9.25,9.25,840000,0.0,False
2010-03-11,9.022000312805176,9.244000434875488,9.0,9.20199966430664,9.20199966430664,975000,0.0,False
2010-03-12,9.253999710083008,9.336000442504883,9.210000038146973,9.26200008392334,9.26200008392334,580500,0.0,False
2010-03-15,9.222000122070312,9.300000190734863,9.14799976348877,9.265999794006348,9.265999794006348,475000,0.0,False
2010-03-16,9.359999656677246,9.498000144958496,9.312000274658203,9.447999954223633,9.447999954223633,444000,0.0,False
2010-03-17,9.503999710083008,9.656000137329102,9.460000038146973,9.571999549865723,9.571999549865723,844500,0.0,False
2010-03-18,9.510000228881836,9.586000442504883,9.491999626159668,9.562000274658203,9.562000274658203,556000,0.0,False
2010-03-19,9.354000091552734,9.571999549865723,9.300000190734863,9.354000091552734,9.354000091552734,742500,0.0,False
2010-03-22,9.062000274658203,9.241999626159668,9.029999732971191,9.140000343322754,9.140000343322754,519000,0.0,False
2010-03-23,9.131999969482422,9.333999633789062,9.069999694824219,9.295999526977539,9.295999526977539,717500,0.0,False
2010-03-24,9.053999900817871,9.128000259399414,8.803999900817871,8.907999992370605,8.907999992370605,1829500,0.0,False
2010-03-25,8.984000205993652,9.069999694824219,8.935999870300293,9.038000106811523,9.038000106811523,791000,0.0,False
2010-03-26,9.121999740600586,9.208000183105469,9.067999839782715,9.116000175476074,9.116000175476074,493500,0.0,False
2010-03-29,9.486000061035156,9.520000457763672,9.420000076293945,9.482000350952148,9.482000350952148,820500,0.0,False
2010-03-30,9.446000099182129,9.449999809265137,9.366000175476074,9.435999870300293,9.435999870300293,324000,0.0,False
2010-03-31,9.600000381469727,9.718000411987305,9.526000022888184,9.569999694824219,9.569999694824219,554000,0.0,False
2010-04-01,9.838000297546387,9.86400032043457,9.753999710083008,9.784000396728516,9.784000396728516,676500,0.0,False
2010-04-05,9.842000007629395,10.196000099182129,9.821999549865723,10.076000213623047,10.076000213623047,956500,0.0,False
2010-04-06,10.104000091552734,10.220000267028809,10.062000274658203,10.161999702453613,10.161999702453613,1135000,0.0,False
2010-04-07,10.211999893188477,10.246000289916992,10.10200023651123,10.178000450134277,10.178000450134277,2419000,0.0,False
2010-04-08,10.03600025177002,10.12600040435791,10.015999794006348,10.112000465393066,10.112000465393066,1913000,0.0,False
2010-04-09,10.180000305175781,10.276000022888184,10.15999984741211,10.263999938964844,10.263999938964844,964500,0.0,False
2010-04-12,10.321999549865723,10.491999626159668,10.312000274658203,10.387999534606934,10.387999534606934,863500,0.0,False
2010-04-13,10.383999824523926,10.59000015258789,10.279999732971191,10.583999633789062,10.583999633789062,1828500,0.0,False
2010-04-14,10.881999969482422,11.0,10.831999778747559,10.947999954223633,10.947999954223633,1866500,0.0,False
2010-04-15,10.887999534606934,10.984000205993652,10.85200023651123,10.895999908447266,10.895999908447266,1105000,0.0,False
2010-04-16,10.711999893188477,10.781999588012695,10.482000350952148,10.618000030517578,10.618000030517578,2545000,0.0,False
2010-04-19,10.494000434875488,10.755999565124512,10.473999977111816,10.755999565124512,10.755999565124512,787500,0.0,False
2010-04-20,10.868000030517578,11.069999694824219,10.842000007629395,11.045999526977539,11.045999526977539,1177000,0.0,False
2010-04-21,11.295999526977539,11.40999984741211,11.236000061035156,11.300000190734863,11.300000190734863,1331500,0.0,False
2010-04-22,11.17199993133545,11.321999549865723,11.027999877929688,11.317999839782715,11.317999839782715,1210000,0.0,False
2010-04-23,11.095999717712402,11.302000045776367,11.050000190734863,11.251999855041504,11.251999855041504,817000,0.0,False
2010-04-26,11.402000427246094,11.42199993133545,11.22599983215332,11.300000190734863,11.300000190734863,901500,0.0,False
2010-04-27,11.100000381469727,11.293999671936035,10.899999618530273,10.954000473022461,10.954000473022461,1534500,0.0,False
2010-04-28,10.89799976348877,10.916000366210938,10.682000160217285,10.77400016784668,10.77400016784668,1291500,0.0,False
2010-04-29,10.894000053405762,11.043999671936035,10.871999740600586,11.0,11.0,1046000,0.0,False
2010-04-30,11.076000213623047,11.095999717712402,10.918000221252441,10.960000038146973,10.960000038146973,1424500,0.0,False
2010-05-03,10.9399995803833,10.949999809265137,10.78600025177002,10.831999778747559,10.831999778747559,870500,0.0,False
2010-05-04,10.510000228881836,10.527999877929688,10.21399974822998,10.32800006866455,10.32800006866455,2550500,0.0,False
2010-05-05,9.772000312805176,10.369999885559082,9.65999984741211,10.013999938964844,10.013999938964844,3520000,0.0,False
2010-05-06,10.079999923706055,10.317999839782715,9.90999984741211,10.053999900817871,10.053999900817871,875500,0.0,False
2010-05-07,10.074000358581543,10.442000389099121,9.87399959564209,10.260000228881836,10.260000228881836,2315500,0.0,False
2010-05-10,10.543999671936035,10.628000259399414,10.32800006866455,10.604000091552734,10.604000091552734,1490000,0.0,False
2010-05-11,10.477999687194824,10.663999557495117,10.399999618530273,10.663999557495117,10.663999557495117,1202000,0.0,False
2010-05-12,10.826000213623047,10.979999542236328,10.795999526977539,10.843999862670898,10.843999862670898,1890000,0.0,False
2010-05-13,10.845999717712402,10.996000289916992,10.800000190734863,10.829999923706055,10.829999923706055,671500,0.0,False
2010-05-14,10.720000267028809,10.720000267028809,10.399999618530273,10.534000396728516,10.534000396728516,1348000,0.0,False
2010-05-17,10.37399959564209,10.404000282287598,9.87600040435791,10.104000091552734,10.104000091552734,3447500,0.0,False
2010-05-18,10.149999618530273,10.192000389099121,9.899999618530273,9.937999725341797,9.937999725341797,632000,0.0,False
2010-05-19,9.496000289916992,9.564000129699707,9.0,9.184000015258789,9.184000015258789,4046500,0.0,False
2010-05-20,8.390000343322754,8.583999633789062,8.140000343322754,8.371999740600586,8.371999740600586,5546000,0.0,False
2010-05-21,8.63599967956543,8.935999870300293,8.515999794006348,8.668000221252441,8.668000221252441,2712500,0.0,False
2010-05-24,9.0,9.109999656677246,8.880000114440918,8.972000122070312,8.972000122070312,1075000,0.0,False
2010-05-25,8.612000465393066,8.82800006866455,8.538000106811523,8.824000358581543,8.824000358581543,2113000,0.0,False
2010-05-26,8.937999725341797,9.005999565124512,8.833999633789062,8.857999801635742,8.857999801635742,971500,0.0,False
2010-05-27,9.055999755859375,9.276000022888184,9.052000045776367,9.26200008392334,9.26200008392334,927000,0.0,False
2010-05-28,9.354000091552734,9.425999641418457,9.034000396728516,9.184000015258789,9.184000015258789,1025500,0.0,False
2010-06-01,9.116000175476074,9.281999588012695,9.116000175476074,9.130000114440918,9.130000114440918,314000,0.0,False
2010-06-02,8.979999542236328,9.168000221252441,8.894000053405762,9.152000427246094,9.152000427246094,509500,0.0,False
2010-06-03,9.236000061035156,9.236000061035156,8.887999534606934,8.972000122070312,8.972000122070312,389000,0.0,False
2010-06-04,8.770000457763672,8.819999694824219,8.48799991607666,8.529999732971191,8.529999732971191,2093500,0.0,False
2010-06-07,8.435999870300293,8.649999618530273,8.418000221252441,8.605999946594238,8.605999946594238,707000,0.0,False
2010-06-08,8.640000343322754,8.843999862670898,8.640000343322754,8.784000396728516,8.784000396728516,700000,0.0,False
2010-06-09,9.07800006866455,9.131999969482422,8.923999786376953,8.958000183105469,8.958000183105469,901500,0.0,False
2010-06-10,8.998000144958496,9.10200023651123,8.92199993133545,9.043999671936035,9.043999671936035,915500,0.0,False
2010-06-11,9.008000373840332,9.043999671936035,8.894000053405762,8.930000305175781,8.930000305175781,236000,0.0,False
2010-06-14,9.149999618530273,9.229999542236328,9.09000015258789,9.145999908447266,9.145999908447266,572500,0.0,False
2010-06-15,9.218000411987305,9.5,9.211999893188477,9.442000389099121,9.442000389099121,753500,0.0,False
2010-06-16,9.428000450134277,9.477999687194824,9.36400032043457,9.458000183105469,9.458000183105469,290000,0.0,False
2010-06-17,9.604000091552734,9.645999908447266,9.465999603271484,9.645999908447266,9.645999908447266,723000,0.0,False
2010-06-18,9.666000366210938,9.82800006866455,9.630000114440918,9.763999938964844,9.763999938964844,525500,0.0,False
2010-06-21,10.09000015258789,10.09000015258789,9.788000106811523,9.838000297546387,9.838000297546387,1130500,0.0,False
2010-06-22,9.803999900817871,9.814000129699707,9.642000198364258,9.685999870300293,9.685999870300293,525000,0.0,False
2010-06-23,9.656000137329102,9.656000137329102,9.399999618530273,9.45199966430664,9.45199966430664,687500,0.0,False
2010-06-24,9.291999816894531,9.517999649047852,9.288000106811523,9.420000076293945,9.420000076293945,523500,0.0,False
2010-06-25,9.449999809265137,9.565999984741211,9.355999946594238,9.552000045776367,9.552000045776367,318000,0.0,False
2010-06-28,9.5600004196167,9.562000274658203,9.270000457763672,9.302000045776367,9.302000045776367,1593000,0.0,False
2010-06-29,9.180000305175781,9.270000457763672,8.946000099182129,8.965999603271484,8.965999603271484,1583500,0.0,False
2010-06-30,8.789999961853027,8.970000267028809,8.765999794006348,8.805999755859375,8.805999755859375,1446500,0.0,False
2010-07-01,8.657999992370605,8.684000015258789,8.449999809265137,8.616000175476074,8.616000175476074,2541500,0.0,False
2010-07-02,8.682000160217285,8.720000267028809,8.473999977111816,8.616000175476074,8.616000175476074,549500,0.0,False
2010-07-06,8.673999786376953,8.86400032043457,8.552000045776367,8.708000183105469,8.708000183105469,590500,0.0,False
2010-07-07,8.779999732971191,8.972000122070312,8.75,8.949999809265137,8.949999809265137,532000,0.0,False
2010-07-08,8.932000160217285,8.965999603271484,8.685999870300293,8.934000015258789,8.934000015258789,703000,0.0,False
2010-07-09,9.015999794006348,9.15999984741211,8.998000144958496,9.15999984741211,9.15999984741211,669000,0.0,False
2010-07-12,9.092000007629395,9.12399959564209,8.984000205993652,9.04800033569336,9.04800033569336,315500,0.0,False
2010-07-13,9.267999649047852,9.36400032043457,9.215999603271484,9.234000205993652,9.234000205993652,2106000,0.0,False
2010-07-14,9.300000190734863,9.390000343322754,9.246000289916992,9.312000274658203,9.312000274658203,568500,0.0,False
2010-07-15,9.355999946594238,9.418000221252441,9.258000373840332,9.347999572753906,9.347999572753906,514500,0.0,False
2010-07-16,9.079999923706055,9.10200023651123,8.878000259399414,8.920000076293945,8.920000076293945,760000,0.0,False
2010-07-19,8.918000221252441,8.920000076293945,8.76200008392334,8.904000282287598,8.904000282287598,970500,0.0,False
2010-07-20,8.736000061035156,9.064000129699707,8.723999977111816,9.005999565124512,9.005999565124512,345000,0.0,False
2010-07-21,9.069999694824219,9.092000007629395,8.902000427246094,8.947999954223633,8.947999954223633,189500,0.0,False
2010-07-22,9.052000045776367,9.161999702453613,9.052000045776367,9.09000015258789,9.09000015258789,527000,0.0,False
2010-07-23,9.182000160217285,9.362000465393066,9.149999618530273,9.27400016784668,9.27400016784668,693000,0.0,False
2010-07-26,9.526000022888184,9.527999877929688,9.420000076293945,9.498000144958496,9.498000144958496,500000,0.0,False
2010-07-27,9.5,9.505999565124512,9.293999671936035,9.336000442504883,9.336000442504883,727000,0.0,False
2010-07-28,9.303999900817871,9.366000175476074,9.303999900817871,9.315999984741211,9.315999984741211,197500,0.0,False
2010-07-29,9.685999870300293,9.800000190734863,9.592000007629395,9.656000137329102,9.656000137329102,1194000,0.0,False
2010-07-30,9.704000473022461,9.977999687194824,9.685999870300293,9.935999870300293,9.935999870300293,829000,0.0,False
2010-08-02,10.055999755859375,10.300000190734863,10.015999794006348,10.22599983215332,10.22599983215332,1297000,0.0,False
2010-08-03,10.196000099182129,10.199999809265137,9.949999809265137,9.960000038146973,9.960000038146973,494000,0.0,False
2010-08-04,10.09000015258789,10.128000259399414,9.871999740600586,9.946000099182129,9.946000099182129,569500,0.0,False
2010-08-05,9.862000465393066,9.934000015258789,9.770000457763672,9.925999641418457,9.925999641418457,605000,0.0,False
2010-08-06,9.802000045776367,9.880000114440918,9.696000099182129,9.760000228881836,9.760000228881836,376000,0.0,False
2010-08-09,9.668000221252441,9.670000076293945,9.5,9.53600025177002,9.53600025177002,314500,0.0,False
2010-08-10,9.479999542236328,9.515999794006348,9.390000343322754,9.484000205993652,9.484000205993652,269500,0.0,False
2010-08-11,9.425999641418457,9.45199966430664,9.218000411987305,9.246000289916992,9.246000289916992,469500,0.0,False
2010-08-12,9.37600040435791,9.458000183105469,9.321999549865723,9.336000442504883,9.336000442504883,292500,0.0,False
2010-08-13,9.437999725341797,9.541999816894531,9.434000015258789,9.539999961853027,9.539999961853027,465000,0.0,False
2010-08-16,9.619999885559082,9.687999725341797,9.5600004196167,9.684000015258789,9.684000015258789,441500,0.0,False
2010-08-17,9.854000091552734,9.928000450134277,9.826000213623047,9.920000076293945,9.920000076293945,392000,0.0,False
2010-08-18,9.70199966430664,9.829999923706055,9.621999740600586,9.812000274658203,9.812000274658203,412000,0.0,False
2010-08-19,9.866000175476074,9.89799976348877,9.567999839782715,9.680000305175781,9.680000305175781,594000,0.0,False
2010-08-20,9.543999671936035,9.543999671936035,9.428000450134277,9.501999855041504,9.501999855041504,254500,0.0,False
2010-08-23,9.593999862670898,9.666000366210938,9.498000144958496,9.62399959564209,9.62399959564209,220500,0.0,False
2010-08-24,9.54800033569336,9.715999603271484,9.531999588012695,9.668000221252441,9.668000221252441,274000,0.0,False
2010-08-25,9.746000289916992,9.859999656677246,9.692000389099121,9.833999633789062,9.833999633789062,978000,0.0,False
2010-08-26,10.022000312805176,10.088000297546387,9.918000221252441,9.960000038146973,9.960000038146973,742500,0.0,False
2010-08-27,10.034000396728516,10.079999923706055,9.925999641418457,10.079999923706055,10.079999923706055,643000,0.0,False
2010-08-30,10.010000228881836,10.020000457763672,9.899999618530273,9.907999992370605,9.907999992370605,224000,0.0,False
2010-08-31,9.85200023651123,10.015999794006348,9.850000381469727,9.982000350952148,9.982000350952148,268000,0.0,False
2010-09-01,10.288000106811523,10.36400032043457,10.258000373840332,10.350000381469727,10.350000381469727,496000,0.0,False
2010-09-02,10.378000259399414,10.46399974822998,10.347999572753906,10.46399974822998,10.46399974822998,338500,0.0,False
2010-09-03,10.432000160217285,10.600000381469727,10.418000221252441,10.552000045776367,10.552000045776367,175500,0.0,False
2010-09-07,10.54800033569336,10.54800033569336,10.355999946594238,10.359999656677246,10.359999656677246,388500,0.0,False
2010-09-08,10.425999641418457,10.52400016784668,10.42199993133545,10.447999954223633,10.447999954223633,318500,0.0,False
2010-09-09,10.434000015258789,10.5,10.350000381469727,10.435999870300293,10.435999870300293,451000,0.0,False
2010-09-10,10.317999839782715,10.416000366210938,10.307999610900879,10.354000091552734,10.354000091552734,244000,0.0,False
2010-09-13,10.40999984741211,10.600000381469727,10.40999984741211,10.59000015258789,10.59000015258789,364000,0.0,False
2010-09-14,10.838000297546387,11.034000396728516,10.838000297546387,10.977999687194824,10.977999687194824,689500,0.0,False
2010-09-15,10.97599983215332,11.220000267028809,10.930000305175781,11.079999923706055,11.079999923706055,822000,0.0,False
2010-09-16,11.052000045776367,11.079999923706055,10.907999992370605,10.942000389099121,10.942000389099121,743500,0.0,False
2010-09-17,10.913999557495117,10.92199993133545,10.772000312805176,10.819999694824219,10.819999694824219,476500,0.0,False
2010-09-20,10.723999977111816,10.831999778747559,10.670000076293945,10.692000389099121,10.692000389099121,537000,0.0,False
2010-09-21,10.534000396728516,10.699999809265137,10.496000289916992,10.670000076293945,10.670000076293945,747000,0.0,False
2010-09-22,10.871999740600586,10.925999641418457,10.729999542236328,10.878000259399414,10.878000259399414,984500,0.0,False
2010-09-23,10.753999710083008,11.121999740600586,10.64799976348877,11.038000106811523,11.038000106811523,610500,0.0,False
2010-09-24,11.199999809265137,11.199999809265137,11.118000030517578,11.187999725341797,11.187999725341797,435500,0.0,False
2010-09-27,11.14799976348877,11.175999641418457,10.960000038146973,10.979999542236328,10.979999542236328,2616500,0.0,False
2010-09-28,10.97599983215332,11.223999977111816,10.942000389099121,11.196000099182129,11.196000099182129,905000,0.0,False
2010-09-29,11.265999794006348,11.381999969482422,11.244000434875488,11.342000007629395,11.342000007629395,2241000,0.0,False
2010-09-30,11.39799976348877,11.600000381469727,11.182000160217285,11.276000022888184,11.276000022888184,2651000,0.0,False
2010-10-01,11.468000411987305,11.539999961853027,11.366000175476074,11.425999641418457,11.425999641418457,951500,0.0,False
2010-10-04,11.29800033569336,11.350000381469727,11.170000076293945,11.180000305175781,11.180000305175781,659500,0.0,False
2010-10-05,11.378000259399414,11.550000190734863,11.333999633789062,11.550000190734863,11.550000190734863,1220500,0.0,False
2010-10-06,11.64799976348877,11.77400016784668,11.557999610900879,11.760000228881836,11.760000228881836,2166000,0.0,False
2010-10-07,11.883999824523926,11.904000282287598,11.600000381469727,11.70199966430664,11.70199966430664,5468000,0.0,False
2010-10-08,11.574000358581543,11.802000045776367,11.501999855041504,11.680000305175781,11.680000305175781,912000,0.0,False
2010-10-11,11.699999809265137,11.746000289916992,11.607999801635742,11.706000328063965,11.706000328063965,749000,0.0,False
2010-10-12,11.723999977111816,11.753999710083008,11.501999855041504,11.600000381469727,11.600000381469727,1223000,0.0,False
2010-10-13,11.739999771118164,11.838000297546387,11.673999786376953,11.824000358581543,11.824000358581543,2747500,0.0,False
2010-10-14,11.902000427246094,12.02400016784668,11.883999824523926,11.989999771118164,11.989999771118164,1042000,0.0,False
2010-10-15,11.850000381469727,11.890000343322754,11.678000450134277,11.748000144958496,11.748000144958496,723500,0.0,False
2010-10-18,11.588000297546387,11.807999610900879,11.545999526977539,11.807999610900879,11.807999610900879,607000,0.0,False
2010-10-19,11.399999618530273,11.62600040435791,11.333999633789062,11.333999633789062,11.333999633789062,1394500,0.0,False
2010-10-20,11.550000190734863,11.75,11.543999671936035,11.708000183105469,11.708000183105469,1326000,0.0,False
2010-10-21,11.85200023651123,11.934000015258789,11.579999923706055,11.720000267028809,11.720000267028809,1232500,0.0,False
2010-10-22,11.652000427246094,11.800000190734863,11.637999534606934,11.77400016784668,11.77400016784668,588000,0.0,False
2010-10-25,12.152000427246094,12.215999603271484,12.008000373840332,12.192000389099121,12.192000389099121,1069500,0.0,False
2010-10-26,12.109999656677246,12.5,12.04800033569336,12.496000289916992,12.496000289916992,1545000,0.0,False
2010-10-27,12.48799991607666,12.534000396728516,12.199999809265137,12.307999610900879,12.307999610900879,1215000,0.0,False
2010-10-28,12.541999816894531,12.579999923706055,12.460000038146973,12.543999671936035,12.543999671936035,2292000,0.0,False
2010-10-29,12.736000061035156,12.906000137329102,12.668000221252441,12.895999908447266,12.895999908447266,1396000,0.0,False
2010-11-01,12.96399974822998,12.998000144958496,12.838000297546387,12.970000267028809,12.970000267028809,1403000,0.0,False
2010-11-02,12.965999603271484,12.977999687194824,12.800000190734863,12.859999656677246,12.859999656677246,1116000,0.0,False
2010-11-03,12.751999855041504,12.880000114440918,12.592000007629395,12.869999885559082,12.869999885559082,1135500,0.0,False
2010-11-04,13.331999778747559,13.592000007629395,13.277999877929688,13.576000213623047,13.576000213623047,2902500,0.0,False
2010-11-05,13.494000434875488,13.935999870300293,13.473999977111816,13.684000015258789,13.684000015258789,1502500,0.0,False
2010-11-08,13.895999908447266,14.208000183105469,13.824000358581543,14.104000091552734,14.104000091552734,1674500,0.0,False
2010-11-09,14.574000358581543,14.8100004196167,13.449999809265137,13.628000259399414,13.628000259399414,4006500,0.0,False
2010-11-10,14.064000129699707,14.236000061035156,13.79800033569336,14.039999961853027,14.039999961853027,2061000,0.0,False
2010-11-11,14.260000228881836,14.295999526977539,13.890000343322754,14.21399974822998,14.21399974822998,1396500,0.0,False
2010-11-12,13.972000122070312,14.064000129699707,13.380000114440918,13.597999572753906,13.597999572753906,3010500,0.0,False
2010-11-15,13.562000274658203,13.723999977111816,13.317999839782715,13.338000297546387,13.338000297546387,1441500,0.0,False
2010-11-16,13.144000053405762,13.175999641418457,12.668000221252441,12.755999565124512,12.755999565124512,2775000,0.0,False
2010-11-17,12.90999984741211,13.208000183105469,12.833999633789062,13.093999862670898,13.093999862670898,3162000,0.0,False
2010-11-18,13.545999526977539,13.899999618530273,13.539999961853027,13.85200023651123,13.85200023651123,1370000,0.0,False
2010-11-19,13.902000427246094,14.071999549865723,13.826000213623047,14.008000373840332,14.008000373840332,1754500,0.0,False
2010-11-22,14.001999855041504,14.065999984741211,13.503999710083008,13.821999549865723,13.821999549865723,1436500,0.0,False
2010-11-23,13.46399974822998,13.789999961853027,13.420000076293945,13.699999809265137,13.699999809265137,2075000,0.0,False
2010-11-24,13.859999656677246,13.90999984741211,13.78600025177002,13.890000343322754,13.890000343322754,522000,0.0,False
2010-11-26,13.37600040435791,13.633999824523926,13.270000457763672,13.5,13.5,557500,0.0,False
2010-11-29,13.61400032043457,13.831999778747559,13.447999954223633,13.817999839782715,13.817999839782715,820000,0.0,False
2010-11-30,13.880000114440918,14.0,13.807999610900879,13.944000244140625,13.944000244140625,1514500,0.0,False
2010-12-01,14.32800006866455,14.696000099182129,14.312000274658203,14.65999984741211,14.65999984741211,4346000,0.0,False
2010-12-02,14.821999549865723,15.355999946594238,14.800000190734863,15.246000289916992,15.246000289916992,5651000,0.0,False
2010-12-03,15.227999687194824,15.517999649047852,15.112000465393066,15.270000457763672,15.270000457763672,3215000,0.0,False
2010-12-06,15.199999809265137,15.260000228881836,14.9399995803833,15.121999740600586,15.121999740600586,973500,0.0,False
2010-12-07,15.380000114440918,15.39799976348877,14.350000381469727,14.557999610900879,14.557999610900879,2342000,0.0,False
2010-12-08,14.5,14.618000030517578,14.187999725341797,14.482000350952148,14.482000350952148,2539500,0.0,False
2010-12-09,14.854000091552734,14.9399995803833,14.63599967956543,14.65999984741211,14.65999984741211,1332500,0.0,False
2010-12-10,14.670000076293945,14.697999954223633,14.42199993133545,14.628000259399414,14.628000259399414,830000,0.0,False
2010-12-13,15.137999534606934,15.227999687194824,14.880000114440918,15.062000274658203,15.062000274658203,1270500,0.0,False
2010-12-14,15.043999671936035,15.279999732971191,14.947999954223633,15.137999534606934,15.137999534606934,1011000,0.0,False
2010-12-15,14.996000289916992,15.154000282287598,14.87600040435791,14.911999702453613,14.911999702453613,943500,0.0,False
2010-12-16,14.776000022888184,14.784000396728516,14.484000205993652,14.727999687194824,14.727999687194824,1028000,0.0,False
2010-12-17,14.685999870300293,14.817999839782715,14.52400016784668,14.777999877929688,14.777999877929688,735500,0.0,False
2010-12-20,14.77400016784668,14.821999549865723,14.637999534606934,14.779999732971191,14.779999732971191,723500,0.0,False
2010-12-21,14.918000221252441,15.022000312805176,14.859999656677246,15.020000457763672,15.020000457763672,728000,0.0,False
2010-12-22,15.053999900817871,15.112000465393066,14.947999954223633,14.97599983215332,14.97599983215332,751500,0.0,False
2010-12-23,14.965999603271484,15.069999694824219,14.802000045776367,14.991999626159668,14.991999626159668,432000,0.0,False
2010-12-27,15.14799976348877,15.35200023651123,15.12600040435791,15.343999862670898,15.343999862670898,716500,0.0,False
2010-12-28,15.482000350952148,15.723999977111816,15.437999725341797,15.675999641418457,15.675999641418457,1359500,0.0,False
2010-12-29,15.814000129699707,15.847999572753906,15.720000267028809,15.795999526977539,15.795999526977539,976000,0.0,False
2010-12-30,15.84000015258789,15.887999534606934,15.630000114440918,15.682000160217285,15.682000160217285,577500,0.0,False
2010-12-31,15.871999740600586,15.991999626159668,15.779999732971191,15.972000122070312,15.972000122070312,879000,0.0,False
2011-01-03,15.98799991607666,16.079999923706055,15.829999923706055,15.854000091552734,15.854000091552734,1507000,0.0,False
2011-01-04,15.708000183105469,15.723999977111816,15.227999687194824,15.496000289916992,15.496000289916992,2695500,0.0,False
2011-01-05,15.031999588012695,15.47599983215332,14.907999992370605,15.434000015258789,15.434000015258789,2013500,0.0,False
2011-01-06,15.303999900817871,15.319999694824219,15.097999572753906,15.170000076293945,15.170000076293945,1911000,0.0,False
2011-01-07,14.984000205993652,15.239999771118164,14.871999740600586,14.923999786376953,14.923999786376953,1670500,0.0,False
2011-01-10,15.026000022888184,15.100000381469727,14.859999656677246,14.991999626159668,14.991999626159668,1377500,0.0,False
2011-01-11,15.46399974822998,15.595999717712402,15.324000358581543,15.595999717712402,15.595999717712402,907500,0.0,False
2011-01-12,15.984000205993652,16.167999267578125,15.916000366210938,16.148000717163086,16.148000717163086,1214500,0.0,False
2011-01-13,16.357999801635742,16.357999801635742,16.02199935913086,16.091999053955078,16.091999053955078,1549000,0.0,False
2011-01-14,15.854000091552734,15.979999542236328,15.657999992370605,15.815999984741211,15.815999984741211,1284500,0.0,False
2011-01-18,15.982000350952148,16.20599937438965,15.949999809265137,16.20400047302246,16.20400047302246,2340500,0.0,False
2011-01-19,16.420000076293945,16.483999252319336,16.020000457763672,16.200000762939453,16.200000762939453,1176500,0.0,False
2011-01-20,15.996000289916992,16.266000747680664,15.800000190734863,16.11400032043457,16.11400032043457,1352000,0.0,False
2011-01-21,16.082000732421875,16.374000549316406,16.01799964904785,16.26799964904785,16.26799964904785,1984500,0.0,False
2011-01-24,16.20800018310547,16.371999740600586,16.054000854492188,16.170000076293945,16.170000076293945,981500,0.0,False
2011-01-25,15.657999992370605,15.65999984741211,15.435999870300293,15.541999816894531,15.541999816894531,1662000,0.0,False
2011-01-26,15.687999725341797,16.218000411987305,15.687999725341797,16.209999084472656,16.209999084472656,711000,0.0,False
2011-01-27,16.215999603271484,16.27400016784668,15.925999641418457,15.998000144958496,15.998000144958496,1305000,0.0,False
2011-01-28,15.973999977111816,16.25200080871582,15.965999603271484,16.211999893188477,16.211999893188477,1029500,0.0,False
2011-01-31,15.989999771118164,16.347999572753906,15.98799991607666,16.194000244140625,16.194000244140625,910500,0.0,False
2011-02-01,16.341999053955078,16.395999908447266,16.243999481201172,16.393999099731445,16.393999099731445,994000,0.0,False
2011-02-02,16.29400062561035,16.34000015258789,16.076000213623047,16.195999145507812,16.195999145507812,713000,0.0,False
2011-02-03,16.079999923706055,16.36400032043457,16.013999938964844,16.36199951171875,16.36199951171875,779500,0.0,False
2011-02-04,16.309999465942383,16.56599998474121,16.158000946044922,16.20599937438965,16.20599937438965,919500,0.0,False
2011-02-07,16.327999114990234,16.356000900268555,16.238000869750977,16.256000518798828,16.256000518798828,447500,0.0,False
2011-02-08,16.43199920654297,16.676000595092773,16.312000274658203,16.658000946044922,16.658000946044922,1214000,0.0,False
2011-02-09,16.652000427246094,16.652000427246094,16.354000091552734,16.469999313354492,16.469999313354492,508500,0.0,False
2011-02-10,16.29599952697754,16.440000534057617,16.233999252319336,16.29599952697754,16.29599952697754,497000,0.0,False
2011-02-11,16.356000900268555,16.395999908447266,16.0,16.163999557495117,16.163999557495117,512500,0.0,False
2011-02-14,16.420000076293945,16.600000381469727,16.420000076293945,16.549999237060547,16.549999237060547,744500,0.0,False
2011-02-15,16.718000411987305,16.763999938964844,16.59000015258789,16.68400001525879,16.68400001525879,799500,0.0,False
2011-02-16,16.790000915527344,16.790000915527344,16.562000274658203,16.711999893188477,16.711999893188477,806000,0.0,False
2011-02-17,16.639999389648438,16.780000686645508,16.6200008392334,16.75,16.75,389500,0.0,False
2011-02-18,16.851999282836914,17.06599998474121,16.79800033569336,16.908000946044922,16.908000946044922,1313500,0.0,False
2011-02-22,16.625999450683594,16.65399932861328,15.894000053405762,15.989999771118164,15.989999771118164,2206000,0.0,False
2011-02-23,15.97599983215332,16.152000427246094,15.182000160217285,15.420000076293945,15.420000076293945,4765500,0.0,False
2011-02-24,15.338000297546387,15.496000289916992,15.185999870300293,15.399999618530273,15.399999618530273,3272500,0.0,False
2011-02-25,15.600000381469727,15.767999649047852,15.569999694824219,15.715999603271484,15.715999603271484,1244000,0.0,False
2011-02-28,15.73799991607666,15.92199993133545,15.722000122070312,15.887999534606934,15.887999534606934,1032500,0.0,False
2011-03-01,16.128000259399414,16.257999420166016,16.073999404907227,16.215999603271484,16.215999603271484,1099000,0.0,False
2011-03-02,16.309999465942383,16.398000717163086,16.233999252319336,16.257999420166016,16.257999420166016,894500,0.0,False
2011-03-03,16.25200080871582,16.356000900268555,16.09000015258789,16.15999984741211,16.15999984741211,725000,0.0,False
2011-03-04,16.194000244140625,16.323999404907227,16.013999938964844,16.149999618530273,16.149999618530273,582000,0.0,False
2011-03-07,16.035999298095703,16.076000213623047,15.522000312805176,15.6899995803833,15.6899995803833,1362000,0.0,False
2011-03-08,15.501999855041504,15.722000122070312,15.428000450134277,15.722000122070312,15.722000122070312,1124000,0.0,False
2011-03-09,15.866000175476074,15.866000175476074,15.449999809265137,15.51200008392334,15.51200008392334,1210500,0.0,False
2011-03-10,15.289999961853027,15.300000190734863,15.095999717712402,15.17199993133545,15.17199993133545,4854000,0.0,False
2011-03-11,14.906000137329102,15.236000061035156,14.802000045776367,15.052000045776367,15.052000045776367,2745500,0.0,False
2011-03-14,14.972000122070312,14.991999626159668,14.751999855041504,14.800000190734863,14.800000190734863,1565000,0.0,False
2011-03-15,13.935999870300293,14.071999549865723,13.668000221252441,13.960000038146973,13.960000038146973,5849500,0.0,False
2011-03-16,14.180000305175781,14.319999694824219,13.715999603271484,13.878000259399414,13.878000259399414,2123500,0.0,False
2011-03-17,14.055999755859375,14.324000358581543,14.005999565124512,14.07800006866455,14.07800006866455,2259000,0.0,False
2011-03-18,14.369999885559082,14.539999961853027,14.350000381469727,14.47599983215332,14.47599983215332,1198500,0.0,False
2011-03-21,14.675999641418457,14.843999862670898,14.618000030517578,14.82800006866455,14.82800006866455,1244500,0.0,False
2011-03-22,14.633999824523926,14.760000228881836,14.600000381469727,14.657999992370605,14.657999992370605,434500,0.0,False
2011-03-23,14.692000389099121,14.923999786376953,14.670000076293945,14.89799976348877,14.89799976348877,950000,0.0,False
2011-03-24,14.96399974822998,15.11400032043457,14.824000358581543,14.965999603271484,14.965999603271484,1115000,0.0,False
2011-03-25,14.958000183105469,15.02400016784668,14.836000442504883,14.928000450134277,14.928000450134277,1023000,0.0,False
2011-03-28,14.744000434875488,14.913999557495117,14.70199966430664,14.831999778747559,14.831999778747559,724500,0.0,False
2011-03-29,14.77400016784668,15.071999549865723,14.675999641418457,14.977999687194824,14.977999687194824,756000,0.0,False
2011-03-30,15.043999671936035,15.071999549865723,14.824000358581543,14.934000015258789,14.934000015258789,1498500,0.0,False
2011-03-31,15.206000328063965,15.307999610900879,15.081999778747559,15.206000328063965,15.206000328063965,1035000,0.0,False
2011-04-01,15.317999839782715,15.420000076293945,15.128000259399414,15.35200023651123,15.35200023651123,411500,0.0,False
2011-04-04,15.618000030517578,15.619999885559082,15.470000267028809,15.618000030517578,15.618000030517578,1017000,0.0,False
2011-04-05,15.468000411987305,15.760000228881836,15.458000183105469,15.684000015258789,15.684000015258789,840500,0.0,False
2011-04-06,15.833999633789062,15.868000030517578,15.52400016784668,15.67199993133545,15.67199993133545,1223000,0.0,False
2011-04-07,15.505999565124512,15.779999732971191,15.399999618530273,15.46399974822998,15.46399974822998,1049000,0.0,False
2011-04-08,15.866000175476074,15.87399959564209,15.652000427246094,15.84000015258789,15.84000015258789,743500,0.0,False
2011-04-11,15.826000213623047,15.880000114440918,15.4399995803833,15.447999954223633,15.447999954223633,1033000,0.0,False
2011-04-12,15.454000473022461,15.496000289916992,15.079999923706055,15.104000091552734,15.104000091552734,1769500,0.0,False
2011-04-13,15.317999839782715,15.36400032043457,15.093999862670898,15.239999771118164,15.239999771118164,1530000,0.0,False
2011-04-14,15.157999992370605,15.444000244140625,15.020000457763672,15.380000114440918,15.380000114440918,2100000,0.0,False
2011-04-15,15.329999923706055,15.465999603271484,15.161999702453613,15.246000289916992,15.246000289916992,949500,0.0,False
2011-04-18,14.842000007629395,14.880000114440918,14.583999633789062,14.600000381469727,14.600000381469727,1436000,0.0,False
2011-04-19,14.642000198364258,14.657999992370605,14.40999984741211,14.565999984741211,14.565999984741211,1227000,0.0,False
2011-04-20,15.008000373840332,15.149999618530273,14.956000328063965,15.071999549865723,15.071999549865723,981500,0.0,False
2011-04-21,15.206000328063965,15.3100004196167,15.13599967956543,15.277999877929688,15.277999877929688,724000,0.0,False
2011-04-25,15.284000396728516,15.291999816894531,14.878000259399414,15.13599967956543,15.13599967956543,1344500,0.0,False
2011-04-26,14.946000099182129,15.045999526977539,14.845999717712402,14.956000328063965,14.956000328063965,1214500,0.0,False
2011-04-27,15.010000228881836,15.284000396728516,14.906000137329102,15.255999565124512,15.255999565124512,807000,0.0,False
2011-04-28,15.416000366210938,15.574000358581543,15.26200008392334,15.416000366210938,15.416000366210938,2670500,0.0,False
2011-04-29,15.59000015258789,15.836000442504883,15.567999839782715,15.789999961853027,15.789999961853027,3455000,0.0,False
2011-05-02,15.628000259399414,15.777999877929688,15.260000228881836,15.342000007629395,15.342000007629395,2872500,0.0,False
2011-05-03,15.392000198364258,15.697999954223633,15.130000114440918,15.378000259399414,15.378000259399414,2221500,0.0,False
2011-05-04,15.071999549865723,15.21399974822998,14.699999809265137,14.836000442504883,14.836000442504883,1596500,0.0,False
2011-05-05,14.447999954223633,14.522000312805176,13.847999572753906,14.031999588012695,14.031999588012695,3059500,0.0,False
2011-05-06,14.28600025177002,14.529999732971191,14.017999649047852,14.185999870300293,14.185999870300293,2118500,0.0,False
2011-05-09,14.369999885559082,14.545999526977539,14.369999885559082,14.503999710083008,14.503999710083008,1300000,0.0,False
2011-05-10,14.545999526977539,14.70199966430664,14.447999954223633,14.543999671936035,14.543999671936035,1153000,0.0,False
2011-05-11,14.336000442504883,14.430000305175781,14.154000282287598,14.288000106811523,14.288000106811523,1782500,0.0,False
2011-05-12,14.137999534606934,14.366000175476074,13.998000144958496,14.100000381469727,14.100000381469727,1315000,0.0,False
2011-05-13,14.204000473022461,14.319999694824219,13.946000099182129,14.093999862670898,14.093999862670898,1765500,0.0,False
2011-05-16,14.12600040435791,14.279999732971191,14.12399959564209,14.156000137329102,14.156000137329102,361000,0.0,False
2011-05-17,14.109999656677246,14.315999984741211,14.0,14.312000274658203,14.312000274658203,529000,0.0,False
2011-05-18,14.513999938964844,14.663999557495117,14.479999542236328,14.581999778747559,14.581999778747559,550500,0.0,False
2011-05-19,14.588000297546387,14.619999885559082,14.399999618530273,14.468000411987305,14.468000411987305,398000,0.0,False
2011-05-20,14.479999542236328,14.65999984741211,14.378000259399414,14.618000030517578,14.618000030517578,386500,0.0,False
2011-05-23,14.35200023651123,14.569999694824219,14.350000381469727,14.5,14.5,605000,0.0,False
2011-05-24,14.640000343322754,14.763999938964844,14.588000297546387,14.67199993133545,14.67199993133545,950000,0.0,False
2011-05-25,14.75,14.899999618530273,14.741999626159668,14.87399959564209,14.87399959564209,1124000,0.0,False
2011-05-26,14.946000099182129,15.026000022888184,14.821999549865723,15.013999938964844,15.013999938964844,406500,0.0,False
2011-05-27,15.02400016784668,15.118000030517578,15.020000457763672,15.069999694824219,15.069999694824219,508500,0.0,False
2011-05-31,15.413999557495117,15.581999778747559,15.357999801635742,15.392000198364258,15.392000198364258,1883000,0.0,False
2011-06-01,15.539999961853027,15.654000282287598,15.300000190734863,15.380000114440918,15.380000114440918,1306500,0.0,False
2011-06-02,15.342000007629395,15.430000305175781,15.182000160217285,15.315999984741211,15.315999984741211,1121500,0.0,False
2011-06-03,15.29800033569336,15.605999946594238,15.281999588012695,15.5600004196167,15.5600004196167,1286500,0.0,False
2011-06-06,15.736000061035156,15.84000015258789,15.60200023651123,15.63599967956543,15.63599967956543,1765500,0.0,False
2011-06-07,15.989999771118164,16.076000213623047,15.920000076293945,16.055999755859375,16.055999755859375,1029000,0.0,False
2011-06-08,15.9399995803833,16.025999069213867,15.831999778747559,15.986000061035156,15.986000061035156,661000,0.0,False
2011-06-09,16.076000213623047,16.243999481201172,16.076000213623047,16.222000122070312,16.222000122070312,760000,0.0,False
2011-06-10,16.073999404907227,16.222000122070312,15.968000411987305,16.134000778198242,16.134000778198242,1091500,0.0,False
2011-06-13,15.960000038146973,16.04400062561035,15.732000350952148,15.78600025177002,15.78600025177002,579500,0.0,False
2011-06-14,15.6899995803833,15.883999824523926,15.67199993133545,15.748000144958496,15.748000144958496,703500,0.0,False
2011-06-15,15.592000007629395,15.694000244140625,15.32800006866455,15.343999862670898,15.343999862670898,727500,0.0,False
2011-06-16,15.008000373840332,15.180000305175781,14.960000038146973,14.996000289916992,14.996000289916992,1949000,0.0,False
2011-06-17,14.932000160217285,15.03600025177002,14.739999771118164,14.819999694824219,14.819999694824219,412000,0.0,False
2011-06-20,14.697999954223633,14.855999946594238,14.692000389099121,14.814000129699707,14.814000129699707,449000,0.0,False
2011-06-21,15.081999778747559,15.255999565124512,15.043999671936035,15.223999977111816,15.223999977111816,905500,0.0,False
2011-06-22,15.227999687194824,15.381999969482422,15.144000053405762,15.144000053405762,15.144000053405762,864000,0.0,False
2011-06-23,14.854000091552734,14.881999969482422,14.684000015258789,14.833999633789062,14.833999633789062,867000,0.0,False
2011-06-24,14.607999801635742,14.692000389099121,14.479999542236328,14.505999565124512,14.505999565124512,1405000,0.0,False
2011-06-27,14.345999717712402,14.470000267028809,14.289999961853027,14.435999870300293,14.435999870300293,645500,0.0,False
2011-06-28,14.5,14.654000282287598,14.5,14.642000198364258,14.642000198364258,524000,0.0,False
2011-06-29,14.70199966430664,14.949999809265137,14.64799976348877,14.930000305175781,14.930000305175781,672000,0.0,False
2011-06-30,15.074000358581543,15.116000175476074,15.0,15.100000381469727,15.100000381469727,525000,0.0,False
2011-07-01,14.947999954223633,15.050000190734863,14.838000297546387,15.020000457763672,15.020000457763672,261500,0.0,False
2011-07-05,15.25,15.371999740600586,15.25,15.371999740600586,15.371999740600586,460500,0.0,False
2011-07-06,15.383999824523926,15.399999618530273,15.152000427246094,15.17199993133545,15.17199993133545,845500,0.0,False
2011-07-07,15.442000389099121,15.631999969482422,15.399999618530273,15.597999572753906,15.597999572753906,576500,0.0,False
2011-07-08,15.411999702453613,15.442000389099121,15.3100004196167,15.40999984741211,15.40999984741211,634500,0.0,False
2011-07-11,15.260000228881836,15.307999610900879,15.15999984741211,15.227999687194824,15.227999687194824,556500,0.0,False
2011-07-12,15.053999900817871,15.281999588012695,15.029999732971191,15.17199993133545,15.17199993133545,491500,0.0,False
2011-07-13,15.470000267028809,15.67199993133545,15.399999618530273,15.470000267028809,15.470000267028809,1069000,0.0,False
2011-07-14,15.586000442504883,15.619999885559082,15.371999740600586,15.38599967956543,15.38599967956543,784500,0.0,False
2011-07-15,15.394000053405762,15.552000045776367,15.383999824523926,15.529999732971191,15.529999732971191,461500,0.0,False
2011-07-18,15.70199966430664,15.777999877929688,15.616000175476074,15.77400016784668,15.77400016784668,630500,0.0,False
2011-07-19,15.736000061035156,15.87399959564209,15.592000007629395,15.630000114440918,15.630000114440918,568000,0.0,False
2011-07-20,15.656000137329102,15.788000106811523,15.579999923706055,15.781999588012695,15.781999588012695,378000,0.0,False
2011-07-21,15.87600040435791,16.020000457763672,15.87600040435791,15.954000473022461,15.954000473022461,693000,0.0,False
2011-07-22,16.020000457763672,16.115999221801758,15.960000038146973,16.003999710083008,16.003999710083008,572000,0.0,False
2011-07-25,15.968000411987305,16.027999877929688,15.84000015258789,15.98799991607666,15.98799991607666,382000,0.0,False
2011-07-26,16.06399917602539,16.736000061035156,16.006000518798828,16.604000091552734,16.604000091552734,1919000,0.0,False
2011-07-27,16.742000579833984,16.780000686645508,16.440000534057617,16.45599937438965,16.45599937438965,905000,0.0,False
2011-07-28,16.43000030517578,16.465999603271484,16.32200050354004,16.38800048828125,16.38800048828125,414500,0.0,False
2011-07-29,16.333999633789062,16.493999481201172,16.326000213623047,16.381999969482422,16.381999969482422,632000,0.0,False
2011-08-01,16.68600082397461,16.724000930786133,16.365999221801758,16.440000534057617,16.440000534057617,601500,0.0,False
2011-08-02,16.29199981689453,16.420000076293945,16.266000747680664,16.36400032043457,16.36400032043457,470500,0.0,False
2011-08-03,15.989999771118164,16.038000106811523,15.708000183105469,15.732000350952148,15.732000350952148,991000,0.0,False
2011-08-04,15.477999687194824,15.539999961853027,14.711999893188477,14.772000312805176,14.772000312805176,3998500,0.0,False
2011-08-05,14.727999687194824,14.814000129699707,14.312000274658203,14.72599983215332,14.72599983215332,1425000,0.0,False
2011-08-08,14.501999855041504,14.539999961853027,14.229999542236328,14.276000022888184,14.276000022888184,812000,0.0,False
2011-08-09,14.520000457763672,14.621999740600586,14.371999740600586,14.543999671936035,14.543999671936035,1098500,0.0,False
2011-08-10,14.668000221252441,14.670000076293945,14.336000442504883,14.458000183105469,14.458000183105469,690000,0.0,False
2011-08-11,14.5,14.751999855041504,14.4399995803833,14.692000389099121,14.692000389099121,612000,0.0,False
2011-08-12,14.791999816894531,14.857999801635742,14.699999809265137,14.795999526977539,14.795999526977539,397500,0.0,False
2011-08-15,14.928000450134277,15.034000396728516,14.760000228881836,14.857999801635742,14.857999801635742,473500,0.0,False
2011-08-16,14.859999656677246,15.027999877929688,14.857999801635742,14.998000144958496,14.998000144958496,456000,0.0,False
2011-08-17,15.437999725341797,15.51200008392334,15.267999649047852,15.380000114440918,15.380000114440918,519500,0.0,False
2011-08-18,15.133999824523926,15.184000015258789,14.843999862670898,14.956000328063965,14.956000328063965,1063500,0.0,False
2011-08-19,14.85200023651123,14.949999809265137,14.699999809265137,14.755999565124512,14.755999565124512,988500,0.0,False
2011-08-22,15.031999588012695,15.178000450134277,14.925999641418457,15.13599967956543,15.13599967956543,925000,0.0,False
2011-08-23,15.055999755859375,15.239999771118164,15.017999649047852,15.092000007629395,15.092000007629395,707000,0.0,False
2011-08-24,15.053999900817871,15.09000015258789,14.699999809265137,14.862000465393066,14.862000465393066,406500,0.0,False
2011-08-25,14.777999877929688,14.956000328063965,14.751999855041504,14.807999610900879,14.807999610900879,370500,0.0,False
2011-08-26,14.87399959564209,15.086000442504883,14.793999671936035,15.0600004196167,15.0600004196167,284500,0.0,False
2011-08-29,15.04800033569336,15.04800033569336,14.881999969482422,14.935999870300293,14.935999870300293,246000,0.0,False
2011-08-30,15.166000366210938,15.447999954223633,15.067999839782715,15.368000030517578,15.368000030517578,543000,0.0,False
2011-08-31,15.5,15.663999557495117,15.407999992370605,15.486000061035156,15.486000061035156,633500,0.0,False
2011-09-01,15.40999984741211,15.637999534606934,15.35200023651123,15.581999778747559,15.581999778747559,360500,0.0,False
2011-09-02,15.513999938964844,15.531999588012695,15.329999923706055,15.428000450134277,15.428000450134277,251000,0.0,False
2011-09-06,15.109999656677246,15.109999656677246,14.739999771118164,14.871999740600586,14.871999740600586,476500,0.0,False
2011-09-07,14.763999938964844,14.930000305175781,14.753999710083008,14.902000427246094,14.902000427246094,196000,0.0,False
2011-09-08,15.088000297546387,15.157999992370605,14.968000411987305,14.982000350952148,14.982000350952148,462000,0.0,False
2011-09-09,14.744000434875488,14.746000289916992,14.553999900817871,14.60200023651123,14.60200023651123,417500,0.0,False
2011-09-12,14.29800033569336,14.447999954223633,13.854000091552734,13.991999626159668,13.991999626159668,1460000,0.0,False
2011-09-13,14.210000038146973,14.470000267028809,14.130000114440918,14.357999801635742,14.357999801635742,589000,0.0,False
2011-09-14,14.300000190734863,14.326000213623047,14.211999893188477,14.229999542236328,14.229999542236328,303000,0.0,False
2011-09-15,14.336000442504883,14.381999969482422,14.208000183105469,14.381999969482422,14.381999969482422,657500,0.0,False
2011-09-16,14.517999649047852,14.571999549865723,14.357999801635742,14.444000244140625,14.444000244140625,307000,0.0,False
2011-09-19,14.260000228881836,14.260000228881836,14.055999755859375,14.142000198364258,14.142000198364258,1273500,0.0,False
2011-09-20,14.144000053405762,14.223999977111816,14.116000175476074,14.152000427246094,14.152000427246094,1836000,0.0,False
2011-09-21,14.170000076293945,14.218000411987305,13.706000328063965,13.706000328063965,13.706000328063965,770000,0.0,False
2011-09-22,13.01200008392334,13.187999725341797,12.781999588012695,12.784000396728516,12.784000396728516,2435500,0.0,False
2011-09-23,13.003999710083008,13.092000007629395,12.413999557495117,12.45199966430664,12.45199966430664,2276500,0.0,False
2011-09-26,12.45199966430664,12.567999839782715,12.284000396728516,12.442000389099121,12.442000389099121,1804000,0.0,False
2011-09-27,12.968000411987305,13.015999794006348,12.784000396728516,12.802000045776367,12.802000045776367,1033500,0.0,False
2011-09-28,12.76200008392334,12.793999671936035,12.215999603271484,12.321999549865723,12.321999549865723,637500,0.0,False
2011-09-29,12.368000030517578,12.404000282287598,12.199999809265137,12.263999938964844,12.263999938964844,821000,0.0,False
2011-09-30,12.104000091552734,12.178000450134277,12.0,12.0,12.0,1849500,0.0,False
2011-10-03,11.793999671936035,11.842000007629395,11.579999923706055,11.581999778747559,11.581999778747559,1342000,0.0,False
2011-10-04,11.630000114440918,11.649999618530273,10.720000267028809,10.928000450134277,10.928000450134277,1869500,0.0,False
2011-10-05,10.881999969482422,11.38599967956543,10.579999923706055,11.284000396728516,11.284000396728516,1852500,0.0,False
2011-10-06,11.644000053405762,12.0,11.513999938964844,11.97599983215332,11.97599983215332,445000,0.0,False
2011-10-07,12.039999961853027,12.067999839782715,11.5600004196167,11.67199993133545,11.67199993133545,621500,0.0,False
2011-10-10,12.118000030517578,12.211999893188477,12.045999526977539,12.156000137329102,12.156000137329102,312500,0.0,False
2011-10-11,11.968000411987305,12.128000259399414,11.906000137329102,12.008000373840332,12.008000373840332,312000,0.0,False
2011-10-12,12.104000091552734,12.137999534606934,11.994000434875488,12.064000129699707,12.064000129699707,509000,0.0,False
2011-10-13,11.979999542236328,11.979999542236328,11.649999618530273,11.736000061035156,11.736000061035156,308000,0.0,False
2011-10-14,12.149999618530273,12.399999618530273,12.074000358581543,12.36400032043457,12.36400032043457,361000,0.0,False
2011-10-17,12.498000144958496,12.527999877929688,12.100000381469727,12.206000328063965,12.206000328063965,286500,0.0,False
2011-10-18,12.031999588012695,12.37399959564209,11.902000427246094,12.289999961853027,12.289999961853027,1483000,0.0,False
2011-10-19,12.300000190734863,12.347999572753906,11.87600040435791,11.932000160217285,11.932000160217285,338000,0.0,False
2011-10-20,11.76200008392334,11.887999534606934,11.447999954223633,11.630000114440918,11.630000114440918,443500,0.0,False
2011-10-21,12.210000038146973,12.305999755859375,12.121999740600586,12.197999954223633,12.197999954223633,514000,0.0,False
2011-10-24,12.399999618530273,12.776000022888184,12.399999618530273,12.637999534606934,12.637999534606934,628500,0.0,False
2011-10-25,12.600000381469727,12.935999870300293,12.498000144958496,12.706000328063965,12.706000328063965,642000,0.0,False
2011-10-26,13.0,13.041999816894531,12.692000389099121,12.802000045776367,12.802000045776367,396500,0.0,False
2011-10-27,13.22599983215332,13.319999694824219,13.140000343322754,13.196000099182129,13.196000099182129,655000,0.0,False
2011-10-28,13.092000007629395,13.251999855041504,13.043999671936035,13.12399959564209,13.12399959564209,334000,0.0,False
2011-10-31,12.920000076293945,13.052000045776367,12.781999588012695,12.82800006866455,12.82800006866455,514000,0.0,False
2011-11-01,12.416000366210938,12.72599983215332,12.371999740600586,12.576000213623047,12.576000213623047,750000,0.0,False
2011-11-02,12.734000205993652,12.904000282287598,12.72599983215332,12.862000465393066,12.862000465393066,495000,0.0,False
2011-11-03,13.288000106811523,13.288000106811523,12.855999946594238,12.961999893188477,12.961999893188477,428500,0.0,False
2011-11-04,12.97599983215332,13.020000457763672,12.895999908447266,12.98799991607666,12.98799991607666,106500,0.0,False
2011-11-07,13.064000129699707,13.170000076293945,13.027999877929688,13.12399959564209,13.12399959564209,440500,0.0,False
2011-11-08,13.321999549865723,13.434000015258789,13.246000289916992,13.329999923706055,13.329999923706055,565500,0.0,False
2011-11-09,13.092000007629395,13.105999946594238,12.760000228881836,12.817999839782715,12.817999839782715,574500,0.0,False
2011-11-10,12.776000022888184,12.913999557495117,12.607999801635742,12.795999526977539,12.795999526977539,549500,0.0,False
2011-11-11,12.90999984741211,13.119999885559082,12.90999984741211,13.022000312805176,13.022000312805176,698500,0.0,False
2011-11-14,13.064000129699707,13.180000305175781,13.005999565124512,13.128000259399414,13.128000259399414,417500,0.0,False
2011-11-15,13.11400032043457,13.239999771118164,12.998000144958496,13.118000030517578,13.118000030517578,345000,0.0,False
2011-11-16,12.899999618530273,13.07800006866455,12.755999565124512,12.79800033569336,12.79800033569336,654000,0.0,False
2011-11-17,12.479999542236328,12.503999710083008,11.859999656677246,11.977999687194824,11.977999687194824,884500,0.0,False
2011-11-18,11.965999603271484,12.050000190734863,11.803999900817871,11.90999984741211,11.90999984741211,1429000,0.0,False
2011-11-21,11.706000328063965,11.718000411987305,11.520000457763672,11.621999740600586,11.621999740600586,1803000,0.0,False
2011-11-22,11.645999908447266,12.043999671936035,11.619999885559082,11.932000160217285,11.932000160217285,1165000,0.0,False
2011-11-23,11.605999946594238,11.684000015258789,11.473999977111816,11.52400016784668,11.52400016784668,259000,0.0,False
2011-11-25,11.326000213623047,11.411999702453613,11.208000183105469,11.218000411987305,11.218000411987305,599000,0.0,False
2011-11-28,11.697999954223633,11.736000061035156,11.425999641418457,11.461999893188477,11.461999893188477,632000,0.0,False
2011-11-29,11.494000434875488,11.673999786376953,11.4399995803833,11.562000274658203,11.562000274658203,279500,0.0,False
2011-11-30,12.031999588012695,12.218000411987305,12.003999710083008,12.144000053405762,12.144000053405762,957500,0.0,False
2011-12-01,12.501999855041504,12.631999969482422,12.416000366210938,12.479999542236328,12.479999542236328,373000,0.0,False
2011-12-02,12.970000267028809,12.986000061035156,12.678000450134277,12.741999626159668,12.741999626159668,764000,0.0,False
2011-12-05,12.739999771118164,12.913999557495117,12.503999710083008,12.527999877929688,12.527999877929688,652500,0.0,False
2011-12-06,12.718000411987305,13.28600025177002,12.597999572753906,13.255999565124512,13.255999565124512,607000,0.0,False
2011-12-07,13.503999710083008,13.619999885559082,13.38599967956543,13.418000221252441,13.418000221252441,525500,0.0,False
2011-12-08,13.260000228881836,13.369999885559082,13.052000045776367,13.288000106811523,13.288000106811523,609500,0.0,False
2011-12-09,13.277999877929688,13.600000381469727,13.25,13.505999565124512,13.505999565124512,426000,0.0,False
2011-12-12,13.149999618530273,13.187999725341797,12.890000343322754,13.020000457763672,13.020000457763672,571500,0.0,False
2011-12-13,13.079999923706055,13.305999755859375,12.628000259399414,12.706000328063965,12.706000328063965,826000,0.0,False
2011-12-14,12.0600004196167,12.295999526977539,11.847999572753906,12.227999687194824,12.227999687194824,819500,0.0,False
2011-12-15,12.366000175476074,12.366000175476074,11.97599983215332,12.199999809265137,12.199999809265137,429000,0.0,False
2011-12-16,12.357999801635742,12.442000389099121,12.260000228881836,12.32800006866455,12.32800006866455,182000,0.0,False
2011-12-19,12.357999801635742,12.418000221252441,12.0,12.022000312805176,12.022000312805176,391500,0.0,False
2011-12-20,12.32800006866455,12.454000473022461,12.270000457763672,12.40999984741211,12.40999984741211,507000,0.0,False
2011-12-21,12.482000350952148,12.543999671936035,12.305999755859375,12.53600025177002,12.53600025177002,1639500,0.0,False
2011-12-22,12.496000289916992,13.005999565124512,12.48799991607666,12.89799976348877,12.89799976348877,711000,0.0,False
2011-12-23,13.055999755859375,13.163999557495117,13.055999755859375,13.069999694824219,13.069999694824219,251000,0.0,False
2011-12-27,13.0,13.21399974822998,12.935999870300293,13.076000213623047,13.076000213623047,568000,0.0,False
2011-12-28,12.932000160217285,12.9399995803833,12.498000144958496,12.498000144958496,12.498000144958496,603000,0.0,False
2011-12-29,12.458000183105469,12.595999717712402,12.284000396728516,12.425999641418457,12.425999641418457,454000,0.0,False
2011-12-30,12.531999588012695,13.003999710083008,12.531999588012695,12.911999702453613,12.911999702453613,363500,0.0,False
2012-01-03,13.239999771118164,13.239999771118164,13.04800033569336,13.09000015258789,13.09000015258789,598500,0.0,False
2012-01-04,13.02400016784668,13.11400032043457,12.763999938964844,12.842000007629395,12.842000007629395,453000,0.0,False
2012-01-05,12.718000411987305,12.788000106811523,12.586000442504883,12.631999969482422,12.631999969482422,531000,0.0,False
2012-01-06,12.529999732971191,12.543999671936035,12.086000442504883,12.180000305175781,12.180000305175781,635500,0.0,False
2012-01-09,12.208000183105469,12.26200008392334,12.168000221252441,12.215999603271484,12.215999603271484,509000,0.0,False
2012-01-10,12.644000053405762,12.661999702453613,12.470000267028809,12.553999900817871,12.553999900817871,1143000,0.0,False
2012-01-11,12.571999549865723,12.76200008392334,12.51200008392334,12.748000144958496,12.748000144958496,150500,0.0,False
2012-01-12,12.696000099182129,12.772000312805176,12.468000411987305,12.562000274658203,12.562000274658203,352500,0.0,False
2012-01-13,12.416000366210938,12.640000343322754,12.300000190734863,12.628000259399414,12.628000259399414,464500,0.0,False
2012-01-17,12.871999740600586,12.991999626159668,12.836000442504883,12.871999740600586,12.871999740600586,685000,0.0,False
2012-01-18,12.857999801635742,13.265999794006348,12.826000213623047,13.244000434875488,13.244000434875488,621500,0.0,False
2012-01-19,13.383999824523926,13.48799991607666,13.312000274658203,13.42199993133545,13.42199993133545,1403500,0.0,False
2012-01-20,13.255999565124512,13.416000366210938,13.17199993133545,13.394000053405762,13.394000053405762,810000,0.0,False
2012-01-23,13.435999870300293,13.619999885559082,13.434000015258789,13.618000030517578,13.618000030517578,511500,0.0,False
2012-01-24,13.38599967956543,13.54800033569336,13.371999740600586,13.460000038146973,13.460000038146973,632000,0.0,False
2012-01-25,13.456000328063965,13.748000144958496,13.336000442504883,13.727999687194824,13.727999687194824,895000,0.0,False
2012-01-26,13.829999923706055,13.843999862670898,13.600000381469727,13.680000305175781,13.680000305175781,615500,0.0,False
2012-01-27,13.564000129699707,13.670000076293945,13.541999816894531,13.64799976348877,13.64799976348877,367000,0.0,False
2012-01-30,13.515999794006348,13.621999740600586,13.515999794006348,13.60200023651123,13.60200023651123,157500,0.0,False
2012-01-31,13.722000122070312,13.75,13.529999732971191,13.579999923706055,13.579999923706055,217000,0.0,False
2012-02-01,13.744000434875488,13.8100004196167,13.644000053405762,13.805999755859375,13.805999755859375,1150500,0.0,False
2012-02-02,13.805999755859375,14.010000228881836,13.805999755859375,13.991999626159668,13.991999626159668,1116000,0.0,False
2012-02-03,14.026000022888184,14.064000129699707,13.920000076293945,13.972000122070312,13.972000122070312,512000,0.0,False
2012-02-06,13.781999588012695,13.996000289916992,13.75,13.96399974822998,13.96399974822998,660000,0.0,False
2012-02-07,13.850000381469727,14.034000396728516,13.795999526977539,13.984000205993652,13.984000205993652,650000,0.0,False
2012-02-08,14.005999565124512,14.175999641418457,13.925999641418457,14.119999885559082,14.119999885559082,664500,0.0,False
2012-02-09,14.173999786376953,14.180000305175781,13.986000061035156,14.022000312805176,14.022000312805176,301000,0.0,False
2012-02-10,13.805999755859375,13.925999641418457,13.75,13.90999984741211,13.90999984741211,439000,0.0,False
2012-02-13,13.859999656677246,13.878000259399414,13.75,13.770000457763672,13.770000457763672,326000,0.0,False
2012-02-14,13.59000015258789,13.630000114440918,13.503999710083008,13.571999549865723,13.571999549865723,552000,0.0,False
2012-02-15,13.661999702453613,13.684000015258789,13.456000328063965,13.491999626159668,13.491999626159668,433000,0.0,False
2012-02-16,13.545999526977539,13.789999961853027,13.496000289916992,13.72599983215332,13.72599983215332,514500,0.0,False
2012-02-17,13.75,13.75,13.520000457763672,13.520000457763672,13.520000457763672,247000,0.0,False
2012-02-21,14.008000373840332,14.092000007629395,13.947999954223633,14.022000312805176,14.022000312805176,486500,0.0,False
2012-02-22,14.161999702453613,14.307999610900879,14.145999908447266,14.302000045776367,14.302000045776367,1589000,0.0,False
2012-02-23,14.178000450134277,14.222000122070312,14.092000007629395,14.180000305175781,14.180000305175781,324500,0.0,False
2012-02-24,14.052000045776367,14.149999618530273,13.991999626159668,14.065999984741211,14.065999984741211,274500,0.0,False
2012-02-27,13.986000061035156,14.005999565124512,13.87600040435791,13.88599967956543,13.88599967956543,325000,0.0,False
2012-02-28,14.050000190734863,14.295999526977539,14.020000457763672,14.253999710083008,14.253999710083008,421000,0.0,False
2012-02-29,14.276000022888184,14.331999778747559,13.803999900817871,13.84000015258789,13.84000015258789,621500,0.0,False
2012-03-01,13.894000053405762,14.173999786376953,13.847999572753906,14.092000007629395,14.092000007629395,340000,0.0,False
2012-03-02,14.074000358581543,14.199999809265137,14.02400016784668,14.064000129699707,14.064000129699707,231500,0.0,False
2012-03-05,13.920000076293945,13.958000183105469,13.862000465393066,13.904000282287598,13.904000282287598,369000,0.0,False
2012-03-06,13.28600025177002,13.522000312805176,13.027999877929688,13.074000358581543,13.074000358581543,1586500,0.0,False
2012-03-07,13.345999717712402,13.555999755859375,13.345999717712402,13.522000312805176,13.522000312805176,859000,0.0,False
2012-03-08,13.704000473022461,13.887999534606934,13.593999862670898,13.800000190734863,13.800000190734863,530500,0.0,False
2012-03-09,13.694000244140625,14.010000228881836,13.678000450134277,13.911999702453613,13.911999702453613,665000,0.0,False
2012-03-12,13.944000244140625,13.965999603271484,13.77400016784668,13.871999740600586,13.871999740600586,620000,0.0,False
2012-03-13,13.821999549865723,13.998000144958496,13.803999900817871,13.911999702453613,13.911999702453613,666000,0.0,False
2012-03-14,13.776000022888184,13.862000465393066,13.640000343322754,13.755999565124512,13.755999565124512,650000,0.0,False
2012-03-15,13.715999603271484,13.994000434875488,13.644000053405762,13.960000038146973,13.960000038146973,1130500,0.0,False
2012-03-16,13.826000213623047,13.887999534606934,13.760000228881836,13.803999900817871,13.803999900817871,217000,0.0,False
2012-03-19,13.795999526977539,13.970000267028809,13.777999877929688,13.958000183105469,13.958000183105469,476500,0.0,False
2012-03-20,13.763999938964844,13.82800006866455,13.642000198364258,13.673999786376953,13.673999786376953,689500,0.0,False
2012-03-21,13.6899995803833,13.729999542236328,13.508000373840332,13.513999938964844,13.513999938964844,356000,0.0,False
2012-03-22,12.904000282287598,13.064000129699707,12.815999984741211,12.880000114440918,12.880000114440918,879500,0.0,False
2012-03-23,12.956000328063965,13.086000442504883,12.918000221252441,13.005999565124512,13.005999565124512,495000,0.0,False
2012-03-26,13.093999862670898,13.220000267028809,13.0600004196167,13.161999702453613,13.161999702453613,345000,0.0,False
2012-03-27,13.149999618530273,13.222000122070312,12.965999603271484,12.989999771118164,12.989999771118164,346500,0.0,False
2012-03-28,12.869999885559082,12.87399959564209,12.70199966430664,12.753999710083008,12.753999710083008,547000,0.0,False
2012-03-29,12.855999946594238,12.880000114440918,12.63599967956543,12.734000205993652,12.734000205993652,412000,0.0,False
2012-03-30,12.829999923706055,12.90999984741211,12.692000389099121,12.894000053405762,12.894000053405762,431000,0.0,False
2012-04-02,13.008000373840332,13.130000114440918,12.958000183105469,12.991999626159668,12.991999626159668,216500,0.0,False
2012-04-03,13.045999526977539,13.045999526977539,12.855999946594238,12.925999641418457,12.925999641418457,510000,0.0,False
2012-04-04,12.699999809265137,12.857999801635742,12.449999809265137,12.513999938964844,12.513999938964844,478000,0.0,False
2012-04-05,12.595999717712402,12.767999649047852,12.517999649047852,12.75,12.75,1002500,0.0,False
2012-04-09,12.776000022888184,12.791999816894531,12.65999984741211,12.65999984741211,12.65999984741211,165500,0.0,False
2012-04-10,12.569999694824219,12.619999885559082,12.399999618530273,12.595999717712402,12.595999717712402,371000,0.0,False
2012-04-11,12.618000030517578,12.64799976348877,12.491999626159668,12.579999923706055,12.579999923706055,213000,0.0,False
2012-04-12,12.675999641418457,12.918000221252441,12.663999557495117,12.90999984741211,12.90999984741211,432000,0.0,False
2012-04-13,12.751999855041504,12.838000297546387,12.661999702453613,12.727999687194824,12.727999687194824,287000,0.0,False
2012-04-16,12.767999649047852,12.892000198364258,12.692000389099121,12.892000198364258,12.892000198364258,240000,0.0,False
2012-04-17,12.902000427246094,13.079999923706055,12.784000396728516,13.079999923706055,13.079999923706055,190500,0.0,False
2012-04-18,13.015999794006348,13.092000007629395,12.930000305175781,12.930000305175781,12.930000305175781,159500,0.0,False
2012-04-19,12.996000289916992,13.178000450134277,12.991999626159668,13.100000381469727,13.100000381469727,412500,0.0,False
2012-04-20,13.119999885559082,13.369999885559082,13.119999885559082,13.324000358581543,13.324000358581543,772000,0.0,False
2012-04-23,13.156000137329102,13.267999649047852,13.12600040435791,13.258000373840332,13.258000373840332,480000,0.0,False
2012-04-24,13.329999923706055,13.345999717712402,13.121999740600586,13.175999641418457,13.175999641418457,901000,0.0,False
2012-04-25,13.131999969482422,13.17199993133545,12.850000381469727,13.092000007629395,13.092000007629395,906000,0.0,False
2012-04-26,13.022000312805176,13.289999961853027,12.984000205993652,13.258000373840332,13.258000373840332,524000,0.0,False
2012-04-27,13.38599967956543,13.479999542236328,13.32800006866455,13.465999603271484,13.465999603271484,875000,0.0,False
2012-04-30,13.390000343322754,13.482000350952148,13.319999694824219,13.482000350952148,13.482000350952148,495000,0.0,False
2012-05-01,13.432000160217285,13.503999710083008,13.381999969482422,13.442000389099121,13.442000389099121,554500,0.0,False
2012-05-02,13.21399974822998,13.246000289916992,13.163999557495117,13.163999557495117,13.163999557495117,355000,0.0,False
2012-05-03,13.100000381469727,13.119999885559082,13.008000373840332,13.034000396728516,13.034000396728516,790000,0.0,False
2012-05-04,13.041999816894531,13.119999885559082,12.817999839782715,12.855999946594238,12.855999946594238,668500,0.0,False
2012-05-07,12.887999534606934,12.890000343322754,12.722000122070312,12.784000396728516,12.784000396728516,500000,0.0,False
2012-05-08,12.491999626159668,12.526000022888184,12.263999938964844,12.270000457763672,12.270000457763672,531000,0.0,False
2012-05-09,12.116000175476074,12.1899995803833,12.020000457763672,12.086000442504883,12.086000442504883,1105500,0.0,False
2012-05-10,12.22599983215332,12.270000457763672,12.11400032043457,12.118000030517578,12.118000030517578,258000,0.0,False
2012-05-11,11.9399995803833,12.088000297546387,11.831999778747559,11.85200023651123,11.85200023651123,455000,0.0,False
2012-05-14,11.87600040435791,11.87600040435791,11.642000198364258,11.642000198364258,11.642000198364258,552500,0.0,False
2012-05-15,11.777999877929688,11.866000175476074,11.670000076293945,11.720000267028809,11.720000267028809,795000,0.0,False
2012-05-16,11.73799991607666,11.847999572753906,11.581999778747559,11.668000221252441,11.668000221252441,519000,0.0,False
2012-05-17,11.82800006866455,12.0,11.819999694824219,11.894000053405762,11.894000053405762,610000,0.0,False
2012-05-18,12.003999710083008,12.071999549865723,11.855999946594238,11.911999702453613,11.911999702453613,244500,0.0,False
2012-05-21,12.013999938964844,12.137999534606934,12.013999938964844,12.107999801635742,12.107999801635742,128000,0.0,False
2012-05-22,12.112000465393066,12.152000427246094,11.972000122070312,12.067999839782715,12.067999839782715,245500,0.0,False
2012-05-23,11.930000305175781,11.970000267028809,11.543999671936035,11.706000328063965,11.706000328063965,695000,0.0,False
2012-05-24,11.795999526977539,11.819999694824219,11.52400016784668,11.553999900817871,11.553999900817871,263500,0.0,False
2012-05-25,11.62600040435791,11.682000160217285,11.557999610900879,11.649999618530273,11.649999618530273,324000,0.0,False
2012-05-29,12.01200008392334,12.100000381469727,11.821999549865723,11.904000282287598,11.904000282287598,420000,0.0,False
2012-05-30,11.776000022888184,12.003999710083008,11.64799976348877,12.003999710083008,12.003999710083008,552000,0.0,False
2012-05-31,12.01200008392334,12.116000175476074,11.87399959564209,12.062000274658203,12.062000274658203,239500,0.0,False
2012-06-01,12.074000358581543,12.161999702453613,11.937999725341797,12.039999961853027,12.039999961853027,428000,0.0,False
2012-06-04,12.071999549865723,12.119999885559082,11.989999771118164,12.07800006866455,12.07800006866455,447500,0.0,False
2012-06-05,12.118000030517578,12.300000190734863,12.095999717712402,12.288000106811523,12.288000106811523,176000,0.0,False
2012-06-06,12.302000045776367,12.45199966430664,12.277999877929688,12.387999534606934,12.387999534606934,235000,0.0,False
2012-06-07,12.449999809265137,12.449999809265137,12.227999687194824,12.270000457763672,12.270000457763672,156000,0.0,False
2012-06-08,12.10200023651123,12.142000198364258,12.029999732971191,12.029999732971191,12.029999732971191,158000,0.0,False
2012-06-11,12.276000022888184,12.350000381469727,12.184000015258789,12.270000457763672,12.270000457763672,288000,0.0,False
2012-06-12,12.279999732971191,12.333999633789062,12.173999786376953,12.314000129699707,12.314000129699707,181500,0.0,False
2012-06-13,12.324000358581543,12.37600040435791,12.17199993133545,12.20199966430664,12.20199966430664,169500,0.0,False
2012-06-14,12.27400016784668,12.59000015258789,12.156000137329102,12.491999626159668,12.491999626159668,430000,0.0,False
2012-06-15,12.5,12.526000022888184,12.293999671936035,12.35200023651123,12.35200023651123,442000,0.0,False
2012-06-18,12.432000160217285,12.498000144958496,12.402000427246094,12.46399974822998,12.46399974822998,353000,0.0,False
2012-06-19,12.501999855041504,12.529999732971191,12.32800006866455,12.42199993133545,12.42199993133545,191000,0.0,False
2012-06-20,12.342000007629395,12.449999809265137,12.071999549865723,12.239999771118164,12.239999771118164,229000,0.0,False
2012-06-21,12.14799976348877,12.185999870300293,11.906000137329102,11.98799991607666,11.98799991607666,369500,0.0,False
2012-06-22,11.970000267028809,12.008000373840332,11.918000221252441,12.005999565124512,12.005999565124512,426000,0.0,False
2012-06-25,11.934000015258789,11.98799991607666,11.902000427246094,11.947999954223633,11.947999954223633,139500,0.0,False
2012-06-26,11.84000015258789,11.85200023651123,11.661999702453613,11.732000350952148,11.732000350952148,86000,0.0,False
2012-06-27,11.539999961853027,11.539999961853027,11.35200023651123,11.355999946594238,11.355999946594238,526500,0.0,False
2012-06-28,11.317999839782715,11.34000015258789,11.041999816894531,11.128000259399414,11.128000259399414,2308000,0.0,False
2012-06-29,11.37399959564209,11.539999961853027,11.289999961853027,11.465999603271484,11.465999603271484,271500,0.0,False
2012-07-02,11.470000267028809,11.472000122070312,11.343999862670898,11.347999572753906,11.347999572753906,235000,0.0,False
2012-07-03,11.649999618530273,11.807999610900879,11.649999618530273,11.793999671936035,11.793999671936035,470500,0.0,False
2012-07-05,11.54800033569336,11.661999702453613,11.517999649047852,11.539999961853027,11.539999961853027,197000,0.0,False
2012-07-06,11.51200008392334,11.581999778747559,11.343999862670898,11.343999862670898,11.343999862670898,117000,0.0,False
2012-07-09,11.473999977111816,11.513999938964844,11.468000411987305,11.496000289916992,11.496000289916992,121500,0.0,False
2012-07-10,11.539999961853027,11.571999549865723,11.281999588012695,11.329999923706055,11.329999923706055,109500,0.0,False
2012-07-11,11.36400032043457,11.484000205993652,11.357999801635742,11.468000411987305,11.468000411987305,140500,0.0,False
2012-07-12,11.29800033569336,11.413999557495117,11.244000434875488,11.368000030517578,11.368000030517578,118000,0.0,False
2012-07-13,11.402000427246094,11.53600025177002,11.402000427246094,11.477999687194824,11.477999687194824,90500,0.0,False
2012-07-16,11.494000434875488,11.494000434875488,11.343999862670898,11.381999969482422,11.381999969482422,121000,0.0,False
2012-07-17,11.428000450134277,11.515999794006348,11.314000129699707,11.468000411987305,11.468000411987305,305000,0.0,False
2012-07-18,11.418000221252441,11.418000221252441,11.314000129699707,11.34000015258789,11.34000015258789,361500,0.0,False
2012-07-19,11.381999969482422,11.529999732971191,11.381999969482422,11.5,11.5,83000,0.0,False
2012-07-20,11.347999572753906,11.411999702453613,11.314000129699707,11.314000129699707,11.314000129699707,212500,0.0,False
2012-07-23,11.194000244140625,11.27400016784668,11.12399959564209,11.248000144958496,11.248000144958496,265500,0.0,False
2012-07-24,11.168000221252441,11.197999954223633,10.947999954223633,11.069999694824219,11.069999694824219,404500,0.0,False
2012-07-25,11.142000198364258,11.163999557495117,11.065999984741211,11.130000114440918,11.130000114440918,166000,0.0,False
2012-07-26,11.263999938964844,11.307999610900879,11.184000015258789,11.222000122070312,11.222000122070312,102500,0.0,False
2012-07-27,11.300000190734863,11.39799976348877,11.22599983215332,11.37399959564209,11.37399959564209,164500,0.0,False
2012-07-30,11.38599967956543,11.706000328063965,11.38599967956543,11.59000015258789,11.59000015258789,178000,0.0,False
2012-07-31,11.637999534606934,11.64799976348877,11.562000274658203,11.593999862670898,11.593999862670898,366000,0.0,False
2012-08-01,11.520000457763672,11.567999839782715,11.199999809265137,11.447999954223633,11.447999954223633,288000,0.0,False
2012-08-02,11.291999816894531,11.359999656677246,11.10200023651123,11.180000305175781,11.180000305175781,295000,0.0,False
2012-08-03,11.317999839782715,11.449999809265137,11.291999816894531,11.368000030517578,11.368000030517578,113000,0.0,False
2012-08-06,11.366000175476074,11.460000038146973,11.34000015258789,11.39799976348877,11.39799976348877,195000,0.0,False
2012-08-07,11.522000312805176,11.581999778747559,11.517999649047852,11.526000022888184,11.526000022888184,98500,0.0,False
2012-08-08,11.527999877929688,11.567999839782715,11.513999938964844,11.52400016784668,11.52400016784668,78500,0.0,False
2012-08-09,11.48799991607666,11.61400032043457,11.48799991607666,11.534000396728516,11.534000396728516,106500,0.0,False
2012-08-10,11.38599967956543,11.47599983215332,11.378000259399414,11.456000328063965,11.456000328063965,157000,0.0,False
2012-08-13,11.38599967956543,11.40999984741211,11.28600025177002,11.29800033569336,11.29800033569336,250000,0.0,False
2012-08-14,11.319999694824219,11.510000228881836,11.319999694824219,11.371999740600586,11.371999740600586,114500,0.0,False
2012-08-15,11.338000297546387,11.395999908447266,11.307999610900879,11.355999946594238,11.355999946594238,92500,0.0,False
2012-08-16,11.347999572753906,11.574000358581543,11.347999572753906,11.498000144958496,11.498000144958496,198500,0.0,False
2012-08-17,11.807999610900879,11.996000289916992,11.71399974822998,11.984000205993652,11.984000205993652,1912500,0.0,False
2012-08-20,11.826000213623047,11.996000289916992,11.817999839782715,11.984000205993652,11.984000205993652,180500,0.0,False
2012-08-21,12.149999618530273,12.333999633789062,12.149999618530273,12.277999877929688,12.277999877929688,416500,0.0,False
2012-08-22,12.395999908447266,12.479999542236328,12.295999526977539,12.407999992370605,12.407999992370605,465000,0.0,False
2012-08-23,12.684000015258789,12.934000015258789,12.62600040435791,12.850000381469727,12.850000381469727,1626500,0.0,False
2012-08-24,12.802000045776367,12.88599967956543,12.6899995803833,12.87399959564209,12.87399959564209,628000,0.0,False
2012-08-27,12.736000061035156,12.899999618530273,12.708000183105469,12.789999961853027,12.789999961853027,315000,0.0,False
2012-08-28,12.652000427246094,12.729999542236328,12.501999855041504,12.581999778747559,12.581999778747559,539000,0.0,False
2012-08-29,12.498000144958496,12.630000114440918,12.420000076293945,12.449999809265137,12.449999809265137,244000,0.0,False
2012-08-30,12.513999938964844,12.522000312805176,12.050000190734863,12.107999801635742,12.107999801635742,301500,0.0,False
2012-08-31,12.253999710083008,12.394000053405762,11.92199993133545,12.347999572753906,12.347999572753906,220000,0.0,False
2012-09-04,12.595999717712402,12.65999984741211,12.522000312805176,12.619999885559082,12.619999885559082,326000,0.0,False
2012-09-05,12.609999656677246,12.722000122070312,12.564000129699707,12.685999870300293,12.685999870300293,383000,0.0,False
2012-09-06,12.744000434875488,12.805999755859375,12.666000366210938,12.715999603271484,12.715999603271484,463000,0.0,False
2012-09-07,12.781999588012695,12.90999984741211,12.694000244140625,12.881999969482422,12.881999969482422,446000,0.0,False
2012-09-10,12.973999977111816,13.229999542236328,12.949999809265137,13.118000030517578,13.118000030517578,733000,0.0,False
2012-09-11,13.239999771118164,13.34000015258789,13.168000221252441,13.175999641418457,13.175999641418457,377000,0.0,False
2012-09-12,13.420000076293945,13.446000099182129,13.26200008392334,13.350000381469727,13.350000381469727,586000,0.0,False
2012-09-13,13.465999603271484,13.6899995803833,13.263999938964844,13.515999794006348,13.515999794006348,1045000,0.0,False
2012-09-14,13.736000061035156,13.842000007629395,13.65999984741211,13.704000473022461,13.704000473022461,724000,0.0,False
2012-09-17,13.588000297546387,13.755999565124512,13.305999755859375,13.312000274658203,13.312000274658203,701500,0.0,False
2012-09-18,13.368000030517578,13.501999855041504,13.052000045776367,13.092000007629395,13.092000007629395,362500,0.0,False
2012-09-19,13.272000312805176,13.272000312805176,13.15999984741211,13.206000328063965,13.206000328063965,332000,0.0,False
2012-09-20,13.029999732971191,13.100000381469727,12.907999992370605,13.045999526977539,13.045999526977539,1518500,0.0,False
2012-09-21,13.232000350952148,13.263999938964844,13.144000053405762,13.156000137329102,13.156000137329102,311500,0.0,False
2012-09-24,12.54800033569336,12.723999977111816,12.51200008392334,12.708000183105469,12.708000183105469,544500,0.0,False
2012-09-25,12.645999908447266,12.76200008392334,12.520000457763672,12.520000457763672,12.520000457763672,273500,0.0,False
2012-09-26,12.302000045776367,12.381999969482422,12.142000198364258,12.329999923706055,12.329999923706055,339500,0.0,False
2012-09-27,12.5,12.527999877929688,12.411999702453613,12.508000373840332,12.508000373840332,223000,0.0,False
2012-09-28,12.552000045776367,12.612000465393066,12.51200008392334,12.569999694824219,12.569999694824219,180500,0.0,False
2012-10-01,12.727999687194824,12.831999778747559,12.62600040435791,12.630000114440918,12.630000114440918,366000,0.0,False
2012-10-02,12.741999626159668,12.895999908447266,12.711999893188477,12.843999862670898,12.843999862670898,204500,0.0,False
2012-10-03,12.871999740600586,12.9399995803833,12.805999755859375,12.86400032043457,12.86400032043457,303500,0.0,False
2012-10-04,13.052000045776367,13.302000045776367,13.041999816894531,13.263999938964844,13.263999938964844,270000,0.0,False
2012-10-05,13.133999824523926,13.149999618530273,12.928000450134277,12.965999603271484,12.965999603271484,687500,0.0,False
2012-10-08,12.871999740600586,12.95199966430664,12.831999778747559,12.935999870300293,12.935999870300293,104500,0.0,False
2012-10-09,12.965999603271484,13.027999877929688,12.859999656677246,12.916000366210938,12.916000366210938,182000,0.0,False
2012-10-10,12.800000190734863,12.880000114440918,12.73799991607666,12.776000022888184,12.776000022888184,128500,0.0,False
2012-10-11,12.746000289916992,12.86400032043457,12.746000289916992,12.8100004196167,12.8100004196167,43500,0.0,False
2012-10-12,12.711999893188477,12.755999565124512,12.479999542236328,12.517999649047852,12.517999649047852,175500,0.0,False
2012-10-15,12.534000396728516,12.54800033569336,12.305999755859375,12.442000389099121,12.442000389099121,290000,0.0,False
2012-10-16,12.539999961853027,12.59000015258789,12.513999938964844,12.564000129699707,12.564000129699707,80500,0.0,False
2012-10-17,12.687999725341797,12.862000465393066,12.64799976348877,12.803999900817871,12.803999900817871,118500,0.0,False
2012-10-18,12.739999771118164,12.800000190734863,12.63599967956543,12.644000053405762,12.644000053405762,72500,0.0,False
2012-10-19,12.522000312805176,12.522000312805176,12.204000473022461,12.331999778747559,12.331999778747559,189500,0.0,False
2012-10-22,12.180000305175781,12.291999816894531,12.163999557495117,12.263999938964844,12.263999938964844,116000,0.0,False
2012-10-23,11.87600040435791,11.87600040435791,11.633999824523926,11.67199993133545,11.67199993133545,1146000,0.0,False
2012-10-24,11.776000022888184,11.805999755859375,11.562000274658203,11.67199993133545,11.67199993133545,289500,0.0,False
2012-10-25,11.899999618530273,11.973999977111816,11.807999610900879,11.892000198364258,11.892000198364258,263000,0.0,False
2012-10-26,11.892000198364258,11.892000198364258,11.682000160217285,11.71399974822998,11.71399974822998,166000,0.0,False
2012-10-31,11.942000389099121,11.998000144958496,11.907999992370605,11.944000244140625,11.944000244140625,167500,0.0,False
2012-11-01,12.083999633789062,12.116000175476074,12.008000373840332,12.031999588012695,12.031999588012695,113500,0.0,False
2012-11-02,11.958000183105469,11.968000411987305,11.781999588012695,11.824000358581543,11.824000358581543,90000,0.0,False
2012-11-05,11.789999961853027,12.017999649047852,11.734000205993652,12.01200008392334,12.01200008392334,155500,0.0,False
2012-11-06,12.140000343322754,12.222000122070312,12.093999862670898,12.154000282287598,12.154000282287598,2132000,0.0,False
2012-11-07,12.137999534606934,12.137999534606934,11.836000442504883,11.996000289916992,11.996000289916992,415500,0.0,False
2012-11-08,11.979999542236328,12.10200023651123,11.937999725341797,12.088000297546387,12.088000297546387,70500,0.0,False
2012-11-09,12.086000442504883,12.14799976348877,11.932000160217285,11.961999893188477,11.961999893188477,83000,0.0,False
2012-11-12,12.039999961853027,12.07800006866455,11.920000076293945,11.965999603271484,11.965999603271484,89000,0.0,False
2012-11-13,12.208000183105469,12.526000022888184,12.199999809265137,12.515999794006348,12.515999794006348,273500,0.0,False
2012-11-14,12.67199993133545,12.729999542236328,12.52400016784668,12.527999877929688,12.527999877929688,204500,0.0,False
2012-11-15,12.54800033569336,12.567999839782715,12.392000198364258,12.40999984741211,12.40999984741211,162000,0.0,False
2012-11-16,12.319999694824219,12.38599967956543,12.276000022888184,12.305999755859375,12.305999755859375,144500,0.0,False
2012-11-19,12.666000366210938,12.699999809265137,12.576000213623047,12.645999908447266,12.645999908447266,229500,0.0,False
2012-11-20,12.63599967956543,12.63599967956543,12.491999626159668,12.496000289916992,12.496000289916992,203000,0.0,False
2012-11-21,12.64799976348877,12.855999946594238,12.562000274658203,12.687999725341797,12.687999725341797,514000,0.0,False
2012-11-23,12.942000389099121,13.15999984741211,12.907999992370605,13.131999969482422,13.131999969482422,437000,0.0,False
2012-11-26,13.100000381469727,13.175999641418457,13.008000373840332,13.034000396728516,13.034000396728516,382500,0.0,False
2012-11-27,13.105999946594238,13.170000076293945,13.055999755859375,13.097999572753906,13.097999572753906,481000,0.0,False
2012-11-28,12.73799991607666,13.276000022888184,12.711999893188477,13.258000373840332,13.258000373840332,688000,0.0,False
2012-11-29,13.5,13.59000015258789,13.434000015258789,13.446000099182129,13.446000099182129,879500,0.0,False
2012-11-30,13.47599983215332,13.545999526977539,13.312000274658203,13.444000244140625,13.444000244140625,366500,0.0,False
2012-12-03,13.416000366210938,13.59000015258789,13.407999992370605,13.562000274658203,13.562000274658203,533000,0.0,False
2012-12-04,13.35200023651123,13.461999893188477,13.34000015258789,13.369999885559082,13.369999885559082,267000,0.0,False
2012-12-05,13.281999588012695,13.513999938964844,13.211999893188477,13.447999954223633,13.447999954223633,259000,0.0,False
2012-12-06,13.5,13.736000061035156,13.484000205993652,13.637999534606934,13.637999534606934,145000,0.0,False
2012-12-07,13.753999710083008,13.76200008392334,13.557999610900879,13.704000473022461,13.704000473022461,715000,0.0,False
2012-12-10,13.8100004196167,13.857999801635742,13.73799991607666,13.779999732971191,13.779999732971191,203500,0.0,False
2012-12-11,13.64799976348877,13.727999687194824,13.61400032043457,13.619999885559082,13.619999885559082,179000,0.0,False
2012-12-12,13.710000038146973,13.755999565124512,13.630000114440918,13.64799976348877,13.64799976348877,134000,0.0,False
2012-12-13,13.381999969482422,13.628000259399414,13.355999946594238,13.604000091552734,13.604000091552734,264500,0.0,False
2012-12-14,13.736000061035156,13.84000015258789,13.732000350952148,13.826000213623047,13.826000213623047,183000,0.0,False
2012-12-17,13.67199993133545,13.763999938964844,13.642000198364258,13.748000144958496,13.748000144958496,1019000,0.0,False
2012-12-18,13.70199966430664,13.720000267028809,13.472000122070312,13.538000106811523,13.538000106811523,764500,0.0,False
2012-12-19,13.5600004196167,13.73799991607666,13.5600004196167,13.64799976348877,13.64799976348877,301500,0.0,False
2012-12-20,13.355999946594238,13.47599983215332,13.251999855041504,13.355999946594238,13.355999946594238,179000,0.0,False
2012-12-21,13.281999588012695,13.47599983215332,13.276000022888184,13.333999633789062,13.333999633789062,191000,0.0,False
2012-12-24,13.468000411987305,13.498000144958496,13.383999824523926,13.454000473022461,13.454000473022461,115500,0.0,False
2012-12-26,13.54800033569336,13.600000381469727,13.508000373840332,13.57800006866455,13.57800006866455,89000,0.0,False
2012-12-27,13.732000350952148,13.935999870300293,13.732000350952148,13.913999557495117,13.913999557495117,455500,0.0,False
2012-12-28,13.859999656677246,13.880000114440918,13.630000114440918,13.673999786376953,13.673999786376953,349500,0.0,False
2012-12-31,13.727999687194824,13.87600040435791,13.727999687194824,13.843999862670898,13.843999862670898,281500,0.0,False
2013-01-02,14.0,14.12399959564209,13.821999549865723,13.847999572753906,13.847999572753906,983500,0.0,False
2013-01-03,13.72599983215332,13.779999732971191,13.54800033569336,13.567999839782715,13.567999839782715,166000,0.0,False
2013-01-04,13.51200008392334,13.597999572753906,13.446000099182129,13.501999855041504,13.501999855041504,428500,0.0,False
2013-01-07,13.291999816894531,13.368000030517578,13.07800006866455,13.137999534606934,13.137999534606934,557000,0.0,False
2013-01-08,13.236000061035156,13.28600025177002,13.076000213623047,13.25,13.25,482500,0.0,False
2013-01-09,13.336000442504883,13.630000114440918,13.312000274658203,13.47599983215332,13.47599983215332,374500,0.0,False
2013-01-10,13.77400016784668,13.859999656677246,13.72599983215332,13.781999588012695,13.781999588012695,736000,0.0,False
2013-01-11,13.619999885559082,13.847999572753906,13.539999961853027,13.807999610900879,13.807999610900879,485500,0.0,False
2013-01-14,13.937999725341797,13.944000244140625,13.779999732971191,13.84000015258789,13.84000015258789,382000,0.0,False
2013-01-15,13.942000389099121,14.065999984741211,13.89799976348877,13.942000389099121,13.942000389099121,941500,0.0,False
2013-01-16,14.027999877929688,14.288000106811523,13.984000205993652,14.236000061035156,14.236000061035156,886000,0.0,False
2013-01-17,14.239999771118164,14.35200023651123,14.20199966430664,14.28600025177002,14.28600025177002,549000,0.0,False
2013-01-18,14.260000228881836,14.288000106811523,14.020000457763672,14.187999725341797,14.187999725341797,590000,0.0,False
2013-01-22,14.100000381469727,14.378000259399414,14.088000297546387,14.232000350952148,14.232000350952148,608000,0.0,False
2013-01-23,14.279999732971191,14.315999984741211,14.220000267028809,14.272000312805176,14.272000312805176,188500,0.0,False
2013-01-24,14.145999908447266,14.319999694824219,14.079999923706055,14.251999855041504,14.251999855041504,304000,0.0,False
2013-01-25,14.22599983215332,14.565999984741211,14.196000099182129,14.529999732971191,14.529999732971191,548000,0.0,False
2013-01-28,14.604000091552734,14.722000122070312,14.468000411987305,14.510000228881836,14.510000228881836,733500,0.0,False
2013-01-29,14.515999794006348,14.751999855041504,14.5,14.727999687194824,14.727999687194824,372500,0.0,False
2013-01-30,14.857999801635742,14.857999801635742,14.633999824523926,14.715999603271484,14.715999603271484,436500,0.0,False
2013-01-31,14.543999671936035,14.73799991607666,14.515999794006348,14.595999717712402,14.595999717712402,188000,0.0,False
2013-02-01,14.720000267028809,14.890000343322754,14.70199966430664,14.843999862670898,14.843999862670898,247000,0.0,False
2013-02-04,14.710000038146973,14.930000305175781,14.710000038146973,14.899999618530273,14.899999618530273,1013000,0.0,False
2013-02-05,14.758000373840332,15.07800006866455,14.706000328063965,15.076000213623047,15.076000213623047,454500,0.0,False
2013-02-06,14.97599983215332,15.09000015258789,14.947999954223633,15.0,15.0,558000,0.0,False
2013-02-07,14.979999542236328,15.069999694824219,14.729999542236328,14.781999588012695,14.781999588012695,420000,0.0,False
2013-02-08,14.687999725341797,14.87399959564209,14.63599967956543,14.824000358581543,14.824000358581543,331500,0.0,False
2013-02-11,14.748000144958496,14.944000244140625,14.630000114440918,14.87399959564209,14.87399959564209,275500,0.0,False
2013-02-12,15.097999572753906,15.199999809265137,15.067999839782715,15.17199993133545,15.17199993133545,416000,0.0,False
2013-02-13,15.142000198364258,15.17199993133545,15.01200008392334,15.112000465393066,15.112000465393066,628000,0.0,False
2013-02-14,15.107999801635742,15.15999984741211,14.958000183105469,15.062000274658203,15.062000274658203,243000,0.0,False
2013-02-15,14.805999755859375,14.854000091552734,14.708000183105469,14.831999778747559,14.831999778747559,502000,0.0,False
2013-02-19,15.022000312805176,15.045999526977539,14.947999954223633,14.996000289916992,14.996000289916992,417000,0.0,False
2013-02-20,14.77400016784668,14.77400016784668,14.305999755859375,14.468000411987305,14.468000411987305,669500,0.0,False
2013-02-21,14.17199993133545,14.47599983215332,14.109999656677246,14.416000366210938,14.416000366210938,443000,0.0,False
2013-02-22,14.37399959564209,14.520000457763672,14.314000129699707,14.51200008392334,14.51200008392334,314500,0.0,False
2013-02-25,14.678000450134277,14.75,14.5600004196167,14.579999923706055,14.579999923706055,325500,0.0,False
2013-02-26,14.539999961853027,14.666000366210938,14.39799976348877,14.649999618530273,14.649999618530273,554500,0.0,False
2013-02-27,14.5600004196167,14.736000061035156,14.494000434875488,14.62600040435791,14.62600040435791,208500,0.0,False
2013-02-28,14.567999839782715,14.593999862670898,14.22599983215332,14.3100004196167,14.3100004196167,393500,0.0,False
2013-03-01,14.12399959564209,14.220000267028809,14.020000457763672,14.13599967956543,14.13599967956543,468500,0.0,False
2013-03-04,14.220000267028809,14.227999687194824,13.965999603271484,14.069999694824219,14.069999694824219,346000,0.0,False
2013-03-05,14.317999839782715,14.494000434875488,14.289999961853027,14.460000038146973,14.460000038146973,579500,0.0,False
2013-03-06,14.52400016784668,14.694000244140625,14.461999893188477,14.67199993133545,14.67199993133545,382000,0.0,False
2013-03-07,14.87600040435791,14.934000015258789,14.838000297546387,14.887999534606934,14.887999534606934,280000,0.0,False
2013-03-08,15.0600004196167,15.4399995803833,15.02400016784668,15.37600040435791,15.37600040435791,551500,0.0,False
2013-03-11,15.25,15.312000274658203,15.180000305175781,15.246000289916992,15.246000289916992,484500,0.0,False
2013-03-12,15.182000160217285,15.248000144958496,15.140000343322754,15.144000053405762,15.144000053405762,184000,0.0,False
2013-03-13,15.175999641418457,15.244000434875488,15.062000274658203,15.118000030517578,15.118000030517578,102000,0.0,False
2013-03-14,14.97599983215332,15.12600040435791,14.9399995803833,15.116000175476074,15.116000175476074,133000,0.0,False
2013-03-15,15.154000282287598,15.211999893188477,15.12399959564209,15.178000450134277,15.178000450134277,128500,0.0,False
2013-03-18,14.991999626159668,15.071999549865723,14.913999557495117,14.932000160217285,14.932000160217285,237000,0.0,False
2013-03-19,14.890000343322754,14.986000061035156,14.26200008392334,14.454000473022461,14.454000473022461,474500,0.0,False
2013-03-20,14.640000343322754,14.968000411987305,14.604000091552734,14.869999885559082,14.869999885559082,399500,0.0,False
2013-03-21,14.960000038146973,14.977999687194824,14.800000190734863,14.843999862670898,14.843999862670898,248500,0.0,False
2013-03-22,14.765999794006348,14.95199966430664,14.765999794006348,14.932000160217285,14.932000160217285,213000,0.0,False
2013-03-25,14.98799991607666,14.98799991607666,14.826000213623047,14.850000381469727,14.850000381469727,112500,0.0,False
2013-03-26,14.878000259399414,14.996000289916992,14.805999755859375,14.973999977111816,14.973999977111816,155500,0.0,False
2013-03-27,14.887999534606934,15.11400032043457,14.84000015258789,15.064000129699707,15.064000129699707,264000,0.0,False
2013-03-28,15.079999923706055,15.194000244140625,14.90999984741211,15.145999908447266,15.145999908447266,397500,0.0,False
2013-04-01,15.15999984741211,15.390000343322754,15.130000114440918,15.347999572753906,15.347999572753906,313000,0.0,False
2013-04-02,15.14799976348877,15.220000267028809,15.026000022888184,15.095999717712402,15.095999717712402,513500,0.0,False
2013-04-03,15.043999671936035,15.053999900817871,14.736000061035156,14.779999732971191,14.779999732971191,511500,0.0,False
2013-04-04,14.343999862670898,14.571999549865723,14.168000221252441,14.267999649047852,14.267999649047852,1363000,0.0,False
2013-04-05,14.071999549865723,14.279999732971191,14.069999694824219,14.244000434875488,14.244000434875488,541500,0.0,False
2013-04-08,14.343999862670898,14.387999534606934,14.163999557495117,14.37600040435791,14.37600040435791,277000,0.0,False
2013-04-09,14.263999938964844,14.460000038146973,14.161999702453613,14.251999855041504,14.251999855041504,511000,0.0,False
2013-04-10,14.041999816894531,14.156000137329102,13.960000038146973,14.112000465393066,14.112000465393066,409500,0.0,False
2013-04-11,14.140000343322754,14.489999771118164,14.140000343322754,14.34000015258789,14.34000015258789,301000,0.0,False
2013-04-12,14.067999839782715,14.11400032043457,13.82800006866455,13.842000007629395,13.842000007629395,736000,0.0,False
2013-04-15,13.753999710083008,13.753999710083008,12.760000228881836,12.784000396728516,12.784000396728516,2119500,0.0,False
2013-04-16,13.317999839782715,13.449999809265137,13.223999977111816,13.277999877929688,13.277999877929688,810500,0.0,False
2013-04-17,13.07800006866455,13.184000015258789,12.916000366210938,12.960000038146973,12.960000038146973,408500,0.0,False
2013-04-18,13.10200023651123,13.215999603271484,13.005999565124512,13.076000213623047,13.076000213623047,263000,0.0,False
2013-04-19,13.187999725341797,13.331999778747559,13.100000381469727,13.267999649047852,13.267999649047852,1041500,0.0,False
2013-04-22,13.369999885559082,13.446000099182129,13.324000358581543,13.399999618530273,13.399999618530273,1059000,0.0,False
2013-04-23,13.149999618530273,13.303999900817871,13.088000297546387,13.23799991607666,13.23799991607666,1271000,0.0,False
2013-04-24,13.204000473022461,13.220000267028809,13.057999610900879,13.12600040435791,13.12600040435791,1122000,0.0,False
2013-04-25,13.255999565124512,13.520000457763672,13.23799991607666,13.366000175476074,13.366000175476074,749000,0.0,False
2013-04-26,13.380000114440918,13.468000411987305,13.272000312805176,13.359999656677246,13.359999656677246,239500,0.0,False
2013-04-29,13.605999946594238,13.770000457763672,13.57800006866455,13.682000160217285,13.682000160217285,358000,0.0,False
2013-04-30,13.723999977111816,13.744000434875488,13.619999885559082,13.694000244140625,13.694000244140625,132000,0.0,False
2013-05-01,13.425999641418457,13.543999671936035,13.178000450134277,13.486000061035156,13.486000061035156,293000,0.0,False
2013-05-02,13.557999610900879,13.637999534606934,13.449999809265137,13.60200023651123,13.60200023651123,240000,0.0,False
2013-05-03,13.543999671936035,13.65999984741211,13.456000328063965,13.605999946594238,13.605999946594238,895000,0.0,False
2013-05-06,13.52400016784668,13.687999725341797,13.52400016784668,13.65999984741211,13.65999984741211,221000,0.0,False
2013-05-07,13.407999992370605,13.420000076293945,13.293999671936035,13.37399959564209,13.37399959564209,198500,0.0,False
2013-05-08,13.503999710083008,13.708000183105469,13.503999710083008,13.600000381469727,13.600000381469727,368000,0.0,False
2013-05-09,13.555999755859375,14.062000274658203,13.555999755859375,13.906000137329102,13.906000137329102,932000,0.0,False
2013-05-10,13.72599983215332,13.89799976348877,13.697999954223633,13.862000465393066,13.862000465393066,611000,0.0,False
2013-05-13,13.857999801635742,14.105999946594238,13.817999839782715,14.031999588012695,14.031999588012695,451500,0.0,False
2013-05-14,14.100000381469727,14.350000381469727,14.088000297546387,14.307999610900879,14.307999610900879,467000,0.0,False
2013-05-15,14.22599983215332,14.29800033569336,14.11400032043457,14.184000015258789,14.184000015258789,172000,0.0,False
2013-05-16,14.260000228881836,14.557999610900879,14.260000228881836,14.489999771118164,14.489999771118164,368000,0.0,False
2013-05-17,14.539999961853027,14.567999839782715,14.39799976348877,14.47599983215332,14.47599983215332,451000,0.0,False
2013-05-20,14.395999908447266,14.807999610900879,14.395999908447266,14.706000328063965,14.706000328063965,460500,0.0,False
2013-05-21,14.486000061035156,14.704000473022461,14.42199993133545,14.60200023651123,14.60200023651123,618000,0.0,False
2013-05-22,14.67199993133545,14.795999526977539,14.593999862670898,14.63599967956543,14.63599967956543,1667500,0.0,False
2013-05-23,14.447999954223633,14.539999961853027,14.406000137329102,14.423999786376953,14.423999786376953,608500,0.0,False
2013-05-24,14.331999778747559,14.387999534606934,14.15999984741211,14.232000350952148,14.232000350952148,248000,0.0,False
2013-05-28,14.383999824523926,14.979999542236328,14.362000465393066,14.770000457763672,14.770000457763672,678500,0.0,False
2013-05-29,14.579999923706055,14.718000411987305,14.579999923706055,14.65999984741211,14.65999984741211,425500,0.0,False
2013-05-30,14.760000228881836,14.942000389099121,14.758000373840332,14.855999946594238,14.855999946594238,292000,0.0,False
2013-05-31,14.574000358581543,14.819999694824219,14.552000045776367,14.661999702453613,14.661999702453613,175000,0.0,False
2013-06-03,14.791999816894531,14.935999870300293,14.710000038146973,14.843999862670898,14.843999862670898,1056000,0.0,False
2013-06-04,14.694000244140625,14.767999649047852,14.678000450134277,14.751999855041504,14.751999855041504,425000,0.0,False
2013-06-05,14.751999855041504,14.892000198364258,14.744000434875488,14.842000007629395,14.842000007629395,437500,0.0,False
2013-06-06,14.880000114440918,14.973999977111816,14.87399959564209,14.906000137329102,14.906000137329102,203500,0.0,False
2013-06-07,14.729999542236328,14.916000366210938,14.65999984741211,14.847999572753906,14.847999572753906,312000,0.0,False
2013-06-10,14.899999618530273,15.104000091552734,14.881999969482422,15.100000381469727,15.100000381469727,354500,0.0,False
2013-06-11,14.748000144958496,14.829999923706055,14.675999641418457,14.682000160217285,14.682000160217285,422000,0.0,False
2013-06-12,14.741999626159668,14.859999656677246,14.699999809265137,14.791999816894531,14.791999816894531,289000,0.0,False
2013-06-13,14.543999671936035,14.5600004196167,14.222000122070312,14.354000091552734,14.354000091552734,701000,0.0,False
2013-06-14,14.26200008392334,14.380000114440918,14.25,14.303999900817871,14.303999900817871,233000,0.0,False
2013-06-17,14.11400032043457,14.128000259399414,13.956000328063965,13.961999893188477,13.961999893188477,1100500,0.0,False
2013-06-18,13.82800006866455,13.907999992370605,13.751999855041504,13.904000282287598,13.904000282287598,1182000,0.0,False
2013-06-19,13.836000442504883,13.836000442504883,13.552000045776367,13.569999694824219,13.569999694824219,446000,0.0,False
2013-06-20,12.989999771118164,13.204000473022461,12.930000305175781,12.98799991607666,12.98799991607666,3833500,0.0,False
2013-06-21,13.236000061035156,13.300000190734863,13.020000457763672,13.267999649047852,13.267999649047852,1351000,0.0,False
2013-06-24,13.13599967956543,13.13599967956543,12.70199966430664,12.956000328063965,12.956000328063965,604500,0.0,False
2013-06-25,13.149999618530273,13.15999984741211,13.0,13.008000373840332,13.008000373840332,299500,0.0,False
2013-06-26,12.779999732971191,12.78600025177002,12.362000465393066,12.371999740600586,12.371999740600586,529500,0.0,False
2013-06-27,12.59000015258789,12.847999572753906,12.5600004196167,12.696000099182129,12.696000099182129,1474500,0.0,False
2013-06-28,12.640000343322754,12.972000122070312,12.60200023651123,12.930000305175781,12.930000305175781,469500,0.0,False
2013-07-01,13.302000045776367,13.515999794006348,13.302000045776367,13.446000099182129,13.446000099182129,1138500,0.0,False
2013-07-02,13.550000190734863,13.600000381469727,13.347999572753906,13.437999725341797,13.437999725341797,160500,0.0,False
2013-07-03,13.4399995803833,13.527999877929688,13.357999801635742,13.434000015258789,13.434000015258789,192500,0.0,False
2013-07-05,13.142000198364258,13.402000427246094,13.074000358581543,13.394000053405762,13.394000053405762,200500,0.0,False
2013-07-08,13.642000198364258,13.722000122070312,13.567999839782715,13.666000366210938,13.666000366210938,266000,0.0,False
2013-07-09,13.684000015258789,13.815999984741211,13.62600040435791,13.697999954223633,13.697999954223633,159500,0.0,False
2013-07-10,13.899999618530273,14.0,13.890000343322754,13.960000038146973,13.960000038146973,453500,0.0,False
2013-07-11,14.182000160217285,14.218000411987305,14.01200008392334,14.053999900817871,14.053999900817871,339000,0.0,False
2013-07-12,13.991999626159668,14.175999641418457,13.991999626159668,14.104000091552734,14.104000091552734,120000,0.0,False
2013-07-15,14.199999809265137,14.357999801635742,14.180000305175781,14.343999862670898,14.343999862670898,141000,0.0,False
2013-07-16,14.399999618530273,14.4399995803833,14.338000297546387,14.392000198364258,14.392000198364258,103000,0.0,False
2013-07-17,14.347999572753906,14.470000267028809,14.326000213623047,14.34000015258789,14.34000015258789,709500,0.0,False
2013-07-18,14.399999618530273,14.699999809265137,14.399999618530273,14.515999794006348,14.515999794006348,217000,0.0,False
2013-07-19,14.541999816894531,14.673999786376953,14.538000106811523,14.609999656677246,14.609999656677246,146000,0.0,False
2013-07-22,14.675999641418457,14.699999809265137,14.571999549865723,14.593999862670898,14.593999862670898,313500,0.0,False
2013-07-23,14.371999740600586,14.496000289916992,14.343999862670898,14.434000015258789,14.434000015258789,207500,0.0,False
2013-07-24,14.465999603271484,14.663999557495117,14.465999603271484,14.618000030517578,14.618000030517578,268000,0.0,False
2013-07-25,14.520000457763672,14.656000137329102,14.378000259399414,14.434000015258789,14.434000015258789,158000,0.0,False
2013-07-26,14.317999839782715,14.380000114440918,13.989999771118164,14.184000015258789,14.184000015258789,324000,0.0,False
2013-07-29,14.303999900817871,14.616000175476074,14.303999900817871,14.520000457763672,14.520000457763672,508500,0.0,False
2013-07-30,14.34000015258789,14.350000381469727,14.178000450134277,14.232000350952148,14.232000350952148,159500,0.0,False
2013-07-31,14.253999710083008,14.34000015258789,14.131999969482422,14.239999771118164,14.239999771118164,257000,0.0,False
2013-08-01,14.392000198364258,14.428000450134277,14.232000350952148,14.319999694824219,14.319999694824219,227000,0.0,False
2013-08-02,14.295999526977539,14.32800006866455,14.116000175476074,14.263999938964844,14.263999938964844,88500,0.0,False
2013-08-05,14.3100004196167,14.404000282287598,14.267999649047852,14.315999984741211,14.315999984741211,113000,0.0,False
2013-08-06,14.157999992370605,14.229999542236328,14.020000457763672,14.121999740600586,14.121999740600586,190500,0.0,False
2013-08-07,14.050000190734863,14.178000450134277,14.050000190734863,14.15999984741211,14.15999984741211,122000,0.0,False
2013-08-08,14.418000221252441,14.553999900817871,14.39799976348877,14.413999557495117,14.413999557495117,345500,0.0,False
2013-08-09,14.494000434875488,14.538000106811523,14.45199966430664,14.48799991607666,14.48799991607666,152000,0.0,False
2013-08-12,14.503999710083008,14.600000381469727,14.399999618530273,14.435999870300293,14.435999870300293,157000,0.0,False
2013-08-13,14.482000350952148,14.526000022888184,14.42199993133545,14.46399974822998,14.46399974822998,177500,0.0,False
2013-08-14,14.399999618530273,14.501999855041504,14.371999740600586,14.434000015258789,14.434000015258789,168000,0.0,False
2013-08-15,14.600000381469727,15.001999855041504,14.550000190734863,14.894000053405762,14.894000053405762,532000,0.0,False
2013-08-16,14.883999824523926,14.960000038146973,14.824000358581543,14.9399995803833,14.9399995803833,219500,0.0,False
2013-08-19,14.789999961853027,14.789999961853027,14.616000175476074,14.685999870300293,14.685999870300293,299500,0.0,False
2013-08-20,14.640000343322754,14.807999610900879,14.609999656677246,14.637999534606934,14.637999534606934,120000,0.0,False
2013-08-21,14.555999755859375,14.67199993133545,14.543999671936035,14.571999549865723,14.571999549865723,638500,0.0,False
2013-08-22,14.663999557495117,14.767999649047852,14.605999946594238,14.746000289916992,14.746000289916992,92500,0.0,False
2013-08-23,14.694000244140625,14.772000312805176,14.607999801635742,14.668000221252441,14.668000221252441,79000,0.0,False
2013-08-26,14.631999969482422,14.654000282287598,14.51200008392334,14.612000465393066,14.612000465393066,116500,0.0,False
2013-08-27,14.63599967956543,14.732000350952148,14.534000396728516,14.534000396728516,14.534000396728516,282500,0.0,False
2013-08-28,14.437999725341797,14.630000114440918,14.425999641418457,14.583999633789062,14.583999633789062,146000,0.0,False
2013-08-29,14.42199993133545,14.51200008392334,14.381999969482422,14.390000343322754,14.390000343322754,59000,0.0,False
2013-08-30,14.15999984741211,14.288000106811523,14.0600004196167,14.083999633789062,14.083999633789062,221500,0.0,False
2013-09-03,14.112000465393066,14.154000282287598,13.970000267028809,14.01200008392334,14.01200008392334,159500,0.0,False
2013-09-04,13.699999809265137,13.776000022888184,13.550000190734863,13.71399974822998,13.71399974822998,382000,0.0,False
2013-09-05,13.444000244140625,13.48799991607666,13.368000030517578,13.468000411987305,13.468000411987305,350500,0.0,False
2013-09-06,13.609999656677246,13.67199993133545,13.501999855041504,13.618000030517578,13.618000030517578,247000,0.0,False
2013-09-09,13.569999694824219,13.593999862670898,13.32800006866455,13.392000198364258,13.392000198364258,580000,0.0,False
2013-09-10,13.552000045776367,13.609999656677246,13.47599983215332,13.583999633789062,13.583999633789062,625500,0.0,False
2013-09-11,13.661999702453613,13.699999809265137,13.430000305175781,13.567999839782715,13.567999839782715,125000,0.0,False
2013-09-12,13.494000434875488,13.545999526977539,13.444000244140625,13.48799991607666,13.48799991607666,60500,0.0,False
2013-09-13,13.696000099182129,13.72599983215332,13.618000030517578,13.718000411987305,13.718000411987305,194000,0.0,False
2013-09-16,13.847999572753906,13.95199966430664,13.746000289916992,13.765999794006348,13.765999794006348,216000,0.0,False
2013-09-17,13.772000312805176,13.836000442504883,13.628000259399414,13.755999565124512,13.755999565124512,85500,0.0,False
2013-09-18,13.704000473022461,14.093999862670898,13.62600040435791,14.086000442504883,14.086000442504883,139000,0.0,False
2013-09-19,14.210000038146973,14.420000076293945,14.121999740600586,14.305999755859375,14.305999755859375,124000,0.0,False
2013-09-20,14.208000183105469,14.208000183105469,13.986000061035156,13.98799991607666,13.98799991607666,123000,0.0,False
2013-09-23,13.899999618530273,14.017999649047852,13.833999633789062,13.947999954223633,13.947999954223633,46000,0.0,False
2013-09-24,13.960000038146973,14.12600040435791,13.923999786376953,14.074000358581543,14.074000358581543,61500,0.0,False
2013-09-25,14.020000457763672,14.185999870300293,14.020000457763672,14.12399959564209,14.12399959564209,127000,0.0,False
2013-09-26,14.17199993133545,14.184000015258789,14.076000213623047,14.07800006866455,14.07800006866455,70000,0.0,False
2013-09-27,14.197999954223633,14.368000030517578,14.152000427246094,14.258000373840332,14.258000373840332,144000,0.0,False
2013-09-30,14.223999977111816,14.270000457763672,14.10200023651123,14.14799976348877,14.14799976348877,120500,0.0,False
2013-10-01,14.029999732971191,14.07800006866455,13.947999954223633,14.074000358581543,14.074000358581543,120500,0.0,False
2013-10-02,14.010000228881836,14.130000114440918,13.972000122070312,14.043999671936035,14.043999671936035,65500,0.0,False
2013-10-03,13.845999717712402,13.850000381469727,13.64799976348877,13.746000289916992,13.746000289916992,183000,0.0,False
2013-10-04,13.803999900817871,13.803999900817871,13.515999794006348,13.668000221252441,13.668000221252441,207000,0.0,False
2013-10-07,13.628000259399414,13.791999816894531,13.604000091552734,13.734000205993652,13.734000205993652,156500,0.0,False
2013-10-08,13.958000183105469,14.01200008392334,13.899999618530273,13.935999870300293,13.935999870300293,154000,0.0,False
2013-10-09,13.795999526977539,13.845999717712402,13.668000221252441,13.668000221252441,13.668000221252441,1564000,0.0,False
2013-10-10,13.734000205993652,13.920000076293945,13.729999542236328,13.859999656677246,13.859999656677246,1139000,0.0,False
2013-10-11,13.892000198364258,13.958000183105469,13.833999633789062,13.890000343322754,13.890000343322754,913000,0.0,False
2013-10-14,13.947999954223633,14.003999710083008,13.930000305175781,13.932000160217285,13.932000160217285,436500,0.0,False
2013-10-15,13.76200008392334,13.881999969482422,13.739999771118164,13.826000213623047,13.826000213623047,544500,0.0,False
2013-10-16,13.802000045776367,14.053999900817871,13.770000457763672,13.986000061035156,13.986000061035156,303000,0.0,False
2013-10-17,14.121999740600586,14.484000205993652,14.121999740600586,14.454000473022461,14.454000473022461,244500,0.0,False
2013-10-18,14.434000015258789,14.498000144958496,14.399999618530273,14.479999542236328,14.479999542236328,110500,0.0,False
2013-10-21,14.595999717712402,14.668000221252441,14.543999671936035,14.649999618530273,14.649999618530273,451000,0.0,False
2013-10-22,14.567999839782715,14.727999687194824,14.53600025177002,14.706000328063965,14.706000328063965,137500,0.0,False
2013-10-23,14.628000259399414,14.682000160217285,14.534000396728516,14.552000045776367,14.552000045776367,185000,0.0,False
2013-10-24,14.597999572753906,14.619999885559082,14.539999961853027,14.5600004196167,14.5600004196167,1181000,0.0,False
2013-10-25,14.362000465393066,14.59000015258789,14.305999755859375,14.47599983215332,14.47599983215332,190000,0.0,False
2013-10-28,14.5,14.680000305175781,14.498000144958496,14.541999816894531,14.541999816894531,100500,0.0,False
2013-10-29,14.567999839782715,14.61400032043457,14.545999526977539,14.54800033569336,14.54800033569336,57000,0.0,False
2013-10-30,14.600000381469727,14.70199966430664,14.539999961853027,14.600000381469727,14.600000381469727,542500,0.0,False
2013-10-31,14.473999977111816,14.574000358581543,14.359999656677246,14.390000343322754,14.390000343322754,209000,0.0,False
2013-11-01,14.437999725341797,14.494000434875488,14.319999694824219,14.472000122070312,14.472000122070312,91500,0.0,False
2013-11-04,14.543999671936035,14.649999618530273,14.541999816894531,14.631999969482422,14.631999969482422,229000,0.0,False
2013-11-05,14.482000350952148,14.746000289916992,14.477999687194824,14.64799976348877,14.64799976348877,1979500,0.0,False
2013-11-06,14.814000129699707,14.942000389099121,14.814000129699707,14.899999618530273,14.899999618530273,184500,0.0,False
2013-11-07,14.777999877929688,14.937999725341797,14.772000312805176,14.890000343322754,14.890000343322754,123500,0.0,False
2013-11-08,14.795999526977539,14.842000007629395,14.751999855041504,14.831999778747559,14.831999778747559,102500,0.0,False
2013-11-11,14.642000198364258,14.763999938964844,14.621999740600586,14.723999977111816,14.723999977111816,69000,0.0,False
2013-11-12,14.57800006866455,14.57800006866455,14.432000160217285,14.465999603271484,14.465999603271484,108500,0.0,False
2013-11-13,14.432000160217285,14.48799991607666,14.253999710083008,14.343999862670898,14.343999862670898,268000,0.0,False
2013-11-14,14.38599967956543,14.48799991607666,14.38599967956543,14.430000305175781,14.430000305175781,124500,0.0,False
2013-11-15,14.239999771118164,14.34000015258789,14.116000175476074,14.317999839782715,14.317999839782715,305000,0.0,False
2013-11-18,14.145999908447266,14.166000366210938,13.991999626159668,14.003999710083008,14.003999710083008,330000,0.0,False
2013-11-19,14.020000457763672,14.194000244140625,14.017999649047852,14.081999778747559,14.081999778747559,161000,0.0,False
2013-11-20,13.991999626159668,14.071999549865723,13.869999885559082,13.904000282287598,13.904000282287598,392000,0.0,False
2013-11-21,14.0,14.029999732971191,13.928000450134277,13.982000350952148,13.982000350952148,289000,0.0,False
2013-11-22,14.07800006866455,14.100000381469727,13.942000389099121,13.944000244140625,13.944000244140625,543500,0.0,False
2013-11-25,14.03600025177002,14.154000282287598,14.026000022888184,14.067999839782715,14.067999839782715,253500,0.0,False
2013-11-26,14.017999649047852,14.067999839782715,13.935999870300293,14.008000373840332,14.008000373840332,302000,0.0,False
2013-11-27,14.133999824523926,14.14799976348877,13.968000411987305,14.013999938964844,14.013999938964844,293000,0.0,False
2013-11-29,14.093999862670898,14.130000114440918,14.015999794006348,14.031999588012695,14.031999588012695,144500,0.0,False
2013-12-02,14.034000396728516,14.034000396728516,13.87399959564209,13.883999824523926,13.883999824523926,210000,0.0,False
2013-12-03,13.899999618530273,13.984000205993652,13.899999618530273,13.977999687194824,13.977999687194824,260500,0.0,False
2013-12-04,14.062000274658203,14.302000045776367,14.03600025177002,14.218000411987305,14.218000411987305,176500,0.0,False
2013-12-05,14.227999687194824,14.402000427246094,14.218000411987305,14.38599967956543,14.38599967956543,172000,0.0,False
2013-12-06,14.435999870300293,14.444000244140625,14.29800033569336,14.338000297546387,14.338000297546387,118000,0.0,False
2013-12-09,14.428000450134277,14.461999893188477,14.343999862670898,14.37399959564209,14.37399959564209,81000,0.0,False
2013-12-10,14.48799991607666,14.508000373840332,14.319999694824219,14.411999702453613,14.411999702453613,208500,0.0,False
2013-12-11,14.456000328063965,14.46399974822998,14.38599967956543,14.425999641418457,14.425999641418457,87000,0.0,False
2013-12-12,14.107999801635742,14.107999801635742,13.935999870300293,14.022000312805176,14.022000312805176,327000,0.0,False
2013-12-13,14.11400032043457,14.11400032043457,13.972000122070312,13.996000289916992,13.996000289916992,157500,0.0,False
2013-12-16,14.02400016784668,14.057999610900879,13.934000015258789,13.986000061035156,13.986000061035156,148500,0.0,False
2013-12-17,13.911999702453613,13.944000244140625,13.640000343322754,13.657999992370605,13.657999992370605,384000,0.0,False
2013-12-18,13.795999526977539,13.814000129699707,13.619999885559082,13.661999702453613,13.661999702453613,1020500,0.0,False
2013-12-19,13.644000053405762,13.663999557495117,13.571999549865723,13.595999717712402,13.595999717712402,476500,0.0,False
2013-12-20,13.644000053405762,13.6899995803833,13.592000007629395,13.656000137329102,13.656000137329102,596000,0.0,False
2013-12-23,13.633999824523926,13.649999618530273,13.53600025177002,13.616000175476074,13.616000175476074,353500,0.0,False
2013-12-24,13.57800006866455,13.597999572753906,13.520000457763672,13.597999572753906,13.597999572753906,165500,0.0,False
2013-12-26,13.753999710083008,13.758000373840332,13.661999702453613,13.684000015258789,13.684000015258789,119500,0.0,False
2013-12-27,13.899999618530273,14.0,13.859999656677246,13.899999618530273,13.899999618530273,210000,0.0,False
2013-12-30,13.960000038146973,13.984000205993652,13.82800006866455,13.85200023651123,13.85200023651123,235000,0.0,False
2013-12-31,13.84000015258789,14.013999938964844,13.819999694824219,13.923999786376953,13.923999786376953,235500,0.0,False
2014-01-02,14.178000450134277,14.302000045776367,14.17199993133545,14.185999870300293,14.185999870300293,219500,0.0,False
2014-01-03,14.211999893188477,14.312000274658203,14.206000328063965,14.223999977111816,14.223999977111816,128500,0.0,False
2014-01-06,14.357999801635742,14.428000450134277,14.28600025177002,14.416000366210938,14.416000366210938,122500,0.0,False
2014-01-07,14.343999862670898,14.52400016784668,14.343999862670898,14.465999603271484,14.465999603271484,488500,0.0,False
2014-01-08,14.371999740600586,14.465999603271484,14.324000358581543,14.36400032043457,14.36400032043457,286500,0.0,False
2014-01-09,14.37600040435791,14.434000015258789,14.366000175476074,14.37600040435791,14.37600040435791,78500,0.0,False
2014-01-10,14.399999618530273,14.597999572753906,14.355999946594238,14.505999565124512,14.505999565124512,160500,0.0,False
2014-01-13,14.479999542236328,14.5,14.411999702453613,14.423999786376953,14.423999786376953,445000,0.0,False
2014-01-14,14.423999786376953,14.482000350952148,14.366000175476074,14.37399959564209,14.37399959564209,179000,0.0,False
2014-01-15,14.355999946594238,14.600000381469727,14.355999946594238,14.505999565124512,14.505999565124512,302500,0.0,False
2014-01-16,14.468000411987305,14.581999778747559,14.434000015258789,14.515999794006348,14.515999794006348,520500,0.0,False
2014-01-17,14.564000129699707,14.70199966430664,14.564000129699707,14.59000015258789,14.59000015258789,156000,0.0,False
2014-01-21,14.486000061035156,14.644000053405762,14.470000267028809,14.586000442504883,14.586000442504883,358000,0.0,False
2014-01-22,14.605999946594238,14.640000343322754,14.571999549865723,14.571999549865723,14.571999549865723,374000,0.0,False
2014-01-23,14.552000045776367,14.62399959564209,14.498000144958496,14.54800033569336,14.54800033569336,369000,0.0,False
2014-01-24,14.482000350952148,14.520000457763672,14.317999839782715,14.326000213623047,14.326000213623047,411000,0.0,False
2014-01-27,14.246000289916992,14.258000373840332,14.093999862670898,14.093999862670898,14.093999862670898,284000,0.0,False
2014-01-28,14.062000274658203,14.062000274658203,13.947999954223633,14.010000228881836,14.010000228881836,508000,0.0,False
2014-01-29,13.977999687194824,14.0,13.814000129699707,13.96399974822998,13.96399974822998,529000,0.0,False
2014-01-30,13.881999969482422,13.904000282287598,13.779999732971191,13.800000190734863,13.800000190734863,1170000,0.0,False
2014-01-31,13.784000396728516,13.824000358581543,13.670000076293945,13.739999771118164,13.739999771118164,511000,0.0,False
2014-02-03,13.829999923706055,13.847999572753906,13.680000305175781,13.680000305175781,13.680000305175781,276500,0.0,False
2014-02-04,13.684000015258789,13.760000228881836,13.579999923706055,13.697999954223633,13.697999954223633,326000,0.0,False
2014-02-05,13.9399995803833,13.960000038146973,13.82800006866455,13.862000465393066,13.862000465393066,519000,0.0,False
2014-02-06,13.89799976348877,13.923999786376953,13.845999717712402,13.880000114440918,13.880000114440918,238500,0.0,False
2014-02-07,13.880000114440918,13.906000137329102,13.831999778747559,13.866000175476074,13.866000175476074,475000,0.0,False
2014-02-10,14.02400016784668,14.052000045776367,13.977999687194824,13.984000205993652,13.984000205993652,1265500,0.0,False
2014-02-11,14.039999961853027,14.081999778747559,13.991999626159668,14.039999961853027,14.039999961853027,450000,0.0,False
2014-02-12,14.12600040435791,14.251999855041504,14.088000297546387,14.197999954223633,14.197999954223633,440000,0.0,False
2014-02-13,14.157999992370605,14.300000190734863,14.131999969482422,14.284000396728516,14.284000396728516,437500,0.0,False
2014-02-14,14.432000160217285,14.477999687194824,14.336000442504883,14.36400032043457,14.36400032043457,198500,0.0,False
2014-02-18,14.383999824523926,14.425999641418457,14.343999862670898,14.345999717712402,14.345999717712402,495000,0.0,False
2014-02-19,14.404000282287598,14.425999641418457,14.270000457763672,14.28600025177002,14.28600025177002,214000,0.0,False
2014-02-20,14.37399959564209,14.399999618530273,14.329999923706055,14.368000030517578,14.368000030517578,587500,0.0,False
2014-02-21,14.411999702453613,14.486000061035156,14.407999992370605,14.435999870300293,14.435999870300293,342000,0.0,False
2014-02-24,14.468000411987305,14.531999588012695,14.446000099182129,14.489999771118164,14.489999771118164,364500,0.0,False
2014-02-25,14.371999740600586,14.42199993133545,14.295999526977539,14.34000015258789,14.34000015258789,666000,0.0,False
2014-02-26,14.295999526977539,14.321999549865723,14.185999870300293,14.244000434875488,14.244000434875488,185000,0.0,False
2014-02-27,14.46399974822998,14.550000190734863,14.428000450134277,14.47599983215332,14.47599983215332,222000,0.0,False
2014-02-28,14.550000190734863,14.564000129699707,14.482000350952148,14.5,14.5,223500,0.0,False
2014-03-03,14.571999549865723,14.640000343322754,14.539999961853027,14.61400032043457,14.61400032043457,262000,0.0,False
2014-03-04,14.666000366210938,14.925999641418457,14.654000282287598,14.895999908447266,14.895999908447266,681500,0.0,False
2014-03-05,15.088000297546387,15.130000114440918,15.020000457763672,15.067999839782715,15.067999839782715,831000,0.0,False
2014-03-06,15.248000144958496,15.291999816894531,15.118000030517578,15.255999565124512,15.255999565124512,816500,0.0,False
2014-03-07,15.131999969482422,15.255999565124512,15.09000015258789,15.241999626159668,15.241999626159668,336000,0.0,False
2014-03-10,15.13599967956543,15.17199993133545,15.100000381469727,15.152000427246094,15.152000427246094,159500,0.0,False
2014-03-11,15.178000450134277,15.199999809265137,14.883999824523926,15.015999794006348,15.015999794006348,375500,0.0,False
2014-03-12,15.001999855041504,15.182000160217285,15.001999855041504,15.152000427246094,15.152000427246094,267000,0.0,False
2014-03-13,15.112000465393066,15.220000267028809,15.100000381469727,15.140000343322754,15.140000343322754,271500,0.0,False
2014-03-14,15.26200008392334,15.355999946594238,14.960000038146973,15.086000442504883,15.086000442504883,473000,0.0,False
2014-03-17,15.020000457763672,15.13599967956543,15.010000228881836,15.043999671936035,15.043999671936035,341500,0.0,False
2014-03-18,14.916000366210938,15.052000045776367,14.831999778747559,14.946000099182129,14.946000099182129,427500,0.0,False
2014-03-19,15.0,15.0,14.880000114440918,14.887999534606934,14.887999534606934,340000,0.0,False
2014-03-20,14.64799976348877,15.057999610900879,14.619999885559082,15.026000022888184,15.026000022888184,506500,0.0,False
2014-03-21,15.465999603271484,15.491999626159668,15.34000015258789,15.460000038146973,15.460000038146973,584500,0.0,False
2014-03-24,15.510000228881836,15.527999877929688,15.260000228881836,15.505999565124512,15.505999565124512,732000,0.0,False
2014-03-25,15.302000045776367,15.411999702453613,15.28600025177002,15.399999618530273,15.399999618530273,1121500,0.0,False
2014-03-26,15.236000061035156,15.291999816894531,15.157999992370605,15.25,15.25,570500,0.0,False
2014-03-27,14.892000198364258,15.005999565124512,14.736000061035156,14.784000396728516,14.784000396728516,1040500,0.0,False
2014-03-28,14.986000061035156,15.119999885559082,14.984000205993652,15.086000442504883,15.086000442504883,186000,0.0,False
2014-03-31,15.130000114440918,15.178000450134277,15.0600004196167,15.107999801635742,15.107999801635742,188000,0.0,False
2014-04-01,15.175999641418457,15.23799991607666,15.086000442504883,15.199999809265137,15.199999809265137,142000,0.0,False
2014-04-02,15.355999946594238,15.387999534606934,15.305999755859375,15.312000274658203,15.312000274658203,289500,0.0,False
2014-04-03,15.392000198364258,15.413999557495117,15.34000015258789,15.345999717712402,15.345999717712402,238000,0.0,False
2014-04-04,15.380000114440918,15.420000076293945,15.284000396728516,15.399999618530273,15.399999618530273,181500,0.0,False
2014-04-07,15.29800033569336,15.326000213623047,14.833999633789062,14.954000473022461,14.954000473022461,426500,0.0,False
2014-04-08,15.093999862670898,15.1899995803833,15.079999923706055,15.133999824523926,15.133999824523926,330500,0.0,False
2014-04-09,15.133999824523926,15.270000457763672,15.081999778747559,15.215999603271484,15.215999603271484,299500,0.0,False
2014-04-10,15.37399959564209,15.48799991607666,15.371999740600586,15.390000343322754,15.390000343322754,493000,0.0,False
2014-04-11,15.484000205993652,15.807999610900879,15.479999542236328,15.668000221252441,15.668000221252441,716000,0.0,False
2014-04-14,15.895999908447266,15.916000366210938,15.779999732971191,15.812000274658203,15.812000274658203,408000,0.0,False
2014-04-15,15.45199966430664,15.543999671936035,15.399999618530273,15.47599983215332,15.47599983215332,534000,0.0,False
2014-04-16,15.60200023651123,15.666000366210938,15.477999687194824,15.607999801635742,15.607999801635742,229500,0.0,False
2014-04-17,15.63599967956543,15.741999626159668,15.473999977111816,15.479999542236328,15.479999542236328,467500,0.0,False
2014-04-21,15.394000053405762,15.402000427246094,15.0,15.20199966430664,15.20199966430664,879000,0.0,False
2014-04-22,15.343999862670898,15.343999862670898,15.236000061035156,15.317999839782715,15.317999839782715,318500,0.0,False
2014-04-23,15.3100004196167,15.343999862670898,15.267999649047852,15.342000007629395,15.342000007629395,170500,0.0,False
2014-04-24,15.42199993133545,15.684000015258789,15.39799976348877,15.600000381469727,15.600000381469727,221000,0.0,False
2014-04-25,15.656000137329102,15.836000442504883,15.652000427246094,15.784000396728516,15.784000396728516,240500,0.0,False
2014-04-28,15.791999816894531,15.800000190734863,15.494000434875488,15.64799976348877,15.64799976348877,271000,0.0,False
2014-04-29,15.616000175476074,15.77400016784668,15.600000381469727,15.729999542236328,15.729999542236328,203000,0.0,False
2014-04-30,15.616000175476074,15.845999717712402,15.5600004196167,15.791999816894531,15.791999816894531,572500,0.0,False
2014-05-01,15.829999923706055,15.920000076293945,15.777999877929688,15.859999656677246,15.859999656677246,250000,0.0,False
2014-05-02,15.880000114440918,15.923999786376953,15.779999732971191,15.805999755859375,15.805999755859375,265500,0.0,False
2014-05-05,15.868000030517578,15.956000328063965,15.8100004196167,15.930000305175781,15.930000305175781,167000,0.0,False
2014-05-06,15.883999824523926,16.010000228881836,15.883999824523926,15.944000244140625,15.944000244140625,115000,0.0,False
2014-05-07,15.741999626159668,15.741999626159668,15.48799991607666,15.543999671936035,15.543999671936035,598500,0.0,False
2014-05-08,15.654000282287598,15.722000122070312,15.583999633789062,15.661999702453613,15.661999702453613,387000,0.0,False
2014-05-09,15.680000305175781,15.680000305175781,15.541999816894531,15.621999740600586,15.621999740600586,109500,0.0,False
2014-05-12,15.727999687194824,15.755999565124512,15.70199966430664,15.704000473022461,15.704000473022461,133500,0.0,False
2014-05-13,15.859999656677246,15.944000244140625,15.847999572753906,15.895999908447266,15.895999908447266,181000,0.0,False
2014-05-14,16.010000228881836,16.444000244140625,16.0,16.118000030517578,16.118000030517578,518000,0.0,False
2014-05-15,16.016000747680664,16.035999298095703,15.79800033569336,15.814000129699707,15.814000129699707,341000,0.0,False
2014-05-16,15.88599967956543,15.925999641418457,15.854000091552734,15.878000259399414,15.878000259399414,135000,0.0,False
2014-05-19,16.035999298095703,16.040000915527344,15.880000114440918,15.90999984741211,15.90999984741211,276000,0.0,False
2014-05-20,16.055999755859375,16.163999557495117,16.04199981689453,16.086000442504883,16.086000442504883,289000,0.0,False
2014-05-21,16.139999389648438,16.260000228881836,16.110000610351562,16.167999267578125,16.167999267578125,402500,0.0,False
2014-05-22,16.29199981689453,16.327999114990234,16.243999481201172,16.29599952697754,16.29599952697754,514500,0.0,False
2014-05-23,16.17799949645996,16.336000442504883,16.118000030517578,16.20400047302246,16.20400047302246,240500,0.0,False
2014-05-27,16.246000289916992,16.260000228881836,16.11400032043457,16.214000701904297,16.214000701904297,316500,0.0,False
2014-05-28,16.29199981689453,16.395999908447266,16.236000061035156,16.277999877929688,16.277999877929688,287500,0.0,False
2014-05-29,16.22800064086914,16.29199981689453,16.173999786376953,16.261999130249023,16.261999130249023,176000,0.0,False
2014-05-30,16.280000686645508,16.31599998474121,16.172000885009766,16.309999465942383,16.309999465942383,150500,0.0,False
2014-06-02,16.211999893188477,16.290000915527344,16.18000030517578,16.20199966430664,16.20199966430664,462000,0.0,False
2014-06-03,16.243999481201172,16.33799934387207,16.239999771118164,16.333999633789062,16.333999633789062,146000,0.0,False
2014-06-04,16.275999069213867,16.31800079345703,16.04400062561035,16.281999588012695,16.281999588012695,389000,0.0,False
2014-06-05,16.312000274658203,16.371999740600586,16.285999298095703,16.371999740600586,16.371999740600586,148500,0.0,False
2014-06-06,16.413999557495117,16.479999542236328,16.38800048828125,16.479999542236328,16.479999542236328,192500,0.0,False
2014-06-09,16.43600082397461,16.447999954223633,16.381999969482422,16.413999557495117,16.413999557495117,121500,0.0,False
2014-06-10,16.58799934387207,16.663999557495117,16.58799934387207,16.642000198364258,16.642000198364258,291000,0.0,False
2014-06-11,16.676000595092773,16.84000015258789,16.676000595092773,16.79599952697754,16.79599952697754,373500,0.0,False
2014-06-12,16.309999465942383,16.309999465942383,15.9399995803833,16.031999588012695,16.031999588012695,1298500,0.0,False
2014-06-13,15.850000381469727,15.97599983215332,15.803999900817871,15.87600040435791,15.87600040435791,418500,0.0,False
2014-06-16,15.86400032043457,15.87399959564209,15.75,15.765999794006348,15.765999794006348,179500,0.0,False
2014-06-17,15.847999572753906,15.954000473022461,15.847999572753906,15.90999984741211,15.90999984741211,163500,0.0,False
2014-06-18,16.08799934387207,16.1560001373291,16.016000747680664,16.083999633789062,16.083999633789062,560000,0.0,False
2014-06-19,16.20800018310547,16.3439998626709,16.200000762939453,16.302000045776367,16.302000045776367,369000,0.0,False
2014-06-20,16.08799934387207,16.124000549316406,15.960000038146973,16.016000747680664,16.016000747680664,391000,0.0,False
2014-06-23,15.895999908447266,16.02400016784668,15.763999938964844,16.010000228881836,16.010000228881836,300000,0.0,False
2014-06-24,16.145999908447266,16.190000534057617,16.100000381469727,16.125999450683594,16.125999450683594,169000,0.0,False
2014-06-25,16.079999923706055,16.243999481201172,16.079999923706055,16.22599983215332,16.22599983215332,177500,0.0,False
2014-06-26,16.22800064086914,16.27400016784668,16.18400001525879,16.257999420166016,16.257999420166016,131000,0.0,False
2014-06-27,16.350000381469727,16.423999786376953,16.33799934387207,16.38800048828125,16.38800048828125,148500,0.0,False
2014-06-30,16.41200065612793,16.506000518798828,16.399999618530273,16.437999725341797,16.437999725341797,202500,0.0,False
2014-07-01,16.591999053955078,16.658000946044922,16.56399917602539,16.6299991607666,16.6299991607666,272000,0.0,False
2014-07-02,16.697999954223633,16.780000686645508,16.600000381469727,16.65399932861328,16.65399932861328,270000,0.0,False
2014-07-03,16.711999893188477,16.884000778198242,16.68000030517578,16.753999710083008,16.753999710083008,176000,0.0,False
2014-07-07,16.91200065612793,16.923999786376953,16.82200050354004,16.90399932861328,16.90399932861328,211000,0.0,False
2014-07-08,17.0,17.025999069213867,16.9060001373291,16.968000411987305,16.968000411987305,223500,0.0,False
2014-07-09,16.988000869750977,17.054000854492188,16.945999145507812,16.996000289916992,16.996000289916992,220500,0.0,False
2014-07-10,16.851999282836914,16.996000289916992,16.81999969482422,16.972000122070312,16.972000122070312,272000,0.0,False
2014-07-11,16.88800048828125,17.02400016784668,16.878000259399414,17.02400016784668,17.02400016784668,145000,0.0,False
2014-07-14,16.920000076293945,16.979999542236328,16.881999969482422,16.920000076293945,16.920000076293945,202500,0.0,False
2014-07-15,17.011999130249023,17.011999130249023,16.777999877929688,16.860000610351562,16.860000610351562,221000,0.0,False
2014-07-16,16.895999908447266,17.035999298095703,16.895999908447266,16.996000289916992,16.996000289916992,130000,0.0,False
2014-07-17,17.236000061035156,17.32200050354004,17.15999984741211,17.219999313354492,17.219999313354492,223000,0.0,False
2014-07-18,17.167999267578125,17.18000030517578,17.082000732421875,17.128000259399414,17.128000259399414,141500,0.0,False
2014-07-21,17.23200035095215,17.236000061035156,17.049999237060547,17.082000732421875,17.082000732421875,339000,0.0,False
2014-07-22,16.972000122070312,17.06800079345703,16.95199966430664,17.040000915527344,17.040000915527344,580000,0.0,False
2014-07-23,17.02400016784668,17.04800033569336,16.959999084472656,16.97800064086914,16.97800064086914,143500,0.0,False
2014-07-24,16.889999389648438,16.961999893188477,16.8700008392334,16.93199920654297,16.93199920654297,135000,0.0,False
2014-07-25,17.052000045776367,17.13599967956543,17.034000396728516,17.13599967956543,17.13599967956543,129000,0.0,False
2014-07-28,17.20199966430664,17.239999771118164,17.110000610351562,17.1200008392334,17.1200008392334,163000,0.0,False
2014-07-29,17.242000579833984,17.242000579833984,17.082000732421875,17.101999282836914,17.101999282836914,96500,0.0,False
2014-07-30,17.09600067138672,17.15399932861328,17.04599952697754,17.13800048828125,17.13800048828125,109000,0.0,False
2014-07-31,17.09600067138672,17.118000030517578,16.913999557495117,16.923999786376953,16.923999786376953,212000,0.0,False
2014-08-01,16.959999084472656,17.0,16.74799919128418,16.827999114990234,16.827999114990234,646000,0.0,False
2014-08-04,16.809999465942383,16.827999114990234,16.582000732421875,16.666000366210938,16.666000366210938,441500,0.0,False
2014-08-05,16.375999450683594,16.549999237060547,16.332000732421875,16.445999145507812,16.445999145507812,630000,0.0,False
2014-08-06,16.459999084472656,16.54400062561035,16.399999618530273,16.520000457763672,16.520000457763672,392500,0.0,False
2014-08-07,16.591999053955078,16.670000076293945,16.513999938964844,16.6560001373291,16.6560001373291,163000,0.0,False
2014-08-08,16.667999267578125,16.804000854492188,16.667999267578125,16.788000106811523,16.788000106811523,137500,0.0,False
2014-08-11,16.832000732421875,17.06800079345703,16.81999969482422,17.027999877929688,17.027999877929688,242000,0.0,False
2014-08-12,17.167999267578125,17.172000885009766,17.052000045776367,17.07200050354004,17.07200050354004,153000,0.0,False
2014-08-13,17.158000946044922,17.167999267578125,17.052000045776367,17.158000946044922,17.158000946044922,87000,0.0,False
2014-08-14,17.1560001373291,17.25200080871582,17.149999618530273,17.18199920654297,17.18199920654297,121500,0.0,False
2014-08-15,17.079999923706055,17.426000595092773,17.06999969482422,17.392000198364258,17.392000198364258,219000,0.0,False
2014-08-18,17.474000930786133,17.52199935913086,17.34600067138672,17.38800048828125,17.38800048828125,245000,0.0,False
2014-08-19,17.392000198364258,17.45199966430664,17.035999298095703,17.15999984741211,17.15999984741211,305000,0.0,False
2014-08-20,16.972000122070312,16.972000122070312,16.823999404907227,16.854000091552734,16.854000091552734,225500,0.0,False
2014-08-21,17.00200080871582,17.11199951171875,16.979999542236328,17.06999969482422,17.06999969482422,242500,0.0,False
2014-08-22,17.191999435424805,17.299999237060547,17.191999435424805,17.275999069213867,17.275999069213867,202000,0.0,False
2014-08-25,17.172000885009766,17.31599998474121,17.11400032043457,17.27199935913086,17.27199935913086,335000,0.0,False
2014-08-26,17.27199935913086,17.299999237060547,17.20800018310547,17.219999313354492,17.219999313354492,128500,0.0,False
2014-08-27,17.29400062561035,17.38599967956543,17.27400016784668,17.341999053955078,17.341999053955078,155000,0.0,False
2014-08-28,17.43199920654297,17.486000061035156,17.4060001373291,17.420000076293945,17.420000076293945,122000,0.0,False
2014-08-29,17.464000701904297,17.68400001525879,17.464000701904297,17.6200008392334,17.6200008392334,201500,0.0,False
2014-09-02,17.275999069213867,17.275999069213867,17.128000259399414,17.172000885009766,17.172000885009766,472000,0.0,False
2014-09-03,16.983999252319336,17.08799934387207,16.947999954223633,17.00200080871582,17.00200080871582,216000,0.0,False
2014-09-04,17.257999420166016,17.31999969482422,17.215999603271484,17.257999420166016,17.257999420166016,343000,0.0,False
2014-09-05,17.25200080871582,17.31999969482422,17.239999771118164,17.29800033569336,17.29800033569336,156500,0.0,False
2014-09-08,17.18199920654297,17.22800064086914,17.128000259399414,17.191999435424805,17.191999435424805,146500,0.0,False
2014-09-09,17.187999725341797,17.222000122070312,16.6200008392334,16.722000122070312,16.722000122070312,461500,0.0,False
2014-09-10,16.667999267578125,16.687999725341797,16.42799949645996,16.56399917602539,16.56399917602539,431000,0.0,False
2014-09-11,16.375999450683594,16.399999618530273,16.1299991607666,16.18600082397461,16.18600082397461,373500,0.0,False
2014-09-12,16.091999053955078,16.270000457763672,15.960000038146973,16.242000579833984,16.242000579833984,594000,0.0,False
2014-09-15,16.329999923706055,16.356000900268555,16.200000762939453,16.22599983215332,16.22599983215332,185500,0.0,False
2014-09-16,16.270000457763672,16.447999954223633,16.195999145507812,16.378000259399414,16.378000259399414,728500,0.0,False
2014-09-17,16.3799991607666,16.389999389648438,16.187999725341797,16.20199966430664,16.20199966430664,113500,0.0,False
2014-09-18,16.06800079345703,16.172000885009766,16.016000747680664,16.091999053955078,16.091999053955078,299500,0.0,False
2014-09-19,15.970000267028809,15.979999542236328,15.67199993133545,15.77400016784668,15.77400016784668,643000,0.0,False
2014-09-22,15.63599967956543,15.685999870300293,15.550000190734863,15.579999923706055,15.579999923706055,316500,0.0,False
2014-09-23,15.760000228881836,15.87600040435791,15.71399974822998,15.84000015258789,15.84000015258789,123500,0.0,False
2014-09-24,15.930000305175781,15.970000267028809,15.84000015258789,15.854000091552734,15.854000091552734,455000,0.0,False
2014-09-25,15.600000381469727,15.75,15.489999771118164,15.569999694824219,15.569999694824219,514500,0.0,False
2014-09-26,15.595999717712402,15.609999656677246,15.100000381469727,15.130000114440918,15.130000114440918,818500,0.0,False
2014-09-29,15.279999732971191,15.40999984741211,15.244000434875488,15.39799976348877,15.39799976348877,434500,0.0,False
2014-09-30,15.119999885559082,15.170000076293945,14.913999557495117,15.03600025177002,15.03600025177002,453500,0.0,False
2014-10-01,15.020000457763672,15.23799991607666,15.010000228881836,15.119999885559082,15.119999885559082,319000,0.0,False
2014-10-02,15.105999946594238,15.105999946594238,14.90999984741211,14.90999984741211,14.90999984741211,379500,0.0,False
2014-10-03,14.817999839782715,14.82800006866455,14.619999885559082,14.718000411987305,14.718000411987305,239000,0.0,False
2014-10-06,14.706000328063965,14.944000244140625,14.706000328063965,14.85200023651123,14.85200023651123,130500,0.0,False
2014-10-07,15.104000091552734,15.317999839782715,15.071999549865723,15.241999626159668,15.241999626159668,300000,0.0,False
2014-10-08,15.545999526977539,15.586000442504883,15.399999618530273,15.520000457763672,15.520000457763672,271000,0.0,False
2014-10-09,15.654000282287598,15.720000267028809,15.460000038146973,15.470000267028809,15.470000267028809,208500,0.0,False
2014-10-10,15.253999710083008,15.289999961853027,15.170000076293945,15.241999626159668,15.241999626159668,194500,0.0,False
2014-10-13,15.185999870300293,15.314000129699707,15.180000305175781,15.253999710083008,15.253999710083008,423500,0.0,False
2014-10-14,15.428000450134277,15.432000160217285,15.326000213623047,15.390000343322754,15.390000343322754,166500,0.0,False
2014-10-15,15.302000045776367,15.36400032043457,14.784000396728516,14.859999656677246,14.859999656677246,610000,0.0,False
2014-10-16,14.359999656677246,14.51200008392334,14.170000076293945,14.432000160217285,14.432000160217285,533000,0.0,False
2014-10-17,14.630000114440918,14.758000373840332,14.612000465393066,14.656000137329102,14.656000137329102,105000,0.0,False
2014-10-20,14.720000267028809,14.859999656677246,14.6899995803833,14.843999862670898,14.843999862670898,251500,0.0,False
2014-10-21,14.972000122070312,15.100000381469727,14.972000122070312,15.071999549865723,15.071999549865723,193500,0.0,False
2014-10-22,15.029999732971191,15.20199966430664,14.920000076293945,14.9399995803833,14.9399995803833,152500,0.0,False
2014-10-23,14.970000267028809,15.1899995803833,14.890000343322754,15.149999618530273,15.149999618530273,228500,0.0,False
2014-10-24,15.227999687194824,15.288000106811523,15.149999618530273,15.182000160217285,15.182000160217285,167000,0.0,False
2014-10-27,15.289999961853027,15.300000190734863,15.220000267028809,15.239999771118164,15.239999771118164,118500,0.0,False
2014-10-28,15.394000053405762,15.5,15.35200023651123,15.434000015258789,15.434000015258789,100500,0.0,False
2014-10-29,15.522000312805176,15.586000442504883,15.430000305175781,15.442000389099121,15.442000389099121,144000,0.0,False
2014-10-30,15.359999656677246,15.36400032043457,15.095999717712402,15.142000198364258,15.142000198364258,216000,0.0,False
2014-10-31,15.170000076293945,15.446000099182129,15.170000076293945,15.418000221252441,15.418000221252441,198000,0.0,False
2014-11-03,15.569999694824219,15.63599967956543,15.529999732971191,15.618000030517578,15.618000030517578,322500,0.0,False
2014-11-04,15.526000022888184,15.529999732971191,15.232000350952148,15.267999649047852,15.267999649047852,158500,0.0,False
2014-11-05,14.706000328063965,14.869999885559082,14.670000076293945,14.684000015258789,14.684000015258789,252000,0.0,False
2014-11-06,14.699999809265137,14.727999687194824,14.57800006866455,14.581999778747559,14.581999778747559,163000,0.0,False
2014-11-07,14.812000274658203,15.088000297546387,14.789999961853027,15.050000190734863,15.050000190734863,174500,0.0,False
2014-11-10,15.0,15.0,14.77400016784668,14.812000274658203,14.812000274658203,160500,0.0,False
2014-11-11,14.84000015258789,15.053999900817871,14.829999923706055,15.001999855041504,15.001999855041504,106500,0.0,False
2014-11-12,15.069999694824219,15.196000099182129,15.003999710083008,15.0600004196167,15.0600004196167,152500,0.0,False
2014-11-13,15.0,15.017999649047852,14.831999778747559,14.928000450134277,14.928000450134277,132500,0.0,False
2014-11-14,14.776000022888184,15.034000396728516,14.720000267028809,14.871999740600586,14.871999740600586,328000,0.0,False
2014-11-17,14.970000267028809,15.041999816894531,14.890000343322754,14.899999618530273,14.899999618530273,78000,0.0,False
2014-11-18,15.050000190734863,15.105999946594238,15.010000228881836,15.010000228881836,15.010000228881836,83000,0.0,False
2014-11-19,15.086000442504883,15.142000198364258,14.85200023651123,14.85200023651123,14.85200023651123,110000,0.0,False
2014-11-20,14.925999641418457,15.0,14.880000114440918,14.984000205993652,14.984000205993652,174000,0.0,False
2014-11-21,15.381999969482422,15.434000015258789,15.293999671936035,15.350000381469727,15.350000381469727,297000,0.0,False
2014-11-24,15.435999870300293,15.5600004196167,15.293999671936035,15.342000007629395,15.342000007629395,141000,0.0,False
2014-11-25,15.527999877929688,15.550000190734863,15.399999618530273,15.447999954223633,15.447999954223633,1045000,0.0,False
2014-11-26,15.520000457763672,15.612000465393066,15.515999794006348,15.600000381469727,15.600000381469727,121000,0.0,False
2014-11-28,15.6899995803833,15.800000190734863,15.649999618530273,15.684000015258789,15.684000015258789,271500,0.0,False
2014-12-01,15.607999801635742,15.765999794006348,15.600000381469727,15.654000282287598,15.654000282287598,133500,0.0,False
2014-12-02,15.552000045776367,15.739999771118164,15.51200008392334,15.5600004196167,15.5600004196167,621000,0.0,False
2014-12-03,15.579999923706055,15.668000221252441,15.435999870300293,15.494000434875488,15.494000434875488,131500,0.0,False
2014-12-04,15.529999732971191,15.656000137329102,15.479999542236328,15.479999542236328,15.479999542236328,126000,0.0,False
2014-12-05,15.619999885559082,15.628000259399414,15.510000228881836,15.569999694824219,15.569999694824219,107500,0.0,False
2014-12-08,15.633999824523926,15.640000343322754,15.454000473022461,15.541999816894531,15.541999816894531,154500,0.0,False
2014-12-09,15.6899995803833,15.758000373840332,15.600000381469727,15.723999977111816,15.723999977111816,196500,0.0,False
2014-12-10,15.8100004196167,15.960000038146973,15.8100004196167,15.859999656677246,15.859999656677246,367000,0.0,False
2014-12-11,15.894000053405762,15.98799991607666,15.859999656677246,15.90999984741211,15.90999984741211,179000,0.0,False
2014-12-12,15.829999923706055,15.88599967956543,15.779999732971191,15.8100004196167,15.8100004196167,149500,0.0,False
2014-12-15,15.720000267028809,15.73799991607666,15.460000038146973,15.461999893188477,15.461999893188477,231000,0.0,False
2014-12-16,15.5,15.5,15.15999984741211,15.161999702453613,15.161999702453613,403500,0.0,False
2014-12-17,15.25,15.25,15.052000045776367,15.121999740600586,15.121999740600586,217500,0.0,False
2014-12-18,15.319999694824219,15.4399995803833,15.281999588012695,15.402000427246094,15.402000427246094,131000,0.0,False
2014-12-19,15.4399995803833,15.67199993133545,15.432000160217285,15.619999885559082,15.619999885559082,205500,0.0,False
2014-12-22,15.744000434875488,15.845999717712402,15.673999786376953,15.746000289916992,15.746000289916992,148000,0.0,False
2014-12-23,15.779999732971191,15.819999694824219,15.710000038146973,15.763999938964844,15.763999938964844,78500,0.0,False
2014-12-24,15.732000350952148,15.732000350952148,15.631999969482422,15.673999786376953,15.673999786376953,65000,0.0,False
2014-12-26,15.791999816894531,15.89799976348877,15.772000312805176,15.871999740600586,15.871999740600586,94000,0.0,False
2014-12-29,15.819999694824219,15.819999694824219,15.675999641418457,15.711999893188477,15.711999893188477,136500,0.0,False
2014-12-30,15.71399974822998,15.746000289916992,15.508000373840332,15.600000381469727,15.600000381469727,924000,0.0,False
2014-12-31,15.562000274658203,15.600000381469727,15.430000305175781,15.498000144958496,15.498000144958496,170000,0.0,False
2015-01-02,15.399999618530273,15.517999649047852,15.399999618530273,15.42199993133545,15.42199993133545,51500,0.0,False
2015-01-05,15.4399995803833,15.54800033569336,15.380000114440918,15.418000221252441,15.418000221252441,109500,0.0,False
2015-01-06,15.482000350952148,15.708000183105469,15.460000038146973,15.564000129699707,15.564000129699707,163000,0.0,False
2015-01-07,15.446000099182129,15.446000099182129,15.25,15.359999656677246,15.359999656677246,248500,0.0,False
2015-01-08,15.381999969482422,15.472000122070312,15.319999694824219,15.35200023651123,15.35200023651123,132000,0.0,False
2015-01-09,15.420000076293945,15.581999778747559,15.420000076293945,15.565999984741211,15.565999984741211,71000,0.0,False
2015-01-12,15.600000381469727,15.784000396728516,15.600000381469727,15.732000350952148,15.732000350952148,149000,0.0,False
2015-01-13,15.854000091552734,15.895999908447266,15.751999855041504,15.831999778747559,15.831999778747559,250500,0.0,False
2015-01-14,15.454000473022461,15.460000038146973,14.869999885559082,15.055999755859375,15.055999755859375,337000,0.0,False
2015-01-15,15.185999870300293,15.199999809265137,14.842000007629395,14.87399959564209,14.87399959564209,343000,0.0,False
2015-01-16,14.633999824523926,14.720000267028809,14.470000267028809,14.678000450134277,14.678000450134277,414000,0.0,False
2015-01-20,15.100000381469727,15.187999725341797,14.871999740600586,15.09000015258789,15.09000015258789,369500,0.0,False
2015-01-21,15.09000015258789,15.09000015258789,14.826000213623047,14.881999969482422,14.881999969482422,219000,0.0,False
2015-01-22,14.949999809265137,15.07800006866455,14.890000343322754,15.022000312805176,15.022000312805176,119000,0.0,False
2015-01-23,14.982000350952148,15.038000106811523,14.842000007629395,15.001999855041504,15.001999855041504,122000,0.0,False
2015-01-26,14.979999542236328,15.166000366210938,14.899999618530273,15.100000381469727,15.100000381469727,835500,0.0,False
2015-01-27,15.100000381469727,15.220000267028809,15.095999717712402,15.142000198364258,15.142000198364258,191500,0.0,False
2015-01-28,15.255999565124512,15.477999687194824,15.251999855041504,15.378000259399414,15.378000259399414,368500,0.0,False
2015-01-29,15.258000373840332,15.302000045776367,14.907999992370605,14.982000350952148,14.982000350952148,187000,0.0,False
2015-01-30,15.093999862670898,15.10200023651123,14.9399995803833,14.970000267028809,14.970000267028809,139500,0.0,False
2015-02-02,15.053999900817871,15.279999732971191,15.050000190734863,15.232000350952148,15.232000350952148,84000,0.0,False
2015-02-03,15.345999717712402,15.35200023651123,15.218000411987305,15.288000106811523,15.288000106811523,138000,0.0,False
2015-02-04,15.343999862670898,15.432000160217285,15.300000190734863,15.371999740600586,15.371999740600586,234500,0.0,False
2015-02-05,15.329999923706055,15.470000267028809,15.223999977111816,15.425999641418457,15.425999641418457,187000,0.0,False
2015-02-06,15.277999877929688,15.357999801635742,15.152000427246094,15.22599983215332,15.22599983215332,118500,0.0,False
2015-02-09,15.168000221252441,15.1899995803833,15.076000213623047,15.11400032043457,15.11400032043457,94000,0.0,False
2015-02-10,15.140000343322754,15.140000343322754,14.829999923706055,14.942000389099121,14.942000389099121,96500,0.0,False
2015-02-11,15.0,15.0,14.869999885559082,14.890000343322754,14.890000343322754,78500,0.0,False
2015-02-12,15.0,15.062000274658203,14.928000450134277,15.04800033569336,15.04800033569336,115000,0.0,False
2015-02-13,15.239999771118164,15.399999618530273,15.239999771118164,15.357999801635742,15.357999801635742,151500,0.0,False
2015-02-17,15.131999969482422,15.25,15.116000175476074,15.182000160217285,15.182000160217285,82500,0.0,False
2015-02-18,15.13599967956543,15.15999984741211,15.034000396728516,15.10200023651123,15.10200023651123,76000,0.0,False
2015-02-19,15.170000076293945,15.329999923706055,15.104000091552734,15.244000434875488,15.244000434875488,60000,0.0,False
2015-02-20,15.161999702453613,15.196000099182129,15.055999755859375,15.100000381469727,15.100000381469727,279000,0.0,False
2015-02-23,15.180000305175781,15.288000106811523,15.180000305175781,15.272000312805176,15.272000312805176,114000,0.0,False
2015-02-24,15.270000457763672,15.454000473022461,15.260000228881836,15.428000450134277,15.428000450134277,186000,0.0,False
2015-02-25,15.579999923706055,15.673999786376953,15.53600025177002,15.630000114440918,15.630000114440918,450000,0.0,False
2015-02-26,15.779999732971191,15.79800033569336,15.652000427246094,15.718000411987305,15.718000411987305,73000,0.0,False
2015-02-27,15.776000022888184,15.880000114440918,15.736000061035156,15.87399959564209,15.87399959564209,75000,0.0,False
2015-03-02,15.911999702453613,16.158000946044922,15.90999984741211,16.1200008392334,16.1200008392334,230000,0.0,False
2015-03-03,16.091999053955078,16.15399932861328,16.038000106811523,16.104000091552734,16.104000091552734,119000,0.0,False
2015-03-04,16.049999237060547,16.118000030517578,16.00200080871582,16.031999588012695,16.031999588012695,68500,0.0,False
2015-03-05,16.052000045776367,16.091999053955078,15.942000389099121,16.00200080871582,16.00200080871582,190500,0.0,False
2015-03-06,15.84000015258789,15.946000099182129,15.8100004196167,15.855999946594238,15.855999946594238,305000,0.0,False
2015-03-09,15.949999809265137,16.077999114990234,15.930000305175781,15.965999603271484,15.965999603271484,93000,0.0,False
2015-03-10,15.727999687194824,15.758000373840332,15.520000457763672,15.555999755859375,15.555999755859375,97000,0.0,False
2015-03-11,15.4399995803833,15.470000267028809,15.270000457763672,15.312000274658203,15.312000274658203,157000,0.0,False
2015-03-12,15.369999885559082,15.39799976348877,15.229999542236328,15.312000274658203,15.312000274658203,58000,0.0,False
2015-03-13,15.329999923706055,15.402000427246094,15.279999732971191,15.380000114440918,15.380000114440918,59000,0.0,False
2015-03-16,15.312000274658203,15.34000015258789,15.109999656677246,15.14799976348877,15.14799976348877,79000,0.0,False
2015-03-17,14.800000190734863,14.911999702453613,14.770000457763672,14.770000457763672,14.770000457763672,171500,0.0,False
2015-03-18,14.784000396728516,15.137999534606934,14.711999893188477,15.118000030517578,15.118000030517578,201000,0.0,False
2015-03-19,14.920000076293945,14.989999771118164,14.831999778747559,14.833999633789062,14.833999633789062,141500,0.0,False
2015-03-20,14.970000267028809,15.133999824523926,14.970000267028809,15.057999610900879,15.057999610900879,96000,0.0,False
2015-03-23,15.100000381469727,15.109999656677246,14.944000244140625,15.07800006866455,15.07800006866455,103500,0.0,False
2015-03-24,14.960000038146973,14.960000038146973,14.814000129699707,14.831999778747559,14.831999778747559,76000,0.0,False
2015-03-25,14.887999534606934,14.887999534606934,14.77400016784668,14.855999946594238,14.855999946594238,161000,0.0,False
2015-03-26,14.937999725341797,15.0600004196167,14.899999618530273,14.930000305175781,14.930000305175781,253500,0.0,False
2015-03-27,14.630000114440918,14.630000114440918,14.331999778747559,14.359999656677246,14.359999656677246,425500,0.0,False
2015-03-30,14.270000457763672,14.300000190734863,14.050000190734863,14.145999908447266,14.145999908447266,298000,0.0,False
2015-03-31,14.130000114440918,14.29800033569336,14.100000381469727,14.26200008392334,14.26200008392334,172000,0.0,False
2015-04-01,14.423999786376953,14.54800033569336,14.362000465393066,14.508000373840332,14.508000373840332,281500,0.0,False
2015-04-02,14.5600004196167,14.645999908447266,14.444000244140625,14.482000350952148,14.482000350952148,140000,0.0,False
2015-04-06,14.95199966430664,14.972000122070312,14.887999534606934,14.902000427246094,14.902000427246094,151000,0.0,False
2015-04-07,15.0,15.039999961853027,14.87399959564209,14.930000305175781,14.930000305175781,474500,0.0,False
2015-04-08,14.87600040435791,14.880000114440918,14.621999740600586,14.680000305175781,14.680000305175781,157000,0.0,False
2015-04-09,14.758000373840332,14.803999900817871,14.699999809265137,14.765999794006348,14.765999794006348,296000,0.0,False
2015-04-10,15.079999923706055,15.107999801635742,15.0,15.071999549865723,15.071999549865723,74500,0.0,False
2015-04-13,15.100000381469727,15.119999885559082,14.869999885559082,14.911999702453613,14.911999702453613,84000,0.0,False
2015-04-14,14.805999755859375,14.859999656677246,14.710000038146973,14.763999938964844,14.763999938964844,116000,0.0,False
2015-04-15,14.800000190734863,14.98799991607666,14.753999710083008,14.925999641418457,14.925999641418457,68000,0.0,False
2015-04-16,15.010000228881836,15.161999702453613,14.911999702453613,15.079999923706055,15.079999923706055,104000,0.0,False
2015-04-17,15.119999885559082,15.232000350952148,15.069999694824219,15.22599983215332,15.22599983215332,101500,0.0,False
2015-04-20,14.843999862670898,15.015999794006348,14.84000015258789,14.982000350952148,14.982000350952148,165000,0.0,False
2015-04-21,15.0,15.076000213623047,14.9399995803833,14.970000267028809,14.970000267028809,219000,0.0,False
2015-04-22,14.800000190734863,14.800000190734863,14.642000198364258,14.64799976348877,14.64799976348877,94000,0.0,False
2015-04-23,14.739999771118164,14.960000038146973,14.739999771118164,14.887999534606934,14.887999534606934,290000,0.0,False
2015-04-24,15.020000457763672,15.020000457763672,14.906000137329102,14.911999702453613,14.911999702453613,52000,0.0,False
2015-04-27,15.071999549865723,15.210000038146973,15.062000274658203,15.079999923706055,15.079999923706055,125500,0.0,False
2015-04-28,14.996000289916992,15.128000259399414,14.996000289916992,15.041999816894531,15.041999816894531,47000,0.0,False
2015-04-29,15.034000396728516,15.210000038146973,15.034000396728516,15.163999557495117,15.163999557495117,20500,0.0,False
2015-04-30,15.107999801635742,15.107999801635742,14.913999557495117,15.053999900817871,15.053999900817871,49500,0.0,False
2015-05-01,14.979999542236328,15.029999732971191,14.961999893188477,14.96399974822998,14.96399974822998,31000,0.0,False
2015-05-04,15.02400016784668,15.199999809265137,15.005999565124512,15.142000198364258,15.142000198364258,96000,0.0,False
2015-05-05,15.362000465393066,15.447999954223633,15.34000015258789,15.362000465393066,15.362000465393066,411500,0.0,False
2015-05-06,15.437999725341797,15.437999725341797,15.3100004196167,15.357999801635742,15.357999801635742,119500,0.0,False
2015-05-07,15.281999588012695,15.29800033569336,15.112000465393066,15.118000030517578,15.118000030517578,67000,0.0,False
2015-05-08,15.430000305175781,15.529999732971191,15.371999740600586,15.470000267028809,15.470000267028809,117000,0.0,False
2015-05-11,15.180000305175781,15.248000144958496,14.965999603271484,15.157999992370605,15.157999992370605,94500,0.0,False
2015-05-12,15.14799976348877,15.248000144958496,15.119999885559082,15.194000244140625,15.194000244140625,47500,0.0,False
2015-05-13,15.276000022888184,15.331999778747559,15.187999725341797,15.220000267028809,15.220000267028809,120500,0.0,False
2015-05-14,15.180000305175781,15.180000305175781,15.020000457763672,15.133999824523926,15.133999824523926,130500,0.0,False
2015-05-15,15.199999809265137,15.399999618530273,15.180000305175781,15.343999862670898,15.343999862670898,171500,0.0,False
2015-05-18,15.472000122070312,15.472000122070312,15.17199993133545,15.17199993133545,15.17199993133545,59500,0.0,False
2015-05-19,15.175999641418457,15.196000099182129,15.020000457763672,15.022000312805176,15.022000312805176,128500,0.0,False
2015-05-20,15.119999885559082,15.157999992370605,14.991999626159668,15.039999961853027,15.039999961853027,105000,0.0,False
2015-05-21,15.050000190734863,15.157999992370605,15.034000396728516,15.142000198364258,15.142000198364258,151000,0.0,False
2015-05-22,15.015999794006348,15.223999977111816,14.930000305175781,15.187999725341797,15.187999725341797,96500,0.0,False
2015-05-26,15.199999809265137,15.239999771118164,15.116000175476074,15.14799976348877,15.14799976348877,75000,0.0,False
2015-05-27,15.140000343322754,15.239999771118164,15.140000343322754,15.204000473022461,15.204000473022461,98500,0.0,False
2015-05-28,15.180000305175781,15.25,15.149999618530273,15.244000434875488,15.244000434875488,48500,0.0,False
2015-05-29,15.15999984741211,15.192000389099121,15.029999732971191,15.039999961853027,15.039999961853027,31000,0.0,False
2015-06-01,15.062000274658203,15.100000381469727,14.949999809265137,14.961999893188477,14.961999893188477,82500,0.0,False
2015-06-02,14.949999809265137,15.0,14.821999549865723,14.862000465393066,14.862000465393066,118000,0.0,False
2015-06-03,14.770000457763672,14.8100004196167,14.576000213623047,14.696000099182129,14.696000099182129,381000,0.0,False
2015-06-04,14.630000114440918,14.668000221252441,14.600000381469727,14.63599967956543,14.63599967956543,70500,0.0,False
2015-06-05,14.477999687194824,14.607999801635742,14.470000267028809,14.607999801635742,14.607999801635742,508000,0.0,False
2015-06-08,14.484000205993652,14.52400016784668,14.390000343322754,14.418000221252441,14.418000221252441,108500,0.0,False
2015-06-09,14.413999557495117,14.430000305175781,14.350000381469727,14.359999656677246,14.359999656677246,33000,0.0,False
2015-06-10,14.473999977111816,14.479999542236328,14.34000015258789,14.428000450134277,14.428000450134277,137500,0.0,False
2015-06-11,14.380000114440918,14.449999809265137,14.34000015258789,14.442000389099121,14.442000389099121,19500,0.0,False
2015-06-12,14.317999839782715,14.345999717712402,14.26200008392334,14.272000312805176,14.272000312805176,167500,0.0,False
2015-06-15,14.223999977111816,14.319999694824219,14.199999809265137,14.211999893188477,14.211999893188477,117500,0.0,False
2015-06-16,14.248000144958496,14.288000106811523,14.1899995803833,14.192000389099121,14.192000389099121,57500,0.0,False
2015-06-17,14.15999984741211,14.187999725341797,13.9399995803833,14.003999710083008,14.003999710083008,173000,0.0,False
2015-06-18,14.041999816894531,14.04800033569336,13.892000198364258,13.9399995803833,13.9399995803833,142500,0.0,False
2015-06-19,13.930000305175781,13.949999809265137,13.675999641418457,13.6899995803833,13.6899995803833,231500,0.0,False
2015-06-22,13.5600004196167,13.5600004196167,13.380000114440918,13.498000144958496,13.498000144958496,141000,0.0,False
2015-06-23,13.470000267028809,13.5,13.45199966430664,13.477999687194824,13.477999687194824,100000,0.0,False
2015-06-24,13.5,13.517999649047852,13.4399995803833,13.45199966430664,13.45199966430664,80000,0.0,False
2015-06-25,13.1899995803833,13.1899995803833,12.960000038146973,13.119999885559082,13.119999885559082,563000,0.0,False
2015-06-26,13.039999961853027,13.175999641418457,12.960000038146973,13.119999885559082,13.119999885559082,255000,0.0,False
2015-06-29,12.970000267028809,13.020000457763672,12.890000343322754,12.899999618530273,12.899999618530273,115500,0.0,False
2015-06-30,13.022000312805176,13.0600004196167,12.942000389099121,13.029999732971191,13.029999732971191,85500,0.0,False
2015-07-01,13.470000267028809,13.600000381469727,13.42199993133545,13.491999626159668,13.491999626159668,113500,0.0,False
2015-07-02,13.571999549865723,13.579999923706055,13.40999984741211,13.40999984741211,13.40999984741211,80000,0.0,False
2015-07-06,12.925999641418457,13.163999557495117,12.913999557495117,13.131999969482422,13.131999969482422,84500,0.0,False
2015-07-07,12.87399959564209,12.87399959564209,12.430000305175781,12.5600004196167,12.5600004196167,404500,0.0,False
2015-07-08,12.583999633789062,12.699999809265137,12.48799991607666,12.652000427246094,12.652000427246094,208000,0.0,False
2015-07-09,12.652000427246094,12.652000427246094,12.3100004196167,12.333999633789062,12.333999633789062,157000,0.0,False
2015-07-10,12.680000305175781,12.680000305175781,12.477999687194824,12.592000007629395,12.592000007629395,116500,0.0,False
2015-07-13,12.739999771118164,12.930000305175781,12.710000038146973,12.751999855041504,12.751999855041504,206000,0.0,False
2015-07-14,12.869999885559082,12.869999885559082,12.609999656677246,12.631999969482422,12.631999969482422,196500,0.0,False
2015-07-15,12.522000312805176,12.550000190734863,12.331999778747559,12.411999702453613,12.411999702453613,123000,0.0,False
2015-07-16,12.289999961853027,12.3100004196167,12.180000305175781,12.182000160217285,12.182000160217285,120000,0.0,False
2015-07-17,12.0,12.0,11.920000076293945,11.947999954223633,11.947999954223633,183500,0.0,False
2015-07-20,11.789999961853027,11.911999702453613,11.65999984741211,11.711999893188477,11.711999893188477,198000,0.0,False
2015-07-21,11.904000282287598,12.199999809265137,11.904000282287598,12.09000015258789,12.09000015258789,190500,0.0,False
2015-07-22,11.881999969482422,12.170000076293945,11.881999969482422,12.131999969482422,12.131999969482422,77500,0.0,False
2015-07-23,12.239999771118164,12.239999771118164,11.887999534606934,11.887999534606934,11.887999534606934,62000,0.0,False
2015-07-24,11.862000465393066,12.130000114440918,11.842000007629395,12.083999633789062,12.083999633789062,494500,0.0,False
2015-07-27,12.050000190734863,12.14799976348877,11.842000007629395,11.86400032043457,11.86400032043457,92500,0.0,False
2015-07-28,11.96399974822998,12.039999961853027,11.946000099182129,12.02400016784668,12.02400016784668,135500,0.0,False
2015-07-29,12.039999961853027,12.039999961853027,11.904000282287598,12.001999855041504,12.001999855041504,155000,0.0,False
2015-07-30,11.970000267028809,12.069999694824219,11.960000038146973,11.991999626159668,11.991999626159668,65500,0.0,False
2015-07-31,11.958000183105469,11.979999542236328,11.800000190734863,11.821999549865723,11.821999549865723,358500,0.0,False
2015-08-03,12.069999694824219,12.079999923706055,11.489999771118164,11.595999717712402,11.595999717712402,248000,0.0,False
2015-08-04,11.54800033569336,11.652000427246094,11.510000228881836,11.593999862670898,11.593999862670898,70000,0.0,False
2015-08-05,11.576000213623047,11.607999801635742,11.479999542236328,11.491999626159668,11.491999626159668,150000,0.0,False
2015-08-06,11.579999923706055,11.644000053405762,11.576000213623047,11.609999656677246,11.609999656677246,194500,0.0,False
2015-08-07,11.692000389099121,11.781999588012695,11.59000015258789,11.618000030517578,11.618000030517578,52000,0.0,False
2015-08-10,11.612000465393066,11.90999984741211,11.612000465393066,11.791999816894531,11.791999816894531,110500,0.0,False
2015-08-11,11.850000381469727,11.868000030517578,11.600000381469727,11.64799976348877,11.64799976348877,172000,0.0,False
2015-08-12,11.765999794006348,12.13599967956543,11.765999794006348,12.112000465393066,12.112000465393066,295000,0.0,False
2015-08-13,11.991999626159668,12.020000457763672,11.887999534606934,11.887999534606934,11.887999534606934,912500,0.0,False
2015-08-14,12.01200008392334,12.064000129699707,11.932000160217285,11.95199966430664,11.95199966430664,543000,0.0,False
2015-08-17,11.899999618530273,11.902000427246094,11.829999923706055,11.87600040435791,11.87600040435791,48500,0.0,False
2015-08-18,11.605999946594238,11.609999656677246,11.4399995803833,11.541999816894531,11.541999816894531,249500,0.0,False
2015-08-19,11.65999984741211,11.859999656677246,11.65999984741211,11.831999778747559,11.831999778747559,203500,0.0,False
2015-08-20,11.92199993133545,12.062000274658203,11.920000076293945,12.022000312805176,12.022000312805176,74500,0.0,False
2015-08-21,11.722000122070312,11.77400016784668,11.631999969482422,11.687999725341797,11.687999725341797,181500,0.0,False
2015-08-24,11.04800033569336,11.187999725341797,10.979999542236328,11.095999717712402,11.095999717712402,210000,0.0,False
2015-08-25,10.699999809265137,10.720000267028809,10.34000015258789,10.36400032043457,10.36400032043457,266000,0.0,False
2015-08-26,10.118000030517578,10.336000442504883,10.086000442504883,10.267999649047852,10.267999649047852,220000,0.0,False
2015-08-27,10.581999778747559,11.0,10.550000190734863,10.935999870300293,10.935999870300293,154500,0.0,False
2015-08-28,11.128000259399414,11.446000099182129,11.128000259399414,11.36400032043457,11.36400032043457,130500,0.0,False
2015-08-31,11.470000267028809,11.682000160217285,11.39799976348877,11.604000091552734,11.604000091552734,97500,0.0,False
2015-09-01,11.39799976348877,11.449999809265137,11.013999938964844,11.020000457763672,11.020000457763672,96500,0.0,False
2015-09-02,11.32800006866455,11.32800006866455,11.093999862670898,11.291999816894531,11.291999816894531,83500,0.0,False
2015-09-03,11.319999694824219,11.434000015258789,11.081999778747559,11.081999778747559,11.081999778747559,65000,0.0,False
2015-09-04,11.192000389099121,11.284000396728516,11.095999717712402,11.279999732971191,11.279999732971191,136000,0.0,False
2015-09-08,11.460000038146973,11.489999771118164,11.270000457763672,11.40999984741211,11.40999984741211,420000,0.0,False
2015-09-09,11.23799991607666,11.23799991607666,11.149999618530273,11.182000160217285,11.182000160217285,76000,0.0,False
2015-09-10,11.350000381469727,11.461999893188477,11.321999549865723,11.406000137329102,11.406000137329102,93000,0.0,False
2015-09-11,11.277999877929688,11.442000389099121,11.192000389099121,11.432000160217285,11.432000160217285,1206500,0.0,False
2015-09-14,11.331999778747559,11.355999946594238,11.284000396728516,11.331999778747559,11.331999778747559,25500,0.0,False
2015-09-15,11.5,11.678000450134277,11.484000205993652,11.61400032043457,11.61400032043457,167500,0.0,False
2015-09-16,11.552000045776367,11.819999694824219,11.550000190734863,11.817999839782715,11.817999839782715,145000,0.0,False
2015-09-17,11.597999572753906,11.92199993133545,11.51200008392334,11.815999984741211,11.815999984741211,75000,0.0,False
2015-09-18,11.800000190734863,11.802000045776367,11.72599983215332,11.751999855041504,11.751999855041504,48500,0.0,False
2015-09-21,11.633999824523926,11.932000160217285,11.621999740600586,11.868000030517578,11.868000030517578,49500,0.0,False
2015-09-22,11.600000381469727,11.881999969482422,11.539999961853027,11.765999794006348,11.765999794006348,71500,0.0,False
2015-09-23,12.289999961853027,12.569999694824219,12.281999588012695,12.522000312805176,12.522000312805176,257500,0.0,False
2015-09-24,12.539999961853027,12.779999732971191,12.53600025177002,12.67199993133545,12.67199993133545,627500,0.0,False
2015-09-25,12.890000343322754,12.918000221252441,12.800000190734863,12.838000297546387,12.838000297546387,148500,0.0,False
2015-09-28,12.600000381469727,12.616000175476074,12.5,12.51200008392334,12.51200008392334,170000,0.0,False
2015-09-29,12.552000045776367,12.718000411987305,12.520000457763672,12.708000183105469,12.708000183105469,147000,0.0,False
2015-09-30,12.727999687194824,12.788000106811523,12.569999694824219,12.592000007629395,12.592000007629395,228000,0.0,False
2015-10-01,12.869999885559082,13.1899995803833,12.869999885559082,13.041999816894531,13.041999816894531,178500,0.0,False
2015-10-02,13.345999717712402,13.53600025177002,13.329999923706055,13.491999626159668,13.491999626159668,252000,0.0,False
2015-10-05,13.680000305175781,13.784000396728516,13.241999626159668,13.39799976348877,13.39799976348877,471500,0.0,False
2015-10-06,13.65999984741211,13.802000045776367,13.612000465393066,13.612000465393066,13.612000465393066,189000,0.0,False
2015-10-07,13.5,13.526000022888184,13.359999656677246,13.447999954223633,13.447999954223633,148000,0.0,False
2015-10-08,13.529999732971191,13.678000450134277,13.479999542236328,13.54800033569336,13.54800033569336,179500,0.0,False
2015-10-09,13.847999572753906,13.911999702453613,13.609999656677246,13.708000183105469,13.708000183105469,270000,0.0,False
2015-10-12,13.819999694824219,13.819999694824219,13.371999740600586,13.371999740600586,13.371999740600586,156500,0.0,False
2015-10-13,13.37399959564209,13.48799991607666,13.15999984741211,13.163999557495117,13.163999557495117,205500,0.0,False
2015-10-14,13.430000305175781,13.59000015258789,13.404000282287598,13.520000457763672,13.520000457763672,184500,0.0,False
2015-10-15,13.628000259399414,13.630000114440918,13.550000190734863,13.571999549865723,13.571999549865723,138000,0.0,False
2015-10-16,13.515999794006348,13.605999946594238,13.446000099182129,13.446000099182129,13.446000099182129,84000,0.0,False
2015-10-19,13.255999565124512,13.29800033569336,13.081999778747559,13.223999977111816,13.223999977111816,105500,0.0,False
2015-10-20,13.420000076293945,13.5,13.383999824523926,13.402000427246094,13.402000427246094,98500,0.0,False
2015-10-21,13.0600004196167,13.199999809265137,13.013999938964844,13.031999588012695,13.031999588012695,143500,0.0,False
2015-10-22,13.0,13.26200008392334,13.0,13.260000228881836,13.260000228881836,48500,0.0,False
2015-10-23,13.350000381469727,13.449999809265137,13.34000015258789,13.369999885559082,13.369999885559082,42500,0.0,False
2015-10-26,13.211999893188477,13.232000350952148,13.17199993133545,13.17199993133545,13.17199993133545,114000,0.0,False
2015-10-27,13.11400032043457,13.182000160217285,13.069999694824219,13.076000213623047,13.076000213623047,85500,0.0,False
2015-10-28,13.192000389099121,13.329999923706055,12.946000099182129,13.131999969482422,13.131999969482422,126000,0.0,False
2015-10-29,12.968000411987305,13.01200008392334,12.906000137329102,12.932000160217285,12.932000160217285,71500,0.0,False
2015-10-30,13.020000457763672,13.081999778747559,13.020000457763672,13.039999961853027,13.039999961853027,31000,0.0,False
2015-11-02,12.640000343322754,12.697999954223633,12.479999542236328,12.538000106811523,12.538000106811523,95000,0.0,False
2015-11-03,12.40999984741211,12.489999771118164,12.362000465393066,12.444000244140625,12.444000244140625,95500,0.0,False
2015-11-04,12.531999588012695,12.534000396728516,12.04800033569336,12.168000221252441,12.168000221252441,106500,0.0,False
2015-11-05,11.739999771118164,11.779999732971191,11.67199993133545,11.720000267028809,11.720000267028809,240500,0.0,False
2015-11-06,11.819999694824219,12.0600004196167,11.789999961853027,11.979999542236328,11.979999542236328,421500,0.0,False
2015-11-09,11.552000045776367,11.62399959564209,11.505999565124512,11.565999984741211,11.565999984741211,324500,0.0,False
2015-11-10,11.555999755859375,11.600000381469727,11.498000144958496,11.552000045776367,11.552000045776367,101000,0.0,False
2015-11-11,11.208000183105469,11.22599983215332,11.09000015258789,11.095999717712402,11.095999717712402,199000,0.0,False
2015-11-12,10.979999542236328,11.07800006866455,10.795999526977539,10.847999572753906,10.847999572753906,160500,0.0,False
2015-11-13,10.48799991607666,10.529999732971191,10.37600040435791,10.420000076293945,10.420000076293945,182500,0.0,False
2015-11-16,10.539999961853027,10.666000366210938,10.449999809265137,10.654000282287598,10.654000282287598,89000,0.0,False
2015-11-17,10.645999908447266,10.748000144958496,10.47599983215332,10.508000373840332,10.508000373840332,185000,0.0,False
2015-11-18,10.51200008392334,10.51200008392334,10.199999809265137,10.38599967956543,10.38599967956543,183000,0.0,False
2015-11-19,10.38599967956543,10.479999542236328,10.35200023651123,10.434000015258789,10.434000015258789,226000,0.0,False
2015-11-20,10.657999992370605,10.829999923706055,10.612000465393066,10.82800006866455,10.82800006866455,196000,0.0,False
2015-11-23,10.600000381469727,10.619999885559082,10.381999969482422,10.404000282287598,10.404000282287598,246500,0.0,False
2015-11-24,10.394000053405762,10.503999710083008,10.35200023651123,10.416000366210938,10.416000366210938,405500,0.0,False
2015-11-25,10.300000190734863,10.84000015258789,10.192000389099121,10.720000267028809,10.720000267028809,234000,0.0,False
2015-11-27,10.644000053405762,10.720000267028809,10.571999549865723,10.618000030517578,10.618000030517578,81000,0.0,False
2015-11-30,10.460000038146973,10.531999588012695,10.4399995803833,10.489999771118164,10.489999771118164,98500,0.0,False
2015-12-01,10.605999946594238,10.630000114440918,10.38599967956543,10.42199993133545,10.42199993133545,81000,0.0,False
2015-12-02,10.319999694824219,10.333999633789062,10.100000381469727,10.17199993133545,10.17199993133545,189000,0.0,False
2015-12-03,10.276000022888184,10.402000427246094,10.142000198364258,10.380000114440918,10.380000114440918,138500,0.0,False
2015-12-04,10.486000061035156,11.04800033569336,10.486000061035156,10.989999771118164,10.989999771118164,248000,0.0,False
2015-12-07,10.708000183105469,10.859999656677246,10.612000465393066,10.621999740600586,10.621999740600586,429500,0.0,False
2015-12-08,10.760000228881836,10.817999839782715,10.550000190734863,10.562000274658203,10.562000274658203,99000,0.0,False
2015-12-09,10.706000328063965,10.72599983215332,10.588000297546387,10.656000137329102,10.656000137329102,109000,0.0,False
2015-12-10,10.630000114440918,10.670000076293945,10.432000160217285,10.456000328063965,10.456000328063965,273500,0.0,False
2015-12-11,10.447999954223633,10.545999526977539,10.4399995803833,10.46399974822998,10.46399974822998,68000,0.0,False
2015-12-14,10.59000015258789,10.619999885559082,10.5,10.531999588012695,10.531999588012695,176500,0.0,False
2015-12-15,10.819999694824219,10.956000328063965,10.800000190734863,10.892000198364258,10.892000198364258,159000,0.0,False
2015-12-16,11.0,11.069999694824219,10.949999809265137,11.001999855041504,11.001999855041504,123000,0.0,False
2015-12-17,10.878000259399414,10.878000259399414,10.631999969482422,10.70199966430664,10.70199966430664,162000,0.0,False
2015-12-18,10.678000450134277,10.868000030517578,10.678000450134277,10.741999626159668,10.741999626159668,709500,0.0,False
2015-12-21,10.741999626159668,10.770000457763672,10.609999656677246,10.654000282287598,10.654000282287598,167000,0.0,False
2015-12-22,10.75,10.779999732971191,10.67199993133545,10.706000328063965,10.706000328063965,212000,0.0,False
2015-12-23,10.630000114440918,10.6899995803833,10.59000015258789,10.654000282287598,10.654000282287598,163000,0.0,False
2015-12-24,10.739999771118164,10.795999526977539,10.739999771118164,10.760000228881836,10.760000228881836,74000,0.0,False
2015-12-28,10.748000144958496,10.758000373840332,10.619999885559082,10.621999740600586,10.621999740600586,137500,0.0,False
2015-12-29,10.720000267028809,10.760000228881836,10.680000305175781,10.732000350952148,10.732000350952148,177500,0.0,False
2015-12-30,10.637999534606934,10.684000015258789,10.411999702453613,10.420000076293945,10.420000076293945,405000,0.0,False
2015-12-31,10.609999656677246,10.845999717712402,10.529999732971191,10.833999633789062,10.833999633789062,259000,0.0,False
2016-01-04,10.621999740600586,10.63599967956543,10.395999908447266,10.411999702453613,10.411999702453613,124000,0.0,False
2016-01-05,10.45199966430664,10.45199966430664,10.307999610900879,10.3100004196167,10.3100004196167,75000,0.0,False
2016-01-06,10.050000190734863,10.050000190734863,9.734000205993652,9.803999900817871,9.803999900817871,273000,0.0,False
2016-01-07,9.470000267028809,9.595999717712402,9.40999984741211,9.501999855041504,9.501999855041504,322500,0.0,False
2016-01-08,9.699999809265137,9.73799991607666,9.449999809265137,9.51200008392334,9.51200008392334,190500,0.0,False
2016-01-11,9.37600040435791,9.380000114440918,9.142000198364258,9.241999626159668,9.241999626159668,351500,0.0,False
2016-01-12,9.144000053405762,9.15999984741211,9.010000228881836,9.092000007629395,9.092000007629395,263000,0.0,False
2016-01-13,9.460000038146973,9.654000282287598,9.329999923706055,9.378000259399414,9.378000259399414,269500,0.0,False
2016-01-14,9.430000305175781,9.550000190734863,9.255999565124512,9.505999565124512,9.505999565124512,163500,0.0,False
2016-01-15,9.550000190734863,9.569999694824219,9.380000114440918,9.42199993133545,9.42199993133545,61000,0.0,False
2016-01-19,9.61400032043457,9.61400032043457,9.489999771118164,9.550000190734863,9.550000190734863,131000,0.0,False
2016-01-20,9.381999969482422,9.567999839782715,9.329999923706055,9.567999839782715,9.567999839782715,97500,0.0,False
2016-01-21,9.62600040435791,9.64799976348877,9.489999771118164,9.609999656677246,9.609999656677246,109500,0.0,False
2016-01-22,9.781999588012695,9.800000190734863,9.579999923706055,9.583999633789062,9.583999633789062,132500,0.0,False
2016-01-25,9.574000358581543,9.609999656677246,9.430000305175781,9.430000305175781,9.430000305175781,126500,0.0,False
2016-01-26,9.595999717712402,9.649999618530273,9.482000350952148,9.543999671936035,9.543999671936035,70500,0.0,False
2016-01-27,9.529999732971191,9.687999725341797,9.5,9.61400032043457,9.61400032043457,62000,0.0,False
2016-01-28,9.630000114440918,9.630000114440918,9.454000473022461,9.465999603271484,9.465999603271484,54000,0.0,False
2016-01-29,9.618000030517578,9.699999809265137,9.562000274658203,9.609999656677246,9.609999656677246,99000,0.0,False
2016-02-01,9.736000061035156,9.760000228881836,9.65999984741211,9.711999893188477,9.711999893188477,83500,0.0,False
2016-02-02,9.567999839782715,9.579999923706055,9.460000038146973,9.515999794006348,9.515999794006348,66000,0.0,False
2016-02-03,9.510000228881836,9.9399995803833,9.5,9.826000213623047,9.826000213623047,233500,0.0,False
2016-02-04,9.833999633789062,9.979999542236328,9.82800006866455,9.880000114440918,9.880000114440918,93000,0.0,False
2016-02-05,9.850000381469727,9.859999656677246,9.597999572753906,9.666000366210938,9.666000366210938,128000,0.0,False
2016-02-08,9.71399974822998,9.994000434875488,9.71399974822998,9.92199993133545,9.92199993133545,138500,0.0,False
2016-02-09,9.986000061035156,9.98799991607666,9.880000114440918,9.92199993133545,9.92199993133545,68500,0.0,False
2016-02-10,10.015999794006348,10.100000381469727,9.899999618530273,10.071999549865723,10.071999549865723,108000,0.0,False
2016-02-11,10.105999946594238,10.223999977111816,10.069999694824219,10.097999572753906,10.097999572753906,115500,0.0,False
2016-02-12,10.130000114440918,10.187999725341797,10.062000274658203,10.062000274658203,10.062000274658203,52000,0.0,False
2016-02-16,9.829999923706055,9.899999618530273,9.76200008392334,9.791999816894531,9.791999816894531,81500,0.0,False
2016-02-17,9.859999656677246,9.932000160217285,9.859999656677246,9.892000198364258,9.892000198364258,69000,0.0,False
2016-02-18,9.784000396728516,9.800000190734863,9.555999755859375,9.715999603271484,9.715999603271484,141000,0.0,False
2016-02-19,9.75,9.75,9.586000442504883,9.62399959564209,9.62399959564209,72000,0.0,False
2016-02-22,9.597999572753906,9.697999954223633,9.550000190734863,9.565999984741211,9.565999984741211,68000,0.0,False
2016-02-23,9.600000381469727,9.685999870300293,9.59000015258789,9.654000282287598,9.654000282287598,141500,0.0,False
2016-02-24,9.583999633789062,9.597999572753906,9.36400032043457,9.402000427246094,9.402000427246094,178000,0.0,False
2016-02-25,9.420000076293945,9.420000076293945,9.270000457763672,9.342000007629395,9.342000007629395,131500,0.0,False
2016-02-26,9.473999977111816,9.5,9.263999938964844,9.329999923706055,9.329999923706055,89500,0.0,False
2016-02-29,9.489999771118164,9.567999839782715,9.454000473022461,9.501999855041504,9.501999855041504,96000,0.0,False
2016-03-01,9.845999717712402,10.057999610900879,9.781999588012695,9.942000389099121,9.942000389099121,240000,0.0,False
2016-03-02,9.935999870300293,10.315999984741211,9.819999694824219,10.013999938964844,10.013999938964844,883500,0.0,False
2016-03-03,10.131999969482422,10.498000144958496,10.128000259399414,10.387999534606934,10.387999534606934,267000,0.0,False
2016-03-04,10.545999526977539,10.843999862670898,10.539999961853027,10.706000328063965,10.706000328063965,327500,0.0,False
2016-03-07,11.050000190734863,11.14799976348877,10.991999626159668,11.13599967956543,11.13599967956543,191000,0.0,False
2016-03-08,11.022000312805176,11.043999671936035,10.72599983215332,10.755999565124512,10.755999565124512,294500,0.0,False
2016-03-09,10.829999923706055,10.965999603271484,10.812000274658203,10.85200023651123,10.85200023651123,576000,0.0,False
2016-03-10,10.956000328063965,11.055999755859375,10.907999992370605,10.935999870300293,10.935999870300293,123500,0.0,False
2016-03-11,11.130000114440918,11.276000022888184,11.064000129699707,11.064000129699707,11.064000129699707,104000,0.0,False
2016-03-14,11.092000007629395,11.092000007629395,10.911999702453613,10.946000099182129,10.946000099182129,88500,0.0,False
2016-03-15,10.833999633789062,10.972000122070312,10.833999633789062,10.925999641418457,10.925999641418457,60000,0.0,False
2016-03-16,10.972000122070312,11.248000144958496,10.972000122070312,11.241999626159668,11.241999626159668,134500,0.0,False
2016-03-17,11.387999534606934,11.503999710083008,11.319999694824219,11.381999969482422,11.381999969482422,184500,0.0,False
2016-03-18,11.392000198364258,11.470000267028809,11.279999732971191,11.350000381469727,11.350000381469727,186000,0.0,False
2016-03-21,11.40999984741211,11.60200023651123,11.40999984741211,11.579999923706055,11.579999923706055,74500,0.0,False
2016-03-22,11.645999908447266,11.685999870300293,11.637999534606934,11.649999618530273,11.649999618530273,67000,0.0,False
2016-03-23,11.342000007629395,11.354000091552734,11.170000076293945,11.197999954223633,11.197999954223633,133000,0.0,False
2016-03-24,11.0600004196167,11.156000137329102,10.977999687194824,11.067999839782715,11.067999839782715,133500,0.0,False
2016-03-28,11.050000190734863,11.076000213623047,10.892000198364258,10.925999641418457,10.925999641418457,86000,0.0,False
2016-03-29,10.928000450134277,11.145999908447266,10.715999603271484,11.142000198364258,11.142000198364258,147500,0.0,False
2016-03-30,11.010000228881836,11.062000274658203,10.847999572753906,10.87600040435791,10.87600040435791,35500,0.0,False
2016-03-31,11.0,11.064000129699707,10.854000091552734,10.857999801635742,10.857999801635742,66000,0.0,False
2016-04-01,10.777999877929688,10.880000114440918,10.72599983215332,10.869999885559082,10.869999885559082,39500,0.0,False
2016-04-04,10.760000228881836,10.760000228881836,10.57800006866455,10.595999717712402,10.595999717712402,58500,0.0,False
2016-04-05,10.628000259399414,10.628000259399414,10.425999641418457,10.508000373840332,10.508000373840332,54500,0.0,False
2016-04-06,10.458000183105469,10.527999877929688,10.342000007629395,10.435999870300293,10.435999870300293,70000,0.0,False
2016-04-07,10.303999900817871,10.406000137329102,10.277999877929688,10.333999633789062,10.333999633789062,79000,0.0,False
2016-04-08,10.371999740600586,10.447999954223633,10.319999694824219,10.37399959564209,10.37399959564209,65500,0.0,False
2016-04-11,10.527999877929688,10.645999908447266,10.48799991607666,10.5600004196167,10.5600004196167,133000,0.0,False
2016-04-12,10.501999855041504,10.5600004196167,10.42199993133545,10.527999877929688,10.527999877929688,152000,0.0,False
2016-04-13,10.434000015258789,10.491999626159668,10.357999801635742,10.486000061035156,10.486000061035156,50000,0.0,False
2016-04-14,10.619999885559082,10.812000274658203,10.619999885559082,10.791999816894531,10.791999816894531,128500,0.0,False
2016-04-15,10.906000137329102,10.937999725341797,10.8100004196167,10.935999870300293,10.935999870300293,56000,0.0,False
2016-04-18,10.925999641418457,10.965999603271484,10.869999885559082,10.937999725341797,10.937999725341797,86500,0.0,False
2016-04-19,11.218000411987305,11.293999671936035,11.175999641418457,11.204000473022461,11.204000473022461,190500,0.0,False
2016-04-20,11.399999618530273,11.541999816894531,11.390000343322754,11.420000076293945,11.420000076293945,825500,0.0,False
2016-04-21,11.699999809265137,11.758000373840332,11.458000183105469,11.633999824523926,11.633999824523926,275000,0.0,False
2016-04-22,11.708000183105469,11.89799976348877,11.612000465393066,11.649999618530273,11.649999618530273,143500,0.0,False
2016-04-25,11.682000160217285,11.687999725341797,11.605999946594238,11.652000427246094,11.652000427246094,82500,0.0,False
2016-04-26,11.597999572753906,11.722000122070312,11.529999732971191,11.595999717712402,11.595999717712402,44000,0.0,False
2016-04-27,11.600000381469727,11.805999755859375,11.564000129699707,11.76200008392334,11.76200008392334,54500,0.0,False
2016-04-28,11.84000015258789,12.050000190734863,11.84000015258789,11.979999542236328,11.979999542236328,104000,0.0,False
2016-04-29,12.12399959564209,12.204000473022461,12.017999649047852,12.029999732971191,12.029999732971191,155500,0.0,False
2016-05-02,12.100000381469727,12.100000381469727,11.899999618530273,11.9399995803833,11.9399995803833,121500,0.0,False
2016-05-03,11.871999740600586,11.871999740600586,11.543999671936035,11.62399959564209,11.62399959564209,178000,0.0,False
2016-05-04,11.612000465393066,11.685999870300293,11.458000183105469,11.508000373840332,11.508000373840332,206000,0.0,False
2016-05-05,11.680000305175781,11.718000411987305,11.508000373840332,11.54800033569336,11.54800033569336,53000,0.0,False
2016-05-06,11.569999694824219,11.720000267028809,11.5600004196167,11.697999954223633,11.697999954223633,92500,0.0,False
2016-05-09,11.434000015258789,11.4399995803833,11.083999633789062,11.22599983215332,11.22599983215332,177000,0.0,False
2016-05-10,11.281999588012695,11.52400016784668,11.279999732971191,11.461999893188477,11.461999893188477,61000,0.0,False
2016-05-11,11.668000221252441,11.77400016784668,11.668000221252441,11.70199966430664,11.70199966430664,154000,0.0,False
2016-05-12,11.710000038146973,11.710000038146973,11.446000099182129,11.446000099182129,11.446000099182129,44000,0.0,False
2016-05-13,11.399999618530273,11.434000015258789,11.336000442504883,11.40999984741211,11.40999984741211,93000,0.0,False
2016-05-16,11.418000221252441,11.494000434875488,11.34000015258789,11.371999740600586,11.371999740600586,48500,0.0,False
2016-05-17,11.229999542236328,11.343999862670898,11.210000038146973,11.270000457763672,11.270000457763672,67500,0.0,False
2016-05-18,11.119999885559082,11.196000099182129,11.039999961853027,11.065999984741211,11.065999984741211,143000,0.0,False
2016-05-19,10.890000343322754,10.902000427246094,10.732000350952148,10.779999732971191,10.779999732971191,134500,0.0,False
2016-05-20,10.890000343322754,10.928000450134277,10.729999542236328,10.744000434875488,10.744000434875488,215500,0.0,False
2016-05-23,10.600000381469727,10.652000427246094,10.574000358581543,10.612000465393066,10.612000465393066,123000,0.0,False
2016-05-24,10.470000267028809,10.5,10.265999794006348,10.303999900817871,10.303999900817871,187000,0.0,False
2016-05-25,10.119999885559082,10.255999565124512,10.092000007629395,10.236000061035156,10.236000061035156,100500,0.0,False
2016-05-26,10.5,10.522000312805176,10.329999923706055,10.461999893188477,10.461999893188477,198000,0.0,False
2016-05-27,10.510000228881836,10.543999671936035,10.27400016784668,10.331999778747559,10.331999778747559,109500,0.0,False
2016-05-31,10.380000114440918,10.541999816894531,10.380000114440918,10.531999588012695,10.531999588012695,79500,0.0,False
2016-06-01,10.449999809265137,10.567999839782715,10.449999809265137,10.517999649047852,10.517999649047852,277500,0.0,False
2016-06-02,10.336000442504883,10.347999572753906,10.251999855041504,10.281999588012695,10.281999588012695,183000,0.0,False
2016-06-03,10.588000297546387,10.642000198364258,10.534000396728516,10.630000114440918,10.630000114440918,84000,0.0,False
2016-06-06,10.706000328063965,10.739999771118164,10.621999740600586,10.72599983215332,10.72599983215332,68000,0.0,False
2016-06-07,10.5600004196167,10.732000350952148,10.5600004196167,10.67199993133545,10.67199993133545,87000,0.0,False
2016-06-08,10.869999885559082,10.942000389099121,10.76200008392334,10.788000106811523,10.788000106811523,533500,0.0,False
2016-06-09,10.6899995803833,10.829999923706055,10.6899995803833,10.78600025177002,10.78600025177002,165000,0.0,False
2016-06-10,10.699999809265137,10.727999687194824,10.411999702453613,10.47599983215332,10.47599983215332,98000,0.0,False
2016-06-13,10.461999893188477,10.517999649047852,10.392000198364258,10.432000160217285,10.432000160217285,168000,0.0,False
2016-06-14,10.359999656677246,10.368000030517578,10.260000228881836,10.288000106811523,10.288000106811523,113000,0.0,False
2016-06-15,10.449999809265137,10.460000038146973,10.22599983215332,10.260000228881836,10.260000228881836,155000,0.0,False
2016-06-16,10.350000381469727,10.35200023651123,10.152000427246094,10.248000144958496,10.248000144958496,172000,0.0,False
2016-06-17,10.220000267028809,10.350000381469727,10.170000076293945,10.211999893188477,10.211999893188477,49500,0.0,False
2016-06-20,10.4399995803833,10.565999984741211,10.4399995803833,10.54800033569336,10.54800033569336,114000,0.0,False
2016-06-21,10.479999542236328,10.607999801635742,10.47599983215332,10.57800006866455,10.57800006866455,53500,0.0,False
2016-06-22,10.706000328063965,10.817999839782715,10.684000015258789,10.772000312805176,10.772000312805176,175000,0.0,False
2016-06-23,10.817999839782715,10.880000114440918,10.795999526977539,10.880000114440918,10.880000114440918,85500,0.0,False
2016-06-24,10.550000190734863,10.640000343322754,10.454000473022461,10.555999755859375,10.555999755859375,176500,0.0,False
2016-06-27,10.668000221252441,10.732000350952148,10.592000007629395,10.720000267028809,10.720000267028809,72500,0.0,False
2016-06-28,10.871999740600586,11.005999565124512,10.836000442504883,11.005999565124512,11.005999565124512,148000,0.0,False
2016-06-29,11.246000289916992,11.37399959564209,11.232000350952148,11.305999755859375,11.305999755859375,272000,0.0,False
2016-06-30,11.350000381469727,11.522000312805176,11.331999778747559,11.522000312805176,11.522000312805176,144500,0.0,False
2016-07-01,11.520000457763672,11.670000076293945,11.503999710083008,11.62399959564209,11.62399959564209,397500,0.0,False
2016-07-05,11.637999534606934,11.722000122070312,11.461999893188477,11.593999862670898,11.593999862670898,322000,0.0,False
2016-07-06,11.447999954223633,11.73799991607666,11.402000427246094,11.684000015258789,11.684000015258789,137000,0.0,False
2016-07-07,11.668000221252441,11.751999855041504,11.569999694824219,11.710000038146973,11.710000038146973,64500,0.0,False
2016-07-08,11.758000373840332,11.92199993133545,11.71399974822998,11.89799976348877,11.89799976348877,310000,0.0,False
2016-07-11,11.989999771118164,12.026000022888184,11.918000221252441,11.972000122070312,11.972000122070312,726500,0.0,False
2016-07-12,12.074000358581543,12.100000381469727,12.010000228881836,12.09000015258789,12.09000015258789,309500,0.0,False
2016-07-13,12.295999526977539,12.446000099182129,12.218000411987305,12.387999534606934,12.387999534606934,399500,0.0,False
2016-07-14,12.411999702453613,12.520000457763672,12.366000175476074,12.5,12.5,129500,0.0,False
2016-07-15,12.333999633789062,12.442000389099121,12.321999549865723,12.442000389099121,12.442000389099121,129500,0.0,False
2016-07-18,12.324000358581543,12.444000244140625,12.303999900817871,12.444000244140625,12.444000244140625,38500,0.0,False
2016-07-19,12.477999687194824,12.649999618530273,12.465999603271484,12.630000114440918,12.630000114440918,129000,0.0,False
2016-07-20,12.630000114440918,12.986000061035156,12.609999656677246,12.902000427246094,12.902000427246094,205500,0.0,False
2016-07-21,13.0,13.187999725341797,12.973999977111816,13.168000221252441,13.168000221252441,228000,0.0,False
2016-07-22,13.187999725341797,13.222000122070312,13.079999923706055,13.178000450134277,13.178000450134277,101000,0.0,False
2016-07-25,13.149999618530273,13.222000122070312,13.027999877929688,13.194000244140625,13.194000244140625,182000,0.0,False
2016-07-26,13.270000457763672,13.347999572753906,13.218000411987305,13.23799991607666,13.23799991607666,131000,0.0,False
2016-07-27,13.40999984741211,13.576000213623047,13.392000198364258,13.472000122070312,13.472000122070312,270000,0.0,False
2016-07-28,13.526000022888184,13.531999588012695,13.381999969482422,13.418000221252441,13.418000221252441,129500,0.0,False
2016-07-29,13.569999694824219,13.741999626159668,13.418000221252441,13.642000198364258,13.642000198364258,533500,0.0,False
2016-08-01,13.843999862670898,13.880000114440918,13.744000434875488,13.776000022888184,13.776000022888184,435500,0.0,False
2016-08-02,13.894000053405762,13.89799976348877,13.722000122070312,13.755999565124512,13.755999565124512,452500,0.0,False
2016-08-03,13.616000175476074,13.789999961853027,13.576000213623047,13.708000183105469,13.708000183105469,230500,0.0,False
2016-08-04,13.678000450134277,13.722000122070312,13.449999809265137,13.555999755859375,13.555999755859375,239000,0.0,False
2016-08-05,13.399999618530273,13.444000244140625,13.258000373840332,13.387999534606934,13.387999534606934,431000,0.0,False
2016-08-08,13.369999885559082,13.437999725341797,13.326000213623047,13.331999778747559,13.331999778747559,133500,0.0,False
2016-08-09,13.277999877929688,13.381999969482422,13.25,13.329999923706055,13.329999923706055,141500,0.0,False
2016-08-10,14.020000457763672,14.144000053405762,13.878000259399414,13.928000450134277,13.928000450134277,273500,0.0,False
2016-08-11,13.697999954223633,13.697999954223633,13.248000144958496,13.253999710083008,13.253999710083008,201000,0.0,False
2016-08-12,13.270000457763672,13.355999946594238,13.109999656677246,13.192000389099121,13.192000389099121,153500,0.0,False
2016-08-15,13.130000114440918,13.357999801635742,13.130000114440918,13.329999923706055,13.329999923706055,115500,0.0,False
2016-08-16,13.383999824523926,13.5600004196167,13.289999961853027,13.498000144958496,13.498000144958496,101500,0.0,False
2016-08-17,13.449999809265137,13.449999809265137,13.236000061035156,13.368000030517578,13.368000030517578,37500,0.0,False
2016-08-18,13.539999961853027,13.79800033569336,13.539999961853027,13.692000389099121,13.692000389099121,184000,0.0,False
2016-08-19,13.616000175476074,13.668000221252441,13.600000381469727,13.642000198364258,13.642000198364258,87000,0.0,False
2016-08-22,13.59000015258789,13.61400032043457,13.267999649047852,13.28600025177002,13.28600025177002,223500,0.0,False
2016-08-23,13.350000381469727,13.489999771118164,13.350000381469727,13.430000305175781,13.430000305175781,52000,0.0,False
2016-08-24,13.284000396728516,13.284000396728516,13.045999526977539,13.142000198364258,13.142000198364258,181500,0.0,False
2016-08-25,13.156000137329102,13.241999626159668,13.131999969482422,13.239999771118164,13.239999771118164,58000,0.0,False
2016-08-26,13.317999839782715,13.5,13.133999824523926,13.220000267028809,13.220000267028809,102000,0.0,False
2016-08-29,13.206000328063965,13.42199993133545,13.206000328063965,13.387999534606934,13.387999534606934,54500,0.0,False
2016-08-30,13.232000350952148,13.241999626159668,12.944000244140625,13.0600004196167,13.0600004196167,75000,0.0,False
2016-08-31,12.972000122070312,13.017999649047852,12.894000053405762,12.944000244140625,12.944000244140625,100000,0.0,False
2016-09-01,12.76200008392334,12.843999862670898,12.619999885559082,12.833999633789062,12.833999633789062,214000,0.0,False
2016-09-02,12.935999870300293,12.972000122070312,12.821999549865723,12.972000122070312,12.972000122070312,80000,0.0,False
2016-09-06,13.25,13.465999603271484,13.244000434875488,13.428000450134277,13.428000450134277,76000,0.0,False
2016-09-07,13.354000091552734,13.37399959564209,13.21399974822998,13.258000373840332,13.258000373840332,67500,0.0,False
2016-09-08,13.279999732971191,13.350000381469727,13.145999908447266,13.1899995803833,13.1899995803833,56000,0.0,False
2016-09-09,13.017999649047852,13.079999923706055,12.965999603271484,12.989999771118164,12.989999771118164,81000,0.0,False
2016-09-12,12.718000411987305,12.82800006866455,12.576000213623047,12.758000373840332,12.758000373840332,126500,0.0,False
2016-09-13,12.618000030517578,12.640000343322754,12.515999794006348,12.59000015258789,12.59000015258789,111500,0.0,False
2016-09-14,12.552000045776367,12.678000450134277,12.552000045776367,12.595999717712402,12.595999717712402,52500,0.0,False
2016-09-15,12.628000259399414,12.687999725341797,12.553999900817871,12.678000450134277,12.678000450134277,66500,0.0,False
2016-09-16,12.59000015258789,12.991999626159668,12.59000015258789,12.916000366210938,12.916000366210938,89500,0.0,False
2016-09-19,13.118000030517578,13.312000274658203,13.100000381469727,13.168000221252441,13.168000221252441,76000,0.0,False
2016-09-20,13.083999633789062,13.258000373840332,13.022000312805176,13.116000175476074,13.116000175476074,42000,0.0,False
2016-09-21,13.227999687194824,13.279999732971191,13.027999877929688,13.218000411987305,13.218000411987305,111000,0.0,False
2016-09-22,13.434000015258789,13.470000267028809,13.32800006866455,13.347999572753906,13.347999572753906,83500,0.0,False
2016-09-23,13.42199993133545,13.555999755859375,13.42199993133545,13.52400016784668,13.52400016784668,59000,0.0,False
2016-09-26,13.319999694824219,13.390000343322754,13.3100004196167,13.312000274658203,13.312000274658203,64500,0.0,False
2016-09-27,13.29800033569336,13.473999977111816,13.29800033569336,13.435999870300293,13.435999870300293,93000,0.0,False
2016-09-28,13.527999877929688,13.76200008392334,13.527999877929688,13.76200008392334,13.76200008392334,136500,0.0,False
2016-09-29,13.760000228881836,13.845999717712402,13.673999786376953,13.72599983215332,13.72599983215332,103500,0.0,False
2016-09-30,13.899999618530273,13.928000450134277,13.817999839782715,13.880000114440918,13.880000114440918,36000,0.0,False
2016-10-03,13.75,13.807999610900879,13.579999923706055,13.663999557495117,13.663999557495117,177500,0.0,False
2016-10-04,13.579999923706055,13.583999633789062,13.38599967956543,13.404000282287598,13.404000282287598,153000,0.0,False
2016-10-05,13.12600040435791,13.17199993133545,12.96399974822998,12.986000061035156,12.986000061035156,156000,0.0,False
2016-10-06,12.73799991607666,12.895999908447266,12.73799991607666,12.862000465393066,12.862000465393066,113000,0.0,False
2016-10-07,13.008000373840332,13.008000373840332,12.729999542236328,12.85200023651123,12.85200023651123,58000,0.0,False
2016-10-10,12.770000457763672,12.871999740600586,12.770000457763672,12.802000045776367,12.802000045776367,38500,0.0,False
2016-10-11,12.60200023651123,12.628000259399414,12.425999641418457,12.432000160217285,12.432000160217285,159500,0.0,False
2016-10-12,12.513999938964844,12.588000297546387,12.40999984741211,12.454000473022461,12.454000473022461,58500,0.0,False
2016-10-13,12.29800033569336,12.3100004196167,12.223999977111816,12.272000312805176,12.272000312805176,62000,0.0,False
2016-10-14,12.321999549865723,12.486000061035156,12.236000061035156,12.456000328063965,12.456000328063965,70500,0.0,False
2016-10-17,12.272000312805176,12.338000297546387,12.210000038146973,12.270000457763672,12.270000457763672,207500,0.0,False
2016-10-18,12.350000381469727,12.435999870300293,12.23799991607666,12.288000106811523,12.288000106811523,326500,0.0,False
2016-10-19,12.270000457763672,12.295999526977539,12.199999809265137,12.220000267028809,12.220000267028809,43500,0.0,False
2016-10-20,12.170000076293945,12.185999870300293,12.069999694824219,12.128000259399414,12.128000259399414,80500,0.0,False
2016-10-21,11.89799976348877,12.045999526977539,11.869999885559082,11.944000244140625,11.944000244140625,118500,0.0,False
2016-10-24,12.081999778747559,12.180000305175781,11.947999954223633,12.173999786376953,12.173999786376953,63500,0.0,False
2016-10-25,12.314000129699707,12.321999549865723,12.154000282287598,12.166000366210938,12.166000366210938,59000,0.0,False
2016-10-26,12.074000358581543,12.088000297546387,11.880000114440918,11.887999534606934,11.887999534606934,80000,0.0,False
2016-10-27,11.824000358581543,11.84000015258789,11.755999565124512,11.760000228881836,11.760000228881836,32000,0.0,False
2016-10-28,11.814000129699707,11.925999641418457,11.789999961853027,11.883999824523926,11.883999824523926,121000,0.0,False
2016-10-31,11.760000228881836,11.892000198364258,11.748000144958496,11.88599967956543,11.88599967956543,85500,0.0,False
2016-11-01,12.149999618530273,12.215999603271484,12.083999633789062,12.161999702453613,12.161999702453613,465000,0.0,False
2016-11-02,12.210000038146973,12.21399974822998,12.074000358581543,12.07800006866455,12.07800006866455,75000,0.0,False
2016-11-03,11.989999771118164,12.003999710083008,11.85200023651123,11.859999656677246,11.859999656677246,37000,0.0,False
2016-11-04,11.930000305175781,12.116000175476074,11.90999984741211,12.0,12.0,117000,0.0,False
2016-11-07,12.15999984741211,12.62600040435791,12.130000114440918,12.543999671936035,12.543999671936035,365000,0.0,False
2016-11-08,12.637999534606934,12.843999862670898,12.637999534606934,12.718000411987305,12.718000411987305,201000,0.0,False
2016-11-09,13.12600040435791,13.12600040435791,12.855999946594238,13.026000022888184,13.026000022888184,279000,0.0,False
2016-11-10,13.265999794006348,13.378000259399414,13.157999992370605,13.251999855041504,13.251999855041504,567000,0.0,False
2016-11-11,13.100000381469727,13.23799991607666,12.869999885559082,12.95199966430664,12.95199966430664,885500,0.0,False
2016-11-14,13.166000366210938,13.447999954223633,13.119999885559082,13.350000381469727,13.350000381469727,381500,0.0,False
2016-11-15,13.508000373840332,13.60200023651123,13.491999626159668,13.552000045776367,13.552000045776367,764500,0.0,False
2016-11-16,13.720000267028809,13.838000297546387,13.708000183105469,13.776000022888184,13.776000022888184,114500,0.0,False
2016-11-17,13.807999610900879,14.104000091552734,13.807999610900879,13.989999771118164,13.989999771118164,290500,0.0,False
2016-11-18,13.739999771118164,13.97599983215332,13.697999954223633,13.937999725341797,13.937999725341797,84000,0.0,False
2016-11-21,14.020000457763672,14.050000190734863,13.871999740600586,13.998000144958496,13.998000144958496,142000,0.0,False
2016-11-22,14.35200023651123,14.36400032043457,14.223999977111816,14.26200008392334,14.26200008392334,249500,0.0,False
2016-11-23,14.02400016784668,14.20199966430664,13.923999786376953,14.180000305175781,14.180000305175781,295000,0.0,False
2016-11-25,14.069999694824219,14.260000228881836,14.069999694824219,14.241999626159668,14.241999626159668,69500,0.0,False
2016-11-28,14.390000343322754,14.597999572753906,14.359999656677246,14.522000312805176,14.522000312805176,310500,0.0,False
2016-11-29,14.567999839782715,14.6899995803833,14.531999588012695,14.637999534606934,14.637999534606934,176500,0.0,False
2016-11-30,14.803999900817871,14.87399959564209,14.687999725341797,14.751999855041504,14.751999855041504,108500,0.0,False
2016-12-01,14.470000267028809,14.513999938964844,14.315999984741211,14.428000450134277,14.428000450134277,295000,0.0,False
2016-12-02,14.239999771118164,14.350000381469727,14.166000366210938,14.244000434875488,14.244000434875488,159500,0.0,False
2016-12-05,14.079999923706055,14.407999992370605,14.04800033569336,14.336000442504883,14.336000442504883,172000,0.0,False
2016-12-06,14.25,14.305999755859375,14.064000129699707,14.10200023651123,14.10200023651123,48500,0.0,False
2016-12-07,14.116000175476074,14.149999618530273,13.994000434875488,14.07800006866455,14.07800006866455,122500,0.0,False
2016-12-08,13.866000175476074,14.284000396728516,13.824000358581543,14.178000450134277,14.178000450134277,171500,0.0,False
2016-12-09,14.222000122070312,14.234000205993652,14.083999633789062,14.097999572753906,14.097999572753906,114500,0.0,False
2016-12-12,14.086000442504883,14.086000442504883,13.869999885559082,13.869999885559082,13.869999885559082,108500,0.0,False
2016-12-13,14.069999694824219,14.079999923706055,13.973999977111816,13.994000434875488,13.994000434875488,577500,0.0,False
2016-12-14,14.020000457763672,14.055999755859375,13.855999946594238,13.869999885559082,13.869999885559082,53000,0.0,False
2016-12-15,13.906000137329102,13.923999786376953,13.366000175476074,13.45199966430664,13.45199966430664,238000,0.0,False
2016-12-16,13.11400032043457,13.498000144958496,13.039999961853027,13.295999526977539,13.295999526977539,197500,0.0,False
2016-12-19,13.079999923706055,13.161999702453613,13.0,13.043999671936035,13.043999671936035,506000,0.0,False
2016-12-20,12.788000106811523,12.92199993133545,12.732000350952148,12.803999900817871,12.803999900817871,365500,0.0,False
2016-12-21,12.649999618530273,12.675999641418457,12.569999694824219,12.581999778747559,12.581999778747559,275000,0.0,False
2016-12-22,12.687999725341797,12.687999725341797,12.562000274658203,12.567999839782715,12.567999839782715,128000,0.0,False
2016-12-23,12.567999839782715,12.645999908447266,12.531999588012695,12.621999740600586,12.621999740600586,222500,0.0,False
2016-12-27,12.612000465393066,12.991999626159668,12.612000465393066,12.925999641418457,12.925999641418457,229500,0.0,False
2016-12-28,12.98799991607666,13.0,12.777999877929688,12.781999588012695,12.781999588012695,67500,0.0,False
2016-12-29,12.871999740600586,12.984000205993652,12.869999885559082,12.956000328063965,12.956000328063965,161000,0.0,False
2016-12-30,13.0600004196167,13.11400032043457,13.015999794006348,13.041999816894531,13.041999816894531,248500,0.0,False
2017-01-03,13.670000076293945,13.772000312805176,13.562000274658203,13.666000366210938,13.666000366210938,268500,0.0,False
2017-01-04,14.210000038146973,14.236000061035156,14.076000213623047,14.133999824523926,14.133999824523926,305500,0.0,False
2017-01-05,14.199999809265137,14.27400016784668,14.029999732971191,14.128000259399414,14.128000259399414,535000,0.0,False
2017-01-06,14.293999671936035,14.526000022888184,14.293999671936035,14.510000228881836,14.510000228881836,156000,0.0,False
2017-01-09,14.569999694824219,14.631999969482422,14.496000289916992,14.531999588012695,14.531999588012695,146000,0.0,False
2017-01-10,14.593999862670898,14.678000450134277,14.593999862670898,14.675999641418457,14.675999641418457,69500,0.0,False
2017-01-11,14.430000305175781,14.517999649047852,14.366000175476074,14.484000205993652,14.484000205993652,186000,0.0,False
2017-01-12,14.550000190734863,14.663999557495117,14.538000106811523,14.567999839782715,14.567999839782715,79000,0.0,False
2017-01-13,14.319999694824219,14.456000328063965,14.288000106811523,14.402000427246094,14.402000427246094,80500,0.0,False
2017-01-17,14.550000190734863,14.562000274658203,14.368000030517578,14.368000030517578,14.368000030517578,89000,0.0,False
2017-01-18,14.305999755859375,14.447999954223633,14.303999900817871,14.366000175476074,14.366000175476074,120000,0.0,False
2017-01-19,14.420000076293945,14.447999954223633,14.279999732971191,14.4399995803833,14.4399995803833,51000,0.0,False
2017-01-20,14.574000358581543,15.197999954223633,14.574000358581543,15.105999946594238,15.105999946594238,293500,0.0,False
2017-01-23,14.982000350952148,15.03600025177002,14.753999710083008,14.85200023651123,14.85200023651123,183500,0.0,False
2017-01-24,15.043999671936035,15.265999794006348,15.043999671936035,15.083999633789062,15.083999633789062,122500,0.0,False
2017-01-25,14.550000190734863,14.630000114440918,14.020000457763672,14.079999923706055,14.079999923706055,271000,0.0,False
2017-01-26,13.800000190734863,14.088000297546387,13.760000228881836,13.88599967956543,13.88599967956543,285000,0.0,False
2017-01-27,13.887999534606934,14.253999710083008,13.887999534606934,14.11400032043457,14.11400032043457,256500,0.0,False
2017-01-30,14.065999984741211,14.22599983215332,14.001999855041504,14.204000473022461,14.204000473022461,123000,0.0,False
2017-01-31,14.48799991607666,14.489999771118164,14.342000007629395,14.449999809265137,14.449999809265137,130000,0.0,False
2017-02-01,14.520000457763672,14.666000366210938,14.5,14.640000343322754,14.640000343322754,140500,0.0,False
2017-02-02,14.640000343322754,14.673999786376953,14.526000022888184,14.545999526977539,14.545999526977539,92000,0.0,False
2017-02-03,14.263999938964844,14.461999893188477,14.263999938964844,14.371999740600586,14.371999740600586,111000,0.0,False
2017-02-06,14.763999938964844,14.85200023651123,14.732000350952148,14.817999839782715,14.817999839782715,72500,0.0,False
2017-02-07,14.72599983215332,14.781999588012695,14.592000007629395,14.600000381469727,14.600000381469727,106500,0.0,False
2017-02-08,14.746000289916992,14.800000190734863,14.652000427246094,14.781999588012695,14.781999588012695,151000,0.0,False
2017-02-09,14.883999824523926,14.90999984741211,14.776000022888184,14.795999526977539,14.795999526977539,160500,0.0,False
2017-02-10,14.899999618530273,15.079999923706055,14.899999618530273,15.031999588012695,15.031999588012695,141000,0.0,False
2017-02-13,14.9399995803833,14.982000350952148,14.831999778747559,14.883999824523926,14.883999824523926,84500,0.0,False
2017-02-14,14.9399995803833,15.020000457763672,14.892000198364258,15.008000373840332,15.008000373840332,39500,0.0,False
2017-02-15,14.970000267028809,15.17199993133545,14.958000183105469,15.152000427246094,15.152000427246094,206000,0.0,False
2017-02-16,15.1899995803833,15.248000144958496,15.173999786376953,15.182000160217285,15.182000160217285,138000,0.0,False
2017-02-17,15.140000343322754,15.17199993133545,14.803999900817871,14.958000183105469,14.958000183105469,274500,0.0,False
2017-02-21,14.710000038146973,14.95199966430664,14.694000244140625,14.9399995803833,14.9399995803833,87500,0.0,False
2017-02-22,14.765999794006348,14.899999618530273,14.680000305175781,14.753999710083008,14.753999710083008,86000,0.0,False
2017-02-23,14.859999656677246,14.90999984741211,14.800000190734863,14.8100004196167,14.8100004196167,245500,0.0,False
2017-02-24,14.972000122070312,15.010000228881836,14.753999710083008,14.789999961853027,14.789999961853027,185500,0.0,False
2017-02-27,14.958000183105469,15.116000175476074,14.9399995803833,14.973999977111816,14.973999977111816,230500,0.0,False
2017-02-28,14.973999977111816,14.984000205993652,14.736000061035156,14.77400016784668,14.77400016784668,195500,0.0,False
2017-03-01,14.789999961853027,14.998000144958496,14.789999961853027,14.880000114440918,14.880000114440918,231000,0.0,False
2017-03-02,14.800000190734863,14.895999908447266,14.692000389099121,14.727999687194824,14.727999687194824,129500,0.0,False
2017-03-03,14.5600004196167,14.843999862670898,14.531999588012695,14.843999862670898,14.843999862670898,103500,0.0,False
2017-03-06,14.755999565124512,14.843999862670898,14.6899995803833,14.789999961853027,14.789999961853027,193500,0.0,False
2017-03-07,14.6899995803833,14.890000343322754,14.684000015258789,14.803999900817871,14.803999900817871,220500,0.0,False
2017-03-08,14.75,14.829999923706055,14.710000038146973,14.755999565124512,14.755999565124512,202000,0.0,False
2017-03-09,14.446000099182129,14.484000205993652,14.321999549865723,14.343999862670898,14.343999862670898,121500,0.0,False
2017-03-10,14.380000114440918,14.399999618530273,14.265999794006348,14.302000045776367,14.302000045776367,118000,0.0,False
2017-03-13,14.39799976348877,14.520000457763672,14.359999656677246,14.46399974822998,14.46399974822998,113000,0.0,False
2017-03-14,14.3100004196167,14.359999656677246,14.215999603271484,14.215999603271484,14.215999603271484,46500,0.0,False
2017-03-15,14.284000396728516,14.67199993133545,14.251999855041504,14.67199993133545,14.67199993133545,152000,0.0,False
2017-03-16,14.779999732971191,14.793999671936035,14.657999992370605,14.696000099182129,14.696000099182129,89500,0.0,False
2017-03-17,14.890000343322754,14.906000137329102,14.833999633789062,14.895999908447266,14.895999908447266,81500,0.0,False
2017-03-20,14.895999908447266,15.04800033569336,14.86400032043457,14.98799991607666,14.98799991607666,191500,0.0,False
2017-03-21,15.074000358581543,15.1899995803833,15.039999961853027,15.065999984741211,15.065999984741211,213000,0.0,False
2017-03-22,15.15999984741211,15.211999893188477,15.09000015258789,15.095999717712402,15.095999717712402,198000,0.0,False
2017-03-23,15.399999618530273,15.48799991607666,15.329999923706055,15.402000427246094,15.402000427246094,76000,0.0,False
2017-03-24,15.569999694824219,15.62399959564209,15.498000144958496,15.498000144958496,15.498000144958496,226000,0.0,False
2017-03-27,15.430000305175781,15.449999809265137,15.192000389099121,15.23799991607666,15.23799991607666,284000,0.0,False
2017-03-28,15.130000114440918,15.255999565124512,15.086000442504883,15.14799976348877,15.14799976348877,151500,0.0,False
2017-03-29,15.045999526977539,15.166000366210938,15.045999526977539,15.157999992370605,15.157999992370605,44500,0.0,False
2017-03-30,15.284000396728516,15.402000427246094,15.21399974822998,15.21399974822998,15.21399974822998,123500,0.0,False
2017-03-31,15.314000129699707,15.343999862670898,15.255999565124512,15.28600025177002,15.28600025177002,53500,0.0,False
2017-04-03,15.289999961853027,15.430000305175781,15.289999961853027,15.383999824523926,15.383999824523926,38500,0.0,False
2017-04-04,15.5,15.527999877929688,15.4399995803833,15.4399995803833,15.4399995803833,173000,0.0,False
2017-04-05,15.600000381469727,15.628000259399414,15.423999786376953,15.470000267028809,15.470000267028809,68000,0.0,False
2017-04-06,15.380000114440918,15.446000099182129,15.28600025177002,15.446000099182129,15.446000099182129,55000,0.0,False
2017-04-07,15.399999618530273,15.470000267028809,15.305999755859375,15.305999755859375,15.305999755859375,39000,0.0,False
2017-04-10,15.13599967956543,15.13599967956543,15.071999549865723,15.107999801635742,15.107999801635742,142500,0.0,False
2017-04-11,15.291999816894531,15.42199993133545,15.267999649047852,15.390000343322754,15.390000343322754,66500,0.0,False
2017-04-12,15.180000305175781,15.345999717712402,15.128000259399414,15.345999717712402,15.345999717712402,48500,0.0,False
2017-04-13,15.399999618530273,15.399999618530273,15.22599983215332,15.23799991607666,15.23799991607666,139000,0.0,False
2017-04-17,15.199999809265137,15.199999809265137,15.10200023651123,15.11400032043457,15.11400032043457,26500,0.0,False
2017-04-18,15.131999969482422,15.137999534606934,14.746000289916992,14.814000129699707,14.814000129699707,427500,0.0,False
2017-04-19,14.880000114440918,14.930000305175781,14.859999656677246,14.88599967956543,14.88599967956543,61500,0.0,False
2017-04-20,15.270000457763672,15.425999641418457,15.26200008392334,15.383999824523926,15.383999824523926,145500,0.0,False
2017-04-21,15.324000358581543,15.324000358581543,15.187999725341797,15.208000183105469,15.208000183105469,102500,0.0,False
2017-04-24,15.239999771118164,15.289999961853027,15.163999557495117,15.289999961853027,15.289999961853027,112500,0.0,False
2017-04-25,15.260000228881836,15.354000091552734,15.260000228881836,15.302000045776367,15.302000045776367,82000,0.0,False
2017-04-26,15.315999984741211,15.54800033569336,15.314000129699707,15.54800033569336,15.54800033569336,712500,0.0,False
2017-04-27,15.604000091552734,15.675999641418457,15.489999771118164,15.605999946594238,15.605999946594238,220500,0.0,False
2017-04-28,15.789999961853027,15.923999786376953,15.789999961853027,15.833999633789062,15.833999633789062,405000,0.0,False
2017-05-01,15.78600025177002,15.814000129699707,15.618000030517578,15.631999969482422,15.631999969482422,77500,0.0,False
2017-05-02,15.6899995803833,15.708000183105469,15.592000007629395,15.708000183105469,15.708000183105469,63000,0.0,False
2017-05-03,15.399999618530273,15.482000350952148,15.295999526977539,15.295999526977539,15.295999526977539,139000,0.0,False
2017-05-04,15.180000305175781,15.402000427246094,15.109999656677246,15.355999946594238,15.355999946594238,128000,0.0,False
2017-05-05,15.473999977111816,15.628000259399414,15.470000267028809,15.593999862670898,15.593999862670898,167000,0.0,False
2017-05-08,15.62399959564209,15.62399959564209,15.404000282287598,15.510000228881836,15.510000228881836,103500,0.0,False
2017-05-09,15.34000015258789,15.355999946594238,15.20199966430664,15.260000228881836,15.260000228881836,203000,0.0,False
2017-05-10,15.342000007629395,15.425999641418457,15.281999588012695,15.281999588012695,15.281999588012695,104000,0.0,False
2017-05-11,15.343999862670898,15.458000183105469,15.307999610900879,15.354000091552734,15.354000091552734,24500,0.0,False
2017-05-12,15.420000076293945,15.442000389099121,15.371999740600586,15.411999702453613,15.411999702453613,41500,0.0,False
2017-05-15,15.649999618530273,15.649999618530273,15.25,15.25,15.25,92000,0.0,False
2017-05-16,15.3100004196167,15.326000213623047,15.086000442504883,15.196000099182129,15.196000099182129,217000,0.0,False
2017-05-17,15.0600004196167,15.10200023651123,14.890000343322754,14.968000411987305,14.968000411987305,224000,0.0,False
2017-05-18,14.696000099182129,14.736000061035156,14.565999984741211,14.593999862670898,14.593999862670898,175500,0.0,False
2017-05-19,14.619999885559082,14.684000015258789,14.52400016784668,14.541999816894531,14.541999816894531,193500,0.0,False
2017-05-22,14.420000076293945,14.805999755859375,14.392000198364258,14.777999877929688,14.777999877929688,214000,0.0,False
2017-05-23,14.85200023651123,14.85200023651123,14.760000228881836,14.833999633789062,14.833999633789062,82000,0.0,False
2017-05-24,14.5600004196167,14.666000366210938,14.53600025177002,14.640000343322754,14.640000343322754,197000,0.0,False
2017-05-25,14.6899995803833,14.78600025177002,14.6899995803833,14.755999565124512,14.755999565124512,52000,0.0,False
2017-05-26,14.9399995803833,15.178000450134277,14.930000305175781,15.15999984741211,15.15999984741211,161000,0.0,False
2017-05-30,15.293999671936035,15.482000350952148,15.279999732971191,15.47599983215332,15.47599983215332,542000,0.0,False
2017-05-31,15.510000228881836,15.727999687194824,15.510000228881836,15.670000076293945,15.670000076293945,302000,0.0,False
2017-06-01,15.8100004196167,15.845999717712402,15.727999687194824,15.82800006866455,15.82800006866455,232000,0.0,False
2017-06-02,16.020000457763672,16.128000259399414,15.994000434875488,16.083999633789062,16.083999633789062,151500,0.0,False
2017-06-05,16.20199966430664,16.263999938964844,16.131999969482422,16.194000244140625,16.194000244140625,232500,0.0,False
2017-06-06,16.341999053955078,16.45800018310547,16.341999053955078,16.360000610351562,16.360000610351562,92500,0.0,False
2017-06-07,16.052000045776367,16.173999786376953,15.928000450134277,15.989999771118164,15.989999771118164,648000,0.0,False
2017-06-08,16.341999053955078,16.440000534057617,16.246000289916992,16.38800048828125,16.38800048828125,379500,0.0,False
2017-06-09,16.90399932861328,17.0,16.856000900268555,16.875999450683594,16.875999450683594,150000,0.0,False
2017-06-12,17.025999069213867,17.224000930786133,16.972000122070312,17.190000534057617,17.190000534057617,157500,0.0,False
2017-06-13,16.996000289916992,17.166000366210938,16.860000610351562,17.062000274658203,17.062000274658203,303500,0.0,False
2017-06-14,16.965999603271484,16.965999603271484,16.51799964904785,16.54599952697754,16.54599952697754,187500,0.0,False
2017-06-15,16.47599983215332,16.729999542236328,16.327999114990234,16.625999450683594,16.625999450683594,89500,0.0,False
2017-06-16,16.600000381469727,16.718000411987305,16.555999755859375,16.652000427246094,16.652000427246094,104500,0.0,False
2017-06-19,16.58799934387207,16.58799934387207,16.393999099731445,16.43000030517578,16.43000030517578,111000,0.0,False
2017-06-20,16.48200035095215,16.729999542236328,16.48200035095215,16.691999435424805,16.691999435424805,60500,0.0,False
2017-06-21,16.81399917602539,16.996000289916992,16.81399917602539,16.988000869750977,16.988000869750977,84500,0.0,False
2017-06-22,17.0939998626709,17.0939998626709,16.860000610351562,16.937999725341797,16.937999725341797,66500,0.0,False
2017-06-23,16.875999450683594,16.875999450683594,16.381999969482422,16.42799949645996,16.42799949645996,276500,0.0,False
2017-06-26,16.365999221801758,16.63599967956543,16.281999588012695,16.59000015258789,16.59000015258789,425500,0.0,False
2017-06-27,16.61400032043457,16.61400032043457,16.422000885009766,16.422000885009766,16.422000885009766,69000,0.0,False
2017-06-28,16.417999267578125,16.45199966430664,16.34600067138672,16.41200065612793,16.41200065612793,73000,0.0,False
2017-06-29,16.329999923706055,16.36199951171875,16.191999435424805,16.229999542236328,16.229999542236328,74000,0.0,False
2017-06-30,16.139999389648438,16.22800064086914,16.040000915527344,16.13800048828125,16.13800048828125,86000,0.0,False
2017-07-03,16.131999969482422,16.238000869750977,16.131999969482422,16.238000869750977,16.238000869750977,22500,0.0,False
2017-07-05,16.020000457763672,16.128000259399414,15.973999977111816,16.0939998626709,16.0939998626709,98000,0.0,False
2017-07-06,15.982000350952148,16.0,15.880000114440918,15.944000244140625,15.944000244140625,509000,0.0,False
2017-07-07,15.883999824523926,16.049999237060547,15.821999549865723,16.027999877929688,16.027999877929688,108500,0.0,False
2017-07-10,15.949999809265137,16.11199951171875,15.87600040435791,16.11199951171875,16.11199951171875,234000,0.0,False
2017-07-11,16.038000106811523,16.329999923706055,16.027999877929688,16.31800079345703,16.31800079345703,118500,0.0,False
2017-07-12,16.527999877929688,16.579999923706055,16.488000869750977,16.496000289916992,16.496000289916992,211000,0.0,False
2017-07-13,16.579999923706055,16.579999923706055,16.31999969482422,16.408000946044922,16.408000946044922,87000,0.0,False
2017-07-14,16.469999313354492,16.49799919128418,16.392000198364258,16.416000366210938,16.416000366210938,43500,0.0,False
2017-07-17,16.50200080871582,16.607999801635742,16.49799919128418,16.56399917602539,16.56399917602539,146500,0.0,False
2017-07-18,16.604000091552734,16.649999618530273,16.530000686645508,16.554000854492188,16.554000854492188,50000,0.0,False
2017-07-19,16.639999389648438,16.6560001373291,16.422000885009766,16.422000885009766,16.422000885009766,92500,0.0,False
2017-07-20,16.209999084472656,16.290000915527344,15.991999626159668,16.191999435424805,16.191999435424805,253500,0.0,False
2017-07-21,16.260000228881836,16.309999465942383,16.1299991607666,16.172000885009766,16.172000885009766,52500,0.0,False
2017-07-24,16.209999084472656,16.29199981689453,16.128000259399414,16.275999069213867,16.275999069213867,173000,0.0,False
2017-07-25,16.488000869750977,16.54400062561035,16.38800048828125,16.4060001373291,16.4060001373291,105000,0.0,False
2017-07-26,16.5,16.6299991607666,16.483999252319336,16.61400032043457,16.61400032043457,481500,0.0,False
2017-07-27,16.788000106811523,16.944000244140625,16.743999481201172,16.788000106811523,16.788000106811523,467000,0.0,False
2017-07-28,16.770000457763672,16.920000076293945,16.770000457763672,16.850000381469727,16.850000381469727,115500,0.0,False
2017-07-31,17.02400016784668,17.18400001525879,16.926000595092773,16.95599937438965,16.95599937438965,134000,0.0,False
2017-08-01,17.11400032043457,17.200000762939453,17.059999465942383,17.091999053955078,17.091999053955078,412500,0.0,False
2017-08-02,17.20400047302246,17.329999923706055,17.100000381469727,17.118000030517578,17.118000030517578,206500,0.0,False
2017-08-03,17.124000549316406,17.158000946044922,16.8700008392334,16.93199920654297,16.93199920654297,117000,0.0,False
2017-08-04,16.923999786376953,16.937999725341797,16.770000457763672,16.77199935913086,16.77199935913086,109500,0.0,False
2017-08-07,16.84000015258789,16.988000869750977,16.84000015258789,16.941999435424805,16.941999435424805,50500,0.0,False
2017-08-08,17.09000015258789,17.200000762939453,17.07200050354004,17.197999954223633,17.197999954223633,66000,0.0,False
2017-08-09,17.04599952697754,17.11199951171875,16.97599983215332,17.058000564575195,17.058000564575195,178000,0.0,False
2017-08-10,17.224000930786133,17.275999069213867,17.18199920654297,17.224000930786133,17.224000930786133,166000,0.0,False
2017-08-11,17.219999313354492,17.236000061035156,17.082000732421875,17.145999908447266,17.145999908447266,47500,0.0,False
2017-08-14,17.200000762939453,17.222000122070312,17.128000259399414,17.145999908447266,17.145999908447266,39000,0.0,False
2017-08-15,16.93000030517578,17.128000259399414,16.93000030517578,16.993999481201172,16.993999481201172,57500,0.0,False
2017-08-16,17.104000091552734,17.52199935913086,17.104000091552734,17.51799964904785,17.51799964904785,132000,0.0,False
2017-08-17,17.691999435424805,17.79199981689453,17.624000549316406,17.625999450683594,17.625999450683594,112500,0.0,False
2017-08-18,17.766000747680664,17.785999298095703,17.618000030517578,17.68000030517578,17.68000030517578,95000,0.0,False
2017-08-21,17.829999923706055,17.93400001525879,17.788000106811523,17.926000595092773,17.926000595092773,198500,0.0,False
2017-08-22,17.854000091552734,17.8700008392334,17.743999481201172,17.75200080871582,17.75200080871582,134000,0.0,False
2017-08-23,17.823999404907227,17.88800048828125,17.73200035095215,17.88800048828125,17.88800048828125,108500,0.0,False
2017-08-24,17.881999969482422,17.88599967956543,17.804000854492188,17.833999633789062,17.833999633789062,101500,0.0,False
2017-08-25,17.790000915527344,17.893999099731445,17.763999938964844,17.777999877929688,17.777999877929688,104000,0.0,False
2017-08-28,17.899999618530273,17.947999954223633,17.832000732421875,17.947999954223633,17.947999954223633,198000,0.0,False
2017-08-29,18.030000686645508,18.158000946044922,18.01799964904785,18.059999465942383,18.059999465942383,130500,0.0,False
2017-08-30,17.81399917602539,17.972000122070312,17.79199981689453,17.868000030517578,17.868000030517578,199500,0.0,False
2017-08-31,17.950000762939453,17.95599937438965,17.79599952697754,17.922000885009766,17.922000885009766,80000,0.0,False
2017-09-01,18.106000900268555,18.79800033569336,18.077999114990234,18.75200080871582,18.75200080871582,246500,0.0,False
2017-09-05,18.860000610351562,18.95800018310547,18.365999221801758,18.43000030517578,18.43000030517578,241000,0.0,False
2017-09-06,18.253999710083008,18.253999710083008,17.920000076293945,18.007999420166016,18.007999420166016,193000,0.0,False
2017-09-07,17.989999771118164,18.360000610351562,17.945999145507812,18.31999969482422,18.31999969482422,103500,0.0,False
2017-09-08,18.016000747680664,18.02400016784668,17.865999221801758,17.889999389648438,17.889999389648438,126500,0.0,False
2017-09-11,17.950000762939453,18.07200050354004,17.856000900268555,17.898000717163086,17.898000717163086,71500,0.0,False
2017-09-12,18.006000518798828,18.34000015258789,17.968000411987305,18.281999588012695,18.281999588012695,125500,0.0,False
2017-09-13,18.020000457763672,18.062000274658203,17.9060001373291,17.93400001525879,17.93400001525879,128000,0.0,False
2017-09-14,17.790000915527344,17.865999221801758,17.506000518798828,17.724000930786133,17.724000930786133,184000,0.0,False
2017-09-15,17.618000030517578,17.718000411987305,17.516000747680664,17.618000030517578,17.618000030517578,139500,0.0,False
2017-09-18,17.802000045776367,17.93600082397461,17.799999237060547,17.93600082397461,17.93600082397461,82000,0.0,False
2017-09-19,17.531999588012695,17.56999969482422,17.354000091552734,17.398000717163086,17.398000717163086,142000,0.0,False
2017-09-20,17.309999465942383,17.472000122070312,17.229999542236328,17.437999725341797,17.437999725341797,152000,0.0,False
2017-09-21,17.459999084472656,17.510000228881836,17.40999984741211,17.45599937438965,17.45599937438965,162000,0.0,False
2017-09-22,17.50200080871582,17.658000946044922,17.47800064086914,17.607999801635742,17.607999801635742,41500,0.0,False
2017-09-25,17.535999298095703,17.604000091552734,17.381999969482422,17.426000595092773,17.426000595092773,55000,0.0,False
2017-09-26,17.450000762939453,17.534000396728516,17.440000534057617,17.513999938964844,17.513999938964844,81000,0.0,False
2017-09-27,17.610000610351562,17.836000442504883,17.527999877929688,17.757999420166016,17.757999420166016,92000,0.0,False
2017-09-28,17.743999481201172,17.926000595092773,17.72800064086914,17.808000564575195,17.808000564575195,81000,0.0,False
2017-09-29,17.847999572753906,17.972000122070312,17.823999404907227,17.93000030517578,17.93000030517578,76500,0.0,False
2017-10-02,17.875999450683594,17.875999450683594,17.399999618530273,17.426000595092773,17.426000595092773,370000,0.0,False
2017-10-03,17.389999389648438,17.618000030517578,17.351999282836914,17.56399917602539,17.56399917602539,210000,0.0,False
2017-10-04,17.59000015258789,17.711999893188477,17.56599998474121,17.691999435424805,17.691999435424805,58000,0.0,False
2017-10-05,17.802000045776367,18.0,17.77400016784668,17.989999771118164,17.989999771118164,105000,0.0,False
2017-10-06,18.020000457763672,18.031999588012695,17.582000732421875,17.631999969482422,17.631999969482422,130000,0.0,False
2017-10-09,17.68000030517578,17.777999877929688,17.68000030517578,17.743999481201172,17.743999481201172,93500,0.0,False
2017-10-10,17.88800048828125,17.968000411987305,17.850000381469727,17.88599967956543,17.88599967956543,86000,0.0,False
2017-10-11,18.079999923706055,18.398000717163086,18.079999923706055,18.371999740600586,18.371999740600586,154500,0.0,False
2017-10-12,18.690000534057617,18.826000213623047,18.58799934387207,18.601999282836914,18.601999282836914,283000,0.0,False
2017-10-13,19.0,19.04800033569336,18.84600067138672,18.898000717163086,18.898000717163086,101500,0.0,False
2017-10-16,19.1299991607666,19.238000869750977,18.56399917602539,18.639999389648438,18.639999389648438,221000,0.0,False
2017-10-17,18.860000610351562,18.945999145507812,18.72800064086914,18.736000061035156,18.736000061035156,69000,0.0,False
2017-10-18,18.733999252319336,18.784000396728516,18.25200080871582,18.304000854492188,18.304000854492188,92500,0.0,False
2017-10-19,18.229999542236328,18.43600082397461,18.139999389648438,18.371999740600586,18.371999740600586,75500,0.0,False
2017-10-20,18.628000259399414,18.673999786376953,18.41200065612793,18.625999450683594,18.625999450683594,146000,0.0,False
2017-10-23,18.47599983215332,18.47599983215332,18.211999893188477,18.302000045776367,18.302000045776367,145000,0.0,False
2017-10-24,18.332000732421875,18.49799919128418,18.31999969482422,18.45400047302246,18.45400047302246,100500,0.0,False
2017-10-25,18.538000106811523,18.56800079345703,18.3439998626709,18.371999740600586,18.371999740600586,55500,0.0,False
2017-10-26,18.402000427246094,18.597999572753906,18.368000030517578,18.59600067138672,18.59600067138672,70000,0.0,False
2017-10-27,18.45199966430664,18.559999465942383,18.398000717163086,18.559999465942383,18.559999465942383,84500,0.0,False
2017-10-30,18.493999481201172,18.51799964904785,18.459999084472656,18.48200035095215,18.48200035095215,60500,0.0,False
2017-10-31,18.68000030517578,18.812000274658203,18.642000198364258,18.761999130249023,18.761999130249023,223000,0.0,False
2017-11-01,19.040000915527344,19.167999267578125,19.040000915527344,19.149999618530273,19.149999618530273,151000,0.0,False
2017-11-02,19.219999313354492,19.219999313354492,18.93199920654297,19.003999710083008,19.003999710083008,120000,0.0,False
2017-11-03,19.086000442504883,19.086000442504883,18.920000076293945,19.06399917602539,19.06399917602539,99000,0.0,False
2017-11-06,19.040000915527344,19.101999282836914,18.969999313354492,19.083999633789062,19.083999633789062,74500,0.0,False
2017-11-07,19.034000396728516,19.062000274658203,18.964000701904297,19.013999938964844,19.013999938964844,114500,0.0,False
2017-11-08,19.142000198364258,19.43400001525879,19.142000198364258,19.368000030517578,19.368000030517578,166500,0.0,False
2017-11-09,19.416000366210938,19.416000366210938,19.20199966430664,19.323999404907227,19.323999404907227,103000,0.0,False
2017-11-10,19.1200008392334,19.1560001373291,19.00200080871582,19.035999298095703,19.035999298095703,114000,0.0,False
2017-11-13,19.003999710083008,19.016000747680664,18.860000610351562,18.86199951171875,18.86199951171875,910000,0.0,False
2017-11-14,18.898000717163086,18.898000717163086,18.601999282836914,18.826000213623047,18.826000213623047,64000,0.0,False
2017-11-15,18.729999542236328,18.84600067138672,18.625999450683594,18.809999465942383,18.809999465942383,61500,0.0,False
2017-11-16,18.826000213623047,18.916000366210938,18.760000228881836,18.8799991607666,18.8799991607666,54500,0.0,False
2017-11-17,18.947999954223633,19.059999465942383,18.874000549316406,19.027999877929688,19.027999877929688,89500,0.0,False
2017-11-20,19.020000457763672,19.082000732421875,18.81800079345703,18.937999725341797,18.937999725341797,261000,0.0,False
2017-11-21,18.969999313354492,19.158000946044922,18.969999313354492,19.11199951171875,19.11199951171875,139000,0.0,False
2017-11-22,19.083999633789062,19.20199966430664,19.06800079345703,19.197999954223633,19.197999954223633,57000,0.0,False
2017-11-24,19.1560001373291,19.18600082397461,19.030000686645508,19.030000686645508,19.030000686645508,32000,0.0,False
2017-11-27,19.08799934387207,19.253999710083008,19.073999404907227,19.211999893188477,19.211999893188477,137000,0.0,False
2017-11-28,19.40999984741211,19.645999908447266,19.304000854492188,19.631999969482422,19.631999969482422,396500,0.0,False
2017-11-29,19.3700008392334,19.45400047302246,19.332000732421875,19.357999801635742,19.357999801635742,102000,0.0,False
2017-11-30,19.285999298095703,19.354000091552734,19.236000061035156,19.242000579833984,19.242000579833984,165000,0.0,False
2017-12-01,19.341999053955078,19.562000274658203,19.34000015258789,19.488000869750977,19.488000869750977,174000,0.0,False
2017-12-04,19.368000030517578,19.375999450683594,18.941999435424805,18.941999435424805,18.941999435424805,161000,0.0,False
2017-12-05,18.902000427246094,18.902000427246094,18.766000747680664,18.775999069213867,18.775999069213867,116500,0.0,False
2017-12-06,18.895999908447266,19.007999420166016,18.860000610351562,18.969999313354492,18.969999313354492,91500,0.0,False
2017-12-07,19.263999938964844,19.45199966430664,19.263999938964844,19.3700008392334,19.3700008392334,110500,0.0,False
2017-12-08,19.280000686645508,19.280000686645508,19.082000732421875,19.214000701904297,19.214000701904297,94000,0.0,False
2017-12-11,19.187999725341797,19.3439998626709,19.152000427246094,19.281999588012695,19.281999588012695,89000,0.0,False
2017-12-12,19.200000762939453,19.3700008392334,19.200000762939453,19.341999053955078,19.341999053955078,70000,0.0,False
2017-12-13,19.280000686645508,19.440000534057617,19.270000457763672,19.413999557495117,19.413999557495117,102000,0.0,False
2017-12-14,19.440000534057617,19.799999237060547,19.399999618530273,19.74799919128418,19.74799919128418,88500,0.0,False
2017-12-15,19.624000549316406,19.667999267578125,19.48200035095215,19.555999755859375,19.555999755859375,84500,0.0,False
2017-12-18,19.54199981689453,19.54199981689453,19.417999267578125,19.444000244140625,19.444000244140625,51000,0.0,False
2017-12-19,19.416000366210938,19.586000442504883,19.416000366210938,19.576000213623047,19.576000213623047,66000,0.0,False
2017-12-20,19.687999725341797,19.736000061035156,19.618000030517578,19.621999740600586,19.621999740600586,66500,0.0,False
2017-12-21,19.700000762939453,19.827999114990234,19.700000762939453,19.81599998474121,19.81599998474121,77000,0.0,False
2017-12-22,19.790000915527344,19.860000610351562,19.788000106811523,19.84600067138672,19.84600067138672,73000,0.0,False
2017-12-26,19.950000762939453,20.100000381469727,19.93000030517578,20.040000915527344,20.040000915527344,96000,0.0,False
2017-12-27,20.13800048828125,20.302000045776367,20.1299991607666,20.29400062561035,20.29400062561035,96500,0.0,False
2017-12-28,20.299999237060547,20.459999084472656,20.25,20.42799949645996,20.42799949645996,98000,0.0,False
2017-12-29,20.219999313354492,20.399999618530273,20.158000946044922,20.309999465942383,20.309999465942383,102000,0.0,False
2018-01-02,20.615999221801758,20.947999954223633,20.615999221801758,20.889999389648438,20.889999389648438,363500,0.0,False
2018-01-03,20.780000686645508,20.785999298095703,20.63599967956543,20.68600082397461,20.68600082397461,199000,0.0,False
2018-01-04,20.99799919128418,21.0939998626709,20.93600082397461,20.974000930786133,20.974000930786133,154500,0.0,False
2018-01-05,20.871999740600586,20.88800048828125,20.73200035095215,20.8799991607666,20.8799991607666,81500,0.0,False
2018-01-08,20.91200065612793,21.020000457763672,20.91200065612793,21.0,21.0,97000,0.0,False
2018-01-09,21.100000381469727,21.134000778198242,21.04400062561035,21.059999465942383,21.059999465942383,67000,0.0,False
2018-01-10,20.916000366210938,20.940000534057617,20.643999099731445,20.70199966430664,20.70199966430664,124500,0.0,False
2018-01-11,20.63599967956543,20.739999771118164,20.577999114990234,20.700000762939453,20.700000762939453,340000,0.0,False
2018-01-12,21.049999237060547,21.493999481201172,21.020000457763672,21.426000595092773,21.426000595092773,210000,0.0,False
2018-01-16,21.091999053955078,21.11199951171875,20.802000045776367,20.947999954223633,20.947999954223633,202000,0.0,False
2018-01-17,21.038000106811523,21.368000030517578,21.016000747680664,21.336000442504883,21.336000442504883,330000,0.0,False
2018-01-18,21.121999740600586,21.121999740600586,20.95800018310547,21.04199981689453,21.04199981689453,57000,0.0,False
2018-01-19,21.11199951171875,21.115999221801758,21.020000457763672,21.086000442504883,21.086000442504883,88500,0.0,False
2018-01-22,20.878000259399414,20.993999481201172,20.719999313354492,20.95800018310547,20.95800018310547,106500,0.0,False
2018-01-23,20.757999420166016,20.892000198364258,20.757999420166016,20.892000198364258,20.892000198364258,99000,0.0,False
2018-01-24,21.011999130249023,21.27199935913086,20.950000762939453,21.26799964904785,21.26799964904785,148000,0.0,False
2018-01-25,20.940000534057617,21.082000732421875,20.860000610351562,20.926000595092773,20.926000595092773,116000,0.0,False
2018-01-26,20.761999130249023,20.881999969482422,20.666000366210938,20.81800079345703,20.81800079345703,85000,0.0,False
2018-01-29,20.673999786376953,20.79400062561035,20.667999267578125,20.72599983215332,20.72599983215332,76500,0.0,False
2018-01-30,20.58799934387207,20.618000030517578,20.016000747680664,20.148000717163086,20.148000717163086,206500,0.0,False
2018-01-31,20.0,20.031999588012695,19.558000564575195,19.604000091552734,19.604000091552734,346500,0.0,False
2018-02-01,19.643999099731445,19.804000854492188,19.549999237060547,19.804000854492188,19.804000854492188,196500,0.0,False
2018-02-02,20.0,20.0,19.743999481201172,19.9060001373291,19.9060001373291,98500,0.0,False
2018-02-05,19.75,19.77199935913086,19.540000915527344,19.59600067138672,19.59600067138672,307500,0.0,False
2018-02-06,19.281999588012695,19.40399932861328,19.083999633789062,19.27400016784668,19.27400016784668,161000,0.0,False
2018-02-07,18.944000244140625,18.944000244140625,18.70800018310547,18.77199935913086,18.77199935913086,283500,0.0,False
2018-02-08,18.700000762939453,18.70199966430664,18.290000915527344,18.299999237060547,18.299999237060547,224000,0.0,False
2018-02-09,18.374000549316406,18.63599967956543,18.260000228881836,18.624000549316406,18.624000549316406,187000,0.0,False
2018-02-12,18.729999542236328,18.959999084472656,18.672000885009766,18.809999465942383,18.809999465942383,1204500,0.0,False
2018-02-13,18.868000030517578,18.92799949645996,18.777999877929688,18.836000442504883,18.836000442504883,721000,0.0,False
2018-02-14,18.920000076293945,19.173999786376953,18.920000076293945,19.1299991607666,19.1299991607666,114000,0.0,False
2018-02-15,19.299999237060547,19.45599937438965,19.290000915527344,19.43400001525879,19.43400001525879,98500,0.0,False
2018-02-16,19.673999786376953,19.993999481201172,19.673999786376953,19.969999313354492,19.969999313354492,148500,0.0,False
2018-02-20,19.899999618530273,19.899999618530273,19.68000030517578,19.714000701904297,19.714000701904297,211000,0.0,False
2018-02-21,19.555999755859375,19.672000885009766,19.45400047302246,19.459999084472656,19.459999084472656,99000,0.0,False
2018-02-22,19.68000030517578,19.84600067138672,19.63800048828125,19.799999237060547,19.799999237060547,104500,0.0,False
2018-02-23,19.850000381469727,19.979999542236328,19.84000015258789,19.944000244140625,19.944000244140625,63000,0.0,False
2018-02-26,20.190000534057617,20.260000228881836,20.055999755859375,20.260000228881836,20.260000228881836,455500,0.0,False
2018-02-27,20.18600082397461,20.18600082397461,19.780000686645508,19.790000915527344,19.790000915527344,92000,0.0,False
2018-02-28,19.860000610351562,19.926000595092773,19.81999969482422,19.884000778198242,19.884000778198242,35000,0.0,False
2018-03-01,19.152000427246094,19.211999893188477,18.639999389648438,18.81999969482422,18.81999969482422,230500,0.0,False
2018-03-02,18.996000289916992,19.013999938964844,18.79400062561035,18.937999725341797,18.937999725341797,89500,0.0,False
2018-03-05,18.709999084472656,18.799999237060547,18.672000885009766,18.72599983215332,18.72599983215332,47000,0.0,False
2018-03-06,18.84000015258789,18.922000885009766,18.76799964904785,18.770000457763672,18.770000457763672,54500,0.0,False
2018-03-07,18.559999465942383,18.559999465942383,18.36400032043457,18.496000289916992,18.496000289916992,89500,0.0,False
2018-03-08,18.753999710083008,18.766000747680664,18.530000686645508,18.56399917602539,18.56399917602539,180500,0.0,False
2018-03-09,18.709999084472656,18.947999954223633,18.65999984741211,18.947999954223633,18.947999954223633,106000,0.0,False
2018-03-12,18.81399917602539,18.81399917602539,18.520000457763672,18.610000610351562,18.610000610351562,125000,0.0,False
2018-03-13,18.809999465942383,18.979999542236328,18.809999465942383,18.850000381469727,18.850000381469727,70500,0.0,False
2018-03-14,19.076000213623047,19.158000946044922,18.81800079345703,18.826000213623047,18.826000213623047,45000,0.0,False
2018-03-15,18.72599983215332,18.895999908447266,18.72599983215332,18.826000213623047,18.826000213623047,23500,0.0,False
2018-03-16,18.729999542236328,18.947999954223633,18.729999542236328,18.923999786376953,18.923999786376953,43500,0.0,False
2018-03-19,18.965999603271484,18.965999603271484,18.812000274658203,18.81800079345703,18.81800079345703,54000,0.0,False
2018-03-20,18.860000610351562,18.860000610351562,18.645999908447266,18.68600082397461,18.68600082397461,38000,0.0,False
2018-03-21,18.760000228881836,18.95800018310547,18.739999771118164,18.83799934387207,18.83799934387207,388000,0.0,False
2018-03-22,18.68600082397461,18.781999588012695,18.516000747680664,18.742000579833984,18.742000579833984,66500,0.0,False
2018-03-23,18.690000534057617,18.76799964904785,18.558000564575195,18.558000564575195,18.558000564575195,23500,0.0,False
2018-03-26,18.624000549316406,18.733999252319336,18.535999298095703,18.554000854492188,18.554000854492188,76500,0.0,False
2018-03-27,18.670000076293945,18.687999725341797,18.483999252319336,18.483999252319336,18.483999252319336,102500,0.0,False
2018-03-28,18.535999298095703,18.549999237060547,18.36400032043457,18.389999389648438,18.389999389648438,82500,0.0,False
2018-03-29,18.389999389648438,18.399999618530273,17.916000366210938,18.106000900268555,18.106000900268555,223500,0.0,False
2018-04-02,17.969999313354492,18.083999633789062,17.715999603271484,17.805999755859375,17.805999755859375,137000,0.0,False
2018-04-03,17.91200065612793,17.923999786376953,17.70199966430664,17.746000289916992,17.746000289916992,247000,0.0,False
2018-04-04,17.520000457763672,17.65999984741211,17.43400001525879,17.649999618530273,17.649999618530273,150500,0.0,False
2018-04-05,17.398000717163086,17.506000518798828,17.170000076293945,17.239999771118164,17.239999771118164,131500,0.0,False
2018-04-06,17.256000518798828,17.277999877929688,17.086000442504883,17.170000076293945,17.170000076293945,325000,0.0,False
2018-04-09,17.781999588012695,17.8799991607666,17.555999755859375,17.714000701904297,17.714000701904297,120000,0.0,False
2018-04-10,18.040000915527344,18.29599952697754,18.025999069213867,18.128000259399414,18.128000259399414,80500,0.0,False
2018-04-11,18.229999542236328,18.488000869750977,18.20599937438965,18.3439998626709,18.3439998626709,46000,0.0,False
2018-04-12,18.17799949645996,18.375999450683594,18.06599998474121,18.357999801635742,18.357999801635742,22500,0.0,False
2018-04-13,18.736000061035156,18.81800079345703,18.72800064086914,18.766000747680664,18.766000747680664,42500,0.0,False
2018-04-16,19.13800048828125,19.26799964904785,19.04599952697754,19.124000549316406,19.124000549316406,151500,0.0,False
2018-04-17,19.06999969482422,19.323999404907227,18.989999771118164,19.302000045776367,19.302000045776367,183500,0.0,False
2018-04-18,19.77400016784668,19.91200065612793,19.738000869750977,19.739999771118164,19.739999771118164,349000,0.0,False
2018-04-19,19.610000610351562,19.70199966430664,19.511999130249023,19.672000885009766,19.672000885009766,145500,0.0,False
2018-04-20,19.6200008392334,19.805999755859375,19.559999465942383,19.621999740600586,19.621999740600586,85500,0.0,False
2018-04-23,18.670000076293945,18.790000915527344,18.535999298095703,18.711999893188477,18.711999893188477,108500,0.0,False
2018-04-24,18.43000030517578,18.583999633789062,18.384000778198242,18.552000045776367,18.552000045776367,96500,0.0,False
2018-04-25,18.399999618530273,18.56399917602539,18.33799934387207,18.56399917602539,18.56399917602539,80500,0.0,False
2018-04-26,18.802000045776367,18.893999099731445,18.718000411987305,18.77400016784668,18.77400016784668,113000,0.0,False
2018-04-27,18.780000686645508,18.788000106811523,18.483999252319336,18.51799964904785,18.51799964904785,100000,0.0,False
2018-04-30,18.329999923706055,18.461999893188477,18.256000518798828,18.399999618530273,18.399999618530273,124000,0.0,False
2018-05-01,18.06999969482422,18.076000213623047,17.9060001373291,17.97599983215332,17.97599983215332,305000,0.0,False
2018-05-02,18.395999908447266,18.511999130249023,18.26799964904785,18.302000045776367,18.302000045776367,113500,0.0,False
2018-05-03,18.5,18.510000228881836,18.302000045776367,18.302000045776367,18.302000045776367,1167500,0.0,False
2018-05-04,18.299999237060547,18.43400001525879,18.261999130249023,18.43400001525879,18.43400001525879,522000,0.0,False
2018-05-07,18.615999221801758,18.615999221801758,18.420000076293945,18.47800064086914,18.47800064086914,527500,0.0,False
2018-05-08,18.399999618530273,18.535999298095703,18.399999618530273,18.507999420166016,18.507999420166016,559000,0.0,False
2018-05-09,18.559999465942383,18.690000534057617,18.54800033569336,18.597999572753906,18.597999572753906,566500,0.0,False
2018-05-10,18.93199920654297,19.04199981689453,18.808000564575195,19.013999938964844,19.013999938964844,629000,0.0,False
2018-05-11,19.059999465942383,19.059999465942383,18.827999114990234,18.868000030517578,18.868000030517578,539500,0.0,False
2018-05-14,19.020000457763672,19.035999298095703,18.95800018310547,18.98200035095215,18.98200035095215,564000,0.0,False
2018-05-15,18.510000228881836,18.715999603271484,18.445999145507812,18.687999725341797,18.687999725341797,120500,0.0,False
2018-05-16,18.804000854492188,18.808000564575195,18.74799919128418,18.777999877929688,18.777999877929688,540500,0.0,False
2018-05-17,18.812000274658203,18.812000274658203,18.597999572753906,18.597999572753906,18.597999572753906,758000,0.0,False
2018-05-18,18.610000610351562,18.61199951171875,18.323999404907227,18.40399932861328,18.40399932861328,80500,0.0,False
2018-05-21,18.59000015258789,18.916000366210938,18.559999465942383,18.86400032043457,18.86400032043457,145500,0.0,False
2018-05-22,19.06999969482422,19.115999221801758,18.860000610351562,18.86400032043457,18.86400032043457,52500,0.0,False
2018-05-23,18.549999237060547,18.691999435424805,18.399999618530273,18.607999801635742,18.607999801635742,88500,0.0,False
2018-05-24,18.459999084472656,18.676000595092773,18.450000762939453,18.558000564575195,18.558000564575195,71000,0.0,False
2018-05-25,18.549999237060547,18.6560001373291,18.441999435424805,18.6299991607666,18.6299991607666,49000,0.0,False
2018-05-29,18.719999313354492,18.86400032043457,18.577999114990234,18.577999114990234,18.577999114990234,66500,0.0,False
2018-05-30,18.6560001373291,18.756000518798828,18.618000030517578,18.753999710083008,18.753999710083008,27000,0.0,False
2018-05-31,18.77199935913086,18.851999282836914,18.77199935913086,18.805999755859375,18.805999755859375,57000,0.0,False
2018-06-01,18.850000381469727,19.13599967956543,18.850000381469727,19.076000213623047,19.076000213623047,180500,0.0,False
2018-06-04,19.200000762939453,19.200000762939453,18.91200065612793,18.91200065612793,18.91200065612793,114000,0.0,False
2018-06-05,18.70800018310547,18.922000885009766,18.700000762939453,18.8799991607666,18.8799991607666,55500,0.0,False
2018-06-06,19.170000076293945,19.45599937438965,19.13800048828125,19.384000778198242,19.384000778198242,74000,0.0,False
2018-06-07,19.45400047302246,19.474000930786133,19.239999771118164,19.239999771118164,19.239999771118164,142500,0.0,False
2018-06-08,19.3700008392334,19.3700008392334,19.1560001373291,19.263999938964844,19.263999938964844,54000,0.0,False
2018-06-11,19.489999771118164,19.489999771118164,19.40999984741211,19.444000244140625,19.444000244140625,25000,0.0,False
2018-06-12,19.420000076293945,19.47599983215332,19.3439998626709,19.399999618530273,19.399999618530273,49000,0.0,False
2018-06-13,19.290000915527344,19.29599952697754,19.218000411987305,19.288000106811523,19.288000106811523,55000,0.0,False
2018-06-14,19.16200065612793,19.25200080871582,19.0939998626709,19.195999145507812,19.195999145507812,52000,0.0,False
2018-06-15,18.940000534057617,18.98200035095215,18.81399917602539,18.84600067138672,18.84600067138672,65000,0.0,False
2018-06-18,18.856000900268555,18.99799919128418,18.780000686645508,18.836000442504883,18.836000442504883,136500,0.0,False
2018-06-19,18.709999084472656,18.711999893188477,18.38800048828125,18.426000595092773,18.426000595092773,39500,0.0,False
2018-06-20,18.440000534057617,18.486000061035156,18.31999969482422,18.326000213623047,18.326000213623047,81000,0.0,False
2018-06-21,18.29400062561035,18.29400062561035,18.040000915527344,18.040000915527344,18.040000915527344,298500,0.0,False
2018-06-22,18.190000534057617,18.218000411987305,18.079999923706055,18.190000534057617,18.190000534057617,110500,0.0,False
2018-06-25,18.06800079345703,18.06800079345703,17.850000381469727,17.899999618530273,17.899999618530273,39000,0.0,False
2018-06-26,17.91200065612793,18.26799964904785,17.91200065612793,18.257999420166016,18.257999420166016,106500,0.0,False
2018-06-27,17.979999542236328,18.107999801635742,17.979999542236328,18.06800079345703,18.06800079345703,129500,0.0,False
2018-06-28,17.959999084472656,17.961999893188477,17.766000747680664,17.941999435424805,17.941999435424805,28000,0.0,False
2018-06-29,18.100000381469727,18.22599983215332,18.097999572753906,18.1200008392334,18.1200008392334,41000,0.0,False
2018-07-02,17.8799991607666,18.0,17.841999053955078,17.959999084472656,17.959999084472656,98500,0.0,False
2018-07-03,18.110000610351562,18.142000198364258,17.850000381469727,17.88599967956543,17.88599967956543,44500,0.0,False
2018-07-05,18.0,18.058000564575195,17.940000534057617,18.058000564575195,18.058000564575195,51000,0.0,False
2018-07-06,17.95199966430664,18.118000030517578,17.950000762939453,18.073999404907227,18.073999404907227,18000,0.0,False
2018-07-09,18.323999404907227,18.389999389648438,18.209999084472656,18.22800064086914,18.22800064086914,39500,0.0,False
2018-07-10,18.04599952697754,18.04599952697754,17.868000030517578,17.91200065612793,17.91200065612793,59500,0.0,False
2018-07-11,17.826000213623047,17.913999557495117,17.781999588012695,17.81999969482422,17.81999969482422,82500,0.0,False
2018-07-12,17.86400032043457,18.125999450683594,17.86400032043457,18.06999969482422,18.06999969482422,56000,0.0,False
2018-07-13,17.881999969482422,17.881999969482422,17.812000274658203,17.81999969482422,17.81999969482422,33500,0.0,False
2018-07-16,17.6200008392334,17.729999542236328,17.445999145507812,17.468000411987305,17.468000411987305,43000,0.0,False
2018-07-17,17.31999969482422,17.40999984741211,17.256000518798828,17.36400032043457,17.36400032043457,271500,0.0,False
2018-07-18,17.31999969482422,17.31999969482422,17.229999542236328,17.246000289916992,17.246000289916992,41000,0.0,False
2018-07-19,16.84000015258789,16.916000366210938,16.38599967956543,16.558000564575195,16.558000564575195,225500,0.0,False
2018-07-20,16.8700008392334,17.02199935913086,16.850000381469727,16.992000579833984,16.992000579833984,40500,0.0,False
2018-07-23,17.285999298095703,17.3799991607666,17.152000427246094,17.3799991607666,17.3799991607666,23000,0.0,False
2018-07-24,17.579999923706055,17.606000900268555,17.3799991607666,17.384000778198242,17.384000778198242,44500,0.0,False
2018-07-25,17.722000122070312,17.829999923706055,17.583999633789062,17.802000045776367,17.802000045776367,90500,0.0,False
2018-07-26,17.67799949645996,17.833999633789062,17.579999923706055,17.658000946044922,17.658000946044922,21000,0.0,False
2018-07-27,17.690000534057617,17.714000701904297,17.486000061035156,17.600000381469727,17.600000381469727,101500,0.0,False
2018-07-30,17.649999618530273,17.714000701904297,17.56999969482422,17.615999221801758,17.615999221801758,16000,0.0,False
2018-07-31,17.73200035095215,17.809999465942383,17.70800018310547,17.761999130249023,17.761999130249023,37500,0.0,False
2018-08-01,17.582000732421875,17.615999221801758,17.371999740600586,17.444000244140625,17.444000244140625,25500,0.0,False
2018-08-02,17.530000686645508,17.549999237060547,17.356000900268555,17.3799991607666,17.3799991607666,185500,0.0,False
2018-08-03,17.530000686645508,17.530000686645508,17.336000442504883,17.336000442504883,17.336000442504883,57000,0.0,False
2018-08-06,17.263999938964844,17.31399917602539,17.191999435424805,17.211999893188477,17.211999893188477,98000,0.0,False
2018-08-07,17.506000518798828,17.506000518798828,17.253999710083008,17.253999710083008,17.253999710083008,24500,0.0,False
2018-08-08,17.131999969482422,17.148000717163086,16.992000579833984,17.06800079345703,17.06800079345703,51000,0.0,False
2018-08-09,17.0939998626709,17.285999298095703,17.003999710083008,17.170000076293945,17.170000076293945,19500,0.0,False
2018-08-10,17.332000732421875,17.34600067138672,17.246000289916992,17.281999588012695,17.281999588012695,24000,0.0,False
2018-08-13,17.211999893188477,17.22599983215332,16.841999053955078,16.920000076293945,16.920000076293945,36500,0.0,False
2018-08-14,16.941999435424805,17.086000442504883,16.93600082397461,17.06999969482422,17.06999969482422,33500,0.0,False
2018-08-15,16.299999237060547,16.299999237060547,15.92199993133545,16.06399917602539,16.06399917602539,338500,0.0,False
2018-08-16,16.784000396728516,17.200000762939453,16.784000396728516,16.832000732421875,16.832000732421875,193000,0.0,False
2018-08-17,16.944000244140625,17.299999237060547,16.944000244140625,17.299999237060547,17.299999237060547,90500,0.0,False
2018-08-20,17.45199966430664,17.576000213623047,17.290000915527344,17.329999923706055,17.329999923706055,40500,0.0,False
2018-08-21,17.33799934387207,17.399999618530273,17.299999237060547,17.36400032043457,17.36400032043457,44000,0.0,False
2018-08-22,17.360000610351562,17.615999221801758,17.360000610351562,17.59600067138672,17.59600067138672,40500,0.0,False
2018-08-23,17.422000885009766,17.493999481201172,17.356000900268555,17.408000946044922,17.408000946044922,44000,0.0,False
2018-08-24,17.756000518798828,17.8700008392334,17.718000411987305,17.753999710083008,17.753999710083008,22500,0.0,False
2018-08-27,18.0,18.04400062561035,17.940000534057617,18.035999298095703,18.035999298095703,27000,0.0,False
2018-08-28,18.1299991607666,18.131999969482422,17.804000854492188,17.805999755859375,17.805999755859375,30000,0.0,False
2018-08-29,18.031999588012695,18.323999404907227,17.989999771118164,18.277999877929688,18.277999877929688,106500,0.0,False
2018-08-30,18.540000915527344,18.540000915527344,18.323999404907227,18.384000778198242,18.384000778198242,41500,0.0,False
2018-08-31,18.527999877929688,18.670000076293945,18.510000228881836,18.658000946044922,18.658000946044922,27500,0.0,False
2018-09-04,18.224000930786133,18.763999938964844,18.20199966430664,18.5939998626709,18.5939998626709,24500,0.0,False
2018-09-05,18.72599983215332,18.780000686645508,18.45800018310547,18.488000869750977,18.488000869750977,40000,0.0,False
2018-09-06,18.50200080871582,18.649999618530273,18.422000885009766,18.45800018310547,18.45800018310547,35000,0.0,False
2018-09-07,18.631999969482422,18.780000686645508,18.555999755859375,18.559999465942383,18.559999465942383,27000,0.0,False
2018-09-10,18.809999465942383,18.81599998474121,18.496000289916992,18.538000106811523,18.538000106811523,33500,0.0,False
2018-09-11,18.42799949645996,18.52400016784668,18.42799949645996,18.45800018310547,18.45800018310547,35000,0.0,False
2018-09-12,18.554000854492188,18.586000442504883,18.47800064086914,18.47800064086914,18.47800064086914,22000,0.0,False
2018-09-13,18.57200050354004,18.667999267578125,18.56999969482422,18.5939998626709,18.5939998626709,16000,0.0,False
2018-09-14,18.709999084472656,18.739999771118164,18.513999938964844,18.531999588012695,18.531999588012695,49000,0.0,False
2018-09-17,18.663999557495117,18.715999603271484,18.663999557495117,18.711999893188477,18.711999893188477,20500,0.0,False
2018-09-18,18.941999435424805,19.25200080871582,18.941999435424805,19.18199920654297,19.18199920654297,97500,0.0,False
2018-09-19,19.513999938964844,19.757999420166016,19.513999938964844,19.65399932861328,19.65399932861328,89000,0.0,False
2018-09-20,19.941999435424805,20.035999298095703,19.808000564575195,19.95199966430664,19.95199966430664,80500,0.0,False
2018-09-21,19.77199935913086,20.011999130249023,19.77199935913086,19.950000762939453,19.950000762939453,69000,0.0,False
2018-09-24,20.077999114990234,20.152000427246094,20.059999465942383,20.079999923706055,20.079999923706055,107500,0.0,False
2018-09-25,20.22800064086914,20.266000747680664,20.104000091552734,20.118000030517578,20.118000030517578,48500,0.0,False
2018-09-26,20.20199966430664,20.381999969482422,20.18199920654297,20.305999755859375,20.305999755859375,97500,0.0,False
2018-09-27,20.270000457763672,20.534000396728516,20.13800048828125,20.534000396728516,20.534000396728516,33500,0.0,False
2018-09-28,20.70199966430664,20.70199966430664,20.40399932861328,20.422000885009766,20.422000885009766,38500,0.0,False
2018-10-01,19.992000579833984,20.253999710083008,19.895999908447266,20.035999298095703,20.035999298095703,103500,0.0,False
2018-10-02,20.176000595092773,20.257999420166016,19.965999603271484,19.996000289916992,19.996000289916992,39000,0.0,False
2018-10-03,20.11400032043457,20.22800064086914,20.077999114990234,20.115999221801758,20.115999221801758,43000,0.0,False
2018-10-04,20.17799949645996,20.195999145507812,20.025999069213867,20.077999114990234,20.077999114990234,28000,0.0,False
2018-10-05,20.256000518798828,20.45800018310547,20.256000518798828,20.354000091552734,20.354000091552734,48000,0.0,False
2018-10-08,20.190000534057617,20.444000244140625,20.170000076293945,20.444000244140625,20.444000244140625,42000,0.0,False
2018-10-09,20.47800064086914,20.47800064086914,20.288000106811523,20.368000030517578,20.368000030517578,41500,0.0,False
2018-10-10,20.375999450683594,20.40999984741211,20.243999481201172,20.275999069213867,20.275999069213867,83500,0.0,False
2018-10-11,20.399999618530273,20.809999465942383,20.399999618530273,20.507999420166016,20.507999420166016,171500,0.0,False
2018-10-12,20.260000228881836,20.576000213623047,20.236000061035156,20.25,20.25,82500,0.0,False
2018-10-15,20.211999893188477,20.652000427246094,20.211999893188477,20.6200008392334,20.6200008392334,114500,0.0,False
2018-10-16,20.57200050354004,20.57200050354004,20.423999786376953,20.488000869750977,20.488000869750977,85000,0.0,False
2018-10-17,20.447999954223633,20.474000930786133,20.31599998474121,20.31999969482422,20.31999969482422,45500,0.0,False
2018-10-18,20.395999908447266,20.530000686645508,20.253999710083008,20.375999450683594,20.375999450683594,23500,0.0,False
2018-10-19,20.360000610351562,20.697999954223633,20.360000610351562,20.540000915527344,20.540000915527344,30000,0.0,False
2018-10-22,20.941999435424805,21.347999572753906,20.920000076293945,21.31999969482422,21.31999969482422,328000,0.0,False
2018-10-23,21.642000198364258,21.757999420166016,21.326000213623047,21.757999420166016,21.757999420166016,176000,0.0,False
2018-10-24,21.516000747680664,21.54800033569336,21.408000946044922,21.447999954223633,21.447999954223633,105000,0.0,False
2018-10-25,21.055999755859375,21.15999984741211,20.895999908447266,20.923999786376953,20.923999786376953,193000,0.0,False
2018-10-26,20.920000076293945,21.052000045776367,20.775999069213867,20.968000411987305,20.968000411987305,46500,0.0,False
2018-10-29,21.121999740600586,21.187999725341797,20.643999099731445,20.672000885009766,20.672000885009766,70500,0.0,False
2018-10-30,20.531999588012695,20.559999465942383,20.236000061035156,20.420000076293945,20.420000076293945,64000,0.0,False
2018-10-31,20.600000381469727,20.634000778198242,20.444000244140625,20.516000747680664,20.516000747680664,47500,0.0,False
2018-11-01,21.211999893188477,21.211999893188477,20.68199920654297,20.756000518798828,20.756000518798828,30500,0.0,False
2018-11-02,21.170000076293945,21.26799964904785,21.106000900268555,21.214000701904297,21.214000701904297,44000,0.0,False
2018-11-05,21.43000030517578,21.573999404907227,21.384000778198242,21.527999877929688,21.527999877929688,58500,0.0,False
2018-11-06,21.18199920654297,21.229999542236328,20.913999557495117,21.149999618530273,21.149999618530273,71000,0.0,False
2018-11-07,21.54599952697754,21.597999572753906,21.465999603271484,21.506000518798828,21.506000518798828,39000,0.0,False
2018-11-08,21.266000747680664,21.540000915527344,21.266000747680664,21.492000579833984,21.492000579833984,65000,0.0,False
2018-11-09,21.27199935913086,21.27199935913086,21.054000854492188,21.167999267578125,21.167999267578125,43000,0.0,False
2018-11-12,21.158000946044922,21.18199920654297,20.899999618530273,20.899999618530273,20.899999618530273,51500,0.0,False
2018-11-13,21.104000091552734,21.148000717163086,20.979999542236328,21.06399917602539,21.06399917602539,23500,0.0,False
2018-11-14,21.257999420166016,21.513999938964844,21.257999420166016,21.416000366210938,21.416000366210938,42000,0.0,False
2018-11-15,21.3700008392334,22.236000061035156,21.3700008392334,22.0,22.0,193500,0.0,False
2018-11-16,22.356000900268555,22.45400047302246,22.236000061035156,22.356000900268555,22.356000900268555,119000,0.0,False
2018-11-19,22.15999984741211,22.15999984741211,21.979999542236328,22.04599952697754,22.04599952697754,60000,0.0,False
2018-11-20,21.802000045776367,21.802000045776367,21.516000747680664,21.63599967956543,21.63599967956543,65000,0.0,False
2018-11-21,21.766000747680664,21.965999603271484,21.75200080871582,21.804000854492188,21.804000854492188,29000,0.0,False
2018-11-23,21.600000381469727,21.615999221801758,21.31599998474121,21.31599998474121,21.31599998474121,35000,0.0,False
2018-11-26,21.61400032043457,21.898000717163086,21.61400032043457,21.780000686645508,21.780000686645508,37500,0.0,False
2018-11-27,21.645999908447266,22.0,21.47599983215332,21.979999542236328,21.979999542236328,49000,0.0,False
2018-11-28,22.242000579833984,22.52199935913086,22.229999542236328,22.469999313354492,22.469999313354492,109000,0.0,False
2018-11-29,22.350000381469727,22.384000778198242,22.20400047302246,22.384000778198242,22.384000778198242,47000,0.0,False
2018-11-30,22.736000061035156,22.760000228881836,22.277999877929688,22.327999114990234,22.327999114990234,68500,0.0,False
2018-12-03,22.648000717163086,23.131999969482422,22.648000717163086,22.79599952697754,22.79599952697754,141500,0.0,False
2018-12-04,23.326000213623047,23.56599998474121,23.22599983215332,23.45199966430664,23.45199966430664,106000,0.0,False
2018-12-06,23.399999618530273,23.5939998626709,22.420000076293945,23.13800048828125,23.13800048828125,900000,0.0,False
2018-12-07,23.479999542236328,23.479999542236328,23.128000259399414,23.43000030517578,23.43000030517578,100500,0.0,False
2018-12-10,23.47800064086914,23.47800064086914,23.016000747680664,23.368000030517578,23.368000030517578,77000,0.0,False
2018-12-11,23.59600067138672,23.827999114990234,23.483999252319336,23.760000228881836,23.760000228881836,98000,0.0,False
2018-12-12,23.972000122070312,24.493999481201172,23.9060001373291,24.360000610351562,24.360000610351562,178000,0.0,False
2018-12-13,24.395999908447266,24.743999481201172,24.395999908447266,24.729999542236328,24.729999542236328,108500,0.0,False
2018-12-14,23.95199966430664,24.17799949645996,23.742000579833984,24.124000549316406,24.124000549316406,97000,0.0,False
2018-12-17,24.302000045776367,24.761999130249023,24.299999237060547,24.538000106811523,24.538000106811523,153000,0.0,False
2018-12-18,24.59000015258789,24.59000015258789,23.88599967956543,24.215999603271484,24.215999603271484,135500,0.0,False
2018-12-19,24.0939998626709,24.81999969482422,23.851999282836914,24.43199920654297,24.43199920654297,76500,0.0,False
2018-12-20,24.920000076293945,24.920000076293945,23.850000381469727,23.969999313354492,23.969999313354492,226500,0.0,False
2018-12-21,23.600000381469727,23.79400062561035,22.969999313354492,23.187999725341797,23.187999725341797,194000,0.0,False
2018-12-24,23.15999984741211,23.950000762939453,23.15999984741211,23.8439998626709,23.8439998626709,63000,0.0,False
2018-12-26,24.06399917602539,24.54400062561035,23.45199966430664,23.600000381469727,23.600000381469727,86000,0.0,False
2018-12-27,23.93199920654297,24.115999221801758,23.607999801635742,23.899999618530273,23.899999618530273,76500,0.0,False
2018-12-28,24.36199951171875,24.3799991607666,23.672000885009766,23.944000244140625,23.944000244140625,87000,0.0,False
2018-12-31,24.549999237060547,24.549999237060547,23.718000411987305,23.809999465942383,23.809999465942383,87000,0.0,False
2019-01-02,23.940000534057617,24.327999114990234,23.940000534057617,24.006000518798828,24.006000518798828,60000,0.0,False
2019-01-03,24.13599967956543,24.86400032043457,24.131999969482422,24.54199981689453,24.54199981689453,106500,0.0,False
2019-01-04,24.799999237060547,25.36400032043457,24.420000076293945,25.139999389648438,25.139999389648438,591000,0.0,False
2019-01-07,25.58799934387207,25.780000686645508,24.93400001525879,25.351999282836914,25.351999282836914,165500,0.0,False
2019-01-08,25.20199966430664,25.67799949645996,24.604000091552734,25.65399932861328,25.65399932861328,141000,0.0,False
2019-01-09,25.72599983215332,25.785999298095703,25.200000762939453,25.351999282836914,25.351999282836914,112000,0.0,False
2019-01-10,25.785999298095703,25.785999298095703,25.0,25.275999069213867,25.275999069213867,96000,0.0,False
2019-01-11,25.304000854492188,25.42799949645996,25.003999710083008,25.04800033569336,25.04800033569336,72000,0.0,False
2019-01-14,25.167999267578125,25.384000778198242,25.052000045776367,25.110000610351562,25.110000610351562,102500,0.0,False
2019-01-15,25.308000564575195,25.375999450683594,24.908000946044922,24.98200035095215,24.98200035095215,151000,0.0,False
2019-01-16,25.167999267578125,25.79400062561035,25.167999267578125,25.606000900268555,25.606000900268555,304500,0.0,False
2019-01-17,26.290000915527344,26.67799949645996,26.20800018310547,26.642000198364258,26.642000198364258,191000,0.0,False
2019-01-18,27.062000274658203,27.06999969482422,25.857999801635742,26.142000198364258,26.142000198364258,152500,0.0,False
2019-01-22,25.851999282836914,25.851999282836914,25.281999588012695,25.3799991607666,25.3799991607666,266500,0.0,False
2019-01-23,25.600000381469727,25.77400016784668,25.48200035095215,25.694000244140625,25.694000244140625,116000,0.0,False
2019-01-24,25.052000045776367,25.788000106811523,24.799999237060547,25.100000381469727,25.100000381469727,294500,0.0,False
2019-01-25,25.20400047302246,25.856000900268555,25.20400047302246,25.79599952697754,25.79599952697754,224500,0.0,False
2019-01-28,25.408000946044922,25.45599937438965,25.02199935913086,25.200000762939453,25.200000762939453,154000,0.0,False
2019-01-29,25.27199935913086,25.690000534057617,25.27199935913086,25.304000854492188,25.304000854492188,91500,0.0,False
2019-01-30,25.420000076293945,25.76799964904785,25.31599998474121,25.670000076293945,25.670000076293945,69500,0.0,False
2019-01-31,26.011999130249023,26.236000061035156,25.275999069213867,25.52400016784668,25.52400016784668,117500,0.0,False
2019-02-01,25.715999603271484,26.073999404907227,25.503999710083008,25.530000686645508,25.530000686645508,183000,0.0,False
2019-02-04,25.72800064086914,25.922000885009766,25.5,25.52199935913086,25.52199935913086,743000,0.0,False
2019-02-05,25.893999099731445,26.260000228881836,25.781999588012695,26.238000869750977,26.238000869750977,741000,0.0,False
2019-02-06,26.233999252319336,26.375999450683594,25.90999984741211,26.08799934387207,26.08799934387207,250500,0.0,False
2019-02-07,26.5,26.5,26.190000534057617,26.31599998474121,26.31599998474121,122500,0.0,False
2019-02-08,26.450000762939453,26.68600082397461,26.29800033569336,26.552000045776367,26.552000045776367,132000,0.0,False
2019-02-11,26.333999633789062,26.398000717163086,26.082000732421875,26.3439998626709,26.3439998626709,155000,0.0,False
2019-02-12,26.583999633789062,26.719999313354492,26.219999313354492,26.600000381469727,26.600000381469727,100000,0.0,False
2019-02-13,26.743999481201172,26.805999755859375,26.540000915527344,26.643999099731445,26.643999099731445,103000,0.0,False
2019-02-14,26.697999954223633,27.0,26.507999420166016,27.0,27.0,159000,0.0,False
2019-02-15,27.239999771118164,27.341999053955078,27.200000762939453,27.308000564575195,27.308000564575195,132000,0.0,False
2019-02-19,27.974000930786133,28.261999130249023,27.81999969482422,28.242000579833984,28.242000579833984,220500,0.0,False
2019-02-20,28.486000061035156,28.496000289916992,28.058000564575195,28.302000045776367,28.302000045776367,259000,0.0,False
2019-02-21,28.143999099731445,28.197999954223633,27.81399917602539,27.965999603271484,27.965999603271484,185500,0.0,False
2019-02-22,28.027999877929688,28.398000717163086,28.027999877929688,28.395999908447266,28.395999908447266,160500,0.0,False
2019-02-25,29.110000610351562,29.399999618530273,28.98200035095215,29.341999053955078,29.341999053955078,293000,0.0,False
2019-02-26,29.31599998474121,29.802000045776367,29.277999877929688,29.76799964904785,29.76799964904785,265000,0.0,False
2019-02-27,29.56800079345703,29.56800079345703,28.799999237060547,28.97800064086914,28.97800064086914,242000,0.0,False
2019-02-28,29.299999237060547,29.634000778198242,29.11400032043457,29.275999069213867,29.275999069213867,100000,0.0,False
2019-03-01,29.368000030517578,29.624000549316406,29.121999740600586,29.219999313354492,29.219999313354492,223500,0.0,False
2019-03-04,29.260000228881836,29.326000213623047,28.672000885009766,29.020000457763672,29.020000457763672,400500,0.0,False
2019-03-05,28.920000076293945,28.920000076293945,28.43000030517578,28.63599967956543,28.63599967956543,189500,0.0,False
2019-03-06,28.600000381469727,29.15999984741211,28.447999954223633,29.0,29.0,384000,0.0,False
2019-03-07,29.134000778198242,29.134000778198242,28.6200008392334,28.81599998474121,28.81599998474121,141000,0.0,False
2019-03-08,28.700000762939453,28.709999084472656,28.350000381469727,28.634000778198242,28.634000778198242,557000,0.0,False
2019-03-11,28.72800064086914,29.097999572753906,28.552000045776367,28.93199920654297,28.93199920654297,233000,0.0,False
2019-03-12,29.219999313354492,29.312000274658203,28.972000122070312,29.124000549316406,29.124000549316406,129000,0.0,False
2019-03-13,29.631999969482422,29.631999969482422,29.18600082397461,29.5,29.5,396500,0.0,False
2019-03-14,29.49799919128418,29.57200050354004,29.302000045776367,29.503999710083008,29.503999710083008,87000,0.0,False
2019-03-15,29.65399932861328,29.65399932861328,29.393999099731445,29.59000015258789,29.59000015258789,80500,0.0,False
2019-03-18,29.920000076293945,30.031999588012695,29.666000366210938,30.01799964904785,30.01799964904785,150500,0.0,False
2019-03-19,30.34000015258789,30.34000015258789,30.073999404907227,30.26799964904785,30.26799964904785,195000,0.0,False
2019-03-20,30.399999618530273,30.43400001525879,30.20199966430664,30.426000595092773,30.426000595092773,210500,0.0,False
2019-03-21,30.5939998626709,30.5939998626709,30.0,30.270000457763672,30.270000457763672,162500,0.0,False
2019-03-22,29.93400001525879,29.93400001525879,29.214000701904297,29.395999908447266,29.395999908447266,281500,0.0,False
2019-03-25,29.47599983215332,29.90399932861328,29.461999893188477,29.79800033569336,29.79800033569336,86500,0.0,False
2019-03-26,29.45199966430664,29.50200080871582,29.010000228881836,29.082000732421875,29.082000732421875,208500,0.0,False
2019-03-27,28.5,28.5,27.027999877929688,27.027999877929688,27.027999877929688,836500,0.0,False
2019-03-28,25.875999450683594,25.917999267578125,25.11400032043457,25.238000869750977,25.238000869750977,810000,0.0,False
2019-03-29,26.20199966430664,26.299999237060547,25.875999450683594,26.107999801635742,26.107999801635742,595500,0.0,False
2019-04-01,26.47800064086914,27.058000564575195,26.402000427246094,27.0,27.0,310500,0.0,False
2019-04-02,27.031999588012695,27.365999221801758,26.799999237060547,27.25200080871582,27.25200080871582,342000,0.0,False
2019-04-03,26.601999282836914,26.76799964904785,26.197999954223633,26.65999984741211,26.65999984741211,226500,0.0,False
2019-04-04,26.0,26.15399932861328,25.832000732421875,25.98200035095215,25.98200035095215,162000,0.0,False
2019-04-05,25.700000762939453,26.308000564575195,25.554000854492188,25.90999984741211,25.90999984741211,157500,0.0,False
2019-04-08,25.93000030517578,26.513999938964844,25.93000030517578,26.131999969482422,26.131999969482422,89500,0.0,False
2019-04-09,26.5,26.54199981689453,26.224000930786133,26.389999389648438,26.389999389648438,84500,0.0,False
2019-04-10,26.305999755859375,26.416000366210938,26.15999984741211,26.222000122070312,26.222000122070312,53500,0.0,False
2019-04-11,26.038000106811523,26.1200008392334,25.474000930786133,25.884000778198242,25.884000778198242,106000,0.0,False
2019-04-12,25.766000747680664,26.158000946044922,25.766000747680664,25.979999542236328,25.979999542236328,79000,0.0,False
2019-04-15,25.780000686645508,25.902000427246094,25.6299991607666,25.6299991607666,25.6299991607666,413000,0.0,False
2019-04-16,25.75200080871582,25.756000518798828,25.5,25.583999633789062,25.583999633789062,79000,0.0,False
2019-04-17,25.875999450683594,26.573999404907227,25.874000549316406,26.444000244140625,26.444000244140625,94500,0.0,False
2019-04-18,26.760000228881836,26.920000076293945,26.591999053955078,26.881999969482422,26.881999969482422,89000,0.0,False
2019-04-22,26.947999954223633,26.947999954223633,26.00200080871582,26.215999603271484,26.215999603271484,67000,0.0,False
2019-04-23,26.124000549316406,26.354000091552734,26.055999755859375,26.266000747680664,26.266000747680664,62500,0.0,False
2019-04-24,26.56399917602539,26.88800048828125,26.54599952697754,26.788000106811523,26.788000106811523,95000,0.0,False
2019-04-25,26.63599967956543,26.81399917602539,26.63599967956543,26.722000122070312,26.722000122070312,83500,0.0,False
2019-04-26,27.01799964904785,27.736000061035156,27.01799964904785,27.72599983215332,27.72599983215332,199500,0.0,False
2019-04-29,27.0,27.0,25.722000122070312,25.753999710083008,25.753999710083008,302500,0.0,False
2019-04-30,25.697999954223633,26.350000381469727,25.697999954223633,26.142000198364258,26.142000198364258,125000,0.0,False
2019-05-01,25.398000717163086,25.70400047302246,24.676000595092773,25.49799919128418,25.49799919128418,271500,0.0,False
2019-05-02,25.68600082397461,25.715999603271484,25.43600082397461,25.63800048828125,25.63800048828125,85500,0.0,False
2019-05-03,25.715999603271484,26.020000457763672,25.582000732421875,25.809999465942383,25.809999465942383,58500,0.0,False
2019-05-06,25.3799991607666,25.45400047302246,25.09000015258789,25.3439998626709,25.3439998626709,133000,0.0,False
2019-05-07,25.15399932861328,25.167999267578125,24.913999557495117,25.06599998474121,25.06599998474121,147000,0.0,False
2019-05-08,24.90399932861328,24.979999542236328,24.805999755859375,24.9060001373291,24.9060001373291,76500,0.0,False
2019-05-09,24.194000244140625,24.643999099731445,24.00200080871582,24.607999801635742,24.607999801635742,173500,0.0,False
2019-05-10,24.70400047302246,25.61400032043457,24.70400047302246,25.555999755859375,25.555999755859375,100000,0.0,False
2019-05-13,25.054000854492188,25.200000762939453,24.8700008392334,24.996000289916992,24.996000289916992,104000,0.0,False
2019-05-14,25.131999969482422,25.32200050354004,24.82200050354004,25.266000747680664,25.266000747680664,85500,0.0,False
2019-05-15,24.775999069213867,25.47599983215332,24.634000778198242,25.402000427246094,25.402000427246094,71000,0.0,False
2019-05-16,25.215999603271484,25.368000030517578,25.091999053955078,25.143999099731445,25.143999099731445,28500,0.0,False
2019-05-17,24.81599998474121,24.97599983215332,24.775999069213867,24.829999923706055,24.829999923706055,31000,0.0,False
2019-05-20,24.908000946044922,25.305999755859375,24.902000427246094,25.107999801635742,25.107999801635742,70000,0.0,False
2019-05-21,25.04800033569336,25.166000366210938,24.854000091552734,24.875999450683594,24.875999450683594,69000,0.0,False
2019-05-22,24.82200050354004,25.097999572753906,24.59000015258789,24.8799991607666,24.8799991607666,223500,0.0,False
2019-05-23,24.770000457763672,24.916000366210938,24.687999725341797,24.743999481201172,24.743999481201172,110500,0.0,False
2019-05-24,25.083999633789062,25.26799964904785,24.98200035095215,25.25,25.25,189500,0.0,False
2019-05-28,25.24799919128418,25.399999618530273,25.24799919128418,25.357999801635742,25.357999801635742,211500,0.0,False
2019-05-29,25.305999755859375,25.47599983215332,25.266000747680664,25.36199951171875,25.36199951171875,204500,0.0,False
2019-05-30,25.31599998474121,26.030000686645508,25.31599998474121,25.804000854492188,25.804000854492188,261000,0.0,False
2019-05-31,25.610000610351562,25.610000610351562,24.95199966430664,25.04599952697754,25.04599952697754,151000,0.0,False
2019-06-03,25.219999313354492,25.219999313354492,24.799999237060547,25.058000564575195,25.058000564575195,171500,0.0,False
2019-06-04,25.341999053955078,25.534000396728516,25.26799964904785,25.3439998626709,25.3439998626709,57500,0.0,False
2019-06-05,25.510000228881836,25.510000228881836,24.884000778198242,25.04199981689453,25.04199981689453,92500,0.0,False
2019-06-06,25.211999893188477,25.615999221801758,25.211999893188477,25.559999465942383,25.559999465942383,48500,0.0,False
2019-06-07,25.600000381469727,25.959999084472656,25.600000381469727,25.70199966430664,25.70199966430664,71500,0.0,False
2019-06-10,25.784000396728516,26.29599952697754,25.784000396728516,26.173999786376953,26.173999786376953,105500,0.0,False
2019-06-11,26.459999084472656,26.503999710083008,26.097999572753906,26.416000366210938,26.416000366210938,41000,0.0,False
2019-06-12,26.520000457763672,26.757999420166016,26.413999557495117,26.6560001373291,26.6560001373291,56000,0.0,False
2019-06-13,27.139999389648438,27.3799991607666,27.115999221801758,27.347999572753906,27.347999572753906,94500,0.0,False
2019-06-14,27.374000549316406,27.763999938964844,27.374000549316406,27.733999252319336,27.733999252319336,69500,0.0,False
2019-06-17,27.58799934387207,27.68600082397461,27.45199966430664,27.479999542236328,27.479999542236328,65000,0.0,False
2019-06-18,28.22599983215332,28.22599983215332,27.91200065612793,27.947999954223633,27.947999954223633,73500,0.0,False
2019-06-19,28.31800079345703,28.648000717163086,28.26799964904785,28.423999786376953,28.423999786376953,91000,0.0,False
2019-06-20,28.788000106811523,28.788000106811523,27.753999710083008,28.197999954223633,28.197999954223633,171500,0.0,False
2019-06-21,28.489999771118164,28.648000717163086,28.398000717163086,28.420000076293945,28.420000076293945,84000,0.0,False
2019-06-24,28.777999877929688,29.200000762939453,28.722000122070312,29.09600067138672,29.09600067138672,114000,0.0,False
2019-06-25,29.083999633789062,29.263999938964844,28.790000915527344,28.90399932861328,28.90399932861328,96500,0.0,False
2019-06-26,28.989999771118164,29.13599967956543,28.59600067138672,28.851999282836914,28.851999282836914,46500,0.0,False
2019-06-27,28.917999267578125,29.275999069213867,28.898000717163086,29.26799964904785,29.26799964904785,106000,0.0,False
2019-06-28,28.77400016784668,29.398000717163086,28.672000885009766,29.115999221801758,29.115999221801758,66500,0.0,False
2019-07-01,29.25200080871582,29.356000900268555,29.200000762939453,29.253999710083008,29.253999710083008,36500,0.0,False
2019-07-02,29.43000030517578,29.554000854492188,29.309999465942383,29.554000854492188,29.554000854492188,49500,0.0,False
2019-07-03,29.492000579833984,29.79800033569336,29.492000579833984,29.79199981689453,29.79199981689453,173000,0.0,False
2019-07-05,29.79800033569336,29.79800033569336,29.423999786376953,29.68600082397461,29.68600082397461,41000,0.0,False
2019-07-08,29.600000381469727,29.600000381469727,29.465999603271484,29.527999877929688,29.527999877929688,43500,0.0,False
2019-07-09,29.329999923706055,29.374000549316406,29.13599967956543,29.24799919128418,29.24799919128418,57500,0.0,False
2019-07-10,29.947999954223633,30.128000259399414,29.93600082397461,30.040000915527344,30.040000915527344,94500,0.0,False
2019-07-11,29.68199920654297,29.68199920654297,29.38800048828125,29.549999237060547,29.549999237060547,48500,0.0,False
2019-07-12,29.351999282836914,29.399999618530273,28.8799991607666,29.253999710083008,29.253999710083008,76500,0.0,False
2019-07-15,29.63800048828125,29.63800048828125,29.336000442504883,29.582000732421875,29.582000732421875,51000,0.0,False
2019-07-16,29.36400032043457,29.36400032043457,28.36400032043457,28.857999801635742,28.857999801635742,200500,0.0,False
2019-07-17,29.1299991607666,29.200000762939453,29.007999420166016,29.027999877929688,29.027999877929688,68500,0.0,False
2019-07-18,28.67799949645996,28.8799991607666,28.503999710083008,28.8799991607666,28.8799991607666,94000,0.0,False
2019-07-19,28.875999450683594,28.8799991607666,28.302000045776367,28.549999237060547,28.549999237060547,171500,0.0,False
2019-07-22,28.31999969482422,28.95199966430664,28.29800033569336,28.850000381469727,28.850000381469727,32500,0.0,False
2019-07-23,29.0,29.0,28.6200008392334,28.763999938964844,28.763999938964844,27500,0.0,False
2019-07-24,28.899999618530273,29.13599967956543,28.836000442504883,29.040000915527344,29.040000915527344,40000,0.0,False
2019-07-25,28.899999618530273,29.18000030517578,28.851999282836914,28.851999282836914,28.851999282836914,40000,0.0,False
2019-07-26,28.777999877929688,28.923999786376953,28.75200080871582,28.851999282836914,28.851999282836914,48500,0.0,False
2019-07-29,28.854000091552734,29.399999618530273,28.770000457763672,29.351999282836914,29.351999282836914,89000,0.0,False
2019-07-30,29.305999755859375,29.305999755859375,28.56399917602539,28.597999572753906,28.597999572753906,56500,0.0,False
2019-07-31,28.874000549316406,29.06999969482422,28.583999633789062,28.70800018310547,28.70800018310547,52000,0.0,False
2019-08-01,27.56800079345703,27.56800079345703,26.697999954223633,26.968000411987305,26.968000411987305,354000,0.0,False
2019-08-02,26.483999252319336,26.889999389648438,26.007999420166016,26.50200080871582,26.50200080871582,177000,0.0,False
2019-08-05,26.947999954223633,27.01799964904785,26.70400047302246,26.70400047302246,26.70400047302246,70000,0.0,False
2019-08-06,27.22800064086914,27.256000518798828,26.871999740600586,27.166000366210938,27.166000366210938,78500,0.0,False
2019-08-07,26.516000747680664,27.124000549316406,26.516000747680664,26.719999313354492,26.719999313354492,135500,0.0,False
2019-08-08,26.850000381469727,27.077999114990234,26.805999755859375,26.884000778198242,26.884000778198242,25500,0.0,False
2019-08-09,27.003999710083008,27.054000854492188,26.784000396728516,26.841999053955078,26.841999053955078,37000,0.0,False
2019-08-12,27.06999969482422,27.200000762939453,26.8439998626709,27.040000915527344,27.040000915527344,46000,0.0,False
2019-08-13,26.808000564575195,27.530000686645508,26.808000564575195,27.402000427246094,27.402000427246094,93000,0.0,False
2019-08-14,27.0939998626709,27.1299991607666,26.959999084472656,27.031999588012695,27.031999588012695,452000,0.0,False
2019-08-15,27.187999725341797,27.378000259399414,27.187999725341797,27.365999221801758,27.365999221801758,61500,0.0,False
2019-08-16,27.402000427246094,27.450000762939453,27.275999069213867,27.351999282836914,27.351999282836914,63000,0.0,False
2019-08-19,27.527999877929688,28.054000854492188,27.527999877929688,27.979999542236328,27.979999542236328,87500,0.0,False
2019-08-20,28.107999801635742,28.261999130249023,28.02199935913086,28.02199935913086,28.02199935913086,113500,0.0,False
2019-08-21,28.190000534057617,28.219999313354492,27.450000762939453,27.790000915527344,27.790000915527344,35500,0.0,False
2019-08-22,27.804000854492188,28.148000717163086,27.804000854492188,28.055999755859375,28.055999755859375,34500,0.0,False
2019-08-23,27.827999114990234,27.854000091552734,27.600000381469727,27.715999603271484,27.715999603271484,49000,0.0,False
2019-08-26,27.93000030517578,27.974000930786133,27.604000091552734,27.88599967956543,27.88599967956543,57000,0.0,False
2019-08-27,28.06800079345703,28.07200050354004,27.908000946044922,27.983999252319336,27.983999252319336,120500,0.0,False
2019-08-28,27.687999725341797,27.884000778198242,27.57200050354004,27.75,27.75,53000,0.0,False
2019-08-29,27.964000701904297,28.1560001373291,27.77400016784668,27.802000045776367,27.802000045776367,81500,0.0,False
2019-08-30,28.941999435424805,29.170000076293945,28.81999969482422,28.86199951171875,28.86199951171875,201000,0.0,False
2019-09-03,28.91200065612793,29.200000762939453,28.84000015258789,29.118000030517578,29.118000030517578,60000,0.0,False
2019-09-04,29.351999282836914,29.483999252319336,29.333999633789062,29.3799991607666,29.3799991607666,73500,0.0,False
2019-09-05,29.573999404907227,29.63599967956543,28.600000381469727,29.538000106811523,29.538000106811523,152000,0.0,False
2019-09-06,29.110000610351562,29.323999404907227,28.945999145507812,28.97800064086914,28.97800064086914,59500,0.0,False
2019-09-09,29.34600067138672,29.368000030517578,29.079999923706055,29.15399932861328,29.15399932861328,38500,0.0,False
2019-09-10,29.308000564575195,29.45599937438965,29.308000564575195,29.4060001373291,29.4060001373291,49000,0.0,False
2019-09-11,29.860000610351562,29.908000946044922,29.531999588012695,29.73200035095215,29.73200035095215,53000,0.0,False
2019-09-12,30.04400062561035,30.673999786376953,30.04400062561035,30.45599937438965,30.45599937438965,110000,0.0,False
2019-09-13,30.266000747680664,30.559999465942383,30.1299991607666,30.356000900268555,30.356000900268555,60500,0.0,False
2019-09-16,30.190000534057617,30.29800033569336,29.923999786376953,30.29800033569336,30.29800033569336,79000,0.0,False
2019-09-17,30.1560001373291,30.350000381469727,30.04400062561035,30.06999969482422,30.06999969482422,78000,0.0,False
2019-09-18,29.979999542236328,30.06800079345703,29.63599967956543,29.898000717163086,29.898000717163086,121000,0.0,False
2019-09-19,30.326000213623047,30.719999313354492,30.326000213623047,30.607999801635742,30.607999801635742,56500,0.0,False
2019-09-20,30.983999252319336,31.371999740600586,30.88800048828125,31.04599952697754,31.04599952697754,248000,0.0,False
2019-09-23,31.288000106811523,31.336000442504883,31.1200008392334,31.239999771118164,31.239999771118164,96500,0.0,False
2019-09-24,31.350000381469727,31.700000762939453,31.20199966430664,31.700000762939453,31.700000762939453,107000,0.0,False
2019-09-25,31.04400062561035,31.22800064086914,30.738000869750977,30.983999252319336,30.983999252319336,396000,0.0,False
2019-09-26,31.474000930786133,31.6560001373291,31.384000778198242,31.6560001373291,31.6560001373291,246000,0.0,False
2019-09-27,31.63599967956543,31.965999603271484,31.50200080871582,31.850000381469727,31.850000381469727,107000,0.0,False
2019-09-30,32.0,32.0,31.402000427246094,31.83799934387207,31.83799934387207,114500,0.0,False
2019-10-01,31.290000915527344,31.525999069213867,31.124000549316406,31.31800079345703,31.31800079345703,465500,0.0,False
2019-10-02,31.777999877929688,32.14400100708008,31.743999481201172,31.832000732421875,31.832000732421875,236000,0.0,False
2019-10-03,31.440000534057617,31.48200035095215,31.06399917602539,31.38599967956543,31.38599967956543,71500,0.0,False
2019-10-04,31.511999130249023,31.827999114990234,31.465999603271484,31.54800033569336,31.54800033569336,204500,0.0,False
2019-10-07,31.447999954223633,31.600000381469727,31.24799919128418,31.47599983215332,31.47599983215332,129500,0.0,False
2019-10-08,31.31800079345703,31.700000762939453,31.107999801635742,31.639999389648438,31.639999389648438,68000,0.0,False
2019-10-09,31.979999542236328,31.979999542236328,31.733999252319336,31.733999252319336,31.733999252319336,91500,0.0,False
2019-10-10,31.826000213623047,32.28799819946289,31.799999237060547,32.23400115966797,32.23400115966797,105000,0.0,False
2019-10-11,32.24800109863281,32.24800109863281,31.97599983215332,32.17399978637695,32.17399978637695,80500,0.0,False
2019-10-14,31.98200035095215,32.41400146484375,31.889999389648438,32.321998596191406,32.321998596191406,86000,0.0,False
2019-10-15,32.79800033569336,32.88800048828125,32.66400146484375,32.854000091552734,32.854000091552734,153000,0.0,False
2019-10-16,33.36800003051758,33.737998962402344,33.33399963378906,33.529998779296875,33.529998779296875,201500,0.0,False
2019-10-17,33.36399841308594,33.513999938964844,33.178001403808594,33.349998474121094,33.349998474121094,120500,0.0,False
2019-10-18,33.3120002746582,33.32400131225586,32.992000579833984,33.236000061035156,33.236000061035156,43000,0.0,False
2019-10-21,33.49399948120117,33.518001556396484,33.04199981689453,33.215999603271484,33.215999603271484,44500,0.0,False
2019-10-22,33.172000885009766,33.22999954223633,32.933998107910156,33.119998931884766,33.119998931884766,84500,0.0,False
2019-10-23,33.88999938964844,33.88999938964844,32.66400146484375,32.9379997253418,32.9379997253418,144000,0.0,False
2019-10-24,33.358001708984375,33.68199920654297,33.20399856567383,33.597999572753906,33.597999572753906,81500,0.0,False
2019-10-25,33.678001403808594,33.678001403808594,33.369998931884766,33.38199996948242,33.38199996948242,56500,0.0,False
2019-10-28,33.86600112915039,34.257999420166016,33.79999923706055,34.071998596191406,34.071998596191406,119500,0.0,False
2019-10-29,33.77000045776367,33.77000045776367,33.42399978637695,33.63800048828125,33.63800048828125,65500,0.0,False
2019-10-30,33.97600173950195,34.465999603271484,33.81800079345703,34.08000183105469,34.08000183105469,81500,0.0,False
2019-10-31,34.15800094604492,34.15800094604492,33.5260009765625,33.869998931884766,33.869998931884766,78000,0.0,False
2019-11-01,34.16999816894531,34.20000076293945,33.95199966430664,34.0620002746582,34.0620002746582,567500,0.0,False
2019-11-04,33.97800064086914,33.97800064086914,33.428001403808594,33.47800064086914,33.47800064086914,106000,0.0,False
2019-11-05,33.400001525878906,33.59000015258789,33.1619987487793,33.59000015258789,33.59000015258789,107500,0.0,False
2019-11-06,33.95199966430664,33.95199966430664,33.61399841308594,33.7140007019043,33.7140007019043,126500,0.0,False
2019-11-07,33.9739990234375,34.11600112915039,33.65399932861328,33.95000076293945,33.95000076293945,134000,0.0,False
2019-11-08,33.43000030517578,33.43000030517578,32.72200012207031,32.86000061035156,32.86000061035156,188500,0.0,False
2019-11-11,32.20000076293945,32.27799987792969,31.4060001373291,31.672000885009766,31.672000885009766,552500,0.0,False
2019-11-12,32.018001556396484,32.27000045776367,31.808000564575195,31.99799919128418,31.99799919128418,74000,0.0,False
2019-11-13,32.2760009765625,32.34400177001953,32.119998931884766,32.20199966430664,32.20199966430664,453000,0.0,False
2019-11-14,32.46200180053711,32.869998931884766,32.290000915527344,32.74800109863281,32.74800109863281,64000,0.0,False
2019-11-15,32.40599822998047,32.56999969482422,32.0,32.051998138427734,32.051998138427734,53500,0.0,False
2019-11-18,32.582000732421875,32.849998474121094,32.279998779296875,32.77399826049805,32.77399826049805,96500,0.0,False
2019-11-19,33.215999603271484,33.465999603271484,33.13800048828125,33.29999923706055,33.29999923706055,54000,0.0,False
2019-11-20,33.2239990234375,33.54999923706055,33.2239990234375,33.358001708984375,33.358001708984375,104000,0.0,False
2019-11-21,33.29999923706055,33.35599899291992,33.130001068115234,33.20199966430664,33.20199966430664,135500,0.0,False
2019-11-22,33.29800033569336,33.46799850463867,33.20000076293945,33.46799850463867,33.46799850463867,114500,0.0,False
2019-11-25,33.939998626708984,34.209999084472656,33.88800048828125,33.948001861572266,33.948001861572266,112500,0.0,False
2019-11-26,33.959999084472656,34.25199890136719,33.91999816894531,34.25199890136719,34.25199890136719,80000,0.0,False
2019-11-27,34.16999816894531,34.57400131225586,34.04999923706055,34.49599838256836,34.49599838256836,210000,0.0,False
2019-11-29,34.58000183105469,34.77000045776367,34.4379997253418,34.59000015258789,34.59000015258789,52500,0.0,False
2019-12-02,35.07400131225586,35.08000183105469,34.763999938964844,34.922000885009766,34.922000885009766,136000,0.0,False
2019-12-03,34.89400100708008,35.01599884033203,34.763999938964844,35.01599884033203,35.01599884033203,274000,0.0,False
2019-12-04,35.0880012512207,35.375999450683594,35.0,35.33000183105469,35.33000183105469,162500,0.0,False
2019-12-05,35.08000183105469,35.35599899291992,35.02799987792969,35.27399826049805,35.27399826049805,145000,0.0,False
2019-12-06,35.45199966430664,35.50600051879883,35.30400085449219,35.45600128173828,35.45600128173828,110000,0.0,False
2019-12-09,35.69599914550781,35.73400115966797,35.47600173950195,35.59199905395508,35.59199905395508,119000,0.0,False
2019-12-10,35.832000732421875,35.922000885009766,35.65999984741211,35.810001373291016,35.810001373291016,156500,0.0,False
2019-12-11,36.172000885009766,36.19599914550781,35.95199966430664,36.099998474121094,36.099998474121094,150000,0.0,False
2019-12-12,36.52000045776367,36.69599914550781,36.402000427246094,36.65599822998047,36.65599822998047,409500,0.0,False
2019-12-13,37.20000076293945,37.33000183105469,36.0359992980957,36.380001068115234,36.380001068115234,284500,0.0,False
2019-12-16,37.0099983215332,37.529998779296875,36.900001525878906,37.15800094604492,37.15800094604492,153000,0.0,False
2019-12-17,36.529998779296875,36.81399917602539,36.34000015258789,36.742000579833984,36.742000579833984,375000,0.0,False
2019-12-18,36.77399826049805,36.77399826049805,36.11600112915039,36.11600112915039,36.11600112915039,185500,0.0,False
2019-12-19,36.45000076293945,36.5260009765625,36.11399841308594,36.444000244140625,36.444000244140625,129500,0.0,False
2019-12-20,36.513999938964844,36.513999938964844,34.41999816894531,34.757999420166016,34.757999420166016,442000,0.0,False
2019-12-23,34.97999954223633,35.321998596191406,34.45399856567383,35.22999954223633,35.22999954223633,172000,0.0,False
2019-12-24,35.22600173950195,35.391998291015625,35.20000076293945,35.33000183105469,35.33000183105469,33500,0.0,False
2019-12-26,35.599998474121094,35.83000183105469,35.577999114990234,35.83000183105469,35.83000183105469,128500,0.0,False
2019-12-27,35.9739990234375,36.10599899291992,35.715999603271484,35.9640007019043,35.9640007019043,174000,0.0,False
2019-12-30,35.959999084472656,36.15800094604492,35.91999816894531,36.15800094604492,36.15800094604492,119000,0.0,False
2019-12-31,36.34199905395508,36.667999267578125,36.220001220703125,36.652000427246094,36.652000427246094,100500,0.0,False
2020-01-02,36.65399932861328,37.02199935913086,36.65399932861328,36.88199996948242,36.88199996948242,229000,0.0,False
2020-01-03,37.20800018310547,37.5,37.152000427246094,37.465999603271484,37.465999603271484,131000,0.0,False
2020-01-06,38.06999969482422,38.24800109863281,38.0,38.172000885009766,38.172000885009766,339500,0.0,False
2020-01-07,38.465999603271484,38.790000915527344,38.321998596191406,38.790000915527344,38.790000915527344,202500,0.0,False
2020-01-08,39.55799865722656,39.84000015258789,38.70000076293945,39.742000579833984,39.742000579833984,435500,0.0,False
2020-01-09,40.183998107910156,40.33000183105469,39.555999755859375,39.8120002746582,39.8120002746582,311500,0.0,False
2020-01-10,40.097999572753906,40.097999572753906,39.79999923706055,39.86000061035156,39.86000061035156,149500,0.0,False
2020-01-13,40.0359992980957,40.11199951171875,39.6879997253418,40.09600067138672,40.09600067138672,216000,0.0,False
2020-01-14,40.402000427246094,41.0,40.2140007019043,40.87799835205078,40.87799835205078,123000,0.0,False
2020-01-15,41.970001220703125,42.47800064086914,41.90999984741211,42.37799835205078,42.37799835205078,235500,0.0,False
2020-01-16,43.6619987487793,43.79600143432617,42.84199905395508,43.79600143432617,43.79600143432617,477000,0.0,False
2020-01-17,45.347999572753906,46.555999755859375,45.2760009765625,46.45800018310547,46.45800018310547,710000,0.0,False
2020-01-21,46.400001525878906,46.400001525878906,42.31800079345703,44.448001861572266,44.448001861572266,897500,0.0,False
2020-01-22,45.65999984741211,47.597999572753906,45.61600112915039,47.400001525878906,47.400001525878906,733500,0.0,False
2020-01-23,45.45600128173828,46.869998931884766,45.0,46.84600067138672,46.84600067138672,748000,0.0,False
2020-01-24,45.89799880981445,45.89799880981445,44.928001403808594,45.40999984741211,45.40999984741211,645000,0.0,False
2020-01-27,43.70199966430664,43.91400146484375,42.24599838256836,42.24599838256836,42.24599838256836,1050000,0.0,False
2020-01-28,42.321998596191406,43.513999938964844,42.15800094604492,43.400001525878906,43.400001525878906,401000,0.0,False
2020-01-29,42.810001373291016,43.279998779296875,42.32400131225586,43.172000885009766,43.172000885009766,355000,0.0,False
2020-01-30,42.784000396728516,43.70199966430664,42.65599822998047,43.650001525878906,43.650001525878906,224500,0.0,False
2020-01-31,43.52399826049805,43.52399826049805,43.05400085449219,43.20800018310547,43.20800018310547,125500,0.0,False
2020-02-03,43.20800018310547,44.21200180053711,43.0,44.141998291015625,44.141998291015625,282000,0.0,False
2020-02-04,45.68000030517578,46.29999923706055,45.00199890136719,46.19599914550781,46.19599914550781,283500,0.0,False
2020-02-05,46.22600173950195,46.529998779296875,45.52000045776367,45.88600158691406,45.88600158691406,303000,0.0,False
2020-02-06,45.597999572753906,45.597999572753906,43.599998474121094,43.698001861572266,43.698001861572266,415000,0.0,False
2020-02-07,43.08000183105469,43.847999572753906,43.0,43.742000579833984,43.742000579833984,225000,0.0,False
2020-02-10,44.16999816894531,44.599998474121094,44.13800048828125,44.55799865722656,44.55799865722656,146000,0.0,False
2020-02-11,43.9379997253418,44.28799819946289,43.694000244140625,44.28200149536133,44.28200149536133,98000,0.0,False
2020-02-12,44.00199890136719,45.45600128173828,44.0,45.44599914550781,45.44599914550781,182000,0.0,False
2020-02-13,45.30400085449219,46.09400177001953,45.30400085449219,46.00199890136719,46.00199890136719,265500,0.0,False
2020-02-14,46.354000091552734,46.36000061035156,45.35599899291992,46.12799835205078,46.12799835205078,235500,0.0,False
2020-02-18,47.439998626708984,49.310001373291016,47.439998626708984,49.279998779296875,49.279998779296875,375500,0.0,False
2020-02-19,52.29199981689453,52.358001708984375,49.80400085449219,51.29600143432617,51.29600143432617,670000,0.0,False
2020-02-20,50.88199996948242,51.284000396728516,49.86000061035156,50.92399978637695,50.92399978637695,328000,0.0,False
2020-02-21,50.85599899291992,51.24599838256836,50.46799850463867,51.172000885009766,51.172000885009766,208000,0.0,False
2020-02-24,50.14799880981445,50.20000076293945,48.61000061035156,49.61800003051758,49.61800003051758,365000,0.0,False
2020-02-25,50.268001556396484,51.49800109863281,50.24599838256836,51.16600036621094,51.16600036621094,306000,0.0,False
2020-02-26,51.40399932861328,52.986000061035156,51.29999923706055,52.61600112915039,52.61600112915039,401500,0.0,False
2020-02-27,52.215999603271484,54.63199996948242,52.00400161743164,54.53799819946289,54.53799819946289,462500,0.0,False
2020-02-28,49.78799819946289,50.077999114990234,45.24800109863281,48.22200012207031,48.22200012207031,1216000,0.0,False
2020-03-02,47.95399856567383,48.38199996948242,47.0,47.20600128173828,47.20600128173828,470000,0.0,False
2020-03-03,47.0,47.65800094604492,46.22999954223633,46.79399871826172,46.79399871826172,221500,0.0,False
2020-03-04,46.2140007019043,48.13600158691406,46.145999908447266,47.832000732421875,47.832000732421875,700000,0.0,False
2020-03-05,46.448001861572266,47.74800109863281,46.448001861572266,47.53799819946289,47.53799819946289,135500,0.0,False
2020-03-06,48.58000183105469,48.599998474121094,47.10200119018555,47.97999954223633,47.97999954223633,192500,0.0,False
2020-03-09,46.52399826049805,47.279998779296875,45.779998779296875,46.85200119018555,46.85200119018555,267000,0.0,False
2020-03-10,46.07400131225586,46.231998443603516,44.52000045776367,45.19599914550781,45.19599914550781,499500,0.0,False
2020-03-11,44.27799987792969,44.762001037597656,42.84600067138672,42.91999816894531,42.91999816894531,407500,0.0,False
2020-03-12,39.47999954223633,39.53799819946289,30.54199981689453,34.45399856567383,34.45399856567383,1380000,0.0,False
2020-03-13,35.066001892089844,35.821998596191406,30.22800064086914,32.832000732421875,32.832000732421875,555000,0.0,False
2020-03-16,28.865999221801758,31.18400001525879,27.50200080871582,30.007999420166016,30.007999420166016,1116000,0.0,False
2020-03-17,28.892000198364258,33.79999923706055,28.582000732421875,30.854000091552734,30.854000091552734,673500,0.0,False
2020-03-18,29.50200080871582,30.43600082397461,29.18000030517578,29.642000198364258,29.642000198364258,180000,0.0,False
2020-03-19,30.200000762939453,32.2239990234375,30.08799934387207,31.18000030517578,31.18000030517578,307000,0.0,False
2020-03-20,31.260000228881836,31.260000228881836,29.68600082397461,30.312000274658203,30.312000274658203,114500,0.0,False
2020-03-23,29.700000762939453,32.183998107910156,29.621999740600586,32.119998931884766,32.119998931884766,253000,0.0,False
2020-03-24,36.0,36.38800048828125,34.79199981689453,36.02000045776367,36.02000045776367,309000,0.0,False
2020-03-25,38.65599822998047,45.57600021362305,38.0,43.599998474121094,43.599998474121094,561500,0.0,False
2020-03-26,43.2599983215332,44.90599822998047,42.32400131225586,44.400001525878906,44.400001525878906,362500,0.0,False
2020-03-27,44.599998474121094,44.805999755859375,41.74599838256836,43.152000427246094,43.152000427246094,326000,0.0,False
2020-03-30,42.22200012207031,44.2599983215332,42.22200012207031,43.599998474121094,43.599998474121094,113000,0.0,False
2020-03-31,44.20000076293945,46.5880012512207,43.84000015258789,44.4379997253418,44.4379997253418,162500,0.0,False
2020-04-01,42.46200180053711,42.5,41.15599822998047,41.15599822998047,41.15599822998047,223000,0.0,False
2020-04-02,40.02399826049805,41.849998474121094,39.70600128173828,41.518001556396484,41.518001556396484,212500,0.0,False
2020-04-03,41.529998779296875,41.90800094604492,40.15599822998047,41.167999267578125,41.167999267578125,134000,0.0,False
2020-04-06,40.58599853515625,41.150001525878906,39.81999969482422,40.20000076293945,40.20000076293945,243000,0.0,False
2020-04-07,42.1619987487793,42.400001525878906,40.85200119018555,41.060001373291016,41.060001373291016,173500,0.0,False
2020-04-08,41.965999603271484,41.965999603271484,39.986000061035156,40.0880012512207,40.0880012512207,161000,0.0,False
2020-04-09,40.400001525878906,40.43600082397461,39.790000915527344,40.00400161743164,40.00400161743164,173500,0.0,False
2020-04-13,41.85599899291992,42.38800048828125,39.316001892089844,41.066001892089844,41.066001892089844,175000,0.0,False
2020-04-14,42.849998474121094,43.38999938964844,41.41600036621094,41.84000015258789,41.84000015258789,235500,0.0,False
2020-04-15,41.236000061035156,41.551998138427734,40.29999923706055,41.082000732421875,41.082000732421875,128000,0.0,False
2020-04-16,40.88600158691406,41.847999572753906,40.65800094604492,41.04800033569336,41.04800033569336,97500,0.0,False
2020-04-17,41.25400161743164,41.51599884033203,40.810001373291016,41.20399856567383,41.20399856567383,158500,0.0,False
2020-04-20,41.37200164794922,41.465999603271484,41.0,41.380001068115234,41.380001068115234,79000,0.0,False
2020-04-21,35.97200012207031,37.529998779296875,35.0620002746582,36.400001525878906,36.400001525878906,279000,0.0,False
2020-04-22,37.215999603271484,37.236000061035156,36.27199935913086,36.68600082397461,36.68600082397461,253000,0.0,False
2020-04-23,37.667999267578125,39.20199966430664,37.2400016784668,37.2400016784668,37.2400016784668,267000,0.0,False
2020-04-24,37.599998474121094,38.49800109863281,37.47999954223633,38.35599899291992,38.35599899291992,97500,0.0,False
2020-04-27,37.0,37.27199935913086,36.25400161743164,36.481998443603516,36.481998443603516,143000,0.0,False
2020-04-28,35.81800079345703,36.917999267578125,35.577999114990234,36.15999984741211,36.15999984741211,94000,0.0,False
2020-04-29,36.95600128173828,37.49800109863281,36.45600128173828,37.097999572753906,37.097999572753906,132000,0.0,False
2020-04-30,38.194000244140625,38.194000244140625,36.70199966430664,36.93600082397461,36.93600082397461,110000,0.0,False
2020-05-01,36.20199966430664,36.47800064086914,35.60200119018555,35.784000396728516,35.784000396728516,116500,0.0,False
2020-05-04,35.70399856567383,35.75199890136719,34.262001037597656,34.599998474121094,34.599998474121094,156500,0.0,False
2020-05-05,33.672000885009766,34.375999450683594,33.02000045776367,34.209999084472656,34.209999084472656,276000,0.0,False
2020-05-06,33.981998443603516,33.981998443603516,33.599998474121094,33.79800033569336,33.79800033569336,85500,0.0,False
2020-05-07,34.18600082397461,35.20000076293945,34.012001037597656,35.02799987792969,35.02799987792969,98000,0.0,False
2020-05-08,35.4119987487793,35.439998626708984,34.52000045776367,35.439998626708984,35.439998626708984,121500,0.0,False
2020-05-11,35.04600143432617,35.4900016784668,34.71799850463867,35.43199920654297,35.43199920654297,46500,0.0,False
2020-05-12,35.04999923706055,35.400001525878906,34.56800079345703,35.13199996948242,35.13199996948242,51000,0.0,False
2020-05-13,34.29999923706055,34.29999923706055,33.5,34.11199951171875,34.11199951171875,115500,0.0,False
2020-05-14,34.0,34.7599983215332,33.257999420166016,34.7599983215332,34.7599983215332,99500,0.0,False
2020-05-15,34.72600173950195,35.65399932861328,34.38399887084961,35.2859992980957,35.2859992980957,224000,0.0,False
2020-05-18,37.84199905395508,38.52399826049805,37.2599983215332,37.948001861572266,37.948001861572266,365000,0.0,False
2020-05-19,38.79600143432617,39.70399856567383,37.965999603271484,38.39799880981445,38.39799880981445,291000,0.0,False
2020-05-20,39.45399856567383,40.0,38.66999816894531,39.20000076293945,39.20000076293945,530000,0.0,False
2020-05-21,39.395999908447266,39.395999908447266,37.36600112915039,37.88999938964844,37.88999938964844,197000,0.0,False
2020-05-22,36.44200134277344,36.99599838256836,36.0,36.902000427246094,36.902000427246094,127000,0.0,False
2020-05-26,36.81800079345703,37.810001373291016,36.60200119018555,37.400001525878906,37.400001525878906,198000,0.0,False
2020-05-27,35.805999755859375,37.12799835205078,35.400001525878906,37.11800003051758,37.11800003051758,232500,0.0,False
2020-05-28,37.11800003051758,37.11800003051758,35.50199890136719,36.33399963378906,36.33399963378906,105000,0.0,False
2020-05-29,35.7239990234375,36.779998779296875,35.7239990234375,36.44599914550781,36.44599914550781,98500,0.0,False
2020-06-01,36.53200149536133,37.31399917602539,36.41600036621094,37.31399917602539,37.31399917602539,115000,0.0,False
2020-06-02,37.09400177001953,37.25199890136719,36.599998474121094,36.97999954223633,36.97999954223633,82500,0.0,False
2020-06-03,36.90399932861328,37.31399917602539,36.70199966430664,36.91999816894531,36.91999816894531,69500,0.0,False
2020-06-04,36.54600143432617,36.54600143432617,34.50199890136719,36.30799865722656,36.30799865722656,270000,0.0,False
2020-06-05,36.75400161743164,37.40999984741211,36.534000396728516,36.95000076293945,36.95000076293945,214500,0.0,False
2020-06-08,37.512001037597656,38.597999572753906,37.236000061035156,38.597999572753906,38.597999572753906,227500,0.0,False
2020-06-09,36.507999420166016,37.1879997253418,36.22800064086914,36.97200012207031,36.97200012207031,265500,0.0,False
2020-06-10,37.20000076293945,37.20000076293945,36.060001373291016,36.79999923706055,36.79999923706055,488500,0.0,False
2020-06-11,36.46799850463867,36.70000076293945,35.667999267578125,36.077999114990234,36.077999114990234,177500,0.0,False
2020-06-12,36.39400100708008,36.933998107910156,36.11199951171875,36.2400016784668,36.2400016784668,94500,0.0,False
2020-06-15,35.849998474121094,36.6619987487793,35.694000244140625,36.402000427246094,36.402000427246094,98500,0.0,False
2020-06-16,36.8380012512207,36.93600082397461,36.03799819946289,36.37200164794922,36.37200164794922,54500,0.0,False
2020-06-17,35.91400146484375,36.25,35.698001861572266,36.099998474121094,36.099998474121094,51500,0.0,False
2020-06-18,35.9900016784668,36.09400177001953,35.38199996948242,35.650001525878906,35.650001525878906,48000,0.0,False
2020-06-19,35.847999572753906,35.97600173950195,35.65999984741211,35.65999984741211,35.65999984741211,60500,0.0,False
2020-06-22,35.768001556396484,36.66600036621094,35.512001037597656,36.279998779296875,36.279998779296875,110500,0.0,False
2020-06-23,36.0,36.597999572753906,36.0,36.11199951171875,36.11199951171875,45000,0.0,False
2020-06-24,35.869998931884766,36.119998931884766,34.66400146484375,35.215999603271484,35.215999603271484,191000,0.0,False
2020-06-25,34.891998291015625,34.95800018310547,34.4119987487793,34.43600082397461,34.43600082397461,93000,0.0,False
2020-06-26,34.599998474121094,35.58000183105469,34.599998474121094,35.444000244140625,35.444000244140625,109500,0.0,False
2020-06-29,35.76599884033203,36.15800094604492,35.47800064086914,35.928001403808594,35.928001403808594,66000,0.0,False
2020-06-30,35.7599983215332,36.79999923706055,35.731998443603516,36.55799865722656,36.55799865722656,78000,0.0,False
2020-07-01,35.944000244140625,36.198001861572266,35.801998138427734,36.198001861572266,36.198001861572266,46500,0.0,False
2020-07-02,36.02000045776367,36.262001037597656,35.55799865722656,35.698001861572266,35.698001861572266,93500,0.0,False
2020-07-06,36.20000076293945,36.599998474121094,36.198001861572266,36.599998474121094,36.599998474121094,156000,0.0,False
2020-07-07,36.124000549316406,36.47200012207031,35.95600128173828,36.46200180053711,36.46200180053711,68500,0.0,False
2020-07-08,36.39400100708008,36.78799819946289,35.84000015258789,36.00199890136719,36.00199890136719,92500,0.0,False
2020-07-09,37.375999450683594,37.736000061035156,36.459999084472656,36.77799987792969,36.77799987792969,256000,0.0,False
2020-07-10,36.97600173950195,37.428001403808594,36.82600021362305,37.40999984741211,37.40999984741211,157500,0.0,False
2020-07-13,38.27799987792969,38.99800109863281,37.47999954223633,37.47999954223633,37.47999954223633,305500,0.0,False
2020-07-14,37.20000076293945,37.400001525878906,36.54800033569336,36.900001525878906,36.900001525878906,115500,0.0,False
2020-07-15,36.95399856567383,37.44599914550781,36.95399856567383,37.327999114990234,37.327999114990234,65000,0.0,False
2020-07-16,37.30799865722656,38.380001068115234,37.29999923706055,37.736000061035156,37.736000061035156,106500,0.0,False
2020-07-17,38.400001525878906,38.45000076293945,37.92599868774414,37.92599868774414,37.92599868774414,160500,0.0,False
2020-07-20,38.95000076293945,39.11399841308594,38.38399887084961,38.79999923706055,38.79999923706055,318000,0.0,False
2020-07-21,40.54199981689453,41.05799865722656,40.0620002746582,40.2760009765625,40.2760009765625,428500,0.0,False
2020-07-22,40.18600082397461,41.02399826049805,40.00199890136719,40.91999816894531,40.91999816894531,443000,0.0,False
2020-07-23,40.7400016784668,41.0,40.0,40.630001068115234,40.630001068115234,336000,0.0,False
2020-07-24,41.395999908447266,42.172000885009766,41.14400100708008,41.88800048828125,41.88800048828125,383000,0.0,False
2020-07-27,43.63800048828125,44.0,43.00199890136719,43.555999755859375,43.555999755859375,496500,0.0,False
2020-07-28,43.12799835205078,43.189998626708984,42.571998596191406,42.847999572753906,42.847999572753906,267500,0.0,False
2020-07-29,41.566001892089844,41.566001892089844,39.16999816894531,40.8120002746582,40.8120002746582,654000,0.0,False
2020-07-30,38.65399932861328,39.597999572753906,38.402000427246094,39.59600067138672,39.59600067138672,484000,0.0,False
2020-07-31,39.35599899291992,40.599998474121094,38.90399932861328,39.4900016784668,39.4900016784668,239000,0.0,False
2020-08-03,39.801998138427734,39.97200012207031,39.30400085449219,39.470001220703125,39.470001220703125,160500,0.0,False
2020-08-04,39.52000045776367,40.59000015258789,39.347999572753906,40.44599914550781,40.44599914550781,813500,0.0,False
2020-08-05,40.959999084472656,41.45800018310547,40.608001708984375,41.35599899291992,41.35599899291992,434500,0.0,False
2020-08-06,42.2599983215332,42.720001220703125,41.36000061035156,41.68199920654297,41.68199920654297,470000,0.0,False
2020-08-07,40.465999603271484,40.91600036621094,39.801998138427734,40.84000015258789,40.84000015258789,451500,0.0,False
2020-08-10,42.0,43.66600036621094,41.540000915527344,41.70600128173828,41.70600128173828,629500,0.0,False
2020-08-11,40.20000076293945,40.540000915527344,39.36199951171875,39.36199951171875,39.36199951171875,569500,0.0,False
2020-08-12,40.65800094604492,40.65800094604492,39.63399887084961,40.06399917602539,40.06399917602539,299500,0.0,False
2020-08-13,41.0,41.39799880981445,40.68199920654297,40.97999954223633,40.97999954223633,148000,0.0,False
2020-08-14,40.81800079345703,40.81800079345703,39.71200180053711,40.071998596191406,40.071998596191406,152500,0.0,False
2020-08-17,41.279998779296875,41.599998474121094,40.88600158691406,41.47600173950195,41.47600173950195,224000,0.0,False
2020-08-18,41.47200012207031,41.555999755859375,40.20199966430664,41.38199996948242,41.38199996948242,324500,0.0,False
2020-08-19,40.874000549316406,40.874000549316406,40.45800018310547,40.540000915527344,40.540000915527344,127000,0.0,False
2020-08-20,40.62200164794922,41.374000549316406,40.599998474121094,41.145999908447266,41.145999908447266,62500,0.0,False
2020-08-21,40.83399963378906,41.082000732421875,40.61199951171875,40.72200012207031,40.72200012207031,90500,0.0,False
2020-08-24,40.801998138427734,41.099998474121094,40.36399841308594,40.459999084472656,40.459999084472656,77500,0.0,False
2020-08-25,40.38999938964844,40.78799819946289,40.0,40.74599838256836,40.74599838256836,85000,0.0,False
2020-08-26,40.70000076293945,41.38199996948242,40.70000076293945,41.279998779296875,41.279998779296875,372500,0.0,False
2020-08-27,41.672000885009766,41.77799987792969,40.2239990234375,40.93000030517578,40.93000030517578,328500,0.0,False
2020-08-28,40.93000030517578,41.65999984741211,40.62200164794922,41.47600173950195,41.47600173950195,175500,0.0,False
2020-08-31,41.698001861572266,42.85200119018555,41.698001861572266,42.37200164794922,42.37200164794922,258500,0.0,False
2020-09-01,43.125999450683594,43.30400085449219,42.56999969482422,42.7599983215332,42.7599983215332,272000,0.0,False
2020-09-02,42.65800094604492,42.65800094604492,41.880001068115234,42.25,42.25,135500,0.0,False
2020-09-03,44.0,44.77000045776367,42.31800079345703,42.72800064086914,42.72800064086914,474500,0.0,False
2020-09-04,42.78799819946289,43.79800033569336,42.29999923706055,43.00199890136719,43.00199890136719,262000,0.0,False
2020-09-08,42.74599838256836,42.944000244140625,41.97200012207031,42.82600021362305,42.82600021362305,175000,0.0,False
2020-09-09,42.66600036621094,43.391998291015625,42.444000244140625,43.19599914550781,43.19599914550781,76500,0.0,False
2020-09-10,43.24399948120117,43.784000396728516,42.70000076293945,42.82400131225586,42.82400131225586,142500,0.0,False
2020-09-11,43.49399948120117,43.79800033569336,42.90399932861328,43.150001525878906,43.150001525878906,134000,0.0,False
2020-09-14,43.900001525878906,44.15800094604492,43.220001220703125,43.59199905395508,43.59199905395508,142000,0.0,False
2020-09-15,44.0,45.27000045776367,43.582000732421875,44.79999923706055,44.79999923706055,260500,0.0,False
2020-09-16,44.90599822998047,45.26599884033203,44.20399856567383,44.30799865722656,44.30799865722656,422000,0.0,False
2020-09-17,43.86199951171875,44.16999816894531,42.74399948120117,43.2599983215332,43.2599983215332,215000,0.0,False
2020-09-18,43.20199966430664,44.2760009765625,43.20199966430664,44.194000244140625,44.194000244140625,149000,0.0,False
2020-09-21,43.400001525878906,43.625999450683594,42.0,42.63600158691406,42.63600158691406,223000,0.0,False
2020-09-22,42.402000427246094,42.58399963378906,41.444000244140625,41.80400085449219,41.80400085449219,113000,0.0,False
2020-09-23,42.00600051879883,42.86000061035156,41.263999938964844,41.33599853515625,41.33599853515625,164000,0.0,False
2020-09-24,41.25400161743164,41.88399887084961,40.827999114990234,41.77199935913086,41.77199935913086,227000,0.0,False
2020-09-25,41.43000030517578,41.917999267578125,41.14799880981445,41.667999267578125,41.667999267578125,87500,0.0,False
2020-09-28,42.0,42.762001037597656,42.0,42.762001037597656,42.762001037597656,198500,0.0,False
2020-09-29,42.801998138427734,43.63999938964844,42.698001861572266,43.448001861572266,43.448001861572266,126000,0.0,False
2020-09-30,43.7400016784668,44.0,43.11399841308594,43.301998138427734,43.301998138427734,153000,0.0,False
2020-10-01,43.87200164794922,43.92399978637695,43.433998107910156,43.72999954223633,43.72999954223633,117000,0.0,False
2020-10-02,43.599998474121094,43.599998474121094,43.20199966430664,43.400001525878906,43.400001525878906,81500,0.0,False
2020-10-05,43.91999816894531,44.599998474121094,43.91999816894531,44.3120002746582,44.3120002746582,126500,0.0,False
2020-10-06,44.63999938964844,44.79999923706055,44.0,44.0,44.0,149500,0.0,False
2020-10-07,44.369998931884766,44.400001525878906,44.141998291015625,44.29800033569336,44.29800033569336,32000,0.0,False
2020-10-08,44.67399978637695,45.20000076293945,44.3120002746582,44.902000427246094,44.902000427246094,59500,0.0,False
2020-10-09,45.641998291015625,46.47999954223633,45.641998291015625,46.09199905395508,46.09199905395508,163500,0.0,False
2020-10-12,46.0620002746582,46.0880012512207,44.9640007019043,45.13800048828125,45.13800048828125,121500,0.0,False
2020-10-13,43.625999450683594,43.900001525878906,43.104000091552734,43.104000091552734,43.104000091552734,127500,0.0,False
2020-10-14,44.099998474121094,44.20000076293945,43.79999923706055,44.05799865722656,44.05799865722656,85000,0.0,False
2020-10-15,43.742000579833984,44.20000076293945,43.624000549316406,44.20000076293945,44.20000076293945,45500,0.0,False
2020-10-16,43.99599838256836,44.08000183105469,43.5260009765625,43.869998931884766,43.869998931884766,88500,0.0,False
2020-10-19,44.13999938964844,44.13999938964844,43.77399826049805,43.900001525878906,43.900001525878906,31000,0.0,False
2020-10-20,44.0620002746582,45.237998962402344,44.0620002746582,45.237998962402344,45.237998962402344,107000,0.0,False
2020-10-21,45.15599822998047,45.448001861572266,45.10200119018555,45.327999114990234,45.327999114990234,76000,0.0,False
2020-10-22,44.45399856567383,44.939998626708984,44.34000015258789,44.89799880981445,44.89799880981445,56000,0.0,False
2020-10-23,44.624000549316406,45.02799987792969,44.46799850463867,45.02799987792969,45.02799987792969,150000,0.0,False
2020-10-26,44.59199905395508,44.79800033569336,44.198001861572266,44.358001708984375,44.358001708984375,170500,0.0,False
2020-10-27,44.051998138427734,44.21200180053711,43.66400146484375,43.79800033569336,43.79800033569336,78000,0.0,False
2020-10-28,42.02799987792969,42.236000061035156,41.507999420166016,42.13800048828125,42.13800048828125,148000,0.0,False
2020-10-29,41.125999450683594,41.59600067138672,41.055999755859375,41.39799880981445,41.39799880981445,303500,0.0,False
2020-10-30,41.784000396728516,41.917999267578125,41.20399856567383,41.566001892089844,41.566001892089844,277000,0.0,False
2020-11-02,41.220001220703125,41.70199966430664,41.220001220703125,41.566001892089844,41.566001892089844,65500,0.0,False
2020-11-03,42.75,43.0,42.64799880981445,42.99800109863281,42.99800109863281,86000,0.0,False
2020-11-04,42.90399932861328,43.20000076293945,42.551998138427734,42.90800094604492,42.90800094604492,82500,0.0,False
2020-11-05,44.79999923706055,45.400001525878906,44.27799987792969,44.4379997253418,44.4379997253418,138000,0.0,False
2020-11-06,45.78200149536133,46.79999923706055,45.645999908447266,46.65999984741211,46.65999984741211,210000,0.0,False
2020-11-09,46.599998474121094,46.99800109863281,46.14799880981445,46.35200119018555,46.35200119018555,133500,0.0,False
2020-11-10,46.36800003051758,46.417999267578125,46.0099983215332,46.279998779296875,46.279998779296875,67500,0.0,False
2020-11-11,44.2239990234375,44.36000061035156,43.189998626708984,43.43000030517578,43.43000030517578,174000,0.0,False
2020-11-12,43.8380012512207,44.215999603271484,43.72600173950195,43.72600173950195,43.72600173950195,78000,0.0,False
2020-11-13,43.54399871826172,43.83399963378906,43.4119987487793,43.83399963378906,43.83399963378906,188500,0.0,False
2020-11-16,43.79999923706055,44.08000183105469,43.268001556396484,43.763999938964844,43.763999938964844,114500,0.0,False
2020-11-17,43.7400016784668,43.88399887084961,43.263999938964844,43.470001220703125,43.470001220703125,236000,0.0,False
2020-11-18,43.75600051879883,44.5260009765625,43.599998474121094,43.77199935913086,43.77199935913086,220500,0.0,False
2020-11-19,43.0,43.88999938964844,42.62799835205078,43.694000244140625,43.694000244140625,122500,0.0,False
2020-11-20,43.60200119018555,43.75400161743164,43.45800018310547,43.46799850463867,43.46799850463867,100500,0.0,False
2020-11-23,43.86800003051758,44.400001525878906,43.52399826049805,44.268001556396484,44.268001556396484,413500,0.0,False
2020-11-24,43.79999923706055,44.31399917602539,43.652000427246094,44.25199890136719,44.25199890136719,131500,0.0,False
2020-11-25,43.948001861572266,44.099998474121094,43.84000015258789,43.89400100708008,43.89400100708008,54500,0.0,False
2020-11-27,44.3380012512207,45.69200134277344,44.20000076293945,45.65800094604492,45.65800094604492,95000,0.0,False
2020-11-30,45.16400146484375,45.16400146484375,44.41600036621094,44.74599838256836,44.74599838256836,92500,0.0,False
2020-12-01,45.417999267578125,45.645999908447266,45.104000091552734,45.104000091552734,45.104000091552734,109000,0.0,False
2020-12-02,45.06399917602539,45.5359992980957,44.784000396728516,44.784000396728516,44.784000396728516,87500,0.0,False
2020-12-03,44.849998474121094,44.95399856567383,41.891998291015625,43.119998931884766,43.119998931884766,361500,0.0,False
2020-12-04,44.209999084472656,44.6879997253418,43.5,43.93600082397461,43.93600082397461,151500,0.0,False
2020-12-07,43.51599884033203,44.23400115966797,43.50199890136719,44.04199981689453,44.04199981689453,105500,0.0,False
2020-12-08,43.37200164794922,43.59400177001953,43.05799865722656,43.38199996948242,43.38199996948242,97000,0.0,False
2020-12-09,43.349998474121094,43.349998474121094,42.45000076293945,42.459999084472656,42.459999084472656,107000,0.0,False
2020-12-10,44.051998138427734,44.47999954223633,43.50199890136719,43.86199951171875,43.86199951171875,97500,0.0,False
2020-12-11,44.04800033569336,44.04800033569336,43.34199905395508,43.34199905395508,43.34199905395508,57000,0.0,False
2020-12-14,43.34000015258789,43.60599899291992,43.13999938964844,43.16400146484375,43.16400146484375,62000,0.0,False
2020-12-15,43.99800109863281,43.99800109863281,43.29999923706055,43.61199951171875,43.61199951171875,93500,0.0,False
2020-12-16,43.57600021362305,43.99599838256836,43.43199920654297,43.79999923706055,43.79999923706055,129500,0.0,False
2020-12-17,43.83399963378906,44.0,43.62799835205078,43.74399948120117,43.74399948120117,98500,0.0,False
2020-12-18,43.70000076293945,44.63199996948242,43.70000076293945,44.39400100708008,44.39400100708008,74500,0.0,False
2020-12-21,43.27000045776367,43.63399887084961,43.060001373291016,43.45000076293945,43.45000076293945,108000,0.0,False
2020-12-22,43.736000061035156,43.8120002746582,43.31999969482422,43.47600173950195,43.47600173950195,52500,0.0,False
2020-12-23,43.599998474121094,43.880001068115234,43.599998474121094,43.7400016784668,43.7400016784668,68000,0.0,False
2020-12-24,43.400001525878906,44.040000915527344,43.400001525878906,44.040000915527344,44.040000915527344,44500,0.0,False
2020-12-28,45.77399826049805,46.257999420166016,43.71200180053711,43.72200012207031,43.72200012207031,199000,0.0,False
2020-12-29,43.53799819946289,43.9119987487793,43.5,43.650001525878906,43.650001525878906,56500,0.0,False
2020-12-30,43.90999984741211,44.59600067138672,43.90999984741211,44.25,44.25,65500,0.0,False
2020-12-31,45.09400177001953,45.9119987487793,45.09400177001953,45.9119987487793,45.9119987487793,159500,0.0,False
2021-01-04,46.03200149536133,46.099998474121094,44.46799850463867,44.75,44.75,122500,0.0,False
2021-01-05,45.58599853515625,47.26599884033203,45.380001068115234,46.56399917602539,46.56399917602539,249000,0.0,False
2021-01-06,45.4640007019043,46.018001556396484,45.055999755859375,45.93600082397461,45.93600082397461,116500,0.0,False
2021-01-07,45.400001525878906,45.698001861572266,45.055999755859375,45.608001708984375,45.608001708984375,84000,0.0,False
2021-01-08,45.71799850463867,45.71799850463867,43.698001861572266,44.47999954223633,44.47999954223633,223000,0.0,False
2021-01-11,44.16600036621094,44.59000015258789,43.80400085449219,44.25400161743164,44.25400161743164,79000,0.0,False
2021-01-12,44.85599899291992,45.040000915527344,44.400001525878906,45.040000915527344,45.040000915527344,75500,0.0,False
2021-01-13,44.79199981689453,44.9739990234375,44.55400085449219,44.645999908447266,44.645999908447266,80500,0.0,False
2021-01-14,44.652000427246094,45.321998596191406,44.64799880981445,45.11399841308594,45.11399841308594,52500,0.0,False
2021-01-15,45.400001525878906,46.0,44.608001708984375,44.608001708984375,44.608001708984375,67000,0.0,False
2021-01-19,44.44599914550781,44.5,44.09000015258789,44.09199905395508,44.09199905395508,84500,0.0,False
2021-01-20,44.38199996948242,44.93199920654297,44.38199996948242,44.43600082397461,44.43600082397461,46500,0.0,False
2021-01-21,44.597999572753906,44.91999816894531,44.35599899291992,44.486000061035156,44.486000061035156,89500,0.0,False
2021-01-22,44.20000076293945,44.487998962402344,44.09000015258789,44.11000061035156,44.11000061035156,56500,0.0,False
2021-01-25,44.082000732421875,44.082000732421875,43.5620002746582,43.64400100708008,43.64400100708008,131500,0.0,False
2021-01-26,43.459999084472656,43.683998107910156,43.38399887084961,43.55400085449219,43.55400085449219,51000,0.0,False
2021-01-27,43.1879997253418,43.63199996948242,43.04600143432617,43.05400085449219,43.05400085449219,265000,0.0,False
2021-01-28,43.470001220703125,43.82400131225586,43.145999908447266,43.72999954223633,43.72999954223633,72000,0.0,False
2021-01-29,43.36800003051758,43.36800003051758,41.23400115966797,41.67399978637695,41.67399978637695,328000,0.0,False
2021-02-01,42.1619987487793,42.178001403808594,41.869998931884766,42.152000427246094,42.152000427246094,183000,0.0,False
2021-02-02,42.22600173950195,42.22600173950195,41.79999923706055,42.0,42.0,76500,0.0,False
2021-02-03,42.41600036621094,42.88800048828125,42.2239990234375,42.71799850463867,42.71799850463867,89000,0.0,False
2021-02-04,42.4119987487793,42.986000061035156,42.15399932861328,42.8380012512207,42.8380012512207,86000,0.0,False
2021-02-05,43.652000427246094,43.933998107910156,43.61000061035156,43.83399963378906,43.83399963378906,97000,0.0,False
2021-02-08,43.944000244140625,44.0,43.49399948120117,43.608001708984375,43.608001708984375,121500,0.0,False
2021-02-09,43.597999572753906,43.63199996948242,43.439998626708984,43.50400161743164,43.50400161743164,41500,0.0,False
2021-02-10,44.41600036621094,44.70399856567383,44.00400161743164,44.178001403808594,44.178001403808594,192000,0.0,False
2021-02-11,44.0880012512207,44.27399826049805,43.7760009765625,44.145999908447266,44.145999908447266,165500,0.0,False
2021-02-12,44.34000015258789,44.79800033569336,44.183998107910156,44.78200149536133,44.78200149536133,174500,0.0,False
2021-02-16,44.42399978637695,45.097999572753906,44.42399978637695,44.84000015258789,44.84000015258789,335500,0.0,False
2021-02-17,44.5,44.63999938964844,44.198001861572266,44.608001708984375,44.608001708984375,63500,0.0,False
2021-02-18,44.400001525878906,44.400001525878906,43.64799880981445,44.04800033569336,44.04800033569336,62500,0.0,False
2021-02-19,44.077999114990234,44.625999450683594,44.077999114990234,44.470001220703125,44.470001220703125,65000,0.0,False
2021-02-22,44.77000045776367,44.959999084472656,44.59600067138672,44.94599914550781,44.94599914550781,89000,0.0,False
2021-02-23,44.2599983215332,44.31999969482422,43.13199996948242,44.15599822998047,44.15599822998047,115500,0.0,False
2021-02-24,43.93600082397461,45.90999984741211,43.832000732421875,45.83000183105469,45.83000183105469,188500,0.0,False
2021-02-25,46.29800033569336,46.75,45.097999572753906,45.27000045776367,45.27000045776367,286000,0.0,False
2021-02-26,44.15800094604492,44.15800094604492,43.20000076293945,43.402000427246094,43.402000427246094,274000,0.0,False
2021-03-01,44.3120002746582,44.80400085449219,44.013999938964844,44.198001861572266,44.198001861572266,71500,0.0,False
2021-03-02,44.21799850463867,44.689998626708984,44.02399826049805,44.51599884033203,44.51599884033203,161000,0.0,False
2021-03-03,44.034000396728516,44.672000885009766,44.034000396728516,44.194000244140625,44.194000244140625,159500,0.0,False
2021-03-04,44.40599822998047,44.571998596191406,43.76599884033203,43.79399871826172,43.79399871826172,79000,0.0,False
2021-03-05,44.152000427246094,44.400001525878906,43.77199935913086,43.81399917602539,43.81399917602539,65000,0.0,False
2021-03-08,43.395999908447266,43.65999984741211,43.395999908447266,43.400001525878906,43.400001525878906,68000,0.0,False
2021-03-09,42.99599838256836,43.25600051879883,42.44599914550781,42.987998962402344,42.987998962402344,198500,0.0,False
2021-03-10,43.06800079345703,43.198001861572266,42.79999923706055,43.145999908447266,43.145999908447266,88000,0.0,False
2021-03-11,43.849998474121094,44.53200149536133,43.604000091552734,44.06800079345703,44.06800079345703,627500,0.0,False
2021-03-12,44.262001037597656,44.34000015258789,44.198001861572266,44.2859992980957,44.2859992980957,27500,0.0,False
2021-03-15,44.652000427246094,44.93000030517578,44.619998931884766,44.66600036621094,44.66600036621094,46000,0.0,False
2021-03-16,46.874000549316406,47.060001373291016,46.2760009765625,46.599998474121094,46.599998474121094,525000,0.0,False
2021-03-17,46.45800018310547,48.3120002746582,46.32600021362305,48.3120002746582,48.3120002746582,340000,0.0,False
2021-03-18,50.14400100708008,51.582000732421875,49.55799865722656,50.11800003051758,50.11800003051758,448000,0.0,False
2021-03-19,48.959999084472656,49.630001068115234,48.72200012207031,49.22999954223633,49.22999954223633,115500,0.0,False
2021-03-22,49.599998474121094,49.599998474121094,48.518001556396484,48.92599868774414,48.92599868774414,115500,0.0,False
2021-03-23,49.49800109863281,49.599998474121094,48.8120002746582,48.917999267578125,48.917999267578125,93500,0.0,False
2021-03-24,49.50600051879883,49.70000076293945,49.2239990234375,49.52199935913086,49.52199935913086,204500,0.0,False
2021-03-25,49.492000579833984,49.7599983215332,48.763999938964844,49.007999420166016,49.007999420166016,149500,0.0,False
2021-03-26,49.65800094604492,50.40800094604492,49.49800109863281,50.400001525878906,50.400001525878906,105000,0.0,False
2021-03-29,48.178001403808594,48.178001403808594,47.20000076293945,47.28799819946289,47.28799819946289,285000,0.0,False
2021-03-30,48.43000030517578,48.74599838256836,47.99599838256836,48.119998931884766,48.119998931884766,146500,0.0,False
2021-03-31,48.641998291015625,49.20000076293945,48.641998291015625,48.970001220703125,48.970001220703125,100500,0.0,False
2021-04-01,49.358001708984375,49.99599838256836,49.358001708984375,49.99599838256836,49.99599838256836,143500,0.0,False
2021-04-05,49.52000045776367,50.066001892089844,49.52000045776367,49.93199920654297,49.93199920654297,59000,0.0,False
2021-04-06,50.097999572753906,50.551998138427734,50.097999572753906,50.321998596191406,50.321998596191406,81500,0.0,False
2021-04-07,49.47800064086914,49.47999954223633,48.93000030517578,49.167999267578125,49.167999267578125,81000,0.0,False
2021-04-08,49.321998596191406,49.321998596191406,49.20000076293945,49.20600128173828,49.20600128173828,45500,0.0,False
2021-04-09,49.53200149536133,49.54199981689453,49.284000396728516,49.48400115966797,49.48400115966797,68000,0.0,False
2021-04-12,49.67399978637695,50.2859992980957,49.571998596191406,50.2859992980957,50.2859992980957,472500,0.0,False
2021-04-13,50.63800048828125,50.63800048828125,50.27399826049805,50.45800018310547,50.45800018310547,80500,0.0,False
2021-04-14,50.29600143432617,50.30400085449219,50.00600051879883,50.08000183105469,50.08000183105469,113500,0.0,False
2021-04-15,51.220001220703125,51.439998626708984,51.13600158691406,51.37799835205078,51.37799835205078,215500,0.0,False
2021-04-16,51.599998474121094,52.15999984741211,51.529998779296875,51.944000244140625,51.944000244140625,262500,0.0,False
2021-04-19,52.62200164794922,52.880001068115234,52.433998107910156,52.66400146484375,52.66400146484375,278500,0.0,False
2021-04-20,51.92399978637695,52.21200180053711,51.17399978637695,51.65399932861328,51.65399932861328,232000,0.0,False
2021-04-21,52.301998138427734,54.09400177001953,52.301998138427734,54.018001556396484,54.018001556396484,189000,0.0,False
2021-04-22,53.95199966430664,53.95199966430664,52.731998443603516,52.900001525878906,52.900001525878906,136000,0.0,False
2021-04-23,53.77199935913086,53.970001220703125,53.27199935913086,53.48400115966797,53.48400115966797,112000,0.0,False
2021-04-26,54.79800033569336,54.99800109863281,54.16600036621094,54.694000244140625,54.694000244140625,382000,0.0,False
2021-04-27,54.68199920654297,55.279998779296875,54.4739990234375,55.1619987487793,55.1619987487793,169500,0.0,False
2021-04-28,54.768001556396484,55.14799880981445,54.52799987792969,55.14799880981445,55.14799880981445,228000,0.0,False
2021-04-29,55.47800064086914,55.47800064086914,54.66400146484375,55.37799835205078,55.37799835205078,165000,0.0,False
2021-04-30,55.66400146484375,55.90599822998047,54.7760009765625,54.928001403808594,54.928001403808594,108500,0.0,False
2021-05-03,55.71799850463867,55.948001861572266,55.391998291015625,55.52000045776367,55.52000045776367,405000,0.0,False
2021-05-04,56.0,56.152000427246094,55.400001525878906,55.86199951171875,55.86199951171875,126000,0.0,False
2021-05-05,55.8380012512207,55.8380012512207,55.3120002746582,55.41400146484375,55.41400146484375,173500,0.0,False
2021-05-06,54.66600036621094,55.108001708984375,54.47800064086914,55.0260009765625,55.0260009765625,131000,0.0,False
2021-05-07,53.77799987792969,54.97200012207031,53.41600036621094,54.534000396728516,54.534000396728516,254500,0.0,False
2021-05-10,55.74800109863281,56.11399841308594,55.354000091552734,55.41600036621094,55.41600036621094,116000,0.0,False
2021-05-11,54.720001220703125,55.13800048828125,54.45199966430664,54.939998626708984,54.939998626708984,388500,0.0,False
2021-05-12,54.79399871826172,55.231998443603516,53.2140007019043,53.237998962402344,53.237998962402344,172500,0.0,False
2021-05-13,53.20000076293945,54.02399826049805,52.959999084472656,53.52799987792969,53.52799987792969,88000,0.0,False
2021-05-14,54.0,54.31999969482422,53.816001892089844,54.16400146484375,54.16400146484375,74000,0.0,False
2021-05-17,54.07600021362305,54.380001068115234,53.880001068115234,54.20000076293945,54.20000076293945,49500,0.0,False
2021-05-18,54.24399948120117,54.534000396728516,54.24399948120117,54.52399826049805,54.52399826049805,44500,0.0,False
2021-05-19,53.678001403808594,53.85200119018555,53.25400161743164,53.599998474121094,53.599998474121094,83000,0.0,False
2021-05-20,53.5359992980957,53.68199920654297,53.25199890136719,53.35599899291992,53.35599899291992,63500,0.0,False
2021-05-21,52.96200180053711,52.96200180053711,51.72200012207031,51.939998626708984,51.939998626708984,158500,0.0,False
2021-05-24,51.75600051879883,51.784000396728516,50.97200012207031,51.0099983215332,51.0099983215332,229500,0.0,False
2021-05-25,51.279998779296875,52.189998626708984,51.19599914550781,51.70600128173828,51.70600128173828,125000,0.0,False
2021-05-26,51.68000030517578,51.68000030517578,51.0620002746582,51.31399917602539,51.31399917602539,104000,0.0,False
2021-05-27,52.15399932861328,53.0,52.15399932861328,52.46200180053711,52.46200180053711,213000,0.0,False
2021-05-28,52.76599884033203,52.95800018310547,52.14799880981445,52.630001068115234,52.630001068115234,156000,0.0,False
2021-06-01,53.20199966430664,53.66600036621094,52.93199920654297,53.66600036621094,53.66600036621094,410500,0.0,False
2021-06-02,53.54399871826172,53.67599868774414,53.395999908447266,53.470001220703125,53.470001220703125,130000,0.0,False
2021-06-03,52.58399963378906,53.27000045776367,52.5,53.24399948120117,53.24399948120117,110500,0.0,False
2021-06-04,53.077999114990234,53.189998626708984,52.78200149536133,53.141998291015625,53.141998291015625,53500,0.0,False
2021-06-07,53.06800079345703,53.11399841308594,52.86199951171875,53.007999420166016,53.007999420166016,439000,0.0,False
2021-06-08,52.40599822998047,52.518001556396484,52.04600143432617,52.4119987487793,52.4119987487793,193000,0.0,False
2021-06-09,52.41600036621094,52.47200012207031,51.72200012207031,51.75,51.75,78000,0.0,False
2021-06-10,51.720001220703125,51.86199951171875,51.43199920654297,51.86199951171875,51.86199951171875,32500,0.0,False
2021-06-11,52.130001068115234,52.4119987487793,51.880001068115234,51.90999984741211,51.90999984741211,334500,0.0,False
2021-06-14,51.470001220703125,51.8120002746582,51.36399841308594,51.481998443603516,51.481998443603516,447500,0.0,False
2021-06-15,51.487998962402344,51.70000076293945,51.47999954223633,51.70000076293945,51.70000076293945,135000,0.0,False
2021-06-16,52.18000030517578,53.0620002746582,52.18000030517578,52.55799865722656,52.55799865722656,117000,0.0,False
2021-06-17,49.88999938964844,50.09600067138672,46.79999923706055,47.00600051879883,47.00600051879883,532000,0.0,False
2021-06-18,47.560001373291016,47.641998291015625,45.832000732421875,46.23400115966797,46.23400115966797,236500,0.0,False
2021-06-21,46.91999816894531,48.422000885009766,46.54600143432617,48.3120002746582,48.3120002746582,442000,0.0,False
2021-06-22,47.96799850463867,48.14400100708008,47.7239990234375,47.77199935913086,47.77199935913086,165500,0.0,False
2021-06-23,48.77399826049805,49.36800003051758,48.7239990234375,48.90399932861328,48.90399932861328,240500,0.0,False
2021-06-24,49.39799880981445,49.715999603271484,49.178001403808594,49.47800064086914,49.47800064086914,115500,0.0,False
2021-06-25,49.61000061035156,49.61000061035156,49.0099983215332,49.150001525878906,49.150001525878906,65500,0.0,False
2021-06-28,49.89799880981445,50.400001525878906,49.784000396728516,50.20199966430664,50.20199966430664,168000,0.0,False
2021-06-29,49.948001861572266,50.268001556396484,49.7239990234375,50.16600036621094,50.16600036621094,61500,0.0,False
2021-06-30,50.49800109863281,52.13600158691406,50.433998107910156,51.93199920654297,51.93199920654297,106000,0.0,False
2021-07-01,51.970001220703125,52.236000061035156,51.46799850463867,51.61600112915039,51.61600112915039,75000,0.0,False
2021-07-02,52.060001373291016,52.20000076293945,51.854000091552734,52.15999984741211,52.15999984741211,31000,0.0,False
2021-07-06,53.63399887084961,53.63399887084961,51.80799865722656,52.02000045776367,52.02000045776367,186000,0.0,False
2021-07-07,53.0,53.597999572753906,52.63600158691406,53.44599914550781,53.44599914550781,147000,0.0,False
2021-07-08,52.194000244140625,52.58000183105469,52.071998596191406,52.358001708984375,52.358001708984375,67000,0.0,False
2021-07-09,52.2859992980957,52.68600082397461,52.26599884033203,52.57400131225586,52.57400131225586,39500,0.0,False
2021-07-12,52.599998474121094,53.47999954223633,52.52399826049805,53.34600067138672,53.34600067138672,233000,0.0,False
2021-07-13,53.167999267578125,53.167999267578125,52.82600021362305,52.854000091552734,52.854000091552734,33500,0.0,False
2021-07-14,52.9640007019043,53.018001556396484,52.400001525878906,52.83399963378906,52.83399963378906,40000,0.0,False
2021-07-15,51.82600021362305,52.0880012512207,50.15399932861328,51.0620002746582,51.0620002746582,149000,0.0,False
2021-07-16,50.34199905395508,50.35599899291992,48.92599868774414,48.97600173950195,48.97600173950195,162000,0.0,False
2021-07-19,48.4640007019043,48.992000579833984,48.24399948120117,48.507999420166016,48.507999420166016,435000,0.0,False
2021-07-20,48.189998626708984,49.41600036621094,48.189998626708984,49.316001892089844,49.316001892089844,126500,0.0,False
2021-07-21,49.470001220703125,49.9739990234375,49.444000244140625,49.66999816894531,49.66999816894531,73000,0.0,False
2021-07-22,49.939998626708984,50.902000427246094,49.599998474121094,50.72200012207031,50.72200012207031,73500,0.0,False
2021-07-23,50.939998626708984,50.939998626708984,49.6879997253418,49.93000030517578,49.93000030517578,44000,0.0,False
2021-07-26,50.284000396728516,50.53200149536133,49.66999816894531,49.75600051879883,49.75600051879883,899000,0.0,False
2021-07-27,49.0,49.09600067138672,48.37799835205078,48.487998962402344,48.487998962402344,67000,0.0,False
2021-07-28,48.79999923706055,49.02199935913086,48.6619987487793,48.96200180053711,48.96200180053711,30500,0.0,False
2021-07-29,49.70399856567383,49.80799865722656,49.36199951171875,49.36199951171875,49.36199951171875,31500,0.0,False
2021-07-30,49.76599884033203,49.76599884033203,49.167999267578125,49.61800003051758,49.61800003051758,40500,0.0,False
2021-08-02,50.0099983215332,50.290000915527344,49.79600143432617,49.97999954223633,49.97999954223633,678000,0.0,False
2021-08-03,49.79600143432617,49.79600143432617,49.209999084472656,49.31800079345703,49.31800079345703,81500,0.0,False
2021-08-04,49.74599838256836,49.928001403808594,49.321998596191406,49.400001525878906,49.400001525878906,49500,0.0,False
2021-08-05,49.20399856567383,49.75199890136719,49.18000030517578,49.428001403808594,49.428001403808594,23500,0.0,False
2021-08-06,49.667999267578125,49.667999267578125,49.077999114990234,49.077999114990234,49.077999114990234,36000,0.0,False
2021-08-09,48.86000061035156,49.06399917602539,48.5,48.50199890136719,48.50199890136719,543000,0.0,False
2021-08-10,48.56399917602539,49.630001068115234,48.56399917602539,49.30799865722656,49.30799865722656,56000,0.0,False
2021-08-11,49.152000427246094,49.152000427246094,48.737998962402344,49.08599853515625,49.08599853515625,55000,0.0,False
2021-08-12,49.02000045776367,49.141998291015625,48.79399871826172,49.02000045776367,49.02000045776367,61000,0.0,False
2021-08-13,49.391998291015625,49.650001525878906,49.21200180053711,49.25199890136719,49.25199890136719,54000,0.0,False
2021-08-16,49.2760009765625,49.2760009765625,48.08399963378906,48.56999969482422,48.56999969482422,95500,0.0,False
2021-08-17,47.672000885009766,47.672000885009766,46.08599853515625,46.37799835205078,46.37799835205078,165500,0.0,False
2021-08-18,46.236000061035156,46.242000579833984,45.0880012512207,45.20199966430664,45.20199966430664,111000,0.0,False
2021-08-19,43.922000885009766,44.400001525878906,43.0,43.19200134277344,43.19200134277344,249000,0.0,False
2021-08-20,43.0,43.099998474121094,42.43199920654297,42.54199981689453,42.54199981689453,158500,0.0,False
2021-08-23,44.14799880981445,45.20199966430664,44.077999114990234,44.58000183105469,44.58000183105469,185000,0.0,False
2021-08-24,45.92399978637695,46.1879997253418,45.82400131225586,46.12799835205078,46.12799835205078,141500,0.0,False
2021-08-25,46.12799835205078,46.12799835205078,45.25,45.257999420166016,45.257999420166016,134500,0.0,False
2021-08-26,44.55400085449219,44.7140007019043,44.400001525878906,44.58399963378906,44.58399963378906,43000,0.0,False
2021-08-27,44.91600036621094,45.47999954223633,44.90599822998047,45.08399963378906,45.08399963378906,45500,0.0,False
2021-08-30,45.880001068115234,46.720001220703125,45.880001068115234,46.698001861572266,46.698001861572266,1647000,0.0,False
2021-08-31,46.5260009765625,46.72999954223633,46.060001373291016,46.20399856567383,46.20399856567383,164500,0.0,False
2021-09-01,45.80799865722656,46.055999755859375,45.36800003051758,45.65999984741211,45.65999984741211,90000,0.0,False
2021-09-02,45.14799880981445,45.14799880981445,44.62799835205078,44.95800018310547,44.95800018310547,92000,0.0,False
2021-09-03,44.7599983215332,45.54399871826172,44.630001068115234,45.327999114990234,45.327999114990234,112000,0.0,False
2021-09-07,44.5620002746582,44.63399887084961,43.869998931884766,44.215999603271484,44.215999603271484,1430000,0.0,False
2021-09-08,43.72200012207031,43.72200012207031,41.327999114990234,42.097999572753906,42.097999572753906,489000,0.0,False
2021-09-09,41.93199920654297,41.95000076293945,40.172000885009766,40.672000885009766,40.672000885009766,494500,0.0,False
2021-09-10,41.04399871826172,41.06800079345703,39.604000091552734,39.70000076293945,39.70000076293945,390500,0.0,False
2021-09-13,40.25199890136719,40.25199890136719,38.650001525878906,38.88600158691406,38.88600158691406,355500,0.0,False
2021-09-14,37.448001861572266,37.448001861572266,36.14799880981445,36.948001861572266,36.948001861572266,453500,0.0,False
2021-09-15,37.00199890136719,37.65599822998047,36.99599838256836,37.597999572753906,37.597999572753906,268500,0.0,False
2021-09-16,37.939998626708984,38.34400177001953,37.625999450683594,38.00400161743164,38.00400161743164,212000,0.0,False
2021-09-17,38.07400131225586,38.07400131225586,37.152000427246094,37.58599853515625,37.58599853515625,217500,0.0,False
2021-09-20,36.40999984741211,36.50199890136719,34.624000549316406,35.34600067138672,35.34600067138672,437500,0.0,False
2021-09-21,36.018001556396484,36.10200119018555,35.39400100708008,35.619998931884766,35.619998931884766,185000,0.0,False
2021-09-22,37.18600082397461,38.60200119018555,37.13800048828125,37.75400161743164,37.75400161743164,518000,0.0,False
2021-09-23,37.2140007019043,37.369998931884766,36.7760009765625,37.15399932861328,37.15399932861328,139500,0.0,False
2021-09-24,36.36600112915039,36.737998962402344,36.13199996948242,36.49399948120117,36.49399948120117,252500,0.0,False
2021-09-27,36.57600021362305,36.731998443603516,36.20000076293945,36.529998779296875,36.529998779296875,120500,0.0,False
2021-09-28,36.00400161743164,36.00400161743164,34.757999420166016,34.970001220703125,34.970001220703125,325000,0.0,False
2021-09-29,35.39400100708008,35.50199890136719,34.38999938964844,34.529998779296875,34.529998779296875,154000,0.0,False
2021-09-30,35.375999450683594,35.82400131225586,35.14400100708008,35.66999816894531,35.66999816894531,177000,0.0,False
2021-10-01,35.88399887084961,36.0260009765625,35.400001525878906,35.922000885009766,35.922000885009766,150000,0.0,False
2021-10-04,35.63600158691406,35.88999938964844,35.0,35.5099983215332,35.5099983215332,130000,0.0,False
2021-10-05,35.36399841308594,35.9119987487793,35.3380012512207,35.54199981689453,35.54199981689453,219500,0.0,False
2021-10-06,34.64400100708008,35.45800018310547,34.47999954223633,35.36800003051758,35.36800003051758,182000,0.0,False
2021-10-07,35.402000427246094,37.369998931884766,35.402000427246094,36.763999938964844,36.763999938964844,211500,0.0,False
2021-10-08,38.33399963378906,38.965999603271484,38.10599899291992,38.70199966430664,38.70199966430664,762500,0.0,False
2021-10-11,40.00400161743164,40.124000549316406,39.38600158691406,39.39400100708008,39.39400100708008,255500,0.0,False
2021-10-12,38.63999938964844,38.98400115966797,38.07600021362305,38.332000732421875,38.332000732421875,429500,0.0,False
2021-10-13,38.47999954223633,40.15999984741211,38.40999984741211,39.29600143432617,39.29600143432617,333500,0.0,False
2021-10-14,39.84600067138672,40.332000732421875,39.61000061035156,39.79999923706055,39.79999923706055,250000,0.0,False
2021-10-15,39.402000427246094,39.43000030517578,38.46799850463867,38.72800064086914,38.72800064086914,270500,0.0,False
2021-10-18,37.4739990234375,38.13600158691406,37.2599983215332,37.59000015258789,37.59000015258789,249000,0.0,False
2021-10-19,38.604000091552734,39.29800033569336,38.604000091552734,39.2760009765625,39.2760009765625,267500,0.0,False
2021-10-20,38.42599868774414,38.891998291015625,37.99599838256836,38.709999084472656,38.709999084472656,183500,0.0,False
2021-10-21,37.698001861572266,37.75,37.099998474121094,37.64799880981445,37.64799880981445,293500,0.0,False
2021-10-22,37.67399978637695,38.0,37.43600082397461,37.74399948120117,37.74399948120117,89000,0.0,False
2021-10-25,37.944000244140625,38.641998291015625,37.944000244140625,38.5099983215332,38.5099983215332,156500,0.0,False
2021-10-26,37.59600067138672,37.63999938964844,36.50199890136719,37.20000076293945,37.20000076293945,306000,0.0,False
2021-10-27,36.75600051879883,37.07600021362305,36.15800094604492,36.444000244140625,36.444000244140625,365000,0.0,False
2021-10-28,37.301998138427734,37.402000427246094,37.0,37.0,37.0,129000,0.0,False
2021-10-29,36.60200119018555,37.29199981689453,36.40999984741211,37.14799880981445,37.14799880981445,78000,0.0,False
2021-11-01,38.39799880981445,38.534000396728516,38.077999114990234,38.34199905395508,38.34199905395508,158000,0.0,False
2021-11-02,37.981998443603516,37.981998443603516,37.49399948120117,37.52000045776367,37.52000045776367,48500,0.0,False
2021-11-03,37.040000915527344,37.349998474121094,36.832000732421875,37.215999603271484,37.215999603271484,69500,0.0,False
2021-11-04,38.130001068115234,38.18199920654297,37.11000061035156,37.31399917602539,37.31399917602539,198500,0.0,False
2021-11-05,38.04999923706055,38.19200134277344,37.689998626708984,37.891998291015625,37.891998291015625,124000,0.0,False
2021-11-08,38.20000076293945,38.89799880981445,37.94200134277344,38.65599822998047,38.65599822998047,155500,0.0,False
2021-11-09,38.56399917602539,38.83399963378906,37.599998474121094,37.61000061035156,37.61000061035156,310500,0.0,False
2021-11-10,38.20000076293945,38.512001037597656,37.5,37.59000015258789,37.59000015258789,168500,0.0,False
2021-11-11,38.41600036621094,38.70000076293945,38.237998962402344,38.49800109863281,38.49800109863281,129000,0.0,False
2021-11-12,38.5,39.513999938964844,38.316001892089844,39.40599822998047,39.40599822998047,282500,0.0,False
2021-11-15,39.66999816894531,40.507999420166016,39.66999816894531,40.284000396728516,40.284000396728516,249500,0.0,False
2021-11-16,40.28200149536133,40.5,40.040000915527344,40.172000885009766,40.172000885009766,114500,0.0,False
2021-11-17,40.189998626708984,40.933998107910156,40.189998626708984,40.933998107910156,40.933998107910156,151500,0.0,False
2021-11-18,40.41600036621094,40.41600036621094,39.63199996948242,39.70800018310547,39.70800018310547,106500,0.0,False
2021-11-19,38.66400146484375,38.95000076293945,38.31999969482422,38.36199951171875,38.36199951171875,312000,0.0,False
2021-11-22,38.0359992980957,38.14799880981445,36.31999969482422,36.36000061035156,36.36000061035156,422500,0.0,False
2021-11-23,35.96200180053711,35.96200180053711,34.19200134277344,34.75199890136719,34.75199890136719,349500,0.0,False
2021-11-24,34.76599884033203,34.76599884033203,34.400001525878906,34.5,34.5,126000,0.0,False
2021-11-26,33.72600173950195,33.72600173950195,31.530000686645508,32.81399917602539,32.81399917602539,417000,0.0,False
2021-11-29,33.91400146484375,33.91400146484375,33.20600128173828,33.262001037597656,33.262001037597656,515000,0.0,False
2021-11-30,32.95000076293945,33.56800079345703,31.79199981689453,32.18199920654297,32.18199920654297,220500,0.0,False
2021-12-01,32.58399963378906,32.869998931884766,32.290000915527344,32.35599899291992,32.35599899291992,151500,0.0,False
2021-12-02,32.43600082397461,33.22200012207031,32.43600082397461,33.04399871826172,33.04399871826172,137000,0.0,False
2021-12-03,33.77799987792969,34.03200149536133,33.41999816894531,33.448001861572266,33.448001861572266,114500,0.0,False
2021-12-06,33.6619987487793,34.52799987792969,32.83000183105469,34.52799987792969,34.52799987792969,145000,0.0,False
2021-12-07,34.56800079345703,34.88999938964844,34.391998291015625,34.40399932861328,34.40399932861328,85500,0.0,False
2021-12-08,34.25400161743164,34.902000427246094,34.25400161743164,34.571998596191406,34.571998596191406,69000,0.0,False
2021-12-09,33.9379997253418,33.9379997253418,32.641998291015625,33.67399978637695,33.67399978637695,130500,0.0,False
2021-12-10,33.040000915527344,33.16999816894531,32.27199935913086,32.694000244140625,32.694000244140625,154500,0.0,False
2021-12-13,32.641998291015625,32.93199920654297,31.049999237060547,31.309999465942383,31.309999465942383,208000,0.0,False
2021-12-14,30.055999755859375,30.79800033569336,29.920000076293945,30.11199951171875,30.11199951171875,298500,0.0,False
2021-12-15,29.381999969482422,29.802000045776367,28.61199951171875,29.719999313354492,29.719999313354492,394500,0.0,False
2021-12-16,31.09600067138672,32.29600143432617,31.09600067138672,32.0880012512207,32.0880012512207,212500,0.0,False
2021-12-17,33.20000076293945,33.87200164794922,32.56800079345703,33.06999969482422,33.06999969482422,267000,0.0,False
2021-12-20,32.38800048828125,32.56999969482422,31.884000778198242,32.47200012207031,32.47200012207031,196000,0.0,False
2021-12-21,33.875999450683594,33.875999450683594,33.33399963378906,33.33399963378906,33.33399963378906,134500,0.0,False
2021-12-22,34.15800094604492,35.402000427246094,34.099998474121094,35.19200134277344,35.19200134277344,191500,0.0,False
2021-12-23,35.5,36.448001861572266,35.099998474121094,36.28799819946289,36.28799819946289,175000,0.0,False
2021-12-27,36.731998443603516,37.20000076293945,36.099998474121094,36.624000549316406,36.624000549316406,167000,0.0,False
2021-12-28,36.86600112915039,37.5880012512207,36.86600112915039,36.99599838256836,36.99599838256836,152000,0.0,False
2021-12-29,36.619998931884766,37.16400146484375,36.58599853515625,36.928001403808594,36.928001403808594,145500,0.0,False
2021-12-30,36.85200119018555,37.4900016784668,36.47200012207031,36.47200012207031,36.47200012207031,101000,0.0,False
2021-12-31,35.20800018310547,35.52199935913086,34.604000091552734,35.23400115966797,35.23400115966797,173000,0.0,False
2022-01-03,35.08399963378906,35.2599983215332,33.8380012512207,33.86600112915039,33.86600112915039,149500,0.0,False
2022-01-04,35.20600128173828,35.3380012512207,34.599998474121094,34.821998596191406,34.821998596191406,81000,0.0,False
2022-01-05,35.327999114990234,35.61199951171875,34.507999420166016,34.79600143432617,34.79600143432617,96500,0.0,False
2022-01-06,34.349998474121094,34.9640007019043,34.20000076293945,34.810001373291016,34.810001373291016,224000,0.0,False
2022-01-07,35.36000061035156,36.11399841308594,35.178001403808594,35.91999816894531,35.91999816894531,116000,0.0,False
2022-01-10,35.65800094604492,35.70600128173828,35.327999114990234,35.52799987792969,35.52799987792969,92000,0.0,False
2022-01-11,35.60200119018555,35.986000061035156,34.599998474121094,35.61800003051758,35.61800003051758,259000,0.0,False
2022-01-12,36.06999969482422,36.231998443603516,35.391998291015625,35.667999267578125,35.667999267578125,47000,0.0,False
2022-01-13,35.30799865722656,35.369998931884766,34.7760009765625,35.0620002746582,35.0620002746582,167000,0.0,False
2022-01-14,34.959999084472656,35.70199966430664,34.70600128173828,34.90399932861328,34.90399932861328,73000,0.0,False
2022-01-18,35.354000091552734,35.70000076293945,35.349998474121094,35.391998291015625,35.391998291015625,86000,0.0,False
2022-01-19,36.79800033569336,37.97200012207031,36.79800033569336,37.2140007019043,37.2140007019043,266000,0.0,False
2022-01-20,38.58000183105469,38.77799987792969,38.04399871826172,38.577999114990234,38.577999114990234,266000,0.0,False
2022-01-21,39.599998474121094,39.895999908447266,39.04800033569336,39.18600082397461,39.18600082397461,315000,0.0,False
2022-01-24,39.91999816894531,40.18600082397461,39.08599853515625,39.77199935913086,39.77199935913086,668000,0.0,False
2022-01-25,40.25199890136719,41.198001861572266,40.20800018310547,41.13399887084961,41.13399887084961,534500,0.0,False
2022-01-26,43.0,44.305999755859375,42.91999816894531,43.42399978637695,43.42399978637695,537500,0.0,False
2022-01-27,42.53799819946289,44.577999114990234,42.439998626708984,44.42599868774414,44.42599868774414,430500,0.0,False
2022-01-28,43.52399826049805,44.448001861572266,42.94599914550781,44.141998291015625,44.141998291015625,245000,0.0,False
2022-01-31,45.27799987792969,45.50600051879883,43.70600128173828,43.944000244140625,43.944000244140625,191500,0.0,False
2022-02-01,44.369998931884766,44.486000061035156,43.481998443603516,43.84199905395508,43.84199905395508,102000,0.0,False
2022-02-02,44.79800033569336,44.95600128173828,44.055999755859375,44.08399963378906,44.08399963378906,225000,0.0,False
2022-02-03,44.172000885009766,44.268001556396484,42.53200149536133,43.13999938964844,43.13999938964844,210500,0.0,False
2022-02-04,42.79999923706055,43.11199951171875,42.599998474121094,42.604000091552734,42.604000091552734,145500,0.0,False
2022-02-07,41.49800109863281,42.22999954223633,41.09199905395508,42.0620002746582,42.0620002746582,232000,0.0,False
2022-02-08,42.04199981689453,42.486000061035156,41.689998626708984,41.69599914550781,41.69599914550781,123500,0.0,False
2022-02-09,42.75600051879883,42.7599983215332,42.15599822998047,42.369998931884766,42.369998931884766,124500,0.0,False
2022-02-10,43.077999114990234,43.44200134277344,41.80400085449219,41.981998443603516,41.981998443603516,100500,0.0,False
2022-02-11,41.03799819946289,43.69599914550781,40.6879997253418,43.28799819946289,43.28799819946289,582000,0.0,False
2022-02-14,43.14400100708008,44.374000549316406,42.86000061035156,44.2400016784668,44.2400016784668,247000,0.0,False
2022-02-15,42.00400161743164,42.018001556396484,40.801998138427734,41.68000030517578,41.68000030517578,227500,0.0,False
2022-02-16,42.529998779296875,42.64400100708008,42.31999969482422,42.619998931884766,42.619998931884766,96000,0.0,False
2022-02-17,44.178001403808594,44.237998962402344,43.53799819946289,44.11399841308594,44.11399841308594,219000,0.0,False
2022-02-18,44.198001861572266,44.198001861572266,42.895999908447266,43.560001373291016,43.560001373291016,119000,0.0,False
2022-02-22,44.88600158691406,45.007999420166016,43.763999938964844,44.00199890136719,44.00199890136719,300500,0.0,False
2022-02-23,45.0,46.29600143432617,44.95000076293945,46.29600143432617,46.29600143432617,633000,0.0,False
2022-02-24,49.529998779296875,49.529998779296875,43.03799819946289,44.7239990234375,44.7239990234375,1406500,0.0,False
2022-02-25,43.83000183105469,44.81999969482422,43.448001861572266,44.39799880981445,44.39799880981445,364000,0.0,False
2022-02-28,46.65599822998047,46.933998107910156,45.6619987487793,46.698001861572266,46.698001861572266,447000,0.0,False
2022-03-01,49.84000015258789,50.69599914550781,47.00600051879883,47.86800003051758,47.86800003051758,575500,0.0,False
2022-03-02,48.79999923706055,49.99599838256836,48.321998596191406,49.900001525878906,49.900001525878906,663000,0.0,False
2022-03-03,51.715999603271484,51.91600036621094,50.60200119018555,51.91600036621094,51.91600036621094,690500,0.0,False
2022-03-04,55.0,56.29999923706055,54.20000076293945,56.13399887084961,56.13399887084961,1225000,0.0,False
2022-03-07,55.279998779296875,56.720001220703125,53.012001037597656,55.94200134277344,55.94200134277344,1604500,0.0,False
2022-03-08,56.86199951171875,59.641998291015625,54.22999954223633,59.0,59.0,1860500,0.0,False
2022-03-09,55.0,57.619998931884766,53.599998474121094,55.09199905395508,55.09199905395508,1053000,0.0,False
2022-03-10,54.88399887084961,55.34000015258789,53.11399841308594,54.215999603271484,54.215999603271484,526500,0.0,False
2022-03-11,51.689998626708984,52.13999938964844,51.0,51.95000076293945,51.95000076293945,630000,0.0,False
2022-03-14,47.31399917602539,47.31399917602539,43.4119987487793,44.487998962402344,44.487998962402344,1746000,0.0,False
2022-03-15,45.242000579833984,45.9119987487793,44.428001403808594,45.237998962402344,45.237998962402344,662500,0.0,False
2022-03-16,45.948001861572266,46.05400085449219,44.108001708984375,44.72200012207031,44.72200012207031,723000,0.0,False
2022-03-17,46.04800033569336,47.395999908447266,45.8120002746582,46.68000030517578,46.68000030517578,619500,0.0,False
2022-03-18,46.986000061035156,47.65399932861328,46.082000732421875,46.37799835205078,46.37799835205078,261500,0.0,False
2022-03-21,47.56399917602539,48.4900016784668,46.63999938964844,48.4900016784668,48.4900016784668,411000,0.0,False
2022-03-22,47.599998474121094,47.74599838256836,46.00199890136719,46.58399963378906,46.58399963378906,296000,0.0,False
2022-03-23,47.49599838256836,47.54399871826172,46.04800033569336,46.854000091552734,46.854000091552734,190000,0.0,False
2022-03-24,47.0,47.58000183105469,46.60599899291992,47.18600082397461,47.18600082397461,276500,0.0,False
2022-03-25,46.560001373291016,46.64400100708008,42.7599983215332,43.459999084472656,43.459999084472656,698000,0.0,False
2022-03-28,41.790000915527344,42.24599838256836,40.84000015258789,41.47999954223633,41.47999954223633,524000,0.0,False
2022-03-29,39.39799880981445,39.91600036621094,38.566001892089844,39.7239990234375,39.7239990234375,842000,0.0,False
2022-03-30,41.4900016784668,42.19200134277344,41.10200119018555,42.19200134277344,42.19200134277344,933000,0.0,False
2022-03-31,42.02399826049805,42.599998474121094,41.779998779296875,41.779998779296875,41.779998779296875,335000,0.0,False
2022-04-01,43.22999954223633,43.29999923706055,41.91600036621094,42.38600158691406,42.38600158691406,174500,0.0,False
2022-04-04,42.790000915527344,42.790000915527344,42.15399932861328,42.597999572753906,42.597999572753906,166500,0.0,False
2022-04-05,42.709999084472656,42.97999954223633,41.099998474121094,41.099998474121094,41.099998474121094,341500,0.0,False
2022-04-06,41.54600143432617,41.84400177001953,40.20800018310547,40.917999267578125,40.917999267578125,322500,0.0,False
2022-04-07,42.0,42.119998931884766,41.3120002746582,41.79999923706055,41.79999923706055,172500,0.0,False
2022-04-08,44.97600173950195,45.89799880981445,44.20000076293945,45.0,45.0,1010000,0.0,False
2022-04-11,45.81399917602539,46.37200164794922,44.95199966430664,45.36800003051758,45.36800003051758,477000,0.0,False
2022-04-12,45.104000091552734,45.104000091552734,43.08399963378906,43.20000076293945,43.20000076293945,390500,0.0,False
2022-04-13,44.47800064086914,44.64799880981445,43.02000045776367,43.231998443603516,43.231998443603516,419000,0.0,False
2022-04-14,44.0,44.11600112915039,43.400001525878906,43.731998443603516,43.731998443603516,121500,0.0,False
2022-04-18,44.72999954223633,45.847999572753906,44.395999908447266,45.18000030517578,45.18000030517578,449500,0.0,False
2022-04-19,44.152000427246094,44.481998443603516,43.70800018310547,44.30400085449219,44.30400085449219,195000,0.0,False
2022-04-20,44.61399841308594,46.39400100708008,44.61399841308594,45.79999923706055,45.79999923706055,207500,0.0,False
2022-04-21,45.40800094604492,45.79999923706055,44.37200164794922,44.87799835205078,44.87799835205078,198000,0.0,False
2022-04-22,44.54800033569336,44.816001892089844,43.89799880981445,43.89799880981445,43.89799880981445,113000,0.0,False
2022-04-25,39.790000915527344,40.077999114990234,39.012001037597656,39.79999923706055,39.79999923706055,748000,0.0,False
2022-04-26,40.77000045776367,41.78799819946289,40.27799987792969,40.869998931884766,40.869998931884766,223000,0.0,False
2022-04-27,41.20000076293945,41.624000549316406,40.78200149536133,41.1879997253418,41.1879997253418,235000,0.0,False
2022-04-28,41.47800064086914,41.79600143432617,41.10599899291992,41.35599899291992,41.35599899291992,102000,0.0,False
2022-04-29,42.63199996948242,43.082000732421875,42.20399856567383,42.61199951171875,42.61199951171875,232000,0.0,False
2022-05-02,41.70000076293945,41.902000427246094,40.395999908447266,41.15399932861328,41.15399932861328,230000,0.0,False
2022-05-03,41.301998138427734,42.35200119018555,41.301998138427734,41.83599853515625,41.83599853515625,169500,0.0,False
2022-05-04,41.645999908447266,41.99800109863281,41.42599868774414,41.95399856567383,41.95399856567383,73500,0.0,False
2022-05-05,41.417999267578125,41.487998962402344,40.349998474121094,40.45199966430664,40.45199966430664,177000,0.0,False
2022-05-06,38.9379997253418,38.9379997253418,37.17599868774414,37.7599983215332,37.7599983215332,503500,0.0,False
2022-05-09,37.75199890136719,39.599998474121094,37.51599884033203,39.20399856567383,39.20399856567383,661500,0.0,False
2022-05-10,38.08000183105469,38.70000076293945,38.040000915527344,38.22999954223633,38.22999954223633,136000,0.0,False
2022-05-11,37.7599983215332,38.45000076293945,37.5,37.5260009765625,37.5260009765625,111500,0.0,False
2022-05-12,35.85599899291992,35.85599899291992,34.63600158691406,35.20399856567383,35.20399856567383,491000,0.0,False
2022-05-13,35.880001068115234,36.36600112915039,35.832000732421875,35.84000015258789,35.84000015258789,169500,0.0,False
2022-05-16,36.13999938964844,37.70000076293945,36.13999938964844,37.630001068115234,37.630001068115234,118000,0.0,False
2022-05-17,38.2599983215332,38.597999572753906,37.619998931884766,38.12799835205078,38.12799835205078,128000,0.0,False
2022-05-18,37.801998138427734,38.237998962402344,36.805999755859375,36.805999755859375,36.805999755859375,80500,0.0,False
2022-05-19,36.66400146484375,37.64400100708008,36.59600067138672,37.167999267578125,37.167999267578125,70500,0.0,False
2022-05-20,37.20000076293945,37.63199996948242,35.80400085449219,36.48400115966797,36.48400115966797,159000,0.0,False
2022-05-23,37.18199920654297,37.395999908447266,36.821998596191406,37.06399917602539,37.06399917602539,62500,0.0,False
2022-05-24,36.93000030517578,37.349998474121094,36.93000030517578,37.290000915527344,37.290000915527344,103000,0.0,False
2022-05-25,37.20800018310547,37.34400177001953,36.97600173950195,37.31800079345703,37.31800079345703,71000,0.0,False
2022-05-26,37.007999420166016,37.39799880981445,37.00400161743164,37.321998596191406,37.321998596191406,57500,0.0,False
2022-05-27,38.09600067138672,38.400001525878906,38.08000183105469,38.39799880981445,38.39799880981445,70500,0.0,False
2022-05-31,37.79999923706055,37.959999084472656,36.61600112915039,36.9119987487793,36.9119987487793,120500,0.0,False
2022-06-01,37.28799819946289,37.4119987487793,36.91999816894531,37.029998779296875,37.029998779296875,55000,0.0,False
2022-06-02,37.55400085449219,38.22200012207031,37.20000076293945,38.14400100708008,38.14400100708008,113000,0.0,False
2022-06-03,37.85200119018555,37.85200119018555,36.49599838256836,36.49599838256836,36.49599838256836,126000,0.0,False
2022-06-06,37.29600143432617,37.395999908447266,36.93000030517578,37.20000076293945,37.20000076293945,136500,0.0,False
2022-06-07,36.332000732421875,36.93199920654297,36.332000732421875,36.821998596191406,36.821998596191406,131000,0.0,False
2022-06-08,36.29999923706055,36.41600036621094,35.84400177001953,36.02799987792969,36.02799987792969,144500,0.0,False
2022-06-09,35.599998474121094,35.95399856567383,35.448001861572266,35.6879997253418,35.6879997253418,83500,0.0,False
2022-06-10,35.220001220703125,35.78200149536133,34.560001373291016,35.7760009765625,35.7760009765625,155000,0.0,False
2022-06-13,34.25600051879883,34.29199981689453,33.17399978637695,33.24599838256836,33.24599838256836,341500,0.0,False
2022-06-14,33.44599914550781,33.79600143432617,33.34000015258789,33.625999450683594,33.625999450683594,88000,0.0,False
2022-06-15,34.61800003051758,34.85200119018555,34.29999923706055,34.50400161743164,34.50400161743164,125500,0.0,False
2022-06-16,34.5,35.08599853515625,34.402000427246094,34.895999908447266,34.895999908447266,110000,0.0,False
2022-06-17,34.05400085449219,34.236000061035156,33.5620002746582,33.58399963378906,33.58399963378906,321000,0.0,False
2022-06-21,34.981998443603516,35.52199935913086,34.731998443603516,34.87799835205078,34.87799835205078,133500,0.0,False
2022-06-22,34.599998474121094,34.762001037597656,34.470001220703125,34.62799835205078,34.62799835205078,35000,0.0,False
2022-06-23,34.70199966430664,34.91999816894531,34.11199951171875,34.29800033569336,34.29800033569336,63000,0.0,False
2022-06-24,34.5880012512207,35.0620002746582,34.56999969482422,34.92599868774414,34.92599868774414,49000,0.0,False
2022-06-27,35.667999267578125,35.854000091552734,34.768001556396484,34.82600021362305,34.82600021362305,59500,0.0,False
2022-06-28,35.152000427246094,35.152000427246094,34.63999938964844,34.84600067138672,34.84600067138672,74000,0.0,False
2022-06-29,37.15999984741211,37.400001525878906,35.63199996948242,36.540000915527344,36.540000915527344,199500,0.0,False
2022-06-30,34.9379997253418,35.96799850463867,34.65599822998047,35.71799850463867,35.71799850463867,127500,0.0,False
2022-07-01,35.83399963378906,36.369998931884766,35.75,36.21799850463867,36.21799850463867,60500,0.0,False
2022-07-05,35.29800033569336,35.981998443603516,35.29800033569336,35.900001525878906,35.900001525878906,65000,0.0,False
2022-07-06,36.18000030517578,36.66400146484375,35.369998931884766,35.625999450683594,35.625999450683594,77000,0.0,False
2022-07-07,36.61600112915039,37.36000061035156,36.57400131225586,37.172000885009766,37.172000885009766,179000,0.0,False
2022-07-08,38.540000915527344,40.28200149536133,38.4900016784668,40.04999923706055,40.04999923706055,327500,0.0,False
2022-07-11,40.512001037597656,40.57600021362305,39.402000427246094,39.63600158691406,39.63600158691406,125500,0.0,False
2022-07-12,39.2400016784668,39.577999114990234,37.481998443603516,37.63800048828125,37.63800048828125,115000,0.0,False
2022-07-13,36.970001220703125,37.0880012512207,36.22600173950195,36.737998962402344,36.737998962402344,71500,0.0,False
2022-07-14,35.402000427246094,35.72800064086914,34.84400177001953,35.5880012512207,35.5880012512207,104500,0.0,False
2022-07-15,34.43199920654297,34.43600082397461,34.0,34.20399856567383,34.20399856567383,133500,0.0,False
2022-07-18,34.678001403808594,34.86000061035156,34.16400146484375,34.237998962402344,34.237998962402344,91000,0.0,False
2022-07-19,34.891998291015625,35.07400131225586,34.428001403808594,34.678001403808594,34.678001403808594,55000,0.0,False
2022-07-20,34.560001373291016,34.970001220703125,34.400001525878906,34.599998474121094,34.599998474121094,96000,0.0,False
2022-07-21,34.52199935913086,35.040000915527344,34.27000045776367,35.02199935913086,35.02199935913086,56000,0.0,False
2022-07-22,36.27399826049805,38.051998138427734,36.27399826049805,37.65399932861328,37.65399932861328,193500,0.0,False
2022-07-25,37.652000427246094,37.652000427246094,37.220001220703125,37.242000579833984,37.242000579833984,31500,0.0,False
2022-07-26,36.89799880981445,37.349998474121094,36.67599868774414,37.34400177001953,37.34400177001953,77500,0.0,False
2022-07-27,37.61000061035156,37.88600158691406,37.20000076293945,37.69599914550781,37.69599914550781,70000,0.0,False
2022-07-28,38.599998474121094,38.832000732421875,38.400001525878906,38.683998107910156,38.683998107910156,83000,0.0,False
2022-07-29,39.0359992980957,39.70399856567383,38.79800033569336,39.35200119018555,39.35200119018555,137000,0.0,False
2022-08-01,40.29999923706055,41.21200180053711,40.27399826049805,40.667999267578125,40.667999267578125,215500,0.0,False
2022-08-02,40.599998474121094,40.599998474121094,37.555999755859375,38.099998474121094,38.099998474121094,149500,0.0,False
2022-08-03,37.534000396728516,37.60200119018555,36.97600173950195,37.47200012207031,37.47200012207031,77000,0.0,False
2022-08-04,38.61600112915039,38.981998443603516,38.30799865722656,38.4379997253418,38.4379997253418,155000,0.0,False
2022-08-05,38.95800018310547,39.92399978637695,38.95800018310547,39.52799987792969,39.52799987792969,87000,0.0,False
2022-08-08,41.0359992980957,41.810001373291016,41.0359992980957,41.48400115966797,41.48400115966797,157000,0.0,False
2022-08-09,41.41600036621094,41.900001525878906,41.040000915527344,41.130001068115234,41.130001068115234,97500,0.0,False
2022-08-10,41.380001068115234,41.8120002746582,41.380001068115234,41.56800079345703,41.56800079345703,80500,0.0,False
2022-08-11,42.25,42.560001373291016,42.0359992980957,42.209999084472656,42.209999084472656,64000,0.0,False
2022-08-12,41.86199951171875,41.91999816894531,40.928001403808594,41.04999923706055,41.04999923706055,91000,0.0,False
2022-08-15,39.80400085449219,40.52000045776367,39.44200134277344,40.0,40.0,111000,0.0,False
2022-08-16,39.28799819946289,40.03799819946289,39.28799819946289,39.900001525878906,39.900001525878906,45500,0.0,False
2022-08-17,39.83000183105469,39.9119987487793,39.59000015258789,39.75199890136719,39.75199890136719,39500,0.0,False
2022-08-18,40.03799819946289,40.11199951171875,39.7140007019043,40.0,40.0,34500,0.0,False
2022-08-19,39.58399963378906,39.58399963378906,39.00400161743164,39.41600036621094,39.41600036621094,61000,0.0,False
2022-08-22,37.577999114990234,37.577999114990234,36.400001525878906,36.88600158691406,36.88600158691406,218500,0.0,False
2022-08-23,36.801998138427734,37.257999420166016,36.6879997253418,36.731998443603516,36.731998443603516,122500,0.0,False
2022-08-24,37.198001861572266,37.9119987487793,37.198001861572266,37.84000015258789,37.84000015258789,45000,0.0,False
2022-08-25,38.7140007019043,40.13999938964844,38.7140007019043,39.86600112915039,39.86600112915039,85000,0.0,False
2022-08-26,40.215999603271484,40.75,38.88199996948242,39.167999267578125,39.167999267578125,91000,0.0,False
2022-08-29,39.19599914550781,39.79999923706055,39.19599914550781,39.78200149536133,39.78200149536133,97000,0.0,False
2022-08-30,39.082000732421875,39.20199966430664,38.42599868774414,38.652000427246094,38.652000427246094,43500,0.0,False
2022-08-31,38.42599868774414,38.599998474121094,38.290000915527344,38.529998779296875,38.529998779296875,24500,0.0,False
2022-09-01,37.90599822998047,37.90599822998047,36.97600173950195,37.15800094604492,37.15800094604492,161500,0.0,False
2022-09-02,37.36199951171875,37.715999603271484,37.19599914550781,37.42599868774414,37.42599868774414,46500,0.0,False
2022-09-06,37.395999908447266,37.395999908447266,36.082000732421875,36.869998931884766,36.869998931884766,92000,0.0,False
2022-09-07,37.013999938964844,38.0,37.013999938964844,37.82600021362305,37.82600021362305,36000,0.0,False
2022-09-08,38.624000549316406,40.36000061035156,38.624000549316406,39.71799850463867,39.71799850463867,124500,0.0,False
2022-09-09,40.19200134277344,40.4379997253418,39.832000732421875,40.27199935913086,40.27199935913086,73000,0.0,False
2022-09-12,41.63399887084961,42.29199981689453,41.30799865722656,42.20000076293945,42.20000076293945,190000,0.0,False
2022-09-13,39.7760009765625,40.69200134277344,38.63399887084961,38.9640007019043,38.9640007019043,155500,0.0,False
2022-09-14,39.178001403808594,40.29399871826172,39.178001403808594,39.99599838256836,39.99599838256836,54000,0.0,False
2022-09-15,39.84400177001953,40.25600051879883,39.316001892089844,39.68199920654297,39.68199920654297,121500,0.0,False
2022-09-16,38.95399856567383,39.349998474121094,38.805999755859375,39.31399917602539,39.31399917602539,47000,0.0,False
2022-09-19,39.034000396728516,41.37799835205078,39.034000396728516,41.10599899291992,41.10599899291992,92500,0.0,False
2022-09-20,39.20600128173828,40.18600082397461,39.130001068115234,40.150001525878906,40.150001525878906,138500,0.0,False
2022-09-21,40.61399841308594,40.61399841308594,39.0,39.77000045776367,39.77000045776367,56500,0.0,False
2022-09-22,40.39799880981445,40.54600143432617,40.12799835205078,40.12799835205078,40.12799835205078,55000,0.0,False
2022-09-23,39.31800079345703,39.31800079345703,37.869998931884766,38.257999420166016,38.257999420166016,81000,0.0,False
2022-09-26,38.20000076293945,38.56999969482422,37.62200164794922,37.763999938964844,37.763999938964844,77500,0.0,False
2022-09-27,38.422000885009766,39.354000091552734,38.422000885009766,38.50199890136719,38.50199890136719,77500,0.0,False
2022-09-28,39.15800094604492,40.20000076293945,39.02799987792969,40.007999420166016,40.007999420166016,55000,0.0,False
2022-09-29,41.05799865722656,41.41400146484375,40.78200149536133,40.9739990234375,40.9739990234375,136000,0.0,False
2022-09-30,40.757999420166016,41.38399887084961,40.17599868774414,40.17599868774414,40.17599868774414,86000,0.0,False
2022-10-03,41.400001525878906,41.87799835205078,40.97800064086914,41.15599822998047,41.15599822998047,137000,0.0,False
2022-10-04,42.56999969482422,43.64799880981445,42.56999969482422,43.0,43.0,218000,0.0,False
2022-10-05,42.15599822998047,42.15599822998047,40.82400131225586,41.75199890136719,41.75199890136719,99000,0.0,False
2022-10-06,42.34400177001953,42.737998962402344,41.34000015258789,41.84600067138672,41.84600067138672,142000,0.0,False
2022-10-07,41.57400131225586,41.917999267578125,40.44200134277344,40.61800003051758,40.61800003051758,80000,0.0,False
2022-10-10,41.64400100708008,41.65999984741211,39.8120002746582,40.30799865722656,40.30799865722656,85500,0.0,False
2022-10-11,40.20000076293945,40.20000076293945,39.236000061035156,39.444000244140625,39.444000244140625,95500,0.0,False
2022-10-12,39.380001068115234,39.95399856567383,39.09600067138672,39.928001403808594,39.928001403808594,102000,0.0,False
2022-10-13,37.895999908447266,39.45199966430664,37.650001525878906,39.060001373291016,39.060001373291016,114500,0.0,False
2022-10-14,38.599998474121094,38.66999816894531,36.94599914550781,37.06999969482422,37.06999969482422,125500,0.0,False
2022-10-17,37.40599822998047,37.832000732421875,36.891998291015625,36.92599868774414,36.92599868774414,158000,0.0,False
2022-10-18,37.422000885009766,37.73400115966797,37.236000061035156,37.3120002746582,37.3120002746582,70500,0.0,False
2022-10-19,37.00199890136719,37.0260009765625,36.45600128173828,36.86000061035156,36.86000061035156,60500,0.0,False
2022-10-20,37.512001037597656,38.7599983215332,37.512001037597656,38.310001373291016,38.310001373291016,72500,0.0,False
2022-10-21,37.02000045776367,37.5359992980957,36.459999084472656,37.38999938964844,37.38999938964844,132500,0.0,False
2022-10-24,37.35599899291992,37.35599899291992,36.459999084472656,36.582000732421875,36.582000732421875,130000,0.0,False
2022-10-25,35.75199890136719,36.02399826049805,35.22200012207031,35.880001068115234,35.880001068115234,152500,0.0,False
2022-10-26,36.3380012512207,36.60200119018555,35.78200149536133,36.40399932861328,36.40399932861328,82500,0.0,False
2022-10-27,36.18000030517578,36.18000030517578,35.52799987792969,36.07400131225586,36.07400131225586,41500,0.0,False
2022-10-28,35.736000061035156,35.736000061035156,35.02799987792969,35.2859992980957,35.2859992980957,247500,0.0,False
2022-10-31,34.07600021362305,34.42399978637695,33.698001861572266,34.32600021362305,34.32600021362305,134500,0.0,False
2022-11-01,35.62799835205078,36.0,34.801998138427734,34.86800003051758,34.86800003051758,77500,0.0,False
2022-11-02,35.03200149536133,35.17599868774414,34.2400016784668,34.24800109863281,34.24800109863281,89500,0.0,False
2022-11-03,33.391998291015625,33.79999923706055,33.172000885009766,33.34199905395508,33.34199905395508,102500,0.0,False
2022-11-04,35.31800079345703,35.40999984741211,34.24599838256836,34.79999923706055,34.79999923706055,110500,0.0,False
2022-11-07,34.60200119018555,35.77199935913086,34.60200119018555,35.150001525878906,35.150001525878906,115500,0.0,False
2022-11-08,34.79399871826172,35.88399887084961,34.7140007019043,35.465999603271484,35.465999603271484,99500,0.0,False
2022-11-09,34.869998931884766,35.310001373291016,34.198001861572266,34.49599838256836,34.49599838256836,61500,0.0,False
2022-11-10,35.10200119018555,36.65999984741211,35.10200119018555,36.65999984741211,36.65999984741211,142000,0.0,False
2022-11-11,37.45199966430664,37.895999908447266,37.05799865722656,37.61600112915039,37.61600112915039,282500,0.0,False
2022-11-14,37.060001373291016,37.82400131225586,37.060001373291016,37.518001556396484,37.518001556396484,61000,0.0,False
2022-11-15,38.2760009765625,39.02000045776367,38.24800109863281,38.9739990234375,38.9739990234375,116000,0.0,False
2022-11-16,38.779998779296875,38.779998779296875,37.90599822998047,38.39799880981445,38.39799880981445,49000,0.0,False
2022-11-17,36.970001220703125,37.262001037597656,36.66400146484375,37.150001525878906,37.150001525878906,88000,0.0,False
2022-11-18,36.21200180053711,36.487998962402344,35.91600036621094,36.03799819946289,36.03799819946289,127000,0.0,False
2022-11-21,34.97200012207031,34.97200012207031,33.93000030517578,34.672000885009766,34.672000885009766,222000,0.0,False
2022-11-22,34.75600051879883,34.89799880981445,34.36800003051758,34.5260009765625,34.5260009765625,70000,0.0,False
2022-11-23,34.801998138427734,35.15800094604492,34.59000015258789,35.00600051879883,35.00600051879883,159500,0.0,False
2022-11-25,33.790000915527344,34.2859992980957,33.599998474121094,34.0099983215332,34.0099983215332,182000,0.0,False
2022-11-28,34.263999938964844,34.263999938964844,33.90999984741211,34.167999267578125,34.167999267578125,62000,0.0,False
2022-11-29,34.19599914550781,34.5,33.84000015258789,33.92399978637695,33.92399978637695,59500,0.0,False
2022-11-30,35.40399932861328,35.40399932861328,34.39799880981445,34.93600082397461,34.93600082397461,161500,0.0,False
2022-12-01,35.33599853515625,36.19599914550781,34.68000030517578,36.0880012512207,36.0880012512207,195000,0.0,False
2022-12-02,34.84600067138672,35.56800079345703,34.715999603271484,35.27399826049805,35.27399826049805,297500,0.0,False
2022-12-05,35.38399887084961,35.48400115966797,34.43000030517578,34.75400161743164,34.75400161743164,229500,0.0,False
2022-12-06,34.380001068115234,34.895999908447266,34.18199920654297,34.31999969482422,34.31999969482422,189500,0.0,False
2022-12-07,34.369998931884766,34.67399978637695,34.141998291015625,34.2400016784668,34.2400016784668,184500,0.0,False
2022-12-08,34.678001403808594,35.95199966430664,34.678001403808594,35.81999969482422,35.81999969482422,139500,0.0,False
2022-12-09,35.83399963378906,36.43000030517578,35.70600128173828,36.11600112915039,36.11600112915039,240000,0.0,False
2022-12-12,35.85200119018555,35.85200119018555,34.77799987792969,34.895999908447266,34.895999908447266,269000,0.0,False
2022-12-13,36.43600082397461,37.0,35.70000076293945,35.84199905395508,35.84199905395508,188000,0.0,False
2022-12-14,35.36399841308594,35.58399963378906,35.31800079345703,35.58399963378906,35.58399963378906,29000,0.0,False
2022-12-15,35.00199890136719,35.0260009765625,32.64799880981445,33.36000061035156,33.36000061035156,556500,0.0,False
2022-12-16,32.01599884033203,32.439998626708984,31.799999237060547,31.95400047302246,31.95400047302246,255000,0.0,False
2022-12-19,31.97800064086914,31.97800064086914,30.790000915527344,30.850000381469727,30.850000381469727,251500,0.0,False
2022-12-20,31.131999969482422,32.34000015258789,30.93400001525879,32.119998931884766,32.119998931884766,212000,0.0,False
2022-12-21,31.464000701904297,31.72800064086914,30.868000030517578,31.309999465942383,31.309999465942383,208000,0.0,False
2022-12-22,31.5,31.961999893188477,30.8700008392334,31.15399932861328,31.15399932861328,108000,0.0,False
2022-12-23,31.68600082397461,32.60599899291992,31.68600082397461,32.60599899291992,32.60599899291992,220000,0.0,False
2022-12-27,33.2140007019043,34.13199996948242,33.2140007019043,34.03799819946289,34.03799819946289,272500,0.0,False
2022-12-28,33.00199890136719,33.20600128173828,32.492000579833984,33.15399932861328,33.15399932861328,243000,0.0,False
2022-12-29,32.85200119018555,34.01599884033203,32.85200119018555,33.53200149536133,33.53200149536133,153500,0.0,False
2022-12-30,33.066001892089844,33.22600173950195,32.560001373291016,33.02199935913086,33.02199935913086,166000,0.0,False
2023-01-03,33.13199996948242,33.29800033569336,31.0,31.652000427246094,31.652000427246094,302000,0.0,False
2023-01-04,32.11199951171875,33.45399856567383,32.11199951171875,33.24599838256836,33.24599838256836,193000,0.0,False
2023-01-05,33.10200119018555,33.301998138427734,32.0,32.321998596191406,32.321998596191406,165000,0.0,False
2023-01-06,32.970001220703125,33.63199996948242,32.518001556396484,33.36600112915039,33.36600112915039,129500,0.0,False
2023-01-09,32.917999267578125,33.29999923706055,32.70000076293945,32.86399841308594,32.86399841308594,59500,0.0,False
2023-01-10,33.18000030517578,33.236000061035156,32.715999603271484,32.959999084472656,32.959999084472656,65500,0.0,False
2023-01-11,32.70000076293945,33.040000915527344,32.49800109863281,32.900001525878906,32.900001525878906,119000,0.0,False
2023-01-12,32.821998596191406,33.34600067138672,32.1619987487793,33.17599868774414,33.17599868774414,193000,0.0,False
2023-01-13,32.52799987792969,33.321998596191406,32.44599914550781,33.2239990234375,33.2239990234375,225000,0.0,False
2023-01-17,32.38800048828125,32.40399932861328,31.68199920654297,32.36800003051758,32.36800003051758,374500,0.0,False
2023-01-18,33.16999816894531,33.29199981689453,31.459999084472656,31.77199935913086,31.77199935913086,351500,0.0,False
2023-01-19,31.399999618530273,32.933998107910156,31.097999572753906,32.52799987792969,32.52799987792969,477000,0.0,False
2023-01-20,32.0,32.28799819946289,31.850000381469727,32.13600158691406,32.13600158691406,260500,0.0,False
2023-01-23,31.649999618530273,32.018001556396484,31.549999237060547,31.604000091552734,31.604000091552734,321000,0.0,False
2023-01-24,31.56999969482422,32.422000885009766,31.31999969482422,32.29800033569336,32.29800033569336,199500,0.0,False
2023-01-25,31.992000579833984,31.992000579833984,31.200000762939453,31.492000579833984,31.492000579833984,223000,0.0,False
2023-01-26,31.437999725341797,31.527999877929688,30.865999221801758,30.95400047302246,30.95400047302246,292000,0.0,False
2023-01-27,30.356000900268555,30.36199951171875,29.760000228881836,29.93600082397461,29.93600082397461,349000,0.0,False
2023-01-30,30.323999404907227,30.493999481201172,30.0,30.31399917602539,30.31399917602539,148500,0.0,False
2023-01-31,29.881999969482422,30.860000610351562,29.775999069213867,30.615999221801758,30.615999221801758,141000,0.0,False
2023-02-01,31.399999618530273,31.63800048828125,30.222000122070312,31.148000717163086,31.148000717163086,320000,0.0,False
2023-02-02,31.07200050354004,31.152000427246094,30.472000122070312,30.676000595092773,30.676000595092773,112500,0.0,False
2023-02-03,29.983999252319336,30.288000106811523,29.607999801635742,30.11199951171875,30.11199951171875,269500,0.0,False
2023-02-06,29.56599998474121,29.851999282836914,28.799999237060547,29.775999069213867,29.775999069213867,418000,0.0,False
2023-02-07,30.36400032043457,31.0,30.299999237060547,30.6560001373291,30.6560001373291,365500,0.0,False
2023-02-08,30.67799949645996,30.67799949645996,30.327999114990234,30.525999069213867,30.525999069213867,131500,0.0,False
2023-02-09,30.356000900268555,30.356000900268555,29.746000289916992,29.97800064086914,29.97800064086914,237000,0.0,False
2023-02-10,29.27199935913086,29.27199935913086,28.43000030517578,28.479999542236328,28.479999542236328,342500,0.0,False
2023-02-13,28.799999237060547,29.083999633789062,28.45800018310547,29.010000228881836,29.010000228881836,171000,0.0,False
2023-02-14,28.763999938964844,29.13599967956543,27.142000198364258,27.93600082397461,27.93600082397461,569500,0.0,False
2023-02-15,26.841999053955078,27.489999771118164,26.601999282836914,27.200000762939453,27.200000762939453,478500,0.0,False
2023-02-16,27.238000869750977,28.56999969482422,27.101999282836914,28.031999588012695,28.031999588012695,563000,0.0,False
2023-02-17,27.29800033569336,27.99799919128418,27.1200008392334,27.739999771118164,27.739999771118164,154000,0.0,False
2023-02-21,28.09600067138672,28.746000289916992,27.99799919128418,28.187999725341797,28.187999725341797,194500,0.0,False
2023-02-22,27.9060001373291,28.31599998474121,27.336000442504883,27.423999786376953,27.423999786376953,126000,0.0,False
2023-02-23,27.049999237060547,27.118000030517578,26.5,26.79599952697754,26.79599952697754,229000,0.0,False
2023-02-24,25.799999237060547,26.243999481201172,25.43000030517578,26.118000030517578,26.118000030517578,897500,0.0,False
2023-02-27,27.139999389648438,27.149999618530273,26.392000198364258,26.426000595092773,26.426000595092773,197500,0.0,False
2023-02-28,26.01799964904785,26.445999145507812,25.893999099731445,26.239999771118164,26.239999771118164,120000,0.0,False
2023-03-01,26.420000076293945,26.88800048828125,26.40999984741211,26.610000610351562,26.610000610351562,63500,0.0,False
2023-03-02,26.389999389648438,26.923999786376953,26.389999389648438,26.70199966430664,26.70199966430664,89500,0.0,False
2023-03-03,26.77400016784668,27.131999969482422,26.555999755859375,26.99799919128418,26.99799919128418,104500,0.0,False
2023-03-06,26.472000122070312,26.917999267578125,26.118000030517578,26.676000595092773,26.676000595092773,173500,0.0,False
2023-03-07,26.238000869750977,26.45599937438965,25.48200035095215,25.709999084472656,25.709999084472656,211000,0.0,False
2023-03-08,26.0,26.18600082397461,25.27400016784668,25.50200080871582,25.50200080871582,132500,0.0,False
2023-03-09,25.327999114990234,26.054000854492188,25.118000030517578,25.72599983215332,25.72599983215332,144000,0.0,False
2023-03-10,25.781999588012695,26.00200080871582,25.299999237060547,25.579999923706055,25.579999923706055,114000,0.0,False
2023-03-13,26.191999435424805,27.606000900268555,26.191999435424805,27.354000091552734,27.354000091552734,608500,0.0,False
2023-03-14,27.851999282836914,28.360000610351562,27.493999481201172,27.700000762939453,27.700000762939453,1000500,0.0,False
2023-03-15,27.22599983215332,27.29400062561035,26.52199935913086,27.115999221801758,27.115999221801758,231500,0.0,False
2023-03-16,26.8799991607666,26.8799991607666,26.007999420166016,26.327999114990234,26.327999114990234,465500,0.0,False
2023-03-17,26.173999786376953,26.20599937438965,25.56399917602539,25.913999557495117,25.913999557495117,160000,0.0,False
2023-03-20,26.06999969482422,26.239999771118164,25.63800048828125,26.04400062561035,26.04400062561035,124500,0.0,False
2023-03-21,26.079999923706055,26.238000869750977,25.70199966430664,25.945999145507812,25.945999145507812,86000,0.0,False
2023-03-22,26.277999877929688,27.365999221801758,26.277999877929688,26.65399932861328,26.65399932861328,124500,0.0,False
2023-03-23,26.600000381469727,26.920000076293945,26.357999801635742,26.50200080871582,26.50200080871582,180000,0.0,False
2023-03-24,26.57200050354004,26.573999404907227,25.940000534057617,26.489999771118164,26.489999771118164,91000,0.0,False
2023-03-27,25.964000701904297,26.29199981689453,25.940000534057617,26.18199920654297,26.18199920654297,77500,0.0,False
2023-03-28,25.95400047302246,26.3799991607666,25.90999984741211,26.312000274658203,26.312000274658203,59500,0.0,False
2023-03-29,26.761999130249023,26.941999435424805,26.459999084472656,26.6200008392334,26.6200008392334,72500,0.0,False
2023-03-30,27.489999771118164,27.535999298095703,26.8799991607666,26.8799991607666,26.8799991607666,346500,0.0,False
2023-03-31,26.988000869750977,27.375999450683594,26.920000076293945,27.007999420166016,27.007999420166016,480500,0.0,False
2023-04-03,27.534000396728516,27.700000762939453,26.809999465942383,26.992000579833984,26.992000579833984,221500,0.0,False
2023-04-04,27.23200035095215,27.395999908447266,26.610000610351562,26.974000930786133,26.974000930786133,90500,0.0,False
2023-04-05,26.986000061035156,27.1200008392334,26.20199966430664,26.31999969482422,26.31999969482422,94500,0.0,False
2023-04-06,26.600000381469727,27.25,26.323999404907227,27.100000381469727,27.100000381469727,134000,0.0,False
2023-04-10,26.86199951171875,26.86199951171875,26.00200080871582,26.200000762939453,26.200000762939453,98500,0.0,False
2023-04-11,26.600000381469727,27.13800048828125,26.488000869750977,26.777999877929688,26.777999877929688,236000,0.0,False
2023-04-12,26.899999618530273,27.312000274658203,26.625999450683594,27.125999450683594,27.125999450683594,290500,0.0,False
2023-04-13,27.3439998626709,28.347999572753906,27.077999114990234,27.959999084472656,27.959999084472656,511000,0.0,False
2023-04-14,27.81399917602539,28.187999725341797,27.402000427246094,27.841999053955078,27.841999053955078,120000,0.0,False
2023-04-17,28.299999237060547,29.200000762939453,28.299999237060547,28.8799991607666,28.8799991607666,295000,0.0,False
2023-04-18,29.926000595092773,30.489999771118164,29.70800018310547,30.052000045776367,30.052000045776367,546000,0.0,False
2023-04-19,29.92799949645996,30.100000381469727,29.299999237060547,29.76799964904785,29.76799964904785,118000,0.0,False
2023-04-20,29.874000549316406,30.170000076293945,29.167999267578125,29.38599967956543,29.38599967956543,145000,0.0,False
2023-04-21,30.01799964904785,30.04599952697754,29.51799964904785,29.648000717163086,29.648000717163086,92500,0.0,False
2023-04-24,28.76799964904785,28.76799964904785,28.07200050354004,28.323999404907227,28.323999404907227,167500,0.0,False
2023-04-25,27.763999938964844,28.007999420166016,27.222000122070312,27.45400047302246,27.45400047302246,144000,0.0,False
2023-04-26,27.88800048828125,28.190000534057617,27.673999786376953,28.010000228881836,28.010000228881836,83500,0.0,False
2023-04-27,27.38599967956543,27.941999435424805,27.275999069213867,27.601999282836914,27.601999282836914,146000,0.0,False
2023-04-28,27.719999313354492,28.281999588012695,27.719999313354492,27.79400062561035,27.79400062561035,97500,0.0,False
2023-05-01,27.97599983215332,28.062000274658203,26.739999771118164,26.850000381469727,26.850000381469727,346000,0.0,False
2023-05-02,26.610000610351562,26.841999053955078,26.360000610351562,26.503999710083008,26.503999710083008,174500,0.0,False
2023-05-03,26.729999542236328,26.729999542236328,26.200000762939453,26.33799934387207,26.33799934387207,75500,0.0,False
2023-05-04,26.389999389648438,27.170000076293945,26.20199966430664,26.850000381469727,26.850000381469727,74000,0.0,False
2023-05-05,27.0,27.756000518798828,27.0,27.700000762939453,27.700000762939453,108000,0.0,False
2023-05-08,28.700000762939453,29.224000930786133,28.642000198364258,28.788000106811523,28.788000106811523,180500,0.0,False
2023-05-09,29.0,29.393999099731445,28.84000015258789,29.013999938964844,29.013999938964844,175500,0.0,False
2023-05-10,29.672000885009766,29.90999984741211,29.43199920654297,29.667999267578125,29.667999267578125,201000,0.0,False
2023-05-11,29.722000122070312,29.722000122070312,28.399999618530273,28.61199951171875,28.61199951171875,159500,0.0,False
2023-05-12,28.600000381469727,28.600000381469727,27.799999237060547,27.8439998626709,27.8439998626709,74000,0.0,False
2023-05-15,28.163999557495117,28.607999801635742,28.1200008392334,28.194000244140625,28.194000244140625,107500,0.0,False
2023-05-16,28.100000381469727,28.194000244140625,27.601999282836914,27.601999282836914,27.601999282836914,54000,0.0,False
2023-05-17,27.577999114990234,27.780000686645508,27.290000915527344,27.540000915527344,27.540000915527344,63000,0.0,False
2023-05-18,27.101999282836914,27.215999603271484,26.899999618530273,27.200000762939453,27.200000762939453,113500,0.0,False
2023-05-19,27.988000869750977,28.285999298095703,27.70199966430664,27.804000854492188,27.804000854492188,73500,0.0,False
2023-05-22,27.878000259399414,28.020000457763672,27.474000930786133,27.5,27.5,45000,0.0,False
2023-05-23,26.93600082397461,27.280000686645508,26.700000762939453,26.860000610351562,26.860000610351562,118000,0.0,False
2023-05-24,26.22800064086914,26.3799991607666,25.84000015258789,26.200000762939453,26.200000762939453,316500,0.0,False
2023-05-25,26.115999221801758,26.577999114990234,25.802000045776367,26.115999221801758,26.115999221801758,95500,0.0,False
2023-05-26,26.472000122070312,26.722000122070312,26.27400016784668,26.27400016784668,26.27400016784668,99500,0.0,False
2023-05-30,26.101999282836914,26.1299991607666,25.70800018310547,25.93000030517578,25.93000030517578,138500,0.0,False
2023-05-31,25.673999786376953,25.673999786376953,25.15399932861328,25.260000228881836,25.260000228881836,256000,0.0,False
2023-06-01,25.399999618530273,25.988000869750977,25.384000778198242,25.8439998626709,25.8439998626709,119500,0.0,False
2023-06-02,26.3799991607666,26.38800048828125,25.979999542236328,26.20800018310547,26.20800018310547,171000,0.0,False
2023-06-05,26.11400032043457,26.172000885009766,25.82200050354004,26.076000213623047,26.076000213623047,47000,0.0,False
2023-06-06,25.899999618530273,26.1560001373291,25.691999435424805,26.107999801635742,26.107999801635742,31500,0.0,False
2023-06-07,26.17799949645996,26.22599983215332,25.559999465942383,25.714000701904297,25.714000701904297,95500,0.0,False
2023-06-08,25.365999221801758,25.6200008392334,25.0,25.125999450683594,25.125999450683594,123000,0.0,False
2023-06-09,24.56399917602539,24.610000610351562,24.02400016784668,24.50200080871582,24.50200080871582,352500,0.0,False
2023-06-12,24.555999755859375,25.1200008392334,24.555999755859375,25.02400016784668,25.02400016784668,466500,0.0,False
2023-06-13,25.513999938964844,25.525999069213867,24.944000244140625,25.055999755859375,25.055999755859375,204500,0.0,False
2023-06-14,25.691999435424805,26.035999298095703,25.398000717163086,25.540000915527344,25.540000915527344,200500,0.0,False
2023-06-15,25.263999938964844,25.93000030517578,25.263999938964844,25.74799919128418,25.74799919128418,57000,0.0,False
2023-06-16,25.972000122070312,26.356000900268555,25.805999755859375,26.13599967956543,26.13599967956543,115000,0.0,False
2023-06-20,25.766000747680664,25.766000747680664,25.097999572753906,25.643999099731445,25.643999099731445,113000,0.0,False
2023-06-21,25.222000122070312,25.392000198364258,24.827999114990234,24.922000885009766,24.922000885009766,126500,0.0,False
2023-06-22,24.445999145507812,24.445999145507812,23.381999969482422,23.77199935913086,23.77199935913086,373500,0.0,False
2023-06-23,23.74799919128418,23.781999588012695,23.61400032043457,23.72800064086914,23.72800064086914,102500,0.0,False
2023-06-26,24.540000915527344,24.756000518798828,24.079999923706055,24.079999923706055,24.079999923706055,100500,0.0,False
2023-06-27,24.246000289916992,24.266000747680664,23.881999969482422,24.02400016784668,24.02400016784668,77500,0.0,False
2023-06-28,22.6560001373291,23.285999298095703,22.393999099731445,23.27199935913086,23.27199935913086,314000,0.0,False
2023-06-29,22.461999893188477,22.874000549316406,22.461999893188477,22.70599937438965,22.70599937438965,181000,0.0,False
2023-06-30,23.097999572753906,23.194000244140625,22.639999389648438,22.756000518798828,22.756000518798828,129500,0.0,False
2023-07-03,23.010000228881836,23.29800033569336,22.642000198364258,22.68400001525879,22.68400001525879,83000,0.0,False
2023-07-05,23.100000381469727,23.371999740600586,22.76799964904785,23.219999313354492,23.219999313354492,130500,0.0,False
2023-07-06,23.152000427246094,23.200000762939453,22.676000595092773,22.937999725341797,22.937999725341797,67500,0.0,False
2023-07-07,22.86400032043457,23.281999588012695,22.86400032043457,23.100000381469727,23.100000381469727,47000,0.0,False
2023-07-10,22.402000427246094,23.055999755859375,22.195999145507812,22.920000076293945,22.920000076293945,165500,0.0,False
2023-07-11,22.719999313354492,23.190000534057617,22.719999313354492,23.079999923706055,23.079999923706055,78500,0.0,False
2023-07-12,23.70199966430664,23.947999954223633,23.586000442504883,23.72800064086914,23.72800064086914,167500,0.0,False
2023-07-13,23.781999588012695,23.979999542236328,23.601999282836914,23.881999969482422,23.881999969482422,156000,0.0,False
2023-07-14,23.426000595092773,23.676000595092773,23.239999771118164,23.549999237060547,23.549999237060547,145000,0.0,False
2023-07-17,23.753999710083008,24.038000106811523,23.493999481201172,23.784000396728516,23.784000396728516,171000,0.0,False
2023-07-18,24.243999481201172,24.49799919128418,23.95599937438965,24.3439998626709,24.3439998626709,287500,0.0,False
2023-07-19,24.242000579833984,24.25,23.899999618530273,24.17799949645996,24.17799949645996,162000,0.0,False
2023-07-20,23.899999618530273,24.02400016784668,23.40999984741211,23.648000717163086,23.648000717163086,156500,0.0,False
2023-07-21,23.81599998474121,23.97800064086914,23.68600082397461,23.851999282836914,23.851999282836914,99000,0.0,False
2023-07-24,23.802000045776367,24.038000106811523,23.5,23.652000427246094,23.652000427246094,134500,0.0,False
2023-07-25,23.81800079345703,23.889999389648438,23.601999282836914,23.739999771118164,23.739999771118164,87000,0.0,False
2023-07-26,23.266000747680664,23.42799949645996,23.020000457763672,23.381999969482422,23.381999969482422,121500,0.0,False
2023-07-27,22.93400001525879,23.031999588012695,22.606000900268555,22.802000045776367,22.802000045776367,152500,0.0,False
2023-07-28,22.719999313354492,23.368000030517578,22.68000030517578,23.00200080871582,23.00200080871582,243500,0.0,False
2023-07-31,23.43400001525879,23.799999237060547,23.42799949645996,23.666000366210938,23.666000366210938,116000,0.0,False
2023-08-01,22.836000442504883,22.950000762939453,22.639999389648438,22.8700008392334,22.8700008392334,148000,0.0,False
2023-08-02,22.950000762939453,23.17799949645996,22.70400047302246,22.993999481201172,22.993999481201172,69000,0.0,False
2023-08-03,23.030000686645508,23.305999755859375,22.93400001525879,23.148000717163086,23.148000717163086,109000,0.0,False
2023-08-04,23.086000442504883,23.459999084472656,23.007999420166016,23.284000396728516,23.284000396728516,55500,0.0,False
2023-08-07,23.34600067138672,23.34600067138672,22.790000915527344,22.940000534057617,22.940000534057617,84500,0.0,False
2023-08-08,22.464000701904297,22.756000518798828,22.329999923706055,22.70800018310547,22.70800018310547,112000,0.0,False
2023-08-09,22.562000274658203,22.92799949645996,22.562000274658203,22.884000778198242,22.884000778198242,38500,0.0,False
2023-08-10,23.31999969482422,24.11400032043457,23.31999969482422,23.81800079345703,23.81800079345703,204500,0.0,False
2023-08-11,24.11400032043457,24.214000701904297,23.777999877929688,23.913999557495117,23.913999557495117,95000,0.0,False
2023-08-14,23.323999404907227,23.538000106811523,23.020000457763672,23.50200080871582,23.50200080871582,91500,0.0,False
2023-08-15,22.770000457763672,22.979999542236328,22.736000061035156,22.739999771118164,22.739999771118164,101500,0.0,False
2023-08-16,22.399999618530273,22.836000442504883,22.299999237060547,22.356000900268555,22.356000900268555,188000,0.0,False
2023-08-17,22.75,22.79599952697754,22.360000610351562,22.527999877929688,22.527999877929688,62000,0.0,False
2023-08-18,22.790000915527344,23.239999771118164,22.790000915527344,23.167999267578125,23.167999267578125,122500,0.0,False
2023-08-21,22.878000259399414,23.054000854492188,22.676000595092773,22.97599983215332,22.97599983215332,74000,0.0,False
2023-08-22,23.597999572753906,23.643999099731445,22.989999771118164,23.082000732421875,23.082000732421875,88000,0.0,False
2023-08-23,23.770000457763672,23.799999237060547,23.27400016784668,23.63599967956543,23.63599967956543,72500,0.0,False
2023-08-24,23.106000900268555,23.194000244140625,22.746000289916992,22.81800079345703,22.81800079345703,105000,0.0,False
2023-08-25,22.902000427246094,22.97599983215332,22.399999618530273,22.639999389648438,22.639999389648438,109000,0.0,False
2023-08-28,23.059999465942383,23.312000274658203,22.836000442504883,23.06399917602539,23.06399917602539,208000,0.0,False
2023-08-29,22.666000366210938,23.200000762939453,22.5,23.0,23.0,150000,0.0,False
2023-08-30,22.84000015258789,22.889999389648438,22.600000381469727,22.739999771118164,22.739999771118164,83500,0.0,False
2023-08-31,22.711999893188477,22.74799919128418,22.399999618530273,22.673999786376953,22.673999786376953,119500,0.0,False
2023-09-01,22.634000778198242,22.695999145507812,22.520000457763672,22.52199935913086,22.52199935913086,59000,0.0,False
2023-09-05,22.236000061035156,22.628000259399414,22.15999984741211,22.56599998474121,22.56599998474121,78000,0.0,False
2023-09-06,22.076000213623047,22.507999420166016,21.81599998474121,22.469999313354492,22.469999313354492,153500,0.0,False
2023-09-07,22.22800064086914,22.54599952697754,22.15399932861328,22.43000030517578,22.43000030517578,80500,0.0,False
2023-09-08,22.422000885009766,22.422000885009766,22.0,22.027999877929688,22.027999877929688,160000,0.0,False
2023-09-11,22.486000061035156,22.555999755859375,22.15999984741211,22.527999877929688,22.527999877929688,137000,0.0,False
2023-09-12,22.527999877929688,22.986000061035156,22.437999725341797,22.799999237060547,22.799999237060547,175000,0.0,False
2023-09-13,22.913999557495117,23.26799964904785,22.913999557495117,23.073999404907227,23.073999404907227,134500,0.0,False
2023-09-14,23.076000213623047,23.327999114990234,22.923999786376953,22.97800064086914,22.97800064086914,76000,0.0,False
2023-09-15,23.45800018310547,23.461999893188477,22.90999984741211,23.038000106811523,23.038000106811523,148000,0.0,False
2023-09-18,22.95800018310547,23.06599998474121,22.601999282836914,22.98200035095215,22.98200035095215,107500,0.0,False
2023-09-19,23.32200050354004,23.469999313354492,23.200000762939453,23.22800064086914,23.22800064086914,71000,0.0,False
2023-09-20,23.600000381469727,23.871999740600586,23.222000122070312,23.242000579833984,23.242000579833984,174500,0.0,False
2023-09-21,23.097999572753906,23.392000198364258,23.010000228881836,23.288000106811523,23.288000106811523,47000,0.0,False
2023-09-22,23.42799949645996,23.459999084472656,23.011999130249023,23.04599952697754,23.04599952697754,76000,0.0,False
2023-09-25,22.799999237060547,22.892000198364258,22.634000778198242,22.77199935913086,22.77199935913086,51000,0.0,False
2023-09-26,22.56800079345703,22.899999618530273,22.3799991607666,22.58799934387207,22.58799934387207,101000,0.0,False
2023-09-27,22.81999969482422,22.937999725341797,22.40999984741211,22.511999130249023,22.511999130249023,68500,0.0,False
2023-09-28,22.847999572753906,23.600000381469727,22.847999572753906,23.47599983215332,23.47599983215332,140000,0.0,False
2023-09-29,23.483999252319336,23.496000289916992,22.93400001525879,23.016000747680664,23.016000747680664,95500,0.0,False
2023-10-02,22.408000946044922,22.423999786376953,22.139999389648438,22.29800033569336,22.29800033569336,209000,0.0,False
2023-10-03,21.799999237060547,21.97599983215332,21.600000381469727,21.77199935913086,21.77199935913086,213500,0.0,False
2023-10-04,21.691999435424805,21.714000701904297,21.302000045776367,21.6299991607666,21.6299991607666,132000,0.0,False
2023-10-05,21.416000366210938,21.416000366210938,21.083999633789062,21.20599937438965,21.20599937438965,106500,0.0,False
2023-10-06,21.13599967956543,21.6299991607666,21.0,21.329999923706055,21.329999923706055,136500,0.0,False
2023-10-09,20.947999954223633,21.058000564575195,20.604000091552734,21.058000564575195,21.058000564575195,223000,0.0,False
2023-10-10,20.841999053955078,21.714000701904297,20.827999114990234,21.690000534057617,21.690000534057617,121500,0.0,False
2023-10-11,21.42799949645996,21.5939998626709,21.36400032043457,21.54800033569336,21.54800033569336,92000,0.0,False
2023-10-12,21.347999572753906,21.378000259399414,20.851999282836914,20.91200065612793,20.91200065612793,85000,0.0,False
2023-10-13,20.941999435424805,21.167999267578125,20.799999237060547,21.167999267578125,21.167999267578125,88500,0.0,False
2023-10-16,21.00200080871582,21.200000762939453,20.996000289916992,21.197999954223633,21.197999954223633,63000,0.0,False
2023-10-17,20.718000411987305,21.125999450683594,20.631999969482422,21.031999588012695,21.031999588012695,121000,0.0,False
2023-10-18,20.77199935913086,20.979999542236328,20.444000244140625,20.93600082397461,20.93600082397461,160500,0.0,False
2023-10-19,20.513999938964844,20.6299991607666,20.389999389648438,20.488000869750977,20.488000869750977,177500,0.0,False
2023-10-20,20.381999969482422,20.606000900268555,20.31999969482422,20.351999282836914,20.351999282836914,183500,0.0,False
2023-10-23,20.520000457763672,21.030000686645508,20.42799949645996,20.79800033569336,20.79800033569336,262500,0.0,False
2023-10-24,20.59600067138672,20.799999237060547,20.422000885009766,20.739999771118164,20.739999771118164,81500,0.0,False
2023-10-25,20.781999588012695,21.059999465942383,20.56999969482422,20.68400001525879,20.68400001525879,156000,0.0,False
2023-10-26,20.68400001525879,21.016000747680664,20.513999938964844,20.827999114990234,20.827999114990234,86000,0.0,False
2023-10-27,21.06800079345703,21.0939998626709,20.486000061035156,20.663999557495117,20.663999557495117,96500,0.0,False
2023-10-30,21.128000259399414,21.22800064086914,20.649999618530273,20.746000289916992,20.746000289916992,265000,0.0,False
2023-10-31,20.8700008392334,20.968000411987305,20.591999053955078,20.691999435424805,20.691999435424805,104000,0.0,False
2023-11-01,20.736000061035156,21.0,20.360000610351562,20.43000030517578,20.43000030517578,89500,0.0,False
2023-11-02,20.601999282836914,20.709999084472656,20.341999053955078,20.530000686645508,20.530000686645508,144000,0.0,False
2023-11-03,20.642000198364258,20.738000869750977,20.3700008392334,20.643999099731445,20.643999099731445,155000,0.0,False
2023-11-06,20.6200008392334,20.68400001525879,20.246000289916992,20.47599983215332,20.47599983215332,99500,0.0,False
2023-11-07,19.780000686645508,19.832000732421875,19.493999481201172,19.516000747680664,19.516000747680664,304500,0.0,False
2023-11-08,19.011999130249023,19.520000457763672,18.947999954223633,19.43400001525879,19.43400001525879,220500,0.0,False
2023-11-09,18.84000015258789,18.84000015258789,18.351999282836914,18.398000717163086,18.398000717163086,474000,0.0,False
2023-11-10,17.91200065612793,18.20400047302246,17.761999130249023,17.865999221801758,17.865999221801758,463500,0.0,False
2023-11-13,17.672000885009766,18.236000061035156,17.61400032043457,18.200000762939453,18.200000762939453,319500,0.0,False
2023-11-14,18.715999603271484,19.04599952697754,18.6299991607666,18.84000015258789,18.84000015258789,695000,0.0,False
2023-11-15,18.736000061035156,19.3439998626709,18.52400016784668,19.076000213623047,19.076000213623047,271000,0.0,False
2023-11-16,19.04599952697754,19.3700008392334,19.04599952697754,19.197999954223633,19.197999954223633,188000,0.0,False
2023-11-17,19.190000534057617,19.483999252319336,19.167999267578125,19.45199966430664,19.45199966430664,174500,0.0,False
2023-11-20,19.79400062561035,20.073999404907227,19.79400062561035,19.899999618530273,19.899999618530273,177000,0.0,False
2023-11-21,19.878000259399414,20.097999572753906,19.809999465942383,19.8700008392334,19.8700008392334,104500,0.0,False
2023-11-22,19.399999618530273,19.54800033569336,19.29199981689453,19.486000061035156,19.486000061035156,91000,0.0,False
2023-11-24,19.365999221801758,19.884000778198242,19.365999221801758,19.884000778198242,19.884000778198242,53500,0.0,False
2023-11-27,19.559999465942383,19.881999969482422,19.399999618530273,19.738000869750977,19.738000869750977,203500,0.0,False
2023-11-28,19.413999557495117,19.610000610351562,19.18400001525879,19.43000030517578,19.43000030517578,178500,0.0,False
2023-11-29,18.926000595092773,19.06999969482422,18.756000518798828,18.972000122070312,18.972000122070312,175500,0.0,False
2023-11-30,18.908000946044922,18.97800064086914,18.604000091552734,18.70400047302246,18.70400047302246,198500,0.0,False
2023-12-01,18.506000518798828,18.628000259399414,18.288000106811523,18.5,18.5,209000,0.0,False
2023-12-04,18.0,18.100000381469727,17.739999771118164,17.988000869750977,17.988000869750977,253500,0.0,False
2023-12-05,17.733999252319336,17.781999588012695,17.049999237060547,17.285999298095703,17.285999298095703,468500,0.0,False
2023-12-06,17.832000732421875,17.969999313354492,17.402000427246094,17.535999298095703,17.535999298095703,195000,0.0,False
2023-12-07,18.010000228881836,18.18000030517578,17.790000915527344,17.95599937438965,17.95599937438965,209500,0.0,False
2023-12-08,17.77199935913086,17.833999633789062,17.389999389648438,17.408000946044922,17.408000946044922,228500,0.0,False
2023-12-11,17.516000747680664,17.847999572753906,17.354000091552734,17.72800064086914,17.72800064086914,176500,0.0,False
2023-12-12,17.860000610351562,18.125999450683594,17.756000518798828,18.106000900268555,18.106000900268555,485000,0.0,False
2023-12-13,18.058000564575195,18.535999298095703,17.645999908447266,18.535999298095703,18.535999298095703,208500,0.0,False
2023-12-14,19.309999465942383,20.558000564575195,19.309999465942383,20.392000198364258,20.392000198364258,871000,0.0,False
2023-12-15,20.841999053955078,21.989999771118164,20.760000228881836,21.65399932861328,21.65399932861328,671000,0.0,False
2023-12-18,21.850000381469727,22.308000564575195,21.652000427246094,21.799999237060547,21.799999237060547,209000,0.0,False
2023-12-19,22.176000595092773,22.940000534057617,22.176000595092773,22.65399932861328,22.65399932861328,295000,0.0,False
2023-12-20,22.48200035095215,22.555999755859375,21.916000366210938,21.989999771118164,21.989999771118164,167500,0.0,False
2023-12-21,22.309999465942383,22.450000762939453,21.75,22.389999389648438,22.389999389648438,136500,0.0,False
2023-12-22,22.827999114990234,22.941999435424805,22.121999740600586,22.170000076293945,22.170000076293945,125000,0.0,False
2023-12-26,22.02400016784668,22.058000564575195,21.535999298095703,21.583999633789062,21.583999633789062,217500,0.0,False
2023-12-27,21.527999877929688,21.832000732421875,21.125999450683594,21.29800033569336,21.29800033569336,190500,0.0,False
2023-12-28,20.974000930786133,21.145999908447266,20.700000762939453,20.83799934387207,20.83799934387207,166500,0.0,False
2023-12-29,20.527999877929688,20.600000381469727,20.218000411987305,20.218000411987305,20.218000411987305,223500,0.0,False
2024-01-02,20.11199951171875,20.190000534057617,19.761999130249023,19.95800018310547,19.95800018310547,189000,0.0,False
2024-01-03,19.746000289916992,19.808000564575195,19.450000762939453,19.763999938964844,19.763999938964844,164500,0.0,False
2024-01-04,19.41200065612793,19.520000457763672,19.04599952697754,19.134000778198242,19.134000778198242,236500,0.0,False
2024-01-05,19.06399917602539,19.327999114990234,18.937999725341797,18.964000701904297,18.964000701904297,155000,0.0,False
2024-01-08,18.5,18.61400032043457,18.288000106811523,18.422000885009766,18.422000885009766,312000,0.0,False
2024-01-09,18.31999969482422,18.332000732421875,17.899999618530273,18.030000686645508,18.030000686645508,465500,0.0,False
2024-01-10,18.304000854492188,18.507999420166016,18.049999237060547,18.440000534057617,18.440000534057617,280500,0.0,False
2024-01-11,18.54599952697754,18.577999114990234,18.076000213623047,18.277999877929688,18.277999877929688,184000,0.0,False
2024-01-12,18.350000381469727,18.5,17.865999221801758,18.038000106811523,18.038000106811523,497000,0.0,False
2024-01-16,17.375999450683594,17.447999954223633,17.143999099731445,17.246000289916992,17.246000289916992,655500,0.0,False
2024-01-17,16.968000411987305,17.079999923706055,16.65999984741211,16.940000534057617,16.940000534057617,497000,0.0,False
2024-01-18,17.200000762939453,17.40399932861328,17.142000198364258,17.371999740600586,17.371999740600586,210000,0.0,False
2024-01-19,17.299999237060547,17.49799919128418,17.13800048828125,17.483999252319336,17.483999252319336,160000,0.0,False
2024-01-22,17.049999237060547,17.395999908447266,17.0,17.285999298095703,17.285999298095703,168500,0.0,False
2024-01-23,17.336000442504883,17.70199966430664,17.302000045776367,17.48200035095215,17.48200035095215,160000,0.0,False
2024-01-24,17.88599967956543,17.965999603271484,17.601999282836914,17.823999404907227,17.823999404907227,325000,0.0,False
2024-01-25,17.642000198364258,17.642000198364258,17.176000595092773,17.351999282836914,17.351999282836914,233500,0.0,False
2024-01-26,17.422000885009766,17.77400016784668,17.4060001373291,17.68400001525879,17.68400001525879,236500,0.0,False
2024-01-29,17.836000442504883,18.17799949645996,17.833999633789062,18.170000076293945,18.170000076293945,459500,0.0,False
2024-01-30,18.139999389648438,18.139999389648438,17.868000030517578,17.988000869750977,17.988000869750977,244000,0.0,False
2024-01-31,18.038000106811523,18.323999404907227,17.950000762939453,18.055999755859375,18.055999755859375,262500,0.0,False
2024-02-01,17.6299991607666,17.979999542236328,17.530000686645508,17.75,17.75,184500,0.0,False
2024-02-02,17.437999725341797,17.579999923706055,17.13800048828125,17.440000534057617,17.440000534057617,265500,0.0,False
2024-02-05,17.332000732421875,17.607999801635742,17.332000732421875,17.488000869750977,17.488000869750977,89500,0.0,False
2024-02-06,17.43600082397461,17.670000076293945,17.368000030517578,17.468000411987305,17.468000411987305,54500,0.0,False
2024-02-07,17.031999588012695,17.145999908447266,16.469999313354492,16.50200080871582,16.50200080871582,569000,0.0,False
2024-02-08,16.200000762939453,16.649999618530273,16.011999130249023,16.375999450683594,16.375999450683594,327000,0.0,False
2024-02-09,16.145999908447266,16.31399917602539,15.84000015258789,15.92199993133545,15.92199993133545,438500,0.0,False
2024-02-12,16.3700008392334,16.573999404907227,16.101999282836914,16.479999542236328,16.479999542236328,308000,0.0,False
2024-02-13,16.149999618530273,16.163999557495117,15.699999809265137,15.95199966430664,15.95199966430664,354500,0.0,False
2024-02-14,16.857999801635742,17.261999130249023,16.857999801635742,17.209999084472656,17.209999084472656,462500,0.0,False
2024-02-15,17.468000411987305,17.93000030517578,17.36199951171875,17.56599998474121,17.56599998474121,384000,0.0,False
2024-02-16,17.479999542236328,17.850000381469727,17.36400032043457,17.486000061035156,17.486000061035156,146500,0.0,False
2024-02-20,17.920000076293945,18.200000762939453,17.63599967956543,18.0,18.0,400500,0.0,False
2024-02-21,17.90999984741211,17.90999984741211,17.083999633789062,17.54800033569336,17.54800033569336,227500,0.0,False
2024-02-22,17.450000762939453,17.945999145507812,17.450000762939453,17.781999588012695,17.781999588012695,236000,0.0,False
2024-02-23,17.86400032043457,18.327999114990234,17.86400032043457,17.940000534057617,17.940000534057617,265500,0.0,False
2024-02-26,17.586000442504883,17.691999435424805,17.399999618530273,17.597999572753906,17.597999572753906,163500,0.0,False
2024-02-27,17.72599983215332,17.854000091552734,17.281999588012695,17.323999404907227,17.323999404907227,159500,0.0,False
2024-02-28,16.841999053955078,17.18000030517578,16.836000442504883,17.058000564575195,17.058000564575195,131000,0.0,False
2024-02-29,17.326000213623047,17.43600082397461,17.152000427246094,17.378000259399414,17.378000259399414,55500,0.0,False
2024-03-01,17.299999237060547,17.700000762939453,17.173999786376953,17.511999130249023,17.511999130249023,364500,0.0,False
2024-03-04,17.450000762939453,17.799999237060547,17.36199951171875,17.697999954223633,17.697999954223633,196000,0.0,False
2024-03-05,17.399999618530273,17.520000457763672,17.148000717163086,17.45400047302246,17.45400047302246,128000,0.0,False
2024-03-06,18.648000717163086,19.540000915527344,18.648000717163086,19.106000900268555,19.106000900268555,988500,0.0,False
2024-03-07,19.167999267578125,19.356000900268555,18.8700008392334,19.007999420166016,19.007999420166016,385500,0.0,False
2024-03-08,19.239999771118164,19.239999771118164,18.492000579833984,18.79199981689453,18.79199981689453,202500,0.0,False
2024-03-11,19.040000915527344,19.100000381469727,18.763999938964844,18.965999603271484,18.965999603271484,223000,0.0,False
2024-03-12,18.770000457763672,19.219999313354492,18.54199981689453,19.13800048828125,19.13800048828125,380500,0.0,False
2024-03-13,19.66200065612793,19.79400062561035,19.402000427246094,19.469999313354492,19.469999313354492,361500,0.0,False
2024-03-14,20.04599952697754,20.15999984741211,19.4060001373291,19.66200065612793,19.66200065612793,310000,0.0,False
2024-03-15,20.224000930786133,20.224000930786133,19.802000045776367,19.84000015258789,19.84000015258789,371500,0.0,False
2024-03-18,19.5,19.577999114990234,18.79599952697754,19.003999710083008,19.003999710083008,382000,0.0,False
2024-03-19,18.440000534057617,18.488000869750977,17.913999557495117,18.34600067138672,18.34600067138672,437500,0.0,False
2024-03-20,18.277999877929688,18.875999450683594,18.23200035095215,18.832000732421875,18.832000732421875,266500,0.0,False
2024-03-21,18.781999588012695,18.937999725341797,18.350000381469727,18.709999084472656,18.709999084472656,367500,0.0,False
2024-03-22,18.413999557495117,18.513999938964844,18.163999557495117,18.173999786376953,18.173999786376953,182000,0.0,False
2024-03-25,18.549999237060547,18.8799991607666,18.465999603271484,18.530000686645508,18.530000686645508,178500,0.0,False
2024-03-26,18.615999221801758,18.615999221801758,18.253999710083008,18.31800079345703,18.31800079345703,102500,0.0,False
2024-03-27,17.895999908447266,18.229999542236328,17.73200035095215,18.224000930786133,18.224000930786133,233000,0.0,False
2024-03-28,18.621999740600586,18.799999237060547,18.600000381469727,18.70400047302246,18.70400047302246,191500,0.0,False
2024-04-01,18.503999710083008,18.503999710083008,18.224000930786133,18.479999542236328,18.479999542236328,236500,0.0,False
2024-04-02,18.576000213623047,18.63599967956543,18.31999969482422,18.38800048828125,18.38800048828125,318500,0.0,False
2024-04-03,18.549999237060547,18.902000427246094,18.45400047302246,18.780000686645508,18.780000686645508,371500,0.0,False
2024-04-04,19.18000030517578,19.200000762939453,18.770000457763672,18.770000457763672,18.770000457763672,283500,0.0,False
2024-04-05,18.384000778198242,18.525999069213867,18.1299991607666,18.45599937438965,18.45599937438965,356000,0.0,False
2024-04-08,19.124000549316406,19.437999725341797,18.865999221801758,19.312000274658203,19.312000274658203,412500,0.0,False
2024-04-09,19.760000228881836,20.076000213623047,19.468000411987305,20.058000564575195,20.058000564575195,820000,0.0,False
2024-04-10,19.459999084472656,19.67799949645996,19.143999099731445,19.309999465942383,19.309999465942383,536000,0.0,False
2024-04-11,19.384000778198242,19.384000778198242,18.908000946044922,19.29199981689453,19.29199981689453,450000,0.0,False
2024-04-12,19.84600067138672,19.945999145507812,19.219999313354492,19.290000915527344,19.290000915527344,668500,0.0,False
2024-04-15,18.950000762939453,19.18000030517578,18.733999252319336,18.983999252319336,18.983999252319336,425500,0.0,False
2024-04-16,18.81999969482422,18.988000869750977,18.447999954223633,18.658000946044922,18.658000946044922,261500,0.0,False
2024-04-17,18.802000045776367,19.25,18.621999740600586,18.93000030517578,18.93000030517578,291500,0.0,False
2024-04-18,19.04400062561035,19.24799919128418,18.833999633789062,18.884000778198242,18.884000778198242,236000,0.0,False
2024-04-19,18.743999481201172,18.93000030517578,18.531999588012695,18.850000381469727,18.850000381469727,254500,0.0,False
2024-04-22,18.492000579833984,18.898000717163086,18.399999618530273,18.606000900268555,18.606000900268555,250000,0.0,False
2024-04-23,18.450000762939453,18.90999984741211,18.3700008392334,18.736000061035156,18.736000061035156,176000,0.0,False
2024-04-24,18.663999557495117,18.663999557495117,18.399999618530273,18.42799949645996,18.42799949645996,203500,0.0,False
2024-04-25,18.18000030517578,18.299999237060547,17.889999389648438,18.058000564575195,18.058000564575195,694000,0.0,False
2024-04-26,17.652000427246094,17.809999465942383,17.525999069213867,17.601999282836914,17.601999282836914,552000,0.0,False
2024-04-29,17.59600067138672,18.091999053955078,17.559999465942383,17.993999481201172,17.993999481201172,380500,0.0,False
2024-04-30,17.52199935913086,17.6560001373291,17.170000076293945,17.559999465942383,17.559999465942383,606500,0.0,False
2024-05-01,17.29599952697754,17.606000900268555,17.29599952697754,17.45400047302246,17.45400047302246,275000,0.0,False
2024-05-02,17.166000366210938,17.368000030517578,16.902000427246094,17.22800064086914,17.22800064086914,367000,0.0,False
2024-05-03,17.445999145507812,17.54800033569336,17.101999282836914,17.43000030517578,17.43000030517578,340500,0.0,False
2024-05-06,17.969999313354492,18.18000030517578,17.916000366210938,17.979999542236328,17.979999542236328,272500,0.0,False
2024-05-07,17.95800018310547,18.110000610351562,17.804000854492188,17.8700008392334,17.8700008392334,200500,0.0,False
2024-05-08,17.600000381469727,17.79599952697754,17.43199920654297,17.63599967956543,17.63599967956543,406000,0.0,False
2024-05-09,17.530000686645508,17.959999084472656,17.530000686645508,17.860000610351562,17.860000610351562,239000,0.0,False
2024-05-10,18.399999618530273,18.402000427246094,17.945999145507812,18.121999740600586,18.121999740600586,1041500,0.0,False
2024-05-13,18.035999298095703,18.131999969482422,17.628000259399414,17.785999298095703,17.785999298095703,993000,0.0,False
2024-05-14,17.74799919128418,18.17799949645996,17.667999267578125,17.992000579833984,17.992000579833984,404000,0.0,False
2024-05-15,18.600000381469727,18.719999313354492,18.010000228881836,18.59000015258789,18.59000015258789,982000,0.0,False
2024-05-16,18.597999572753906,18.597999572753906,18.115999221801758,18.256000518798828,18.256000518798828,530500,0.0,False
2024-05-17,18.260000228881836,18.65999984741211,18.149999618530273,18.601999282836914,18.601999282836914,951500,0.0,False
2024-05-20,18.583999633789062,19.125999450683594,18.38599967956543,19.09600067138672,19.09600067138672,1730000,0.0,False
2024-05-21,18.95199966430664,19.222000122070312,18.761999130249023,18.959999084472656,18.959999084472656,1046000,0.0,False
2024-05-22,18.6299991607666,18.6299991607666,18.312000274658203,18.351999282836914,18.351999282836914,636500,0.0,False
2024-05-23,18.290000915527344,18.29599952697754,17.743999481201172,17.81999969482422,17.81999969482422,617000,0.0,False
2024-05-24,17.836000442504883,17.8799991607666,17.719999313354492,17.790000915527344,17.790000915527344,502500,0.0,False
2024-05-28,18.0,18.17799949645996,17.88800048828125,18.040000915527344,18.040000915527344,470000,0.0,False
2024-05-29,17.577999114990234,17.79800033569336,17.489999771118164,17.634000778198242,17.634000778198242,745500,0.0,False
2024-05-30,17.326000213623047,17.67799949645996,17.25,17.5,17.5,369500,0.0,False
2024-05-31,17.49799919128418,17.52400016784668,16.649999618530273,16.827999114990234,16.827999114990234,1244500,0.0,False
2024-06-03,16.923999786376953,17.219999313354492,16.892000198364258,16.989999771118164,16.989999771118164,439500,0.0,False
2024-06-04,16.902000427246094,16.95599937438965,16.642000198364258,16.81800079345703,16.81800079345703,436500,0.0,False
2024-06-05,17.04400062561035,17.239999771118164,16.959999084472656,17.18600082397461,17.18600082397461,370500,0.0,False
2024-06-06,17.128000259399414,17.332000732421875,17.079999923706055,17.15999984741211,17.15999984741211,242500,0.0,False
2024-06-07,16.992000579833984,16.992000579833984,16.56800079345703,16.719999313354492,16.719999313354492,731000,0.0,False
2024-06-10,16.68600082397461,16.718000411987305,16.25,16.6299991607666,16.6299991607666,502000,0.0,False
2024-06-11,16.299999237060547,16.43600082397461,16.222000122070312,16.332000732421875,16.332000732421875,496500,0.0,False
2024-06-12,16.788000106811523,16.79599952697754,16.5,16.5939998626709,16.5939998626709,611000,0.0,False
2024-06-13,16.579999923706055,16.667999267578125,16.152000427246094,16.305999755859375,16.305999755859375,575500,0.0,False
2024-06-14,16.285999298095703,16.527999877929688,16.219999313354492,16.417999267578125,16.417999267578125,313000,0.0,False
2024-06-17,16.36199951171875,16.474000930786133,16.104000091552734,16.416000366210938,16.416000366210938,294500,0.0,False
2024-06-18,16.134000778198242,16.450000762939453,16.035999298095703,16.356000900268555,16.356000900268555,373000,0.0,False
2024-06-20,16.643999099731445,17.158000946044922,16.56999969482422,16.969999313354492,16.969999313354492,566000,0.0,False
2024-06-21,18.0,18.714000701904297,17.399999618530273,17.5,17.5,1713000,0.0,False
2024-06-24,18.5,18.54599952697754,17.724000930786133,17.945999145507812,17.945999145507812,969000,0.0,False
2024-06-25,17.573999404907227,17.718000411987305,17.219999313354492,17.3439998626709,17.3439998626709,628000,0.0,False
2024-06-26,17.22800064086914,17.31399917602539,16.808000564575195,17.148000717163086,17.148000717163086,400500,0.0,False
2024-06-27,17.121999740600586,17.29800033569336,17.052000045776367,17.238000869750977,17.238000869750977,186000,0.0,False
2024-06-28,17.780000686645508,18.006000518798828,17.709999084472656,17.81800079345703,17.81800079345703,620500,0.0,False
2024-07-01,18.163999557495117,18.29800033569336,17.70599937438965,17.913999557495117,17.913999557495117,485500,0.0,False
2024-07-02,18.389999389648438,18.739999771118164,18.329999923706055,18.65399932861328,18.65399932861328,781000,0.0,False
2024-07-03,18.961999893188477,19.392000198364258,18.672000885009766,18.95199966430664,18.95199966430664,768000,0.0,False
2024-07-05,18.84600067138672,19.059999465942383,18.649999618530273,18.889999389648438,18.889999389648438,317000,0.0,False
2024-07-08,18.643999099731445,18.829999923706055,18.399999618530273,18.549999237060547,18.549999237060547,201500,0.0,False
2024-07-09,18.45400047302246,18.54800033569336,17.93400001525879,18.00200080871582,18.00200080871582,412500,0.0,False
2024-07-10,18.33799934387207,18.341999053955078,18.086000442504883,18.20400047302246,18.20400047302246,181500,0.0,False
2024-07-11,18.209999084472656,18.554000854492188,18.209999084472656,18.312000274658203,18.312000274658203,304000,0.0,False
2024-07-12,17.82200050354004,18.076000213623047,17.75200080871582,17.83799934387207,17.83799934387207,620000,0.0,False
2024-07-15,17.6560001373291,17.781999588012695,17.423999786376953,17.450000762939453,17.450000762939453,588000,0.0,False
2024-07-16,17.371999740600586,17.714000701904297,17.145999908447266,17.694000244140625,17.694000244140625,467500,0.0,False
2024-07-17,17.718000411987305,17.756000518798828,17.493999481201172,17.576000213623047,17.576000213623047,206000,0.0,False
2024-07-18,17.43600082397461,17.488000869750977,16.986000061035156,17.034000396728516,17.034000396728516,485000,0.0,False
2024-07-19,16.856000900268555,17.049999237060547,16.67799949645996,16.79400062561035,16.79400062561035,484500,0.0,False
2024-07-22,16.606000900268555,16.757999420166016,16.503999710083008,16.757999420166016,16.757999420166016,476500,0.0,False
2024-07-23,16.6560001373291,17.077999114990234,16.6560001373291,17.062000274658203,17.062000274658203,312000,0.0,False
2024-07-24,17.290000915527344,17.378000259399414,17.09600067138672,17.170000076293945,17.170000076293945,426500,0.0,False
2024-07-25,16.676000595092773,16.809999465942383,16.562000274658203,16.652000427246094,16.652000427246094,515000,0.0,False
2024-07-26,16.715999603271484,16.715999603271484,16.43000030517578,16.58799934387207,16.58799934387207,332000,0.0,False
2024-07-29,16.969999313354492,16.969999313354492,16.56800079345703,16.600000381469727,16.600000381469727,205000,0.0,False
2024-07-30,16.464000701904297,16.510000228881836,16.261999130249023,16.399999618530273,16.399999618530273,366000,0.0,False
2024-07-31,17.052000045776367,17.176000595092773,16.920000076293945,16.92799949645996,16.92799949645996,473000,0.0,False
2024-08-01,17.059999465942383,17.059999465942383,16.479999542236328,16.6299991607666,16.6299991607666,319000,0.0,False
2024-08-02,16.535999298095703,16.600000381469727,16.29599952697754,16.40999984741211,16.40999984741211,328000,0.0,False
2024-08-05,15.6899995803833,15.970000267028809,15.503999710083008,15.557999610900879,15.557999610900879,1083500,0.0,False
2024-08-06,15.800000190734863,16.200000762939453,15.729999542236328,16.06800079345703,16.06800079345703,366000,0.0,False
2024-08-07,16.600000381469727,16.6560001373291,16.131999969482422,16.288000106811523,16.288000106811523,332000,0.0,False
2024-08-08,16.6200008392334,16.974000930786133,16.6200008392334,16.916000366210938,16.916000366210938,309500,0.0,False
2024-08-09,16.992000579833984,16.992000579833984,16.56399917602539,16.601999282836914,16.601999282836914,188500,0.0,False
2024-08-12,17.0,17.1299991607666,16.718000411987305,16.875999450683594,16.875999450683594,281000,0.0,False
2024-08-13,17.173999786376953,17.304000854492188,17.09000015258789,17.18000030517578,17.18000030517578,350500,0.0,False
2024-08-14,17.170000076293945,17.215999603271484,16.902000427246094,17.07200050354004,17.07200050354004,272000,0.0,False
2024-08-15,17.209999084472656,17.447999954223633,17.176000595092773,17.27400016784668,17.27400016784668,920500,0.0,False
2024-08-16,17.32200050354004,17.469999313354492,17.190000534057617,17.38599967956543,17.38599967956543,254500,0.0,False
2024-08-19,16.979999542236328,17.304000854492188,16.850000381469727,17.152000427246094,17.152000427246094,193500,0.0,False
2024-08-20,17.288000106811523,17.371999740600586,16.959999084472656,17.0,17.0,158500,0.0,False
2024-08-21,17.711999893188477,17.746000289916992,17.375999450683594,17.41200065612793,17.41200065612793,555000,0.0,False
2024-08-22,17.472000122070312,17.472000122070312,17.0,17.00200080871582,17.00200080871582,154000,0.0,False
2024-08-23,17.20599937438965,17.558000564575195,17.194000244140625,17.558000564575195,17.558000564575195,446500,0.0,False
2024-08-26,17.76799964904785,17.850000381469727,17.600000381469727,17.700000762939453,17.700000762939453,254000,0.0,False
2024-08-27,17.695999145507812,18.016000747680664,17.437999725341797,17.84000015258789,17.84000015258789,383500,0.0,False
2024-08-28,17.54800033569336,17.562000274658203,17.233999252319336,17.31800079345703,17.31800079345703,200000,0.0,False
2024-08-29,17.56399917602539,18.003999710083008,17.559999465942383,17.8799991607666,17.8799991607666,277000,0.0,False
2024-08-30,17.856000900268555,17.93199920654297,17.601999282836914,17.719999313354492,17.719999313354492,168500,0.0,False
2024-09-03,17.558000564575195,17.558000564575195,17.083999633789062,17.357999801635742,17.357999801635742,242000,0.0,False
2024-09-04,17.148000717163086,17.422000885009766,17.076000213623047,17.194000244140625,17.194000244140625,288500,0.0,False
2024-09-05,17.43000030517578,17.559999465942383,17.22599983215332,17.260000228881836,17.260000228881836,213500,0.0,False
2024-09-06,17.402000427246094,17.469999313354492,16.643999099731445,16.780000686645508,16.780000686645508,464000,0.0,False
2024-09-09,17.18199920654297,17.413999557495117,17.06800079345703,17.40399932861328,17.40399932861328,204500,0.0,False
2024-09-10,17.649999618530273,17.8439998626709,17.43199920654297,17.804000854492188,17.804000854492188,227500,0.0,False
2024-09-11,18.02199935913086,18.68199920654297,17.93600082397461,18.65999984741211,18.65999984741211,813000,0.0,False
2024-09-12,19.027999877929688,19.299999237060547,18.742000579833984,19.27400016784668,19.27400016784668,592500,0.0,False
2024-09-13,19.579999923706055,19.700000762939453,19.299999237060547,19.63599967956543,19.63599967956543,837500,0.0,False
2024-09-16,19.634000778198242,19.799999237060547,19.54199981689453,19.743999481201172,19.743999481201172,780500,0.0,False
2024-09-17,19.899999618530273,20.520000457763672,19.847999572753906,20.492000579833984,20.492000579833984,986500,0.0,False
2024-09-18,20.09000015258789,20.09000015258789,19.302000045776367,19.347999572753906,19.347999572753906,718500,0.0,False
2024-09-19,19.986000061035156,20.18600082397461,19.76799964904785,19.913999557495117,19.913999557495117,383000,0.0,False
2024-09-20,19.534000396728516,19.760000228881836,19.40399932861328,19.54199981689453,19.54199981689453,333000,0.0,False
2024-09-23,19.200000762939453,19.327999114990234,18.950000762939453,19.04800033569336,19.04800033569336,648000,0.0,False
2024-09-24,19.354000091552734,19.573999404907227,19.31399917602539,19.559999465942383,19.559999465942383,228500,0.0,False
2024-09-25,19.243999481201172,19.357999801635742,18.922000885009766,19.0939998626709,19.0939998626709,263000,0.0,False
2024-09-26,19.374000549316406,19.450000762939453,19.167999267578125,19.260000228881836,19.260000228881836,341000,0.0,False
2024-09-27,18.93000030517578,19.20800018310547,18.549999237060547,18.59000015258789,18.59000015258789,656500,0.0,False
2024-09-30,18.299999237060547,18.441999435424805,18.020000457763672,18.332000732421875,18.332000732421875,561500,0.0,False
2024-10-01,18.34000015258789,18.583999633789062,18.1200008392334,18.43199920654297,18.43199920654297,347500,0.0,False
2024-10-02,18.809999465942383,18.809999465942383,18.52199935913086,18.77199935913086,18.77199935913086,411000,0.0,False
2024-10-03,18.173999786376953,18.465999603271484,18.073999404907227,18.437999725341797,18.437999725341797,392000,0.0,False
2024-10-04,18.474000930786133,18.65999984741211,18.290000915527344,18.600000381469727,18.600000381469727,985000,0.0,False
2024-10-07,18.643999099731445,18.945999145507812,18.468000411987305,18.9060001373291,18.9060001373291,1098000,0.0,False
2024-10-08,18.652000427246094,18.889999389648438,18.299999237060547,18.81399917602539,18.81399917602539,2486000,0.0,False
2024-10-09,18.658000946044922,19.194000244140625,18.582000732421875,19.125999450683594,19.125999450683594,350000,0.0,False
2024-10-10,19.347999572753906,19.739999771118164,19.229999542236328,19.73200035095215,19.73200035095215,424500,0.0,False
2024-10-11,19.68000030517578,19.79599952697754,19.45599937438965,19.687999725341797,19.687999725341797,1604000,0.0,False
2024-10-14,19.013999938964844,19.176000595092773,18.83799934387207,19.04199981689453,19.04199981689453,1581000,0.0,False
2024-10-15,18.579999923706055,18.75200080871582,18.375999450683594,18.56999969482422,18.56999969482422,716000,0.0,False
2024-10-16,18.715999603271484,18.854000091552734,18.56999969482422,18.847999572753906,18.847999572753906,314000,0.0,False
2024-10-17,18.92799949645996,19.20599937438965,18.908000946044922,19.13599967956543,19.13599967956543,262000,0.0,False
2024-10-18,19.579999923706055,19.93199920654297,19.45400047302246,19.892000198364258,19.892000198364258,1024500,0.0,False
2024-10-21,19.6560001373291,19.670000076293945,19.17799949645996,19.469999313354492,19.469999313354492,1136500,0.0,False
2024-10-22,19.753999710083008,19.917999267578125,19.591999053955078,19.881999969482422,19.881999969482422,682000,0.0,False
2024-10-23,19.601999282836914,19.709999084472656,19.29199981689453,19.506000518798828,19.506000518798828,481500,0.0,False
2024-10-24,20.874000549316406,21.408000946044922,20.56399917602539,21.266000747680664,21.266000747680664,2747000,0.0,False
2024-10-25,21.889999389648438,22.261999130249023,21.666000366210938,21.809999465942383,21.809999465942383,1756500,0.0,False
2024-10-28,22.31599998474121,22.38800048828125,21.9060001373291,22.34000015258789,22.34000015258789,776000,0.0,False
2024-10-29,22.777999877929688,22.784000396728516,22.04199981689453,22.200000762939453,22.200000762939453,1391500,0.0,False
2024-10-30,20.95199966430664,21.270000457763672,20.770000457763672,21.115999221801758,21.115999221801758,1300500,0.0,False
2024-10-31,20.878000259399414,20.895999908447266,20.329999923706055,20.579999923706055,20.579999923706055,1738000,0.0,False
2024-11-01,20.902000427246094,20.902000427246094,20.224000930786133,20.288000106811523,20.288000106811523,646500,0.0,False
2024-11-04,19.808000564575195,19.881999969482422,19.34600067138672,19.79400062561035,19.79400062561035,1129000,0.0,False
2024-11-05,20.02199935913086,20.062000274658203,19.628000259399414,19.738000869750977,19.738000869750977,828000,0.0,False
2024-11-06,19.091999053955078,19.218000411987305,18.86199951171875,19.062000274658203,19.062000274658203,1021500,0.0,False
2024-11-07,19.013999938964844,19.08799934387207,18.687999725341797,18.823999404907227,18.823999404907227,740500,0.0,False
2024-11-08,18.525999069213867,18.525999069213867,18.106000900268555,18.20400047302246,18.20400047302246,1316000,0.0,False
2024-11-11,18.20800018310547,18.299999237060547,17.899999618530273,18.06999969482422,18.06999969482422,1189000,0.0,False
2024-11-12,17.79599952697754,17.79599952697754,17.25200080871582,17.368000030517578,17.368000030517578,1325000,0.0,False
2024-11-13,17.29599952697754,17.350000381469727,17.100000381469727,17.13599967956543,17.13599967956543,1802000,0.0,False
2024-11-14,17.077999114990234,17.398000717163086,17.0,17.34600067138672,17.34600067138672,1857500,0.0,False
2024-11-15,17.54400062561035,17.697999954223633,17.31800079345703,17.493999481201172,17.493999481201172,890500,0.0,False
2024-11-18,18.148000717163086,18.558000564575195,18.104000091552734,18.507999420166016,18.507999420166016,1346500,0.0,False
2024-11-19,18.687999725341797,19.049999237060547,18.628000259399414,19.016000747680664,19.016000747680664,1481500,0.0,False
2024-11-20,19.0,19.0,18.54199981689453,18.676000595092773,18.676000595092773,816500,0.0,False
2024-11-21,18.93400001525879,19.077999114990234,18.68000030517578,18.8799991607666,18.8799991607666,1684000,0.0,False
2024-11-22,18.573999404907227,18.658000946044922,18.200000762939453,18.3799991607666,18.3799991607666,1362500,0.0,False
2024-11-25,18.086000442504883,18.200000762939453,17.799999237060547,17.81999969482422,17.81999969482422,709500,0.0,False
2024-11-26,18.027999877929688,18.15999984741211,17.850000381469727,17.899999618530273,17.899999618530273,2431000,0.0,False
2024-11-27,17.899999618530273,18.107999801635742,17.74799919128418,17.854000091552734,17.854000091552734,2363000,0.0,False
2024-11-29,17.79199981689453,18.082000732421875,17.70400047302246,18.04800033569336,18.04800033569336,778000,0.0,False
2024-12-02,18.086000442504883,18.1560001373291,17.95800018310547,18.01799964904785,18.01799964904785,348000,0.0,False
2024-12-03,18.062000274658203,18.0939998626709,17.823999404907227,17.841999053955078,17.841999053955078,1045000,0.0,False
2024-12-04,17.996000289916992,18.145999908447266,17.8439998626709,17.99799919128418,17.99799919128418,407500,0.0,False
2024-12-05,17.84000015258789,17.850000381469727,17.65399932861328,17.68600082397461,17.68600082397461,396500,0.0,False
2024-12-06,17.597999572753906,17.788000106811523,17.538000106811523,17.552000045776367,17.552000045776367,301000,0.0,False
2024-12-09,18.1200008392334,18.253999710083008,17.757999420166016,17.79400062561035,17.79400062561035,2568500,0.0,False
2024-12-10,17.670000076293945,17.804000854492188,17.43000030517578,17.697999954223633,17.697999954223633,1165500,0.0,False
2024-12-11,17.56399917602539,18.107999801635742,17.558000564575195,17.908000946044922,17.908000946044922,625500,0.0,False
2024-12-12,17.694000244140625,17.908000946044922,17.65999984741211,17.81800079345703,17.81800079345703,358000,0.0,False
2024-12-13,17.72599983215332,17.72599983215332,17.365999221801758,17.465999603271484,17.465999603271484,570500,0.0,False
2024-12-16,17.488000869750977,17.642000198364258,17.242000579833984,17.333999633789062,17.333999633789062,488500,0.0,False
2024-12-17,17.121999740600586,17.218000411987305,17.049999237060547,17.20199966430664,17.20199966430664,458500,0.0,False
2024-12-18,17.007999420166016,17.02199935913086,16.47800064086914,16.583999633789062,16.583999633789062,1209000,0.0,False
2024-12-19,16.600000381469727,16.781999588012695,16.540000915527344,16.68600082397461,16.68600082397461,543500,0.0,False
2024-12-20,16.889999389648438,16.98200035095215,16.700000762939453,16.841999053955078,16.841999053955078,435000,0.0,False
2024-12-23,17.030000686645508,17.100000381469727,16.878000259399414,17.04199981689453,17.04199981689453,272000,0.0,False
2024-12-24,17.167999267578125,17.360000610351562,17.167999267578125,17.329999923706055,17.329999923706055,295000,0.0,False
2024-12-26,17.007999420166016,17.100000381469727,16.93199920654297,16.989999771118164,16.989999771118164,443000,0.0,False
2024-12-27,16.823999404907227,16.826000213623047,16.652000427246094,16.763999938964844,16.763999938964844,280000,0.0,False
2024-12-30,16.719999313354492,16.790000915527344,16.520000457763672,16.54599952697754,16.54599952697754,419000,0.0,False
2024-12-31,16.615999221801758,16.84600067138672,16.61199951171875,16.70400047302246,16.70400047302246,255500,0.0,False
2025-01-02,16.847999572753906,16.947999954223633,16.667999267578125,16.75,16.75,327000,0.0,False
2025-01-03,16.865999221801758,17.06399917602539,16.865999221801758,16.941999435424805,16.941999435424805,177000,0.0,False
2025-01-06,17.055999755859375,17.0939998626709,16.829999923706055,16.88599967956543,16.88599967956543,325000,0.0,False
2025-01-07,17.031999588012695,17.145999908447266,16.86199951171875,17.020000457763672,17.020000457763672,423500,0.0,False
2025-01-08,16.92799949645996,17.06999969482422,16.757999420166016,17.01799964904785,17.01799964904785,287000,0.0,False
2025-01-10,17.50200080871582,17.559999465942383,17.260000228881836,17.357999801635742,17.357999801635742,471500,0.0,False
2025-01-13,17.049999237060547,17.308000564575195,16.97599983215332,17.242000579833984,17.242000579833984,483500,0.0,False
2025-01-14,17.0939998626709,17.31999969482422,17.04800033569336,17.229999542236328,17.229999542236328,451500,0.0,False
2025-01-15,17.70199966430664,17.70400047302246,17.336000442504883,17.68000030517578,17.68000030517578,786500,0.0,False
2025-01-16,17.479999542236328,17.479999542236328,17.187999725341797,17.23200035095215,17.23200035095215,357000,0.0,False
2025-01-17,17.402000427246094,17.506000518798828,17.270000457763672,17.441999435424805,17.441999435424805,338000,0.0,False
2025-01-21,17.304000854492188,17.607999801635742,17.22800064086914,17.507999420166016,17.507999420166016,950500,0.0,False
2025-01-22,17.802000045776367,18.158000946044922,17.788000106811523,18.054000854492188,18.054000854492188,2113000,0.0,False
2025-01-23,18.20800018310547,18.284000396728516,18.100000381469727,18.209999084472656,18.209999084472656,798500,0.0,False
2025-01-24,18.371999740600586,18.408000946044922,18.010000228881836,18.055999755859375,18.055999755859375,589500,0.0,False
2025-01-27,17.753999710083008,17.763999938964844,17.506000518798828,17.5939998626709,17.5939998626709,507000,0.0,False
2025-01-28,17.513999938964844,17.59000015258789,17.399999618530273,17.474000930786133,17.474000930786133,209500,0.0,False
2025-01-29,17.54800033569336,17.805999755859375,17.51799964904785,17.6299991607666,17.6299991607666,183500,0.0,False
2025-01-30,18.167999267578125,18.167999267578125,17.884000778198242,18.134000778198242,18.134000778198242,563000,0.0,False
2025-01-31,18.200000762939453,18.700000762939453,18.200000762939453,18.486000061035156,18.486000061035156,881000,0.0,False
2025-02-03,18.447999954223633,18.628000259399414,18.1200008392334,18.503999710083008,18.503999710083008,857000,0.0,False
2025-02-04,18.284000396728516,18.54599952697754,18.149999618530273,18.229999542236328,18.229999542236328,452500,0.0,False
2025-02-05,18.239999771118164,18.3799991607666,18.1200008392334,18.197999954223633,18.197999954223633,616500,0.0,False
2025-02-06,17.993999481201172,18.091999053955078,17.82200050354004,17.959999084472656,17.959999084472656,795000,0.0,False
2025-02-07,17.93199920654297,17.99799919128418,17.719999313354492,17.770000457763672,17.770000457763672,408500,0.0,False
2025-02-10,18.030000686645508,18.200000762939453,17.969999313354492,18.013999938964844,18.013999938964844,394000,0.0,False
2025-02-11,17.996000289916992,18.079999923706055,17.86400032043457,17.983999252319336,17.983999252319336,236500,0.0,False
2025-02-12,17.868000030517578,17.899999618530273,17.66200065612793,17.854000091552734,17.854000091552734,319500,0.0,False
2025-02-13,17.97599983215332,18.25200080871582,17.899999618530273,18.243999481201172,18.243999481201172,587500,0.0,False
2025-02-14,18.187999725341797,18.242000579833984,17.857999801635742,17.895999908447266,17.895999908447266,485000,0.0,False
2025-02-18,18.030000686645508,18.08799934387207,17.808000564575195,18.031999588012695,18.031999588012695,400000,0.0,False
2025-02-19,17.988000869750977,18.058000564575195,17.68400001525879,17.823999404907227,17.823999404907227,414000,0.0,False
2025-02-20,17.917999267578125,18.110000610351562,17.895999908447266,17.920000076293945,17.920000076293945,244500,0.0,False
2025-02-21,17.805999755859375,17.875999450683594,17.700000762939453,17.738000869750977,17.738000869750977,324000,0.0,False
2025-02-24,17.437999725341797,17.468000411987305,17.172000885009766,17.173999786376953,17.173999786376953,1206500,0.0,False
2025-02-25,17.18600082397461,17.191999435424805,16.826000213623047,17.016000747680664,17.016000747680664,1161500,0.0,False
2025-02-26,16.913999557495117,17.1200008392334,16.902000427246094,16.979999542236328,16.979999542236328,250000,0.0,False
2025-02-27,16.926000595092773,16.926000595092773,16.756000518798828,16.82200050354004,16.82200050354004,573000,0.0,False
2025-02-28,16.756000518798828,16.965999603271484,16.6200008392334,16.899999618530273,16.899999618530273,2422500,0.0,False
2025-03-03,17.243999481201172,17.413999557495117,17.054000854492188,17.145999908447266,17.145999908447266,2391500,0.0,False
2025-03-04,17.0939998626709,17.398000717163086,17.0,17.31800079345703,17.31800079345703,312500,0.0,False
2025-03-05,17.200000762939453,17.31399917602539,17.152000427246094,17.308000564575195,17.308000564575195,532000,0.0,False
2025-03-06,17.31999969482422,17.464000701904297,17.236000061035156,17.260000228881836,17.260000228881836,330000,0.0,False
2025-03-07,17.3799991607666,17.511999130249023,17.218000411987305,17.392000198364258,17.392000198364258,267000,0.0,False
2025-03-10,17.503999710083008,17.503999710083008,17.115999221801758,17.139999389648438,17.139999389648438,365500,0.0,False
2025-03-11,17.261999130249023,17.469999313354492,17.191999435424805,17.280000686645508,17.280000686645508,301000,0.0,False
2025-03-12,17.378000259399414,17.493999481201172,17.285999298095703,17.389999389648438,17.389999389648438,276500,0.0,False
2025-03-13,17.29599952697754,17.6299991607666,17.261999130249023,17.573999404907227,17.573999404907227,400000,0.0,False
2025-03-14,17.8700008392334,17.898000717163086,17.56599998474121,17.649999618530273,17.649999618530273,620500,0.0,False
2025-03-17,17.649999618530273,17.83799934387207,17.642000198364258,17.73200035095215,17.73200035095215,331500,0.0,False
2025-03-18,17.766000747680664,17.823999404907227,17.600000381469727,17.724000930786133,17.724000930786133,513000,0.0,False
2025-03-19,17.601999282836914,17.67799949645996,17.5,17.56999969482422,17.56999969482422,765000,0.0,False
2025-03-20,17.350000381469727,17.420000076293945,17.299999237060547,17.41200065612793,17.41200065612793,450000,0.0,False
2025-03-21,17.464000701904297,17.555999755859375,17.417999267578125,17.52400016784668,17.52400016784668,245000,0.0,False
2025-03-24,17.459999084472656,17.496000289916992,17.350000381469727,17.423999786376953,17.423999786376953,290000,0.0,False
2025-03-25,17.652000427246094,17.700000762939453,17.525999069213867,17.549999237060547,17.549999237060547,668000,0.0,False
2025-03-26,17.715999603271484,17.860000610351562,17.639999389648438,17.75,17.75,2467000,0.0,False
2025-03-27,17.72800064086914,17.98200035095215,17.687999725341797,17.916000366210938,17.916000366210938,975000,0.0,False
2025-03-28,17.974000930786133,17.97800064086914,17.672000885009766,17.784000396728516,17.784000396728516,947000,0.0,False
2025-03-31,17.996000289916992,18.15399932861328,17.753999710083008,18.110000610351562,18.110000610351562,992000,0.0,False
2025-04-01,18.104000091552734,18.222000122070312,17.968000411987305,18.059999465942383,18.059999465942383,759000,0.0,False
2025-04-02,17.996000289916992,17.996000289916992,17.687999725341797,17.804000854492188,17.804000854492188,693500,0.0,False
2025-04-03,17.214000701904297,17.29800033569336,16.898000717163086,16.968000411987305,16.968000411987305,1608000,0.0,False
2025-04-04,16.799999237060547,16.968000411987305,16.639999389648438,16.81399917602539,16.81399917602539,1265000,0.0,False
2025-04-07,16.639999389648438,16.986000061035156,16.47800064086914,16.604000091552734,16.604000091552734,1455500,0.0,False
2025-04-08,16.81599998474121,16.81599998474121,16.479999542236328,16.5939998626709,16.5939998626709,541500,0.0,False
2025-04-09,16.600000381469727,16.91200065612793,16.510000228881836,16.799999237060547,16.799999237060547,687500,0.0,False
2025-04-10,16.77199935913086,16.88800048828125,16.56399917602539,16.756000518798828,16.756000518798828,466000,0.0,False
2025-04-11,16.802000045776367,16.920000076293945,16.742000579833984,16.785999298095703,16.785999298095703,353000,0.0,False
2025-04-14,17.299999237060547,17.540000915527344,17.24799919128418,17.43000030517578,17.43000030517578,750500,0.0,False
2025-04-15,17.65399932861328,17.84000015258789,17.520000457763672,17.753999710083008,17.753999710083008,630000,0.0,False
2025-04-16,17.81399917602539,17.875999450683594,17.695999145507812,17.729999542236328,17.729999542236328,718000,0.0,False
2025-04-17,17.357999801635742,17.54599952697754,17.323999404907227,17.47599983215332,17.47599983215332,439000,0.0,False
2025-04-21,17.26799964904785,17.290000915527344,17.04199981689453,17.13599967956543,17.13599967956543,465500,0.0,False
2025-04-22,17.167999267578125,17.309999465942383,17.003999710083008,17.02400016784668,17.02400016784668,384000,0.0,False
2025-04-23,17.209999084472656,17.327999114990234,16.979999542236328,17.152000427246094,17.152000427246094,629000,0.0,False
2025-04-24,17.399999618530273,17.40999984741211,17.281999588012695,17.33799934387207,17.33799934387207,317500,0.0,False
2025-04-25,17.187999725341797,17.214000701904297,17.06999969482422,17.163999557495117,17.163999557495117,315500,0.0,False
2025-04-28,17.459999084472656,17.54199981689453,17.31399917602539,17.347999572753906,17.347999572753906,574000,0.0,False
2025-04-29,17.336000442504883,17.33799934387207,17.100000381469727,17.15399932861328,17.15399932861328,196500,0.0,False
2025-04-30,17.055999755859375,17.200000762939453,17.00200080871582,17.200000762939453,17.200000762939453,458500,0.0,False
2025-05-01,17.290000915527344,17.3700008392334,17.172000885009766,17.238000869750977,17.238000869750977,274000,0.0,False
2025-05-02,17.398000717163086,17.472000122070312,17.26799964904785,17.365999221801758,17.365999221801758,196500,0.0,False
2025-05-05,17.341999053955078,17.38599967956543,17.15999984741211,17.238000869750977,17.238000869750977,256500,0.0,False
2025-05-06,17.582000732421875,17.829999923706055,17.52199935913086,17.784000396728516,17.784000396728516,799000,0.0,False
2025-05-07,17.917999267578125,17.972000122070312,17.56999969482422,17.6200008392334,17.6200008392334,523000,0.0,False
2025-05-08,17.829999923706055,18.36199951171875,17.75,17.781999588012695,17.781999588012695,455000,0.0,False
2025-05-09,17.926000595092773,17.947999954223633,17.784000396728516,17.878000259399414,17.878000259399414,257000,0.0,False
2025-05-12,17.57200050354004,17.600000381469727,17.214000701904297,17.239999771118164,17.239999771118164,611500,0.0,False
2025-05-13,17.32200050354004,17.507999420166016,17.31599998474121,17.423999786376953,17.423999786376953,360500,0.0,False
2025-05-14,17.68600082397461,17.68600082397461,17.305999755859375,17.392000198364258,17.392000198364258,325000,0.0,False
2025-05-15,17.672000885009766,17.68199920654297,17.538000106811523,17.562000274658203,17.562000274658203,349500,0.0,False
2025-05-16,17.559999465942383,17.694000244140625,17.378000259399414,17.538000106811523,17.538000106811523,293000,0.0,False
2025-05-19,17.586000442504883,17.8799991607666,17.555999755859375,17.808000564575195,17.808000564575195,443000,0.0,False
2025-05-20,18.142000198364258,18.600000381469727,18.059999465942383,18.5939998626709,18.5939998626709,1984500,0.0,False
2025-05-21,18.600000381469727,19.06800079345703,18.600000381469727,18.878000259399414,18.878000259399414,1809000,0.0,False
2025-05-22,18.530000686645508,18.597999572753906,18.290000915527344,18.416000366210938,18.416000366210938,976000,0.0,False
2025-05-23,18.190000534057617,18.399999618530273,18.115999221801758,18.239999771118164,18.239999771118164,1084000,0.0,False
2025-05-27,17.95400047302246,18.059999465942383,17.829999923706055,17.902000427246094,17.902000427246094,1066500,0.0,False
2025-05-28,17.799999237060547,17.81800079345703,17.576000213623047,17.690000534057617,17.690000534057617,2943500,0.0,False
2025-05-29,17.722000122070312,17.86400032043457,17.670000076293945,17.83799934387207,17.83799934387207,1179500,0.0,False
2025-05-30,17.621999740600586,17.770000457763672,17.516000747680664,17.756000518798828,17.756000518798828,1039000,0.0,False
2025-06-02,18.010000228881836,18.142000198364258,17.832000732421875,18.13599967956543,18.13599967956543,1381500,0.0,False
2025-06-03,18.40999984741211,18.516000747680664,18.266000747680664,18.513999938964844,18.513999938964844,1295000,0.0,False
2025-06-04,18.290000915527344,18.3439998626709,18.200000762939453,18.332000732421875,18.332000732421875,919500,0.0,False
2025-06-05,18.493999481201172,18.624000549316406,18.31599998474121,18.465999603271484,18.465999603271484,2479000,0.0,False
2025-06-06,18.899999618530273,19.190000534057617,18.84600067138672,19.131999969482422,19.131999969482422,2191000,0.0,False
2025-06-09,19.534000396728516,19.790000915527344,19.469999313354492,19.719999313354492,19.719999313354492,1802000,0.0,False
2025-06-10,19.52199935913086,19.6200008392334,19.281999588012695,19.416000366210938,19.416000366210938,1368000,0.0,False
2025-06-11,19.59600067138672,19.79199981689453,19.45400047302246,19.531999588012695,19.531999588012695,1610500,0.0,False
2025-06-12,19.176000595092773,19.40999984741211,19.118000030517578,19.398000717163086,19.398000717163086,1339500,0.0,False
2025-06-13,19.27400016784668,19.31399917602539,18.847999572753906,18.881999969482422,18.881999969482422,1171000,0.0,False
2025-06-16,19.139999389648438,19.187999725341797,18.802000045776367,18.871999740600586,18.871999740600586,921500,0.0,False
2025-06-17,19.091999053955078,19.197999954223633,19.027999877929688,19.158000946044922,19.158000946044922,888500,0.0,False
2025-06-18,19.29400062561035,19.29599952697754,19.058000564575195,19.09600067138672,19.09600067138672,1215000,0.0,False
2025-06-20,19.18000030517578,19.229999542236328,19.006000518798828,19.18000030517578,19.18000030517578,929500,0.0,False
2025-06-23,19.562000274658203,19.739999771118164,19.492000579833984,19.63800048828125,19.63800048828125,1302000,0.0,False
2025-06-24,19.48200035095215,19.48200035095215,19.257999420166016,19.43000030517578,19.43000030517578,1294500,0.0,False
2025-06-25,19.233999252319336,19.54199981689453,19.152000427246094,19.527999877929688,19.527999877929688,903000,0.0,False
2025-06-26,19.804000854492188,20.945999145507812,19.75200080871582,20.781999588012695,20.781999588012695,3223000,0.0,False
2025-06-27,20.464000701904297,20.829999923706055,20.347999572753906,20.70599937438965,20.70599937438965,1834500,0.0,False
2025-06-30,20.371999740600586,20.479999542236328,19.8799991607666,20.121999740600586,20.121999740600586,2013000,0.0,False
2025-07-01,20.3439998626709,20.38599967956543,19.961999893188477,20.23200035095215,20.23200035095215,1637000,0.0,False
2025-07-02,20.709999084472656,21.222000122070312,20.610000610351562,21.209999084472656,21.209999084472656,2835500,0.0,False
2025-07-03,20.634000778198242,20.850000381469727,20.583999633789062,20.808000564575195,20.808000564575195,1673000,0.0,False
2025-07-07,20.211999893188477,20.29199981689453,20.058000564575195,20.29199981689453,20.29199981689453,1455500,0.0,False
2025-07-08,20.31800079345703,20.375999450683594,20.02400016784668,20.239999771118164,20.239999771118164,1015000,0.0,False
2025-07-09,20.04800033569336,20.281999588012695,19.90999984741211,20.25,20.25,1276500,0.0,False
2025-07-10,20.79199981689453,21.077999114990234,20.40399932861328,20.979999542236328,20.979999542236328,2151000,0.0,False
2025-07-11,21.219999313354492,22.299999237060547,21.20400047302246,22.209999084472656,22.209999084472656,3203500,0.0,False
2025-07-14,21.73200035095215,22.06999969482422,21.559999465942383,21.82200050354004,21.82200050354004,2278500,0.0,False
2025-07-15,22.18400001525879,22.18400001525879,21.76799964904785,21.826000213623047,21.826000213623047,1049500,0.0,False
2025-07-16,22.41200065612793,22.576000213623047,22.17799949645996,22.576000213623047,22.576000213623047,1317500,0.0,False
2025-07-17,22.59000015258789,23.479999542236328,22.43600082397461,23.447999954223633,23.447999954223633,1808500,0.0,False
2025-07-18,23.860000610351562,23.860000610351562,22.784000396728516,22.8439998626709,22.8439998626709,2971500,0.0,False
2025-07-21,23.200000762939453,23.503999710083008,23.0,23.062000274658203,23.062000274658203,1213000,0.0,False
2025-07-22,23.016000747680664,23.416000366210938,22.95199966430664,23.389999389648438,23.389999389648438,880000,0.0,False
2025-07-23,23.073999404907227,23.61199951171875,23.016000747680664,23.40399932861328,23.40399932861328,1117500,0.0,False
2025-07-24,22.979999542236328,23.11400032043457,22.510000228881836,22.573999404907227,22.573999404907227,1677500,0.0,False
2025-07-25,22.5,22.5,22.06399917602539,22.34600067138672,22.34600067138672,1311000,0.0,False
2025-07-28,22.724000930786133,22.780000686645508,22.266000747680664,22.493999481201172,22.493999481201172,1755000,0.0,False
2025-07-29,22.631999969482422,22.961999893188477,22.47599983215332,22.902000427246094,22.902000427246094,924000,0.0,False
2025-07-30,22.93199920654297,22.93199920654297,21.5,21.68400001525879,21.68400001525879,3444500,0.0,False
2025-07-31,22.18199920654297,22.239999771118164,21.469999313354492,21.73200035095215,21.73200035095215,1667500,0.0,False
2025-08-01,22.23200035095215,22.270000457763672,21.833999633789062,22.02199935913086,22.02199935913086,1565000,0.0,False
2025-08-04,21.700000762939453,22.054000854492188,21.576000213623047,21.781999588012695,21.781999588012695,1261000,0.0,False
2025-08-05,21.42799949645996,21.847999572753906,21.350000381469727,21.47800064086914,21.47800064086914,1056500,0.0,False
2025-08-06,20.920000076293945,21.06999969482422,20.670000076293945,20.881999969482422,20.881999969482422,1661500,0.0,False
2025-08-07,21.049999237060547,21.20400047302246,20.923999786376953,21.131999969482422,21.131999969482422,979000,0.0,False
2025-08-08,20.672000885009766,20.892000198364258,20.464000701904297,20.489999771118164,20.489999771118164,2363500,0.0,False
2025-08-11,20.805999755859375,21.091999053955078,20.75200080871582,20.941999435424805,20.941999435424805,907000,0.0,False
2025-08-12,20.658000946044922,20.77199935913086,20.479999542236328,20.56599998474121,20.56599998474121,651000,0.0,False
2025-08-13,20.59000015258789,20.739999771118164,20.465999603271484,20.709999084472656,20.709999084472656,571500,0.0,False
2025-08-14,20.79800033569336,20.989999771118164,20.59000015258789,20.937999725341797,20.937999725341797,664500,0.0,False
2025-08-15,20.441999435424805,20.549999237060547,20.332000732421875,20.38599967956543,20.38599967956543,1575000,0.0,False
2025-08-18,20.464000701904297,20.582000732421875,20.350000381469727,20.43199920654297,20.43199920654297,750500,0.0,False
2025-08-19,20.479999542236328,20.59600067138672,20.172000885009766,20.22599983215332,20.22599983215332,812500,0.0,False
2025-08-20,20.423999786376953,20.562000274658203,20.131999969482422,20.336000442504883,20.336000442504883,659000,0.0,False
2025-08-21,20.143999099731445,20.305999755859375,20.031999588012695,20.260000228881836,20.260000228881836,793000,0.0,False
2025-08-22,20.520000457763672,20.760000228881836,20.38800048828125,20.54199981689453,20.54199981689453,929500,0.0,False
2025-08-25,20.166000366210938,20.25,19.97599983215332,20.04400062561035,20.04400062561035,1052500,0.0,False
2025-08-26,19.972000122070312,20.149999618530273,19.851999282836914,20.115999221801758,20.115999221801758,719500,0.0,False
2025-08-27,19.913999557495117,19.996000289916992,19.695999145507812,19.95800018310547,19.95800018310547,799000,0.0,False
2025-08-28,20.131999969482422,20.200000762939453,20.020000457763672,20.167999267578125,20.167999267578125,1072000,0.0,False
2025-08-29,19.937999725341797,20.25,19.874000549316406,20.233999252319336,20.233999252319336,1002000,0.0,False
2025-09-02,20.371999740600586,20.826000213623047,20.260000228881836,20.81999969482422,20.81999969482422,2752500,0.0,False
2025-09-03,21.034000396728516,21.200000762939453,20.854000091552734,20.92799949645996,20.92799949645996,1946000,0.0,False
2025-09-04,20.673999786376953,20.722000122070312,20.45400047302246,20.510000228881836,20.510000228881836,1331000,0.0,False
2025-09-05,20.54400062561035,20.714000701904297,20.110000610351562,20.33799934387207,20.33799934387207,1423000,0.0,False
2025-09-08,20.663999557495117,20.8700008392334,20.604000091552734,20.79599952697754,20.79599952697754,2728500,0.0,False
2025-09-09,20.666000366210938,20.860000610351562,20.402000427246094,20.777999877929688,20.777999877929688,2083500,0.0,False
2025-09-10,21.531999588012695,21.77400016784668,21.408000946044922,21.511999130249023,21.511999130249023,1734500,0.0,False
2025-09-11,21.6560001373291,21.826000213623047,21.58799934387207,21.742000579833984,21.742000579833984,1429500,0.0,False
2025-09-12,22.243999481201172,22.43400001525879,21.945999145507812,22.131999969482422,22.131999969482422,1787500,0.0,False
2025-09-15,21.63599967956543,21.88599967956543,21.45800018310547,21.871999740600586,21.871999740600586,1640000,0.0,False
2025-09-16,21.687999725341797,21.687999725341797,21.356000900268555,21.459999084472656,21.459999084472656,903000,0.0,False
2025-09-17,21.194000244140625,21.275999069213867,20.799999237060547,21.052000045776367,21.052000045776367,1406000,0.0,False
2025-09-18,21.038000106811523,21.326000213623047,20.826000213623047,21.097999572753906,21.097999572753906,1101500,0.0,False
2025-09-19,20.86199951171875,21.035999298095703,20.770000457763672,20.969999313354492,20.969999313354492,1270500,0.0,False
2025-09-22,21.437999725341797,21.73200035095215,21.350000381469727,21.672000885009766,21.672000885009766,1603500,0.0,False
2025-09-23,22.399999618530273,22.43400001525879,22.11199951171875,22.357999801635742,22.357999801635742,2655500,0.0,False
2025-09-24,22.474000930786133,22.474000930786133,21.993999481201172,22.06800079345703,22.06800079345703,1384500,0.0,False
2025-09-25,22.672000885009766,23.04599952697754,22.347999572753906,23.006000518798828,23.006000518798828,4033500,0.0,False
2025-09-26,23.11199951171875,23.395999908447266,23.040000915527344,23.18199920654297,23.18199920654297,2433000,0.0,False
2025-09-29,23.148000717163086,23.33799934387207,22.742000579833984,23.06999969482422,23.06999969482422,2910000,0.0,False
2025-09-30,22.59600067138672,22.8700008392334,22.45199966430664,22.833999633789062,22.833999633789062,1419500,0.0,False
2025-10-01,22.70199966430664,23.013999938964844,22.618000030517578,22.829999923706055,22.829999923706055,1739000,0.0,False
2025-10-02,22.95400047302246,22.95400047302246,22.06800079345703,22.81599998474121,22.81599998474121,2655000,0.0,False
2025-10-03,22.850000381469727,23.18600082397461,22.804000854492188,23.13599967956543,23.13599967956543,3356000,0.0,False
2025-10-06,23.531999588012695,24.33799934387207,23.525999069213867,24.266000747680664,24.266000747680664,5858500,0.0,False
2025-10-07,24.695999145507812,25.040000915527344,24.191999435424805,24.591999053955078,24.591999053955078,4008500,0.0,False
2025-10-08,25.875999450683594,26.988000869750977,25.76799964904785,26.856000900268555,26.856000900268555,6230000,0.0,False
2025-10-09,27.246000289916992,27.332000732421875,25.642000198364258,25.88599967956543,25.88599967956543,7252000,0.0,False
2025-10-10,26.618000030517578,26.917999267578125,25.61400032043457,25.9060001373291,25.9060001373291,3988000,0.0,False
2025-10-13,26.52400016784668,27.31599998474121,26.389999389648438,26.97800064086914,26.97800064086914,3262500,0.0,False
2025-10-14,26.926000595092773,28.115999221801758,26.5,27.67799949645996,27.67799949645996,3127000,0.0,False
2025-10-15,28.25200080871582,28.333999633789062,27.639999389648438,28.172000885009766,28.172000885009766,3273500,0.0,False
2025-10-16,28.892000198364258,29.697999954223633,28.799999237060547,29.52400016784668,29.52400016784668,5459500,0.0,False
2025-10-17,28.142000198364258,28.176000595092773,26.5,26.52400016784668,26.52400016784668,7702000,0.0,False
2025-10-20,26.993999481201172,27.600000381469727,26.81800079345703,27.586000442504883,27.586000442504883,3181000,0.0,False
2025-10-21,25.892000198364258,26.059999465942383,25.22599983215332,25.687999725341797,25.687999725341797,4267000,0.0,False
2025-10-22,26.003999710083008,26.95800018310547,25.496000289916992,26.464000701904297,26.464000701904297,4286500,0.0,False
2025-10-23,26.667999267578125,26.920000076293945,26.305999755859375,26.347999572753906,26.347999572753906,1743500,0.0,False
2025-10-24,26.341999053955078,26.67799949645996,26.003999710083008,26.055999755859375,26.055999755859375,1027500,0.0,False
2025-10-27,25.788000106811523,25.788000106811523,25.22800064086914,25.483999252319336,25.483999252319336,2039000,0.0,False
2025-10-28,24.95199966430664,25.645999908447266,24.884000778198242,25.576000213623047,25.576000213623047,2329000,0.0,False
2025-10-29,25.945999145507812,26.016000747680664,25.45199966430664,25.582000732421875,25.582000732421875,1578000,0.0,False
2025-10-30,25.884000778198242,26.583999633789062,25.742000579833984,26.47599983215332,26.47599983215332,1649500,0.0,False
2025-10-31,26.70800018310547,26.733999252319336,26.06800079345703,26.333999633789062,26.333999633789062,1028500,0.0,False
2025-11-03,26.624000549316406,26.68199920654297,25.961999893188477,26.197999954223633,26.197999954223633,1082500,0.0,False
2025-11-04,25.836000442504883,25.950000762939453,25.3799991607666,25.416000366210938,25.416000366210938,1788500,0.0,False
2025-11-05,25.75200080871582,26.040000915527344,25.600000381469727,25.922000885009766,25.922000885009766,1056000,0.0,False
2025-11-06,25.58799934387207,25.799999237060547,24.851999282836914,25.08799934387207,25.08799934387207,1290500,0.0,False
2025-11-07,25.224000930786133,25.468000411987305,24.965999603271484,25.29800033569336,25.29800033569336,1335000,0.0,False
2025-11-10,25.610000610351562,26.09000015258789,25.520000457763672,25.97599983215332,25.97599983215332,1753000,0.0,False
2025-11-11,26.24799919128418,26.597999572753906,25.992000579833984,26.444000244140625,26.444000244140625,1974500,0.0,False
2025-11-12,26.222000122070312,26.937999725341797,26.110000610351562,26.856000900268555,26.856000900268555,1798000,0.0,False
2025-11-13,26.68400001525879,26.84000015258789,25.959999084472656,26.00200080871582,26.00200080871582,1860000,0.0,False
2025-11-14,25.236000061035156,25.854000091552734,24.959999084472656,25.579999923706055,25.579999923706055,1615000,0.0,False
2025-11-17,25.167999267578125,25.604000091552734,24.90399932861328,25.261999130249023,25.261999130249023,1638500,0.0,False
2025-11-18,25.3799991607666,25.770000457763672,25.083999633789062,25.610000610351562,25.610000610351562,1045500,0.0,False
2025-11-19,25.621999740600586,25.788000106811523,25.214000701904297,25.25200080871582,25.25200080871582,1044000,0.0,False
2025-11-20,25.799999237060547,25.968000411987305,24.979999542236328,25.054000854492188,25.054000854492188,1493000,0.0,False
2025-11-21,25.0,25.31999969482422,24.6200008392334,24.940000534057617,24.940000534057617,1422500,0.0,False
2025-11-24,25.167999267578125,25.530000686645508,25.062000274658203,25.440000534057617,25.440000534057617,1046500,0.0,False
2025-11-25,25.375999450683594,25.506000518798828,25.104000091552734,25.357999801635742,25.357999801635742,654500,0.0,False
2025-11-26,25.65999984741211,25.979999542236328,25.459999084472656,25.90999984741211,25.90999984741211,1417000,0.0,False
2025-11-28,26.257999420166016,26.719999313354492,26.200000762939453,26.486000061035156,26.486000061035156,1742000,0.0,False
2025-12-01,26.56999969482422,26.804000854492188,25.8439998626709,26.0,26.0,1899500,0.0,False
2025-12-02,26.591999053955078,26.788000106811523,26.224000930786133,26.785999298095703,26.785999298095703,1934000,0.0,False
2025-12-03,26.52199935913086,27.0,26.263999938964844,26.93600082397461,26.93600082397461,1139000,0.0,False
2025-12-04,26.29400062561035,26.58799934387207,26.04599952697754,26.45599937438965,26.45599937438965,1446500,0.0,False
2025-12-05,26.59600067138672,26.75,26.384000778198242,26.600000381469727,26.600000381469727,766000,0.0,False
2025-12-08,27.0,27.034000396728516,26.540000915527344,26.784000396728516,26.784000396728516,1643500,0.0,False
2025-12-09,26.829999923706055,27.535999298095703,26.586000442504883,27.47800064086914,27.47800064086914,3190000,0.0,False
2025-12-10,26.88800048828125,26.922000885009766,26.465999603271484,26.892000198364258,26.892000198364258,2441500,0.0,False
2025-12-11,26.777999877929688,27.312000274658203,26.72800064086914,27.29400062561035,27.29400062561035,2557500,0.0,False
2025-12-12,28.0,28.073999404907227,26.940000534057617,27.299999237060547,27.299999237060547,2582000,0.0,False
2025-12-15,28.378000259399414,28.920000076293945,28.302000045776367,28.67799949645996,28.67799949645996,3710500,0.0,False
2025-12-16,28.878000259399414,29.48200035095215,28.83799934387207,29.222000122070312,29.222000122070312,2408500,0.0,False
2025-12-17,29.573999404907227,30.1200008392334,29.336000442504883,29.895999908447266,29.895999908447266,3352000,0.0,False
2025-12-18,31.0,31.118000030517578,30.492000579833984,30.79199981689453,30.79199981689453,3019500,0.0,False
2025-12-19,30.61199951171875,31.31599998474121,30.579999923706055,31.211999893188477,31.211999893188477,2666000,0.0,False
2025-12-22,32.380001068115234,32.380001068115234,31.459999084472656,32.099998474121094,32.099998474121094,3432000,0.0,False
2025-12-23,33.27399826049805,34.14400100708008,33.04800033569336,33.84000015258789,33.84000015258789,6510500,0.0,False
2025-12-24,32.14400100708008,32.19200134277344,30.496000289916992,31.299999237060547,31.299999237060547,8130000,0.0,False
2025-12-26,33.46799850463867,35.19200134277344,33.145999908447266,35.18199920654297,35.18199920654297,5604000,0.0,False
2025-12-29,30.020000457763672,30.356000900268555,29.200000762939453,30.211999893188477,30.211999893188477,8060500,0.0,False
2025-12-30,30.486000061035156,30.860000610351562,29.40399932861328,29.40999984741211,29.40999984741211,5318500,0.0,False
2025-12-31,28.90999984741211,29.48200035095215,28.799999237060547,29.076000213623047,29.076000213623047,3421000,0.0,False
2026-01-02,30.040000915527344,30.18199920654297,29.402000427246094,29.79599952697754,29.79599952697754,1943000,0.0,False
2026-01-05,31.115999221801758,31.510000228881836,30.88800048828125,30.92799949645996,30.92799949645996,2598500,0.0,False
2026-01-06,32.20399856567383,33.33399963378906,32.150001525878906,33.07400131225586,33.07400131225586,3451000,0.0,False
2026-01-07,31.483999252319336,32.09000015258789,31.0,32.05400085449219,32.05400085449219,3542000,0.0,False
2026-01-08,31.381999969482422,32.54199981689453,31.121999740600586,32.400001525878906,32.400001525878906,2195500,0.0,False
2026-01-09,33.38800048828125,33.847999572753906,33.00400161743164,33.24599838256836,33.24599838256836,2643000,0.0,False
2026-01-12,33.8120002746582,34.347999572753906,33.672000885009766,33.88600158691406,33.88600158691406,2126500,0.0,False
2026-01-13,34.16600036621094,34.50400161743164,33.13199996948242,33.27000045776367,33.27000045776367,2876500,0.0,False
2026-01-14,33.694000244140625,34.20399856567383,33.2859992980957,34.034000396728516,34.034000396728516,2392000,0.0,False
2026-01-15,32.70000076293945,33.43199920654297,32.48400115966797,33.104000091552734,33.104000091552734,2389000,0.0,False
2026-01-16,31.809999465942383,32.731998443603516,31.586000442504883,32.619998931884766,32.619998931884766,4107000,0.0,False
2026-01-20,33.6879997253418,34.03799819946289,33.43000030517578,33.90800094604492,33.90800094604492,2683000,0.0,False
2026-01-21,33.900001525878906,34.27199935913086,33.189998626708984,33.75400161743164,33.75400161743164,2924500,0.0,False
2026-01-22,33.986000061035156,35.18199920654297,33.70000076293945,35.18199920654297,35.18199920654297,3891500,0.0,False
2026-01-23,36.04600143432617,36.9900016784668,35.84000015258789,36.948001861572266,36.948001861572266,5160000,0.0,False
2026-01-26,38.242000579833984,39.481998443603516,36.332000732421875,36.75400161743164,36.75400161743164,8632500,0.0,False
2026-01-27,35.513999938964844,35.63199996948242,33.7140007019043,34.99800109863281,34.99800109863281,6726500,0.0,False
2026-01-28,36.67399978637695,37.22999954223633,35.816001892089844,37.18199920654297,37.18199920654297,3904000,0.0,False
2026-01-29,38.46200180053711,38.95399856567383,35.167999267578125,36.49399948120117,36.49399948120117,6584000,0.0,False
2026-01-30,33.13199996948242,33.75400161743164,29.076000213623047,30.77199935913086,30.77199935913086,11070000,0.0,False
2026-02-02,31.559999465942383,31.881999969482422,30.016000747680664,31.22800064086914,31.22800064086914,4406500,0.0,False
2026-02-03,33.0,33.369998931884766,31.507999420166016,31.944000244140625,31.944000244140625,3014500,0.0,False
2026-02-04,33.29600143432617,33.551998138427734,31.31999969482422,32.060001373291016,32.060001373291016,2527500,0.0,False
2026-02-05,30.393999099731445,31.280000686645508,30.007999420166016,30.011999130249023,30.011999130249023,4848000,0.0,False
2026-02-06,30.600000381469727,31.527999877929688,30.54400062561035,30.97800064086914,30.97800064086914,2327500,0.0,False
2026-02-09,31.31399917602539,31.760000228881836,31.209999084472656,31.610000610351562,31.610000610351562,1243000,0.0,False
2026-02-10,31.714000701904297,31.833999633789062,30.941999435424805,31.01799964904785,31.01799964904785,1098500,0.0,False
2026-02-11,32.01599884033203,32.04199981689453,31.06599998474121,31.197999954223633,31.197999954223633,1197500,0.0,False
2026-02-12,31.18000030517578,31.43199920654297,29.399999618530273,29.399999618530273,29.399999618530273,2144000,0.0,False
2026-02-13,30.13800048828125,31.02400016784668,29.76799964904785,30.694000244140625,30.694000244140625,2181000,0.0,False
2026-02-17,30.3799991607666,30.920000076293945,29.944000244140625,30.70599937438965,30.70599937438965,1746500,0.0,False
2026-02-18,31.413999557495117,31.827999114990234,30.959999084472656,31.327999114990234,31.327999114990234,1321000,0.0,False
2026-02-19,30.493999481201172,30.77400016784668,30.239999771118164,30.583999633789062,30.583999633789062,894000,0.0,False
2026-02-20,31.1299991607666,31.93000030517578,31.07200050354004,31.920000076293945,31.920000076293945,2102500,0.0,False
2026-02-23,32.04999923706055,32.375999450683594,31.368000030517578,31.908000946044922,31.908000946044922,1210000,0.0,False
2026-02-24,31.18600082397461,32.59199905395508,31.18400001525879,32.540000915527344,32.540000915527344,1645500,0.0,False
2026-02-25,32.99399948120117,33.198001861572266,32.49800109863281,32.49800109863281,32.49800109863281,1967500,0.0,False
2026-02-26,31.993999481201172,32.486000061035156,31.559999465942383,32.486000061035156,32.486000061035156,1303500,0.0,False
2026-02-27,32.41600036621094,32.625999450683594,32.13999938964844,32.47800064086914,32.47800064086914,1105000,0.0,False
2026-03-02,31.871999740600586,32.400001525878906,31.70599937438965,32.19200134277344,32.19200134277344,1302500,0.0,False
2026-03-03,30.18600082397461,30.392000198364258,29.00200080871582,29.988000869750977,29.988000869750977,2499000,0.0,False
2026-03-04,30.65999984741211,30.70599937438965,30.280000686645508,30.327999114990234,30.327999114990234,798500,0.0,False
2026-03-05,29.823999404907227,29.92799949645996,29.423999786376953,29.558000564575195,29.558000564575195,1460500,0.0,False
2026-03-06,29.591999053955078,29.865999221801758,29.440000534057617,29.540000915527344,29.540000915527344,1223000,0.0,False
2026-03-09,29.667999267578125,30.739999771118164,29.45400047302246,30.643999099731445,30.643999099731445,1697000,0.0,False
2026-03-10,30.785999298095703,30.785999298095703,30.04800033569336,30.15999984741211,30.15999984741211,961000,0.0,False
2026-03-11,29.799999237060547,30.118000030517578,29.516000747680664,29.847999572753906,29.847999572753906,936000,0.0,False
2026-03-12,30.020000457763672,30.025999069213867,29.299999237060547,29.408000946044922,29.408000946044922,798500,0.0,False
2026-03-13,29.304000854492188,29.365999221801758,28.077999114990234,28.152000427246094,28.152000427246094,1784500,0.0,False
2026-03-16,28.857999801635742,29.341999053955078,28.715999603271484,29.22800064086914,29.22800064086914,810000,0.0,False
2026-03-17,29.38599967956543,29.6200008392334,29.055999755859375,29.170000076293945,29.170000076293945,472500,0.0,False
2026-03-18,27.788000106811523,28.357999801635742,27.00200080871582,27.06800079345703,27.06800079345703,2919500,0.0,False
2026-03-19,26.197999954223633,26.479999542236328,25.610000610351562,26.31800079345703,26.31800079345703,4573500,0.0,False
2026-03-20,26.31999969482422,26.479999542236328,25.365999221801758,25.591999053955078,25.591999053955078,2726500,0.0,False
2026-03-23,25.860000610351562,26.586000442504883,25.511999130249023,25.88800048828125,25.88800048828125,1792500,0.0,False
2026-03-24,25.54800033569336,25.860000610351562,25.100000381469727,25.634000778198242,25.634000778198242,1416000,0.0,False
2026-03-25,26.167999267578125,26.27199935913086,25.634000778198242,25.847999572753906,25.847999572753906,840000,0.0,False
2026-03-26,24.790000915527344,25.06800079345703,24.34600067138672,24.47599983215332,24.47599983215332,1732000,0.0,False
2026-03-27,24.916000366210938,25.624000549316406,24.799999237060547,25.08799934387207,25.08799934387207,1063000,0.0,False
2026-03-30,25.856000900268555,25.926000595092773,25.444000244140625,25.621999740600586,25.621999740600586,743500,0.0,False
2026-03-31,26.224000930786133,27.04400062561035,26.15399932861328,26.941999435424805,26.941999435424805,1294000,0.0,False
2026-04-01,26.691999435424805,27.51799964904785,26.559999465942383,26.93000030517578,26.93000030517578,1520000,0.0,False
2026-04-02,26.41200065612793,27.461999893188477,26.399999618530273,27.461999893188477,27.461999893188477,795500,0.0,False
2026-04-06,26.99799919128418,27.11199951171875,26.742000579833984,27.035999298095703,27.035999298095703,338000,0.0,False
2026-04-07,26.47800064086914,26.739999771118164,25.93000030517578,26.618000030517578,26.618000030517578,705000,0.0,False
2026-04-08,29.15999984741211,29.27199935913086,28.360000610351562,28.486000061035156,28.486000061035156,3073000,0.0,False
2026-04-09,28.239999771118164,28.479999542236328,27.827999114990234,28.329999923706055,28.329999923706055,864000,0.0,False
2026-04-10,27.6200008392334,27.8799991607666,27.50200080871582,27.785999298095703,27.785999298095703,394000,0.0,False
2026-04-13,27.82200050354004,28.673999786376953,27.634000778198242,28.672000885009766,28.672000885009766,562000,0.0,False
2026-04-14,28.309999465942383,28.902000427246094,28.266000747680664,28.893999099731445,28.893999099731445,530000,0.0,False
2026-04-15,28.72599983215332,28.895999908447266,28.41200065612793,28.57200050354004,28.57200050354004,868500,0.0,False
2026-04-16,28.658000946044922,28.73200035095215,28.20199966430664,28.270000457763672,28.270000457763672,777000,0.0,False
2026-04-17,28.6560001373291,29.06800079345703,28.447999954223633,28.510000228881836,28.510000228881836,1060500,0.0,False
2026-04-20,28.270000457763672,28.398000717163086,28.02400016784668,28.34000015258789,28.34000015258789,1000500,0.0,False
2026-04-21,28.32200050354004,28.54599952697754,27.624000549316406,27.624000549316406,27.624000549316406,1250500,0.0,False
2026-04-22,28.257999420166016,28.472000122070312,28.011999130249023,28.13800048828125,28.13800048828125,474000,0.0,False
2026-04-23,26.974000930786133,27.474000930786133,26.486000061035156,26.562000274658203,26.562000274658203,1622500,0.0,False
2026-04-24,26.989999771118164,27.336000442504883,26.90999984741211,27.288000106811523,27.288000106811523,522500,0.0,False
2026-04-27,26.84600067138672,26.989999771118164,26.639999389648438,26.718000411987305,26.718000411987305,727000,0.0,False
2026-04-28,26.450000762939453,26.691999435424805,26.229999542236328,26.513999938964844,26.513999938964844,783500,0.0,False
2026-04-29,26.200000762939453,26.718000411987305,26.121999740600586,26.399999618530273,26.399999618530273,671500,0.0,False
2026-04-30,26.898000717163086,27.93400001525879,26.711999893188477,27.70800018310547,27.70800018310547,1466500,0.0,False
2026-05-01,27.628000259399414,28.13800048828125,27.628000259399414,27.65999984741211,27.65999984741211,974500,0.0,False
2026-05-04,26.99799919128418,27.243999481201172,26.621999740600586,26.88599967956543,26.88599967956543,780500,0.0,False
2026-05-05,27.3439998626709,27.540000915527344,26.97800064086914,27.054000854492188,27.054000854492188,715000,0.0,False
2026-05-06,27.775999069213867,28.106000900268555,27.743999481201172,27.961999893188477,27.961999893188477,981000,0.0,False
2026-05-07,27.770000457763672,27.856000900268555,26.95199966430664,26.996000289916992,26.996000289916992,796000,0.0,False
2026-05-08,26.8700008392334,27.172000885009766,26.67799949645996,26.941999435424805,26.941999435424805,718500,0.0,False
2026-05-11,27.6299991607666,27.63800048828125,27.218000411987305,27.483999252319336,27.483999252319336,1125000,0.0,False
2026-05-12,26.79800033569336,27.222000122070312,26.375999450683594,27.20800018310547,27.20800018310547,638500,0.0,False
2026-05-13,26.917999267578125,27.694000244140625,26.917999267578125,27.354000091552734,27.354000091552734,1018500,0.0,False
2026-05-14,26.464000701904297,26.464000701904297,26.073999404907227,26.224000930786133,26.224000930786133,1084000,0.0,False
2026-05-15,25.724000930786133,25.90999984741211,25.554000854492188,25.753999710083008,25.753999710083008,1266000,0.0,False
2026-05-18,25.59000015258789,25.75,25.360000610351562,25.56999969482422,25.56999969482422,924800,0.0,False
2026-05-19,25.010000228881836,25.139999389648438,24.459999084472656,24.549999237060547,24.549999237060547,904900,0.0,False
2026-05-20,24.520000457763672,25.09000015258789,24.440000534057617,25.010000228881836,25.010000228881836,666100,0.0,False
2026-05-21,24.6200008392334,25.329999923706055,24.5,25.219999313354492,25.219999313354492,492800,0.0,False
2026-05-22,24.75,24.920000076293945,24.350000381469727,24.520000457763672,24.520000457763672,526300,0.0,False
2026-05-26,25.209999084472656,25.3799991607666,24.940000534057617,25.139999389648438,25.139999389648438,670200,0.0,False
2026-05-27,25.0,25.280000686645508,25.0,25.190000534057617,25.190000534057617,431600,0.0,False
2026-05-28,24.399999618530273,25.040000915527344,24.239999771118164,24.8700008392334,24.8700008392334,857000,0.0,False
2026-05-29,25.079999923706055,25.270000457763672,24.3799991607666,24.690000534057617,24.690000534057617,1349300,0.0,False
2026-06-01,24.3700008392334,24.940000534057617,24.360000610351562,24.81999969482422,24.81999969482422,660000,0.0,False
2026-06-02,24.8799991607666,25.09000015258789,24.600000381469727,24.950000762939453,24.950000762939453,507800,0.0,False
2026-06-03,24.479999542236328,24.489999771118164,23.68000030517578,23.729999542236328,23.729999542236328,1120500,0.0,False
2026-06-04,23.969999313354492,24.010000228881836,23.780000686645508,23.8700008392334,23.8700008392334,503400,0.0,False
2026-06-05,23.760000228881836,23.799999237060547,22.34000015258789,22.350000381469727,22.350000381469727,1462000,0.0,False
2026-06-08,22.020000457763672,22.139999389648438,21.6299991607666,22.049999237060547,22.049999237060547,1272800,0.0,False
2026-06-09,22.700000762939453,22.8799991607666,22.030000686645508,22.299999237060547,22.299999237060547,987700,0.0,False
2026-06-10,22.5,22.8700008392334,22.1200008392334,22.1299991607666,22.1299991607666,1438800,0.0,False
2026-06-11,22.520000457763672,23.299999237060547,22.5,23.209999084472656,23.209999084472656,1190600,0.0,False
2026-06-12,23.219999313354492,23.31999969482422,22.829999923706055,23.229999542236328,23.229999542236328,1030600,0.0,False
2026-06-15,24.56999969482422,24.81999969482422,24.350000381469727,24.399999618530273,24.399999618530273,982000,0.0,False
2026-06-16,24.75,24.920000076293945,24.440000534057617,24.579999923706055,24.579999923706055,550200,0.0,False
2026-06-17,24.6200008392334,24.700000762939453,23.68000030517578,23.709999084472656,23.709999084472656,909900,0.0,False
2026-06-18,23.6200008392334,23.65999984741211,23.079999923706055,23.229999542236328,23.229999542236328,787500,0.0,False
2026-06-22,22.940000534057617,23.1299991607666,22.739999771118164,22.889999389648438,22.889999389648438,464100,0.0,False
2026-06-23,22.399999618530273,22.549999237060547,22.18000030517578,22.34000015258789,22.34000015258789,1385700,0.0,False
2026-06-24,21.350000381469727,21.56999969482422,20.899999618530273,21.1200008392334,21.1200008392334,1346000,0.0,False
2026-06-25,21.6200008392334,21.65999984741211,21.229999542236328,21.520000457763672,21.520000457763672,2562700,0.0,False
2026-06-26,21.90999984741211,22.15999984741211,21.739999771118164,22.040000915527344,22.040000915527344,653600,0.0,False
2026-06-29,21.90999984741211,22.270000457763672,21.90999984741211,22.139999389648438,22.139999389648438,873800,0.0,False
2026-06-30,22.06999969482422,22.280000686645508,21.850000381469727,22.079999923706055,22.079999923706055,833300,0.0,False
2026-07-01,21.979999542236328,22.329999923706055,21.959999084472656,22.030000686645508,22.030000686645508,833900,0.0,False
2026-07-02,22.770000457763672,23.139999389648438,22.709999084472656,22.90999984741211,22.90999984741211,733400,0.0,False
2026-07-06,23.100000381469727,23.200000762939453,22.860000610351562,23.149999618530273,23.149999618530273,763700,0.0,False
2026-07-07,23.25,23.34000015258789,22.93000030517578,23.010000228881836,23.010000228881836,393200,0.0,False
2026-07-08,22.020000457763672,22.40999984741211,21.979999542236328,22.15999984741211,22.15999984741211,956100,0.0,False
2026-07-09,22.709999084472656,22.8799991607666,22.639999389648438,22.700000762939453,22.700000762939453,455600,0.0,False
2026-07-10,22.989999771118164,23.290000915527344,22.959999084472656,23.06999969482422,23.06999969482422,509500,0.0,False
2026-07-13,23.06999969482422,23.06999969482422,22.610000610351562,22.729999542236328,22.729999542236328,926200,0.0,False
2026-07-14,23.350000381469727,24.0,23.290000915527344,23.700000762939453,23.700000762939453,806900,0.0,False
2026-07-15,23.739999771118164,23.959999084472656,23.239999771118164,23.8700008392334,23.8700008392334,678700,0.0,False
2026-07-16,23.200000762939453,23.260000228881836,22.809999465942383,22.889999389648438,22.889999389648438,643400,0.0,False
2026-07-17,22.290000915527344,22.799999237060547,22.25,22.700000762939453,22.700000762939453,662900,0.0,False
2026-07-20,22.950000762939453,23.139999389648438,22.780000686645508,22.799999237060547,22.799999237060547,510500,0.0,False
2026-07-21,23.0,23.399999618530273,22.959999084472656,23.280000686645508,23.280000686645508,505600,0.0,False
2026-07-22,23.719999313354492,23.950000762939453,23.5,23.520000457763672,23.520000457763672,531600,0.0,False
2026-07-23,22.809999465942383,22.959999084472656,22.719999313354492,22.780000686645508,22.780000686645508,587100,0.0,False
2026-07-24,22.65999984741211,22.93000030517578,22.479999542236328,22.559999465942383,22.559999465942383,406400,0.0,False
2026-07-27,23.260000228881836,23.549999237060547,23.170000076293945,23.420000076293945,23.420000076293945,761700,0.0,False
2026-07-28,22.829999923706055,23.139999389648438,22.65999984741211,22.90999984741211,22.90999984741211,273600,0.0,False
2026-07-29,22.75,23.34000015258789,22.510000228881836,22.8799991607666,22.8799991607666,418600,0.0,False
2026-07-30,23.280000686645508,23.8700008392334,23.149999618530273,23.850000381469727,23.850000381469727,871100,0.0,False
2026-07-31,23.079999923706055,23.34000015258789,22.829999923706055,23.229999542236328,23.229999542236328,527100,0.0,False
2026-08-03,22.579999923706055,22.8700008392334,22.559999465942383,22.829999923706055,22.829999923706055,565500,0.0,False
2026-08-04,24.100000381469727,24.68000030517578,23.969999313354492,24.5,24.5,1685500,0.0,False
2026-08-05,24.600000381469727,25.020000457763672,24.559999465942383,24.81999969482422,24.81999969482422,971700,0.0,False
2026-08-06,24.90999984741211,25.15999984741211,24.760000228881836,24.889999389648438,24.889999389648438,760200,0.0,False
2026-08-07,24.93000030517578,25.229999542236328,24.770000457763672,25.049999237060547,25.049999237060547,1264400,0.0,False
2026-08-10,24.8700008392334,25.15999984741211,24.56999969482422,25.110000610351562,25.110000610351562,771100,0.0,False
2026-08-11,24.8700008392334,24.940000534057617,24.6299991607666,24.770000457763672,24.770000457763672,480700,0.0,False
2026-08-12,25.200000762939453,25.200000762939453,24.790000915527344,24.850000381469727,24.850000381469727,692200,0.0,False
2026-08-13,23.920000076293945,24.09000015258789,23.809999465942383,23.84000015258789,23.84000015258789,762000,0.0,False
2026-08-14,23.899999618530273,24.040000915527344,23.860000610351562,23.93000030517578,23.93000030517578,406800,0.0,False
2026-08-17,24.059999465942383,24.309999465942383,24.0,24.190000534057617,24.190000534057617,742900,0.0,False
2026-08-18,23.670000076293945,23.799999237060547,23.329999923706055,23.3799991607666,23.3799991607666,531300,0.0,False
2026-08-19,23.90999984741211,24.239999771118164,23.899999618530273,24.229999542236328,24.229999542236328,1339100,0.0,False
2026-08-20,24.040000915527344,24.280000686645508,23.8700008392334,24.200000762939453,24.200000762939453,781600,0.0,False
2026-08-21,24.5,24.510000228881836,24.15999984741211,24.450000762939453,24.450000762939453,1307100,0.0,False
2026-08-24,24.549999237060547,25.020000457763672,24.520000457763672,24.6299991607666,24.6299991607666,1173700,0.0,False
2026-08-25,23.84000015258789,24.329999923706055,23.84000015258789,24.31999969482422,24.31999969482422,694300,0.0,False
2026-08-26,24.31999969482422,24.329999923706055,23.979999542236328,23.989999771118164,23.989999771118164,636300,0.0,False
2026-08-27,23.799999237060547,24.610000610351562,23.65999984741211,24.579999923706055,24.579999923706055,592800,0.0,False
2026-08-28,26.190000534057617,26.649999618530273,25.6200008392334,25.790000915527344,25.790000915527344,2803000,0.0,False
