Date,Open,High,Low,Close,Adj_Close,Volume,Repaired?
2020-06-16,44.0,46.27000045776367,42.0,44.5,38.82086944580078,27619300,False
2020-06-17,45.900001525878906,51.95000076293945,45.0,48.61000061035156,42.40634536743164,9318700,False
2020-06-18,56.38999938964844,56.5,49.4900016784668,50.900001525878906,44.404090881347656,11027900,False
2020-06-19,52.939998626708984,52.959999084472656,46.560001373291016,49.0,42.7465705871582,5586500,False
2020-06-22,49.83000183105469,51.4900016784668,49.25,51.290000915527344,44.74432373046875,2315100,False
2020-06-23,53.0,54.439998626708984,50.869998931884766,50.95000076293945,44.44771194458008,2297800,False
2020-06-24,51.349998474121094,51.4900016784668,47.68600082397461,50.25,43.8370475769043,4700300,False
2020-06-25,49.189998626708984,52.5,48.83000183105469,52.11000061035156,45.45967483520508,1993100,False
2020-06-26,52.0,52.2400016784668,48.70000076293945,49.59000015258789,43.26127243041992,1452100,False
2020-06-29,49.880001068115234,50.04999923706055,48.0099983215332,48.72999954223633,42.51102828979492,1607500,False
2020-06-30,48.20000076293945,49.36000061035156,48.18000030517578,48.54999923706055,42.35400390625,1227400,False
2020-07-01,48.540000915527344,48.68000030517578,46.150001525878906,46.470001220703125,40.53944778442383,2094400,False
2020-07-02,46.939998626708984,47.54999923706055,45.599998474121094,45.72999954223633,39.893898010253906,1231400,False
2020-07-06,46.65999984741211,46.95000076293945,45.58000183105469,46.11000061035156,40.225399017333984,1424800,False
2020-07-07,45.56999969482422,47.380001068115234,45.52000045776367,47.04999923706055,41.04542922973633,1176900,False
2020-07-08,47.0,48.880001068115234,47.0,48.02000045776367,41.89163589477539,1045300,False
2020-07-09,48.02000045776367,48.5,47.599998474121094,48.36000061035156,42.1882438659668,828400,False
2020-07-10,48.59000015258789,48.619998931884766,47.470001220703125,47.63999938964844,41.56013488769531,692600,False
2020-07-13,47.20000076293945,47.599998474121094,43.7599983215332,44.060001373291016,38.43701934814453,2099800,False
2020-07-14,44.0,44.9900016784668,41.529998779296875,43.52000045776367,37.965938568115234,2659000,False
2020-07-15,43.81999969482422,44.52000045776367,41.61000061035156,43.0,37.512306213378906,1316300,False
2020-07-16,43.34000015258789,43.875,41.95000076293945,42.20000076293945,36.81439971923828,1096800,False
2020-07-17,42.79999923706055,44.41999816894531,41.209999084472656,44.189998626708984,38.5504264831543,1763800,False
2020-07-20,44.41999816894531,46.290000915527344,44.029998779296875,45.869998931884766,40.01602554321289,1160300,False
2020-07-21,46.61000061035156,46.630001068115234,42.599998474121094,43.06999969482422,37.57335662841797,1547500,False
2020-07-22,43.279998779296875,43.7599983215332,42.0,43.06999969482422,37.57335662841797,594500,False
2020-07-23,42.61000061035156,44.255001068115234,42.599998474121094,42.88999938964844,37.41633987426758,1042700,False
2020-07-24,42.31999969482422,42.400001525878906,39.900001525878906,41.90999984741211,36.561405181884766,1749900,False
2020-07-27,41.43000030517578,43.279998779296875,40.650001525878906,43.220001220703125,37.70421600341797,515700,False
2020-07-28,42.33000183105469,42.79899978637695,41.83000183105469,41.93000030517578,36.578853607177734,307800,False
2020-07-29,42.11000061035156,43.13999938964844,42.099998474121094,43.04999923706055,37.55592346191406,646800,False
2020-07-30,42.2599983215332,43.06999969482422,41.904998779296875,42.779998779296875,37.32038116455078,753400,False
2020-07-31,42.86000061035156,43.4900016784668,42.150001525878906,43.04999923706055,37.55592346191406,866000,False
2020-08-03,42.939998626708984,44.45000076293945,42.5099983215332,44.119998931884766,38.48936462402344,606400,False
2020-08-04,43.970001220703125,45.33000183105469,42.41999816894531,43.20000076293945,37.68678283691406,1649500,False
2020-08-05,43.310001373291016,43.93000030517578,41.709999084472656,41.93000030517578,36.578853607177734,776100,False
2020-08-06,43.0,44.0,42.77000045776367,43.900001525878906,38.297447204589844,837700,False
2020-08-07,43.900001525878906,45.25,43.130001068115234,43.7599983215332,38.175296783447266,1523000,False
2020-08-10,43.86000061035156,45.939998626708984,43.81999969482422,45.7599983215332,39.920066833496094,843500,False
2020-08-11,45.97999954223633,46.650001525878906,44.650001525878906,45.77000045776367,39.92879104614258,1072000,False
2020-08-12,46.22999954223633,47.150001525878906,44.099998474121094,44.9900016784668,39.248329162597656,1714500,False
2020-08-13,44.9900016784668,46.400001525878906,44.90999984741211,45.47999954223633,39.67579650878906,819500,False
2020-08-14,45.11000061035156,45.970001220703125,45.000999450683594,45.40999984741211,39.614723205566406,599200,False
2020-08-17,45.61000061035156,46.060001373291016,45.439998626708984,45.95000076293945,40.0858154296875,361500,False
2020-08-18,46.29999923706055,46.29999923706055,43.790000915527344,44.619998931884766,38.92555236816406,732200,False
2020-08-19,44.63999938964844,45.34000015258789,43.77000045776367,43.900001525878906,38.297447204589844,618800,False
2020-08-20,44.0,44.380001068115234,43.150001525878906,43.2599983215332,37.73910903930664,579400,False
2020-08-21,43.0,43.4900016784668,41.5099983215332,41.970001220703125,36.6137580871582,918400,False
2020-08-24,42.470001220703125,42.91999816894531,41.79999923706055,42.72999954223633,37.27675247192383,771700,False
2020-08-25,42.599998474121094,42.72999954223633,41.18000030517578,41.779998779296875,36.447998046875,842900,False
2020-08-26,41.74599838256836,42.29999923706055,41.54999923706055,41.939998626708984,36.587581634521484,602300,False
2020-08-27,42.119998931884766,42.15999984741211,40.9900016784668,41.0,35.767539978027344,623100,False
2020-08-28,41.119998931884766,42.45000076293945,41.099998474121094,42.06999969482422,36.700984954833984,866800,False
2020-08-31,42.25,42.97999954223633,41.20000076293945,41.380001068115234,36.09904479980469,947100,False
2020-09-01,41.70000076293945,42.04999923706055,41.0,41.599998474121094,36.29096221923828,793500,False
2020-09-02,41.75,41.95000076293945,41.2400016784668,41.75,36.42182540893555,470400,False
2020-09-03,41.79999923706055,41.970001220703125,40.400001525878906,40.7400016784668,35.54071807861328,822300,False
2020-09-04,40.36000061035156,40.5,38.90999984741211,39.779998779296875,34.70323181152344,1089400,False
2020-09-08,39.79999923706055,39.82600021362305,38.70000076293945,39.040000915527344,34.05767059326172,779000,False
2020-09-09,39.310001373291016,40.4900016784668,38.79999923706055,38.84000015258789,33.88319778442383,619300,False
2020-09-10,38.93000030517578,40.09000015258789,38.93000030517578,39.439998626708984,34.4066276550293,886800,False
2020-09-11,39.560001373291016,39.9900016784668,38.540000915527344,38.560001373291016,33.638938903808594,559500,False
2020-09-14,39.099998474121094,40.4900016784668,38.810001373291016,39.81999969482422,34.873783111572266,1217500,False
2020-09-15,40.150001525878906,41.220001220703125,40.150001525878906,40.70500183105469,35.64886474609375,891200,False
2020-09-16,40.560001373291016,40.810001373291016,39.7400016784668,40.61000061035156,35.565670013427734,752000,False
2020-09-17,39.79999923706055,41.290000915527344,39.720001220703125,41.279998779296875,36.152435302734375,1224400,False
2020-09-18,41.279998779296875,43.189998626708984,41.130001068115234,41.97999954223633,36.765499114990234,5872400,False
2020-09-21,41.63999938964844,41.9900016784668,40.560001373291016,40.59000015258789,35.54814910888672,1197100,False
2020-09-22,40.5,41.81999969482422,40.15999984741211,41.720001220703125,36.53779220581055,683500,False
2020-09-23,41.83000183105469,42.470001220703125,41.40999984741211,41.779998779296875,36.59033203125,744200,False
2020-09-24,41.52000045776367,41.564998626708984,38.90999984741211,40.22999954223633,35.23286437988281,2782600,False
2020-09-25,39.9900016784668,41.20000076293945,39.900001525878906,40.06999969482422,35.09273910522461,882400,False
2020-09-28,40.18000030517578,41.25,40.18000030517578,41.209999084472656,36.091129302978516,389900,False
2020-09-29,41.29999923706055,42.189998626708984,40.709999084472656,42.0099983215332,36.79176712036133,664800,False
2020-09-30,41.79999923706055,43.470001220703125,41.560001373291016,42.06999969482422,36.84431457519531,762500,False
2020-10-01,42.529998779296875,42.9900016784668,42.0099983215332,42.59000015258789,37.29972457885742,776100,False
2020-10-02,41.540000915527344,42.79999923706055,41.540000915527344,42.470001220703125,37.19462966918945,855800,False
2020-10-05,42.310001373291016,43.869998931884766,42.310001373291016,43.400001525878906,38.00911331176758,1931500,False
2020-10-06,43.20000076293945,44.16999816894531,43.11000061035156,43.79999923706055,38.35942077636719,1111000,False
2020-10-07,43.900001525878906,44.619998931884766,43.79999923706055,44.59000015258789,39.05129623413086,1072500,False
2020-10-08,44.5,44.90999984741211,43.7400016784668,44.099998474121094,38.62216567993164,854500,False
2020-10-09,44.599998474121094,44.599998474121094,43.939998626708984,44.08000183105469,38.60464859008789,516200,False
2020-10-12,44.099998474121094,44.63999938964844,43.93000030517578,44.40999984741211,38.89365005493164,423400,False
2020-10-13,44.130001068115234,44.970001220703125,44.0099983215332,44.810001373291016,39.24396896362305,518100,False
2020-10-14,42.880001068115234,44.310001373291016,42.459999084472656,42.790000915527344,37.474884033203125,1369600,False
2020-10-15,42.18000030517578,43.20000076293945,41.27000045776367,42.47999954223633,37.2033805847168,2168600,False
2020-10-16,44.25,44.4900016784668,41.5,41.810001373291016,36.616615295410156,7401200,False
2020-10-19,42.400001525878906,42.75,40.11000061035156,40.27000045776367,35.26789474487305,3108600,False
2020-10-20,40.91999816894531,41.4900016784668,40.04999923706055,40.09000015258789,35.110252380371094,2299900,False
2020-10-21,39.9900016784668,40.18000030517578,38.099998474121094,39.0,34.15564727783203,4614400,False
2020-10-22,39.15999984741211,39.380001068115234,38.20000076293945,39.209999084472656,34.339561462402344,1544900,False
2020-10-23,39.4900016784668,40.099998474121094,38.79999923706055,39.0099983215332,34.16440200805664,875700,False
2020-10-26,39.0,39.369998931884766,38.12200164794922,38.77000045776367,33.9542121887207,2020300,False
2020-10-27,38.79999923706055,39.15999984741211,37.64500045776367,37.869998931884766,33.166011810302734,1151300,False
2020-10-28,37.470001220703125,37.47999954223633,35.51100158691406,36.119998931884766,31.633386611938477,1798800,False
2020-10-29,36.16999816894531,36.84000015258789,34.79999923706055,36.34000015258789,31.8260555267334,1550600,False
2020-10-30,36.16999816894531,36.76499938964844,35.18000030517578,36.70000076293945,32.14133834838867,1158600,False
2020-11-02,38.540000915527344,38.709999084472656,37.04999923706055,37.58000183105469,32.91202926635742,1216200,False
2020-11-03,38.08000183105469,38.349998474121094,37.36000061035156,38.119998931884766,33.38494873046875,1367200,False
2020-11-04,38.970001220703125,41.880001068115234,38.77000045776367,40.279998779296875,35.27666091918945,3070000,False
2020-11-05,41.61000061035156,41.709999084472656,39.779998779296875,40.130001068115234,35.14528274536133,1398700,False
2020-11-06,39.95000076293945,41.18000030517578,39.902000427246094,40.2400016784668,35.241615295410156,1319000,False
2020-11-09,42.86000061035156,42.86000061035156,40.400001525878906,40.970001220703125,35.880943298339844,2039800,False
2020-11-10,41.08000183105469,41.459999084472656,39.439998626708984,40.599998474121094,35.55690002441406,1261400,False
2020-11-11,41.79999923706055,43.38999938964844,39.619998931884766,40.310001373291016,35.30292510986328,5331900,False
2020-11-12,40.099998474121094,41.37799835205078,38.584999084472656,40.650001525878906,35.60069274902344,2576900,False
2020-11-13,40.81999969482422,42.209999084472656,40.56999969482422,42.119998931884766,36.88809585571289,1311300,False
2020-11-16,42.2599983215332,42.369998931884766,41.209999084472656,41.83000183105469,36.63412094116211,897800,False
2020-11-17,41.41999816894531,42.400001525878906,41.25,42.189998626708984,36.949398040771484,794300,False
2020-11-18,41.5,42.43000030517578,40.59000015258789,40.720001220703125,35.66200256347656,548700,False
2020-11-19,40.5,41.9900016784668,40.220001220703125,41.47999954223633,36.461910247802734,1051200,False
2020-11-20,41.83000183105469,41.83000183105469,40.04999923706055,40.369998931884766,35.48619842529297,1115300,False
2020-11-23,39.900001525878906,41.220001220703125,39.900001525878906,40.20000076293945,35.33675765991211,1434700,False
2020-11-24,40.22999954223633,40.630001068115234,39.310001373291016,39.58000183105469,34.79176712036133,1159300,False
2020-11-25,39.66999816894531,41.34000015258789,39.459999084472656,40.970001220703125,36.01361083984375,1355000,False
2020-11-27,41.16999816894531,42.290000915527344,40.97999954223633,41.599998474121094,36.5673942565918,1504000,False
2020-11-30,41.20000076293945,42.790000915527344,40.65999984741211,42.599998474121094,37.4464225769043,8171100,False
2020-12-01,42.529998779296875,42.83000183105469,41.209999084472656,42.779998779296875,37.60464859008789,1361900,False
2020-12-02,42.7599983215332,43.0099983215332,41.150001525878906,41.779998779296875,36.72561264038086,1409900,False
2020-12-03,41.83000183105469,42.709999084472656,41.83000183105469,42.290000915527344,37.17392349243164,1118100,False
2020-12-04,42.290000915527344,43.099998474121094,42.290000915527344,42.970001220703125,37.771663665771484,989300,False
2020-12-07,43.060001373291016,43.41999816894531,42.290000915527344,42.75,37.57826614379883,1155800,False
2020-12-08,42.7400016784668,45.0,42.689998626708984,44.04999923706055,38.721004486083984,1412500,False
2020-12-09,44.220001220703125,44.83000183105469,43.439998626708984,44.70000076293945,39.2923698425293,1193200,False
2020-12-10,44.689998626708984,46.40999984741211,44.04999923706055,45.20000076293945,39.73188400268555,1276600,False
2020-12-11,45.2400016784668,46.290000915527344,42.02000045776367,42.40999984741211,37.27940368652344,2139800,False
2020-12-14,43.130001068115234,43.68000030517578,42.369998931884766,43.119998931884766,37.90351486206055,2025000,False
2020-12-15,43.150001525878906,44.650001525878906,42.310001373291016,43.849998474121094,38.545196533203125,3167400,False
2020-12-16,43.970001220703125,44.1349983215332,43.16999816894531,43.400001525878906,38.14965057373047,1522900,False
2020-12-17,43.5,45.0,43.0,44.18000030517578,38.835269927978516,12252700,False
2020-12-18,44.56999969482422,44.970001220703125,43.7599983215332,44.400001525878906,39.028663635253906,12426100,False
2020-12-21,43.869998931884766,46.130001068115234,43.38999938964844,45.9900016784668,40.42631530761719,2872800,False
2020-12-22,46.779998779296875,49.650001525878906,45.20000076293945,48.31999969482422,42.47444152832031,4177200,False
2020-12-23,48.7400016784668,48.79999923706055,47.20000076293945,48.61000061035156,42.72935104370117,1750700,False
2020-12-24,48.58300018310547,50.02000045776367,48.220001220703125,48.900001525878906,42.98426818847656,1580600,False
2020-12-28,49.400001525878906,49.564998626708984,48.0,49.2400016784668,43.283138275146484,2404200,False
2020-12-29,49.470001220703125,50.064998626708984,48.560001373291016,49.59000015258789,43.59079360961914,3111100,False
2020-12-30,49.869998931884766,50.0,48.90999984741211,49.43000030517578,43.450157165527344,2184900,False
2020-12-31,49.279998779296875,50.279998779296875,48.79999923706055,50.04999923706055,43.99514389038086,2352200,False
2021-01-04,50.0,50.25,46.060001373291016,46.83000183105469,41.164695739746094,9950800,False
2021-01-05,47.029998779296875,49.72999954223633,46.9900016784668,48.95000076293945,43.02821731567383,2715800,False
2021-01-06,48.2400016784668,49.099998474121094,46.494998931884766,47.810001373291016,42.02613830566406,4914800,False
2021-01-07,48.09000015258789,49.88999938964844,48.04999923706055,49.34000015258789,43.371036529541016,3819800,False
2021-01-08,49.869998931884766,51.84000015258789,49.560001373291016,51.27000045776367,45.06755065917969,4815700,False
2021-01-11,51.220001220703125,52.79999923706055,50.70000076293945,51.31999969482422,45.111515045166016,3462100,False
2021-01-12,51.65999984741211,52.33000183105469,49.2599983215332,49.439998626708984,43.45894241333008,2336400,False
2021-01-13,50.0099983215332,50.529998779296875,48.819000244140625,49.970001220703125,43.924827575683594,2324500,False
2021-01-14,49.66999816894531,51.67900085449219,49.5,51.25,45.04996871948242,1317600,False
2021-01-15,51.400001525878906,52.400001525878906,50.70000076293945,51.95000076293945,45.6652946472168,4324200,False
2021-01-19,52.5,53.22999954223633,51.5099983215332,51.849998474121094,45.577388763427734,4221900,False
2021-01-20,51.849998474121094,51.939998626708984,50.21500015258789,50.349998474121094,44.258846282958984,3279700,False
2021-01-21,50.349998474121094,51.400001525878906,50.22999954223633,50.41999816894531,44.32038879394531,4060600,False
2021-01-22,50.40999984741211,51.5,49.84000015258789,51.15999984741211,44.97087097167969,1870000,False
2021-01-25,50.97999954223633,52.474998474121094,50.70000076293945,51.5,45.26972961425781,3579000,False
2021-01-26,51.560001373291016,53.150001525878906,51.529998779296875,52.81999969482422,46.43003845214844,2477400,False
2021-01-27,52.83000183105469,52.97999954223633,50.2599983215332,50.310001373291016,44.223690032958984,2764200,False
2021-01-28,50.59000015258789,51.18000030517578,48.59000015258789,48.65999984741211,42.7733039855957,1855900,False
2021-01-29,48.5,49.869998931884766,46.880001068115234,47.0099983215332,41.322914123535156,1838000,False
2021-02-01,47.849998474121094,48.33000183105469,46.47999954223633,46.72999954223633,41.076786041259766,1789200,False
2021-02-02,47.20000076293945,47.38999938964844,46.16999816894531,46.650001525878906,41.0064697265625,1380200,False
2021-02-03,46.900001525878906,48.31800079345703,46.68000030517578,48.11000061035156,42.28984069824219,1828100,False
2021-02-04,48.720001220703125,48.7400016784668,46.959999084472656,47.11000061035156,41.41081619262695,1328300,False
2021-02-05,47.11000061035156,47.72999954223633,46.63999938964844,47.040000915527344,41.349281311035156,914800,False
2021-02-08,47.459999084472656,48.75,47.20000076293945,48.36000061035156,42.50959396362305,794800,False
2021-02-09,48.77000045776367,49.404998779296875,48.119998931884766,48.7400016784668,42.843631744384766,1362400,False
2021-02-10,49.310001373291016,50.16999816894531,47.56999969482422,47.810001373291016,42.02613830566406,1801100,False
2021-02-11,48.0,48.060001373291016,46.79999923706055,47.310001373291016,41.58661651611328,1259400,False
2021-02-12,47.31999969482422,48.02000045776367,47.09000015258789,47.97999954223633,42.17557144165039,863700,False
2021-02-16,48.61000061035156,48.790000915527344,47.16999816894531,47.5099983215332,41.76241683959961,1521700,False
2021-02-17,48.02000045776367,48.43000030517578,46.040000915527344,47.380001068115234,41.64815902709961,2026400,False
2021-02-18,46.7599983215332,47.16999816894531,45.0099983215332,46.4900016784668,41.012977600097656,2829200,False
2021-02-19,46.900001525878906,48.0099983215332,46.619998931884766,47.5099983215332,41.91280746459961,1441000,False
2021-02-22,48.0099983215332,48.52000045776367,47.560001373291016,48.02000045776367,42.36272048950195,2454900,False
2021-02-23,47.5099983215332,47.7400016784668,45.5099983215332,46.91999816894531,41.39231491088867,1431500,False
2021-02-24,47.400001525878906,48.16999816894531,46.72999954223633,47.20000076293945,41.63932800292969,3376200,False
2021-02-25,47.77000045776367,48.650001525878906,45.939998626708984,47.02000045776367,41.480533599853516,1490000,False
2021-02-26,46.810001373291016,47.400001525878906,45.79999923706055,46.56999969482422,41.08355712890625,4206700,False
2021-03-01,48.04999923706055,48.34000015258789,47.54999923706055,48.029998779296875,42.371543884277344,2805400,False
2021-03-02,48.04999923706055,48.125,46.5099983215332,46.95000076293945,41.418785095214844,2217100,False
2021-03-03,46.83000183105469,46.83000183105469,43.439998626708984,43.56999969482422,38.43698501586914,3290600,False
2021-03-04,43.604000091552734,43.95000076293945,41.630001068115234,42.34000015258789,37.35190200805664,2946900,False
2021-03-05,42.91999816894531,42.91999816894531,39.630001068115234,42.540000915527344,37.52833557128906,3439600,False
2021-03-08,43.79999923706055,45.380001068115234,43.560001373291016,44.849998474121094,39.56619644165039,5569500,False
2021-03-09,45.0,46.54999923706055,45.0,46.040000915527344,40.61599349975586,2997900,False
2021-03-10,46.34000015258789,46.81999969482422,45.970001220703125,46.2400016784668,40.79243469238281,3171100,False
2021-03-11,46.0,47.650001525878906,45.90399932861328,47.20000076293945,41.63932800292969,3299000,False
2021-03-12,46.86000061035156,47.77000045776367,46.72999954223633,46.91999816894531,41.39231491088867,3670300,False
2021-03-15,46.68000030517578,47.40999984741211,46.650001525878906,46.84000015258789,41.321746826171875,2412800,False
2021-03-16,47.11000061035156,47.68000030517578,46.5,46.900001525878906,41.37466812133789,2702000,False
2021-03-17,46.36000061035156,48.75,46.20399856567383,48.619998931884766,42.89204025268555,8322800,False
2021-03-18,47.720001220703125,48.619998931884766,46.310001373291016,46.5,41.02179718017578,6184200,False
2021-03-19,46.5099983215332,47.2400016784668,45.834999084472656,46.790000915527344,41.27764129638672,22923300,False
2021-03-22,46.380001068115234,47.29999923706055,45.40999984741211,45.939998626708984,40.527774810791016,6673400,False
2021-03-23,45.52000045776367,45.67100143432617,43.2400016784668,43.810001373291016,38.648719787597656,11801800,False
2021-03-24,44.209999084472656,44.709999084472656,42.75,43.349998474121094,38.24290084838867,2135800,False
2021-03-25,43.130001068115234,43.132999420166016,41.83000183105469,42.83000183105469,37.7841682434082,2048800,False
2021-03-26,43.310001373291016,43.47999954223633,41.560001373291016,42.7599983215332,37.722408294677734,1452000,False
2021-03-29,42.58000183105469,43.380001068115234,42.20000076293945,43.15999984741211,38.07529830932617,1393700,False
2021-03-30,43.04999923706055,43.86000061035156,42.380001068115234,43.630001068115234,38.48992156982422,1158200,False
2021-03-31,43.66999816894531,44.560001373291016,43.505001068115234,43.619998931884766,38.48109817504883,1527600,False
2021-04-01,44.11000061035156,44.95000076293945,42.560001373291016,43.0099983215332,37.94295120239258,2900000,False
2021-04-05,43.189998626708984,43.68000030517578,42.650001525878906,42.70000076293945,37.66948318481445,1088800,False
2021-04-06,42.459999084472656,42.935001373291016,42.11000061035156,42.5099983215332,37.50185775756836,1352800,False
2021-04-07,42.349998474121094,42.47999954223633,41.41999816894531,41.56999969482422,36.67259979248047,984500,False
2021-04-08,41.77000045776367,42.150001525878906,41.65999984741211,41.939998626708984,36.99900817871094,1065800,False
2021-04-09,41.939998626708984,42.400001525878906,41.428001403808594,42.310001373291016,37.3254280090332,1063400,False
2021-04-12,42.31999969482422,42.369998931884766,41.04999923706055,41.22999954223633,36.37266540527344,1590700,False
2021-04-13,41.0,41.599998474121094,40.45000076293945,41.43000030517578,36.549110412597656,677600,False
2021-04-14,41.25,42.86000061035156,41.242000579833984,42.119998931884766,37.15779495239258,2581300,False
2021-04-15,42.5,42.970001220703125,41.470001220703125,41.650001525878906,36.74318313598633,812200,False
2021-04-16,41.869998931884766,42.02000045776367,41.380001068115234,41.869998931884766,36.93727111816406,833600,False
2021-04-19,41.970001220703125,42.369998931884766,41.619998931884766,41.77000045776367,36.84904098510742,902800,False
2021-04-20,41.709999084472656,42.25,40.6619987487793,41.439998626708984,36.557926177978516,811700,False
2021-04-21,41.43000030517578,42.86399841308594,41.250999450683594,42.779998779296875,37.740047454833984,891100,False
2021-04-22,42.880001068115234,43.59000015258789,42.0099983215332,43.209999084472656,38.119388580322266,1656100,False
2021-04-23,43.209999084472656,44.04499816894531,43.150001525878906,43.61000061035156,38.47227478027344,931700,False
2021-04-26,44.0,45.040000915527344,43.755001068115234,44.939998626708984,39.64558792114258,949100,False
2021-04-27,45.11000061035156,45.150001525878906,44.189998626708984,44.66999816894531,39.40739059448242,1794700,False
2021-04-28,44.45000076293945,45.61000061035156,44.380001068115234,45.09000015258789,39.777915954589844,1091800,False
2021-04-29,45.150001525878906,45.25,43.54999923706055,44.29999923706055,39.08097457885742,781500,False
2021-04-30,44.16999816894531,44.880001068115234,43.97999954223633,44.0,38.81632995605469,1045500,False
2021-05-03,44.18000030517578,44.56999969482422,43.29999923706055,43.84000015258789,38.675174713134766,1341700,False
2021-05-04,43.52000045776367,43.81999969482422,42.27000045776367,42.459999084472656,37.45774459838867,1079100,False
2021-05-05,42.400001525878906,42.880001068115234,41.60300064086914,41.810001373291016,36.884334564208984,1778400,False
2021-05-06,41.54999923706055,41.80799865722656,40.310001373291016,41.04999923706055,36.2138671875,1532900,False
2021-05-07,40.81999969482422,42.099998474121094,40.349998474121094,40.970001220703125,36.14329147338867,1481500,False
2021-05-10,41.189998626708984,41.560001373291016,40.220001220703125,41.4900016784668,36.602027893066406,2312500,False
2021-05-11,40.380001068115234,42.31999969482422,40.02000045776367,41.68000030517578,36.76964569091797,3059600,False
2021-05-12,41.72999954223633,42.66999816894531,40.41999816894531,40.58000183105469,35.79924392700195,1991500,False
2021-05-13,40.63999938964844,41.06999969482422,39.310001373291016,40.18000030517578,35.446372985839844,1438000,False
2021-05-14,40.400001525878906,41.064998626708984,40.25,40.72999954223633,35.93156814575195,948500,False
2021-05-17,40.689998626708984,41.560001373291016,40.540000915527344,41.5,36.61085510253906,981200,False
2021-05-18,41.310001373291016,41.91999816894531,41.04999923706055,41.529998779296875,36.6373176574707,1026100,False
2021-05-19,39.79999923706055,40.63999938964844,39.599998474121094,40.0099983215332,35.44145965576172,1860400,False
2021-05-20,39.7599983215332,41.279998779296875,39.7599983215332,40.599998474121094,35.96409606933594,1790600,False
2021-05-21,40.84000015258789,41.0099983215332,40.220001220703125,40.70000076293945,36.052677154541016,1240700,False
2021-05-24,40.459999084472656,41.0099983215332,40.349998474121094,40.720001220703125,36.07039260864258,1069000,False
2021-05-25,40.560001373291016,40.869998931884766,40.02000045776367,40.220001220703125,35.62748718261719,1001100,False
2021-05-26,40.279998779296875,40.349998474121094,39.66999816894531,39.849998474121094,35.29973220825195,1295100,False
2021-05-27,39.959999084472656,40.2599983215332,39.36000061035156,40.16999816894531,35.58319854736328,2637500,False
2021-05-28,40.34000015258789,40.790000915527344,40.0099983215332,40.119998931884766,35.53889465332031,841500,False
2021-06-01,40.2400016784668,40.40999984741211,39.83000183105469,40.279998779296875,35.680633544921875,755900,False
2021-06-02,41.86000061035156,42.970001220703125,41.18000030517578,42.970001220703125,38.063472747802734,3228600,False
2021-06-03,42.900001525878906,43.72999954223633,42.369998931884766,43.68000030517578,38.69240951538086,2248800,False
2021-06-04,44.0,45.380001068115234,43.349998474121094,45.209999084472656,40.047706604003906,3665000,False
2021-06-07,45.54999923706055,47.099998474121094,45.27000045776367,46.459999084472656,41.154972076416016,6617500,False
2021-06-08,46.52000045776367,46.95000076293945,45.939998626708984,46.439998626708984,41.13725662231445,2987400,False
2021-06-09,46.540000915527344,46.880001068115234,45.20000076293945,45.9900016784668,40.7386360168457,2810100,False
2021-06-10,45.91999816894531,46.849998474121094,45.790000915527344,46.630001068115234,41.3055534362793,1262400,False
2021-06-11,46.47999954223633,46.529998779296875,44.459999084472656,44.900001525878906,39.773094177246094,2336300,False
2021-06-14,45.02000045776367,45.38800048828125,44.459999084472656,44.619998931884766,39.525081634521484,1088200,False
2021-06-15,44.529998779296875,44.56999969482422,43.82500076293945,44.02000045776367,38.99357986450195,1022400,False
2021-06-16,44.220001220703125,44.494998931884766,43.2400016784668,43.61000061035156,38.630409240722656,1388600,False
2021-06-17,43.45000076293945,44.150001525878906,43.189998626708984,44.130001068115234,39.09103012084961,1850000,False
2021-06-18,43.90999984741211,44.529998779296875,42.81999969482422,44.02000045776367,38.99357986450195,7106700,False
2021-06-21,44.029998779296875,44.04999923706055,42.4900016784668,43.08000183105469,38.16092300415039,2311100,False
2021-06-22,43.29999923706055,43.66999816894531,42.71500015258789,43.54999923706055,38.57725524902344,1659100,False
2021-06-23,43.90999984741211,44.189998626708984,41.7599983215332,42.189998626708984,37.37254333496094,3944300,False
2021-06-24,42.29999923706055,43.470001220703125,42.209999084472656,43.029998779296875,38.11662673950195,2637300,False
2021-06-25,43.16999816894531,43.529998779296875,42.2400016784668,42.58000183105469,37.71800994873047,4207400,False
2021-06-28,42.7400016784668,42.93000030517578,41.5,41.900001525878906,37.115657806396484,2003300,False
2021-06-29,41.90999984741211,42.05799865722656,40.888999938964844,41.130001068115234,36.43356704711914,2577600,False
2021-06-30,40.9900016784668,41.52000045776367,40.720001220703125,40.9900016784668,36.3095703125,2154500,False
2021-07-01,40.9900016784668,42.540000915527344,40.9900016784668,42.220001220703125,37.39911651611328,1935100,False
2021-07-02,42.27000045776367,42.65999984741211,42.16999816894531,42.2400016784668,37.416831970214844,1254900,False
2021-07-06,42.29999923706055,42.88999938964844,41.52000045776367,41.58000183105469,36.83219528198242,1815500,False
2021-07-07,41.650001525878906,42.040000915527344,41.209999084472656,41.90999984741211,37.124515533447266,1632500,False
2021-07-08,41.029998779296875,42.400001525878906,41.029998779296875,41.380001068115234,36.65503692626953,2951900,False
2021-07-09,41.5,41.9900016784668,41.380001068115234,41.77000045776367,37.00050735473633,825700,False
2021-07-12,41.900001525878906,42.130001068115234,41.439998626708984,41.709999084472656,36.947349548339844,3630300,False
2021-07-13,41.689998626708984,42.040000915527344,41.540000915527344,41.77000045776367,37.00050735473633,1236800,False
2021-07-14,41.86000061035156,42.060001373291016,40.52000045776367,41.0,36.31842041015625,1904100,False
2021-07-15,40.900001525878906,41.119998931884766,39.529998779296875,40.08000183105469,35.503475189208984,1155900,False
2021-07-16,40.290000915527344,40.68000030517578,39.81999969482422,40.54999923706055,35.9197998046875,1320300,False
2021-07-19,40.33000183105469,40.380001068115234,39.720001220703125,39.84000015258789,35.29087829589844,1608300,False
2021-07-20,40.0,41.31999969482422,39.869998931884766,41.22999954223633,36.52215576171875,1467000,False
2021-07-21,41.22999954223633,41.790000915527344,41.08000183105469,41.310001373291016,36.5930290222168,1214500,False
2021-07-22,41.2400016784668,41.2599983215332,40.209999084472656,40.36000061035156,35.751495361328125,1074900,False
2021-07-23,40.47999954223633,40.58000183105469,40.06999969482422,40.33000183105469,35.72492980957031,1001100,False
2021-07-26,40.209999084472656,40.439998626708984,39.54999923706055,39.70000076293945,35.16686248779297,1409400,False
2021-07-27,39.5099983215332,39.65999984741211,38.630001068115234,39.20000076293945,34.72395706176758,1567600,False
2021-07-28,39.189998626708984,39.36000061035156,37.79999923706055,38.529998779296875,34.13045120239258,2007800,False
2021-07-29,38.560001373291016,38.880001068115234,38.15999984741211,38.25,33.88243103027344,4509600,False
2021-07-30,38.31999969482422,38.75,37.935001373291016,38.20000076293945,33.8381462097168,6972500,False
2021-08-02,38.33000183105469,38.459999084472656,37.095001220703125,37.209999084472656,32.961177825927734,6777500,False
2021-08-03,37.310001373291016,37.79999923706055,36.61000061035156,37.68000030517578,33.37750244140625,2125900,False
2021-08-04,37.45000076293945,37.81999969482422,36.630001068115234,36.7400016784668,32.54485321044922,2053200,False
2021-08-05,36.81999969482422,37.650001525878906,36.310001373291016,37.25,32.99662399291992,2549500,False
2021-08-06,37.41999816894531,37.487998962402344,36.88999938964844,36.9900016784668,32.766292572021484,2170100,False
2021-08-09,37.0,37.20000076293945,36.65999984741211,36.779998779296875,32.580284118652344,2566800,False
2021-08-10,36.790000915527344,36.880001068115234,36.06999969482422,36.43000030517578,32.2702522277832,1983400,False
2021-08-11,37.189998626708984,37.43000030517578,35.54999923706055,36.689998626708984,32.500553131103516,4279800,False
2021-08-12,37.040000915527344,37.54999923706055,36.75,37.400001525878906,33.129493713378906,1898100,False
2021-08-13,37.54999923706055,39.060001373291016,37.400001525878906,38.72999954223633,34.3076171875,3924900,False
2021-08-16,38.66999816894531,39.0,38.029998779296875,38.25,33.88243103027344,1093900,False
2021-08-17,38.0,39.34000015258789,37.81100082397461,39.09000015258789,34.626522064208984,2149500,False
2021-08-18,39.25,39.529998779296875,38.6609992980957,38.720001220703125,34.298770904541016,919000,False
2021-08-19,38.290000915527344,39.0099983215332,38.08000183105469,38.880001068115234,34.592369079589844,1370100,False
2021-08-20,38.97999954223633,39.31999969482422,38.75,39.0,34.69913864135742,1569100,False
2021-08-23,38.95000076293945,39.279998779296875,38.11000061035156,38.650001525878906,34.387733459472656,1278900,False
2021-08-24,38.630001068115234,39.15999984741211,38.45500183105469,39.06999969482422,34.76141357421875,1230700,False
2021-08-25,39.08000183105469,39.18000030517578,38.29999923706055,39.08000183105469,34.770320892333984,970700,False
2021-08-26,39.380001068115234,40.029998779296875,38.880001068115234,38.900001525878906,34.610164642333984,1710400,False
2021-08-27,38.83000183105469,39.5099983215332,38.68000030517578,39.189998626708984,34.86818313598633,1140300,False
2021-08-30,38.67399978637695,39.30799865722656,38.4010009765625,39.0,34.69913864135742,1567600,False
2021-08-31,38.86000061035156,39.18000030517578,38.599998474121094,38.650001525878906,34.387733459472656,1245900,False
2021-09-01,38.63999938964844,38.95000076293945,38.52000045776367,38.900001525878906,34.610164642333984,1269800,False
2021-09-02,39.0099983215332,39.31999969482422,38.66999816894531,39.310001373291016,34.97495651245117,4117900,False
2021-09-03,39.310001373291016,39.88999938964844,39.13999938964844,39.310001373291016,34.97495651245117,1539400,False
2021-09-07,39.189998626708984,40.0,38.970001220703125,38.97999954223633,34.681339263916016,2533900,False
2021-09-08,39.09000015258789,39.2400016784668,38.380001068115234,38.709999084472656,34.44112014770508,2051200,False
2021-09-09,38.47999954223633,39.06999969482422,38.2599983215332,38.290000915527344,34.06743621826172,1970100,False
2021-09-10,38.290000915527344,38.79999923706055,38.130001068115234,38.47999954223633,34.236488342285156,1462000,False
2021-09-13,38.54999923706055,39.06999969482422,38.16999816894531,38.5099983215332,34.26317596435547,2471100,False
2021-09-14,38.599998474121094,40.0,38.52000045776367,39.66999816894531,35.295249938964844,5638400,False
2021-09-15,39.75,40.0099983215332,37.77000045776367,37.970001220703125,33.78272247314453,8786700,False
2021-09-16,37.900001525878906,38.63999938964844,37.68000030517578,38.380001068115234,34.14751052856445,3146000,False
2021-09-17,38.0099983215332,38.95000076293945,38.0099983215332,38.5,34.2542839050293,17928200,False
2021-09-20,38.0,38.0,36.470001220703125,36.83000183105469,32.7684440612793,3670200,False
2021-09-21,36.900001525878906,37.400001525878906,36.630001068115234,36.630001068115234,32.59049987792969,1692800,False
2021-09-22,36.65999984741211,36.775001525878906,36.099998474121094,36.290000915527344,32.28799819946289,1290500,False
2021-09-23,36.5,37.29999923706055,36.20000076293945,37.130001068115234,33.03535842895508,1854000,False
2021-09-24,37.150001525878906,37.29999923706055,36.84000015258789,37.099998474121094,33.0086669921875,1511300,False
2021-09-27,37.0,37.279998779296875,36.7599983215332,37.150001525878906,33.05315399169922,1204800,False
2021-09-28,37.02000045776367,37.04999923706055,36.54999923706055,36.619998931884766,32.58161544799805,1267700,False
2021-09-29,37.880001068115234,37.9900016784668,36.13999938964844,36.68000030517578,32.63498306274414,1923300,False
2021-09-30,36.81999969482422,37.209999084472656,36.05500030517578,36.13999938964844,32.15453338623047,1767700,False
2021-10-01,36.2400016784668,36.59000015258789,35.84000015258789,36.22999954223633,32.23460388183594,1125900,False
2021-10-04,36.20000076293945,36.310001373291016,35.130001068115234,35.16999816894531,31.291505813598633,1333100,False
2021-10-05,35.13999938964844,35.63999938964844,34.900001525878906,35.31999969482422,31.424959182739258,1213200,False
2021-10-06,35.33000183105469,35.86000061035156,34.86000061035156,35.63999938964844,31.709678649902344,1130900,False
2021-10-07,35.91999816894531,36.369998931884766,35.47100067138672,35.5099983215332,31.594011306762695,768100,False
2021-10-08,35.54999923706055,35.939998626708984,35.33000183105469,35.4900016784668,31.576223373413086,911900,False
2021-10-11,35.560001373291016,36.290000915527344,35.54499816894531,36.130001068115234,32.145633697509766,1167000,False
2021-10-12,36.16999816894531,36.27000045776367,35.630001068115234,36.06999969482422,32.09225082397461,1126200,False
2021-10-13,36.0,36.5,35.612998962402344,35.83000183105469,31.87871742248535,1358800,False
2021-10-14,36.029998779296875,37.130001068115234,36.0,37.060001373291016,32.97307205200195,755500,False
2021-10-15,37.040000915527344,38.47999954223633,37.040000915527344,38.38999938964844,34.156402587890625,1841400,False
2021-10-18,38.20000076293945,38.5099983215332,37.0,37.02000045776367,32.93749237060547,2669500,False
2021-10-19,37.13999938964844,38.150001525878906,36.790000915527344,37.70000076293945,33.542510986328125,1124300,False
2021-10-20,37.90999984741211,37.97999954223633,37.255001068115234,37.38999938964844,33.26668167114258,704500,False
2021-10-21,37.29999923706055,37.599998474121094,37.11000061035156,37.5,33.36456298828125,576400,False
2021-10-22,37.56999969482422,37.86000061035156,37.220001220703125,37.5,33.36456298828125,1064600,False
2021-10-25,37.45000076293945,38.150001525878906,37.45000076293945,37.66999816894531,33.515804290771484,2329600,False
2021-10-26,37.75,38.09000015258789,37.599998474121094,37.7400016784668,33.57809829711914,1270500,False
2021-10-27,37.7400016784668,37.875,36.18000030517578,36.810001373291016,32.75065231323242,1602100,False
2021-10-28,37.349998474121094,38.25899887084961,36.83000183105469,38.20000076293945,33.98736572265625,2624400,False
2021-10-29,39.099998474121094,39.709999084472656,38.79999923706055,39.529998779296875,35.17070007324219,2791200,False
2021-11-01,39.40999984741211,40.16999816894531,39.2400016784668,39.72999954223633,35.3486328125,3243700,False
2021-11-02,39.9900016784668,39.9900016784668,37.83000183105469,38.11000061035156,33.90727615356445,2362800,False
2021-11-03,38.529998779296875,39.75,38.0099983215332,39.5,35.14400100708008,1615900,False
2021-11-04,39.54999923706055,39.77000045776367,39.084999084472656,39.56999969482422,35.20628356933594,1147400,False
2021-11-05,39.31999969482422,40.0099983215332,39.16999816894531,39.52000045776367,35.16178894042969,1662900,False
2021-11-08,39.5,40.0,39.459999084472656,39.849998474121094,35.45539855957031,1411900,False
2021-11-09,39.86000061035156,40.099998474121094,39.349998474121094,39.599998474121094,35.23296356201172,1596900,False
2021-11-10,40.0,42.31999969482422,39.599998474121094,41.58000183105469,36.99461364746094,4295200,False
2021-11-11,41.58000183105469,41.75,39.880001068115234,40.189998626708984,35.757911682128906,1831300,False
2021-11-12,40.5,41.959999084472656,40.279998779296875,41.91999816894531,37.297119140625,4024000,False
2021-11-15,41.91999816894531,42.0,41.380001068115234,41.70000076293945,37.10139083862305,4323700,False
2021-11-16,43.2599983215332,43.68000030517578,41.22999954223633,41.9900016784668,37.359413146972656,6435500,False
2021-11-17,42.689998626708984,43.0099983215332,41.95000076293945,42.47999954223633,37.79536437988281,3287900,False
2021-11-18,42.75,42.79999923706055,41.65999984741211,41.97999954223633,37.50059127807617,2397800,False
2021-11-19,42.0099983215332,42.2599983215332,41.40999984741211,41.560001373291016,37.12540054321289,1766500,False
2021-11-22,42.2400016784668,42.310001373291016,41.5,41.880001068115234,37.4112548828125,2212800,False
2021-11-23,42.0369987487793,42.04499816894531,41.33000183105469,41.849998474121094,37.38444900512695,1441200,False
2021-11-24,41.81999969482422,42.189998626708984,41.650001525878906,42.08000183105469,37.58991241455078,1657900,False
2021-11-26,41.599998474121094,42.400001525878906,41.25,41.88999938964844,37.42018508911133,1391000,False
2021-11-29,41.88999938964844,42.02000045776367,40.83000183105469,41.34000015258789,36.92886734008789,2981200,False
2021-11-30,41.0,41.95000076293945,39.630001068115234,39.77000045776367,35.52640151977539,10729600,False
2021-12-01,40.209999084472656,40.619998931884766,38.41999816894531,38.77000045776367,34.63309860229492,2737600,False
2021-12-02,38.650001525878906,39.099998474121094,37.93000030517578,38.880001068115234,34.73136520385742,2737500,False
2021-12-03,39.599998474121094,39.599998474121094,37.400001525878906,37.650001525878906,33.63261795043945,2293500,False
2021-12-06,37.52000045776367,38.439998626708984,37.34000015258789,37.88999938964844,33.84700012207031,1915900,False
2021-12-07,38.709999084472656,38.84000015258789,38.040000915527344,38.54999923706055,34.43657302856445,1426100,False
2021-12-08,38.689998626708984,39.43000030517578,38.130001068115234,39.15999984741211,34.98148727416992,1746000,False
2021-12-09,38.880001068115234,39.0,37.95000076293945,38.16999816894531,34.09712219238281,1634900,False
2021-12-10,38.130001068115234,38.380001068115234,37.47999954223633,37.77000045776367,33.73979949951172,1294200,False
2021-12-13,37.77000045776367,38.32500076293945,37.349998474121094,37.869998931884766,33.829132080078125,1276100,False
2021-12-14,37.47999954223633,38.01499938964844,37.15999984741211,37.54999923706055,33.543277740478516,2540300,False
2021-12-15,37.4900016784668,37.709999084472656,36.58000183105469,37.52000045776367,33.5164794921875,3317900,False
2021-12-16,37.935001373291016,38.755001068115234,37.54999923706055,38.2400016784668,34.159664154052734,2427700,False
2021-12-17,38.20000076293945,38.83000183105469,37.4900016784668,38.540000915527344,34.42764663696289,2910600,False
2021-12-20,38.150001525878906,38.5,37.67499923706055,38.41999816894531,34.320438385009766,2021400,False
2021-12-21,38.849998474121094,39.54999923706055,38.5099983215332,39.220001220703125,35.03508377075195,1633200,False
2021-12-22,39.02000045776367,39.65999984741211,38.93000030517578,39.56999969482422,35.34773635864258,831800,False
2021-12-23,39.400001525878906,40.310001373291016,39.16999816894531,40.25,35.95518112182617,1263500,False
2021-12-27,40.25,40.720001220703125,39.869998931884766,40.130001068115234,35.84798812866211,1201100,False
2021-12-28,40.20000076293945,40.56999969482422,40.0099983215332,40.33000183105469,36.02664566040039,1021200,False
2021-12-29,40.20000076293945,40.310001373291016,39.83000183105469,39.95000076293945,35.68719482421875,894500,False
2021-12-30,40.209999084472656,40.650001525878906,39.90999984741211,40.08000183105469,35.80332565307617,695400,False
2021-12-31,39.939998626708984,40.52000045776367,39.810001373291016,39.849998474121094,35.59785842895508,817500,False
2022-01-03,40.099998474121094,40.119998931884766,39.15999984741211,39.29999923706055,35.1065559387207,877500,False
2022-01-04,39.13999938964844,39.56999969482422,38.75,39.13999938964844,34.96361541748047,1208000,False
2022-01-05,39.13999938964844,39.290000915527344,38.029998779296875,38.09000015258789,34.02566146850586,1314000,False
2022-01-06,38.720001220703125,38.97999954223633,38.11000061035156,38.79999923706055,34.65989685058594,1548400,False
2022-01-07,38.86000061035156,40.36000061035156,38.709999084472656,40.2599983215332,35.964115142822266,2599800,False
2022-01-10,40.939998626708984,42.59000015258789,40.81999969482422,42.439998626708984,37.91149139404297,5830700,False
2022-01-11,42.41999816894531,42.619998931884766,41.40999984741211,41.599998474121094,37.161128997802734,1501600,False
2022-01-12,41.150001525878906,41.41999816894531,40.529998779296875,40.84000015258789,36.48222732543945,1126500,False
2022-01-13,40.7400016784668,40.90999984741211,40.04999923706055,40.18000030517578,35.89264678955078,1396200,False
2022-01-14,39.86000061035156,40.220001220703125,38.84000015258789,39.65999984741211,35.42812728881836,2113700,False
2022-01-18,39.790000915527344,40.64500045776367,39.279998779296875,40.31999969482422,36.017704010009766,1786400,False
2022-01-19,40.52000045776367,40.99800109863281,39.91999816894531,39.970001220703125,35.70505905151367,2342700,False
2022-01-20,39.90999984741211,40.38999938964844,39.290000915527344,39.310001373291016,35.115474700927734,2012600,False
2022-01-21,39.029998779296875,39.33000183105469,38.709999084472656,39.13999938964844,34.96361541748047,1247000,False
2022-01-24,38.33000183105469,39.52000045776367,37.529998779296875,39.470001220703125,35.2584114074707,2122900,False
2022-01-25,39.189998626708984,39.720001220703125,38.61000061035156,39.130001068115234,34.95469284057617,1062700,False
2022-01-26,39.130001068115234,40.02000045776367,38.72999954223633,38.93000030517578,34.776031494140625,1314300,False
2022-01-27,39.16999816894531,39.869998931884766,38.540000915527344,38.68000030517578,34.55270767211914,1352800,False
2022-01-28,38.59000015258789,39.47999954223633,38.349998474121094,39.459999084472656,35.24946975708008,935200,False
2022-01-31,39.09000015258789,40.470001220703125,39.08599853515625,40.0099983215332,35.740779876708984,2182800,False
2022-02-01,40.0099983215332,40.70000076293945,39.790000915527344,40.560001373291016,36.23210906982422,3084100,False
2022-02-02,40.369998931884766,41.220001220703125,39.834999084472656,41.0,36.62515640258789,2812100,False
2022-02-03,40.709999084472656,40.95000076293945,39.970001220703125,40.029998779296875,35.75865173339844,1298600,False
2022-02-04,39.86000061035156,40.275001525878906,39.27000045776367,39.970001220703125,35.70505905151367,850200,False
2022-02-07,40.0,40.47999954223633,40.0,40.189998626708984,35.901580810546875,870600,False
2022-02-08,40.0099983215332,40.290000915527344,39.52000045776367,39.97999954223633,35.71398162841797,707800,False
2022-02-09,40.0,40.5099983215332,39.97999954223633,40.220001220703125,35.92837905883789,1018500,False
2022-02-10,40.0,40.400001525878906,39.20000076293945,39.459999084472656,35.24946975708008,1820300,False
2022-02-11,39.70000076293945,40.290000915527344,39.560001373291016,39.86000061035156,35.60679244995117,1701400,False
2022-02-14,39.470001220703125,39.790000915527344,39.040000915527344,39.11000061035156,34.936824798583984,1691900,False
2022-02-15,39.2400016784668,40.564998626708984,39.2400016784668,40.34000015258789,36.035579681396484,2244300,False
2022-02-16,40.38999938964844,40.91999816894531,40.018001556396484,40.5,36.17850112915039,1665300,False
2022-02-17,40.04999923706055,40.21200180053711,39.65999984741211,39.68000030517578,35.613075256347656,985000,False
2022-02-18,39.76499938964844,40.02000045776367,39.16999816894531,39.40999984741211,35.370750427246094,1107000,False
2022-02-22,39.0,39.23699951171875,38.34000015258789,38.540000915527344,34.58992004394531,1129200,False
2022-02-23,38.650001525878906,38.7599983215332,37.290000915527344,37.459999084472656,33.62059783935547,1747000,False
2022-02-24,36.810001373291016,38.040000915527344,36.150001525878906,37.880001068115234,33.99756622314453,1612600,False
2022-02-25,37.939998626708984,38.75,37.56999969482422,38.470001220703125,34.5270881652832,1593500,False
2022-02-28,38.400001525878906,39.31999969482422,38.22999954223633,39.2599983215332,35.236114501953125,1646400,False
2022-03-01,39.0,39.150001525878906,38.459999084472656,38.790000915527344,34.81429672241211,1237000,False
2022-03-02,38.83000183105469,39.42499923706055,38.470001220703125,39.189998626708984,35.17329025268555,935500,False
2022-03-03,39.209999084472656,39.40999984741211,38.292999267578125,38.5,34.554012298583984,718200,False
2022-03-04,37.81999969482422,38.540000915527344,37.7599983215332,38.41999816894531,34.482208251953125,1259400,False
2022-03-07,38.0,38.70000076293945,37.9010009765625,37.9900016784668,34.096290588378906,1626100,False
2022-03-08,37.619998931884766,38.38999938964844,37.279998779296875,37.66999816894531,33.809085845947266,1357300,False
2022-03-09,38.150001525878906,38.61000061035156,38.0099983215332,38.380001068115234,34.44631576538086,1044500,False
2022-03-10,38.04999923706055,38.81999969482422,37.91299819946289,38.5099983215332,34.562992095947266,966800,False
2022-03-11,38.81999969482422,39.06999969482422,38.20000076293945,38.27000045776367,34.34758758544922,580800,False
2022-03-14,38.41999816894531,38.810001373291016,37.709999084472656,37.97999954223633,34.08730697631836,1149700,False
2022-03-15,38.119998931884766,38.41999816894531,37.8849983215332,38.27000045776367,34.34758758544922,1126300,False
2022-03-16,38.43000030517578,39.11000061035156,38.209999084472656,39.0,35.002769470214844,1541100,False
2022-03-17,38.810001373291016,40.04999923706055,38.529998779296875,39.779998779296875,35.702823638916016,2055200,False
2022-03-18,39.33000183105469,39.77000045776367,39.13999938964844,39.31999969482422,35.28996658325195,2635500,False
2022-03-21,39.119998931884766,39.43000030517578,38.709999084472656,38.959999084472656,34.96687316894531,1780300,False
2022-03-22,39.029998779296875,39.15999984741211,38.5,38.810001373291016,34.832244873046875,1173500,False
2022-03-23,38.459999084472656,38.90999984741211,38.310001373291016,38.529998779296875,34.58094024658203,1447500,False
2022-03-24,38.52000045776367,38.7599983215332,38.18000030517578,38.52000045776367,34.57196807861328,1443700,False
2022-03-25,38.43000030517578,38.775001525878906,38.08000183105469,38.369998931884766,34.43733215332031,1192600,False
2022-03-28,38.22999954223633,38.36000061035156,37.7400016784668,37.9900016784668,34.096290588378906,1150000,False
2022-03-29,38.09000015258789,38.75,38.040000915527344,38.7400016784668,34.769412994384766,2532500,False
2022-03-30,38.79999923706055,39.28499984741211,38.599998474121094,39.0,35.002769470214844,2129700,False
2022-03-31,39.0,39.220001220703125,38.619998931884766,38.959999084472656,34.96687316894531,2957500,False
2022-04-01,39.0,39.380001068115234,38.900001525878906,39.36000061035156,35.32587432861328,2134300,False
2022-04-04,39.29999923706055,39.77000045776367,38.959999084472656,39.7400016784668,35.666927337646484,2622200,False
2022-04-05,39.84000015258789,40.915000915527344,39.77000045776367,39.84000015258789,35.75667953491211,2127900,False
2022-04-06,39.91999816894531,40.599998474121094,39.709999084472656,40.380001068115234,36.24132537841797,2931700,False
2022-04-07,40.45000076293945,40.880001068115234,39.91999816894531,40.83000183105469,36.64521026611328,2750800,False
2022-04-08,40.84000015258789,41.880001068115234,40.61000061035156,41.41999816894531,37.17473602294922,2292000,False
2022-04-11,41.25,41.709999084472656,41.2400016784668,41.5,37.246543884277344,1577000,False
2022-04-12,41.47999954223633,42.38999938964844,41.38999938964844,41.810001373291016,37.5247688293457,3904700,False
2022-04-13,41.939998626708984,42.72999954223633,41.70000076293945,42.439998626708984,38.090187072753906,2796500,False
2022-04-14,43.18000030517578,44.75,43.0099983215332,44.099998474121094,39.580055236816406,5477300,False
2022-04-18,43.742000579833984,44.2599983215332,43.71500015258789,44.095001220703125,39.57556915283203,3079700,False
2022-04-19,44.150001525878906,44.209999084472656,43.560001373291016,44.20000076293945,39.66980743408203,2481800,False
2022-04-20,43.869998931884766,44.57500076293945,43.77000045776367,44.220001220703125,39.6877555847168,5672000,False
2022-04-21,44.220001220703125,44.224998474121094,43.2599983215332,43.59000015258789,39.12233352661133,2555700,False
2022-04-22,43.25,43.29999923706055,42.599998474121094,42.68000030517578,38.305599212646484,2026000,False
2022-04-25,42.2599983215332,42.459999084472656,41.44499969482422,42.310001373291016,37.973514556884766,2140900,False
2022-04-26,42.310001373291016,42.540000915527344,41.709999084472656,41.83000183105469,37.5427131652832,3032300,False
2022-04-27,42.189998626708984,43.15999984741211,41.900001525878906,42.9900016784668,38.583824157714844,2387600,False
2022-04-28,42.869998931884766,43.89500045776367,42.400001525878906,43.54999923706055,39.08642578125,2456500,False
2022-04-29,43.400001525878906,43.619998931884766,42.41999816894531,42.58000183105469,38.215843200683594,2661800,False
2022-05-02,42.38999938964844,42.959999084472656,41.4900016784668,42.349998474121094,38.00941467285156,1935500,False
2022-05-03,42.15999984741211,43.0,42.154998779296875,42.70000076293945,38.32354736328125,1191400,False
2022-05-04,42.7599983215332,43.369998931884766,42.310001373291016,43.20000076293945,38.77229690551758,2167400,False
2022-05-05,43.13999938964844,43.13999938964844,40.470001220703125,40.77000045776367,36.59135818481445,2887800,False
2022-05-06,40.36000061035156,40.54999923706055,39.60100173950195,39.720001220703125,35.64897918701172,2619900,False
2022-05-09,39.150001525878906,39.2400016784668,37.2599983215332,37.529998779296875,33.683433532714844,2729000,False
2022-05-10,37.849998474121094,38.41999816894531,37.06999969482422,37.689998626708984,33.82703399658203,2567200,False
2022-05-11,37.380001068115234,38.93000030517578,37.220001220703125,38.310001373291016,34.38349914550781,2777300,False
2022-05-12,38.040000915527344,39.0099983215332,37.970001220703125,38.95000076293945,34.95789337158203,1940300,False
2022-05-13,40.0,40.459999084472656,39.435001373291016,39.939998626708984,35.84642791748047,2718800,False
2022-05-16,39.709999084472656,40.75,39.540000915527344,40.2599983215332,36.13363265991211,1709800,False
2022-05-17,40.25,41.380001068115234,40.11000061035156,41.36000061035156,37.12089157104492,2637200,False
2022-05-18,41.150001525878906,41.79999923706055,40.19499969482422,40.5099983215332,36.358001708984375,2360000,False
2022-05-19,40.02000045776367,40.65999984741211,39.715999603271484,39.779998779296875,35.87105941772461,1852200,False
2022-05-20,40.2400016784668,40.47999954223633,38.810001373291016,39.52000045776367,35.6366081237793,2314100,False
2022-05-23,40.0,40.91999816894531,39.86000061035156,40.04999923706055,36.11452865600586,1716200,False
2022-05-24,39.529998779296875,39.81999969482422,38.834999084472656,39.7400016784668,35.834991455078125,1772900,False
2022-05-25,39.4900016784668,40.31999969482422,39.36000061035156,40.209999084472656,36.258811950683594,1392100,False
2022-05-26,40.52000045776367,40.76900100708008,39.9900016784668,40.0099983215332,36.078460693359375,1669800,False
2022-05-27,40.27000045776367,41.45000076293945,40.209999084472656,41.27000045776367,37.21465301513672,1459000,False
2022-05-31,41.15999984741211,41.290000915527344,40.4900016784668,41.13999938964844,37.09742736816406,1796700,False
2022-06-01,41.13999938964844,41.34000015258789,40.43000030517578,40.689998626708984,36.6916389465332,2138600,False
2022-06-02,40.810001373291016,40.9900016784668,40.04999923706055,40.560001373291016,36.57442092895508,1848800,False
2022-06-03,40.29999923706055,40.810001373291016,40.20000076293945,40.52000045776367,36.53834915161133,728900,False
2022-06-06,40.5,40.65999984741211,40.029998779296875,40.40999984741211,36.439151763916016,1235200,False
2022-06-07,40.09000015258789,41.595001220703125,40.09000015258789,41.31999969482422,37.25973892211914,1843000,False
2022-06-08,41.31999969482422,41.970001220703125,41.0099983215332,41.4900016784668,37.41303634643555,2408400,False
2022-06-09,41.560001373291016,41.650001525878906,40.95000076293945,41.08000183105469,37.043331146240234,1309600,False
2022-06-10,40.34000015258789,40.742000579833984,40.0,40.47999954223633,36.502281188964844,1060100,False
2022-06-13,39.970001220703125,40.084999084472656,38.34000015258789,38.459999084472656,34.68077087402344,5028800,False
2022-06-14,38.34000015258789,38.93000030517578,37.900001525878906,38.20000076293945,34.44632339477539,1438100,False
2022-06-15,38.459999084472656,39.13999938964844,38.220001220703125,38.529998779296875,34.74388885498047,1423500,False
2022-06-16,38.0,38.400001525878906,37.439998626708984,38.31999969482422,34.554527282714844,1426100,False
2022-06-17,38.36000061035156,39.79999923706055,38.34199905395508,39.349998474121094,35.48332595825195,3421500,False
2022-06-21,39.66999816894531,40.619998931884766,39.66999816894531,40.11000061035156,36.16864013671875,1984800,False
2022-06-22,39.77000045776367,40.470001220703125,39.72999954223633,39.84000015258789,35.92517852783203,1780200,False
2022-06-23,40.029998779296875,41.20000076293945,39.959999084472656,41.08000183105469,37.043331146240234,2605600,False
2022-06-24,41.5,43.560001373291016,41.20000076293945,43.20000076293945,38.95499801635742,8184900,False
2022-06-27,43.0,43.599998474121094,42.58000183105469,42.83000183105469,38.621360778808594,3527700,False
2022-06-28,42.72999954223633,43.13999938964844,42.0,42.560001373291016,38.37789535522461,4042000,False
2022-06-29,42.540000915527344,42.540000915527344,41.880001068115234,42.09000015258789,37.95407485961914,1826300,False
2022-06-30,41.689998626708984,42.185001373291016,41.400001525878906,42.040000915527344,37.90898895263672,1549700,False
2022-07-01,42.029998779296875,42.91999816894531,41.744998931884766,42.7400016784668,38.54020309448242,1045800,False
2022-07-05,42.31999969482422,43.209999084472656,41.939998626708984,43.150001525878906,38.909912109375,1665300,False
2022-07-06,43.209999084472656,43.599998474121094,42.97999954223633,43.09000015258789,38.85581588745117,1765600,False
2022-07-07,43.0,43.5,42.810001373291016,43.040000915527344,38.810726165771484,1207700,False
2022-07-08,42.810001373291016,43.48500061035156,42.560001373291016,42.959999084472656,38.738590240478516,1000700,False
2022-07-11,42.75,42.959999084472656,42.52000045776367,42.7599983215332,38.5582389831543,696600,False
2022-07-12,42.75,43.189998626708984,42.36000061035156,42.560001373291016,38.37789535522461,845800,False
2022-07-13,42.08000183105469,42.779998779296875,42.0099983215332,42.38999938964844,38.22459411621094,849700,False
2022-07-14,42.33000183105469,43.42499923706055,42.189998626708984,43.18000030517578,38.93696975708008,1605600,False
2022-07-15,43.470001220703125,44.470001220703125,43.470001220703125,43.93000030517578,39.61327362060547,5847500,False
2022-07-18,44.41999816894531,44.439998626708984,43.599998474121094,43.709999084472656,39.41489028930664,1735000,False
2022-07-19,44.08000183105469,44.08000183105469,43.369998931884766,43.66999816894531,39.37882995605469,2311700,False
2022-07-20,43.59000015258789,43.869998931884766,42.83000183105469,43.0099983215332,38.783668518066406,1545800,False
2022-07-21,42.849998474121094,43.099998474121094,42.3849983215332,42.7400016784668,38.54020309448242,5222300,False
2022-07-22,42.66999816894531,43.439998626708984,42.5099983215332,43.22999954223633,38.9820556640625,1743800,False
2022-07-25,43.15999984741211,43.189998626708984,42.70000076293945,42.959999084472656,38.738590240478516,1412500,False
2022-07-26,43.0,43.400001525878906,42.83000183105469,43.0,38.774658203125,1485900,False
2022-07-27,43.0099983215332,43.90999984741211,42.810001373291016,43.650001525878906,39.36078643798828,1607500,False
2022-07-28,43.54999923706055,44.029998779296875,42.84000015258789,43.599998474121094,39.31569290161133,1348200,False
2022-07-29,43.880001068115234,43.93000030517578,42.97999954223633,43.4900016784668,39.21650314331055,2251300,False
2022-08-01,43.59000015258789,43.59000015258789,42.650001525878906,42.77000045776367,38.5672607421875,1456100,False
2022-08-02,42.599998474121094,42.97999954223633,42.349998474121094,42.470001220703125,38.29673385620117,1979100,False
2022-08-03,42.83000183105469,43.0,42.4900016784668,42.849998474121094,38.63938903808594,1943900,False
2022-08-04,42.529998779296875,43.15999984741211,42.16999816894531,42.5099983215332,38.33280563354492,1142100,False
2022-08-05,42.5,43.58000183105469,42.31999969482422,42.45000076293945,38.278709411621094,3646500,False
2022-08-08,42.599998474121094,43.39500045776367,42.349998474121094,43.130001068115234,38.891883850097656,1990200,False
2022-08-09,43.279998779296875,43.95000076293945,43.26499938964844,43.66999816894531,39.37882995605469,1690100,False
2022-08-10,43.939998626708984,44.04999923706055,43.599998474121094,43.91999816894531,39.604248046875,1288400,False
2022-08-11,43.91999816894531,44.13999938964844,43.52000045776367,43.70000076293945,39.40586853027344,1100000,False
2022-08-12,43.70000076293945,44.220001220703125,43.56999969482422,44.20000076293945,39.85673904418945,1154700,False
2022-08-15,44.08000183105469,44.310001373291016,43.650001525878906,43.93000030517578,39.61327362060547,1889500,False
2022-08-16,43.91999816894531,44.560001373291016,43.7599983215332,44.349998474121094,39.992000579833984,1997200,False
2022-08-17,44.119998931884766,44.65999984741211,43.97700119018555,44.650001525878906,40.26252746582031,2529900,False
2022-08-18,44.650001525878906,44.650001525878906,43.84000015258789,44.16999816894531,39.99989700317383,1385100,False
2022-08-19,44.0,44.255001068115234,43.90299987792969,44.099998474121094,39.93650817871094,1049900,False
2022-08-22,43.650001525878906,44.08000183105469,43.40999984741211,43.61000061035156,39.492767333984375,1196100,False
2022-08-23,43.45000076293945,43.7599983215332,43.04999923706055,43.45000076293945,39.347869873046875,1455600,False
2022-08-24,43.45000076293945,43.7400016784668,43.220001220703125,43.45000076293945,39.347869873046875,1151300,False
2022-08-25,43.650001525878906,44.0,43.43000030517578,43.65999984741211,39.538047790527344,1743800,False
2022-08-26,43.5,43.90700149536133,42.7400016784668,43.04999923706055,38.98563766479492,1573500,False
2022-08-29,42.560001373291016,42.720001220703125,41.5099983215332,42.31999969482422,38.324554443359375,1515000,False
2022-08-30,42.31999969482422,42.43000030517578,41.74800109863281,41.849998474121094,37.898929595947266,1454000,False
2022-08-31,42.09000015258789,42.209999084472656,41.56999969482422,41.810001373291016,37.862709045410156,1651400,False
2022-09-01,41.689998626708984,41.97999954223633,41.244998931884766,41.970001220703125,38.00760269165039,1032800,False
2022-09-02,42.0099983215332,42.85499954223633,41.915000915527344,42.06999969482422,38.09815216064453,1370800,False
2022-09-06,42.130001068115234,42.483001708984375,41.82500076293945,41.900001525878906,37.94420623779297,1405200,False
2022-09-07,41.91999816894531,42.83000183105469,41.7400016784668,42.709999084472656,38.677734375,1709100,False
2022-09-08,42.790000915527344,43.154998779296875,42.369998931884766,42.9900016784668,38.931304931640625,2407200,False
2022-09-09,43.02000045776367,43.869998931884766,42.9900016784668,43.630001068115234,39.51087951660156,946700,False
2022-09-12,43.689998626708984,44.19499969482422,43.560001373291016,43.63999938964844,39.51993942260742,1389000,False
2022-09-13,43.040000915527344,43.15999984741211,42.27000045776367,42.61000061035156,38.587181091308594,1642200,False
2022-09-14,42.7400016784668,42.880001068115234,42.275001525878906,42.439998626708984,38.43323516845703,3753900,False
2022-09-15,42.36000061035156,42.650001525878906,42.08000183105469,42.16999816894531,38.188716888427734,1865900,False
2022-09-16,41.779998779296875,42.09000015258789,41.310001373291016,41.95000076293945,37.9894905090332,2565700,False
2022-09-19,41.65999984741211,41.790000915527344,40.95000076293945,41.650001525878906,37.717811584472656,2636000,False
2022-09-20,41.47999954223633,41.650001525878906,40.724998474121094,41.02000045776367,37.14728927612305,3475000,False
2022-09-21,40.9900016784668,41.560001373291016,40.65999984741211,40.70000076293945,36.857505798339844,1389200,False
2022-09-22,40.70000076293945,41.375,40.36000061035156,41.060001373291016,37.18351745605469,1645200,False
2022-09-23,40.90999984741211,40.90999984741211,40.04499816894531,40.33000183105469,36.522438049316406,1735200,False
2022-09-26,40.130001068115234,40.48500061035156,39.599998474121094,39.880001068115234,36.11492156982422,1178100,False
2022-09-27,40.189998626708984,40.41999816894531,39.779998779296875,40.22999954223633,36.43187713623047,1248600,False
2022-09-28,41.04999923706055,41.720001220703125,40.959999084472656,41.2599983215332,37.36463165283203,4013100,False
2022-09-29,41.16999816894531,41.20000076293945,40.23500061035156,40.33000183105469,36.522438049316406,1391900,False
2022-09-30,40.34000015258789,40.68000030517578,40.09000015258789,40.18000030517578,36.386600494384766,1989400,False
2022-10-03,40.31999969482422,40.52000045776367,39.88999938964844,40.189998626708984,36.39564895629883,1731600,False
2022-10-04,40.56999969482422,41.880001068115234,40.41999816894531,41.66999816894531,37.73592758178711,2247900,False
2022-10-05,41.5,41.9900016784668,41.27000045776367,41.72999954223633,37.790260314941406,1107000,False
2022-10-06,41.4900016784668,41.564998626708984,40.65999984741211,41.060001373291016,37.18351745605469,1731000,False
2022-10-07,40.95000076293945,41.4900016784668,40.650001525878906,40.86000061035156,37.00239944458008,1839600,False
2022-10-10,40.849998474121094,41.09000015258789,40.369998931884766,40.400001525878906,36.5858268737793,1312000,False
2022-10-11,40.189998626708984,41.56999969482422,40.130001068115234,41.27000045776367,37.37369155883789,1530800,False
2022-10-12,41.06999969482422,41.70500183105469,40.79999923706055,41.09000015258789,37.21068572998047,2072900,False
2022-10-13,40.5099983215332,41.939998626708984,40.18000030517578,41.650001525878906,37.717811584472656,1191500,False
2022-10-14,41.959999084472656,42.2400016784668,41.25,41.40999984741211,37.50047302246094,989900,False
2022-10-17,41.439998626708984,42.18000030517578,41.439998626708984,41.779998779296875,37.835533142089844,1392100,False
2022-10-18,42.209999084472656,42.779998779296875,41.70000076293945,42.02000045776367,38.05288314819336,2073500,False
2022-10-19,41.7599983215332,41.88999938964844,40.803001403808594,41.040000915527344,37.1654052734375,860600,False
2022-10-20,40.95000076293945,41.13999938964844,40.52000045776367,40.86000061035156,37.00239944458008,1031300,False
2022-10-21,40.849998474121094,41.23500061035156,40.65999984741211,41.02000045776367,37.14728927612305,1020600,False
2022-10-24,41.16999816894531,41.400001525878906,40.90999984741211,41.27000045776367,37.37369155883789,949800,False
2022-10-25,41.220001220703125,41.51499938964844,41.060001373291016,41.41999816894531,37.509525299072266,2158300,False
2022-10-26,41.45000076293945,42.41999816894531,41.40999984741211,42.02000045776367,38.05288314819336,1191900,False
2022-10-27,42.189998626708984,42.349998474121094,41.810001373291016,42.040000915527344,38.07099533081055,1895800,False
2022-10-28,42.08000183105469,42.82500076293945,41.9900016784668,42.7599983215332,38.723018646240234,2086900,False
2022-10-31,42.66999816894531,42.77000045776367,42.1349983215332,42.31999969482422,38.324554443359375,1270200,False
2022-11-01,42.45000076293945,42.63999938964844,42.0099983215332,42.220001220703125,38.234004974365234,1260000,False
2022-11-02,42.099998474121094,43.185001373291016,41.7400016784668,42.27000045776367,38.27928161621094,1537800,False
2022-11-03,41.689998626708984,42.375,41.40999984741211,42.29999923706055,38.30644989013672,1030100,False
2022-11-04,42.540000915527344,42.540000915527344,41.65999984741211,41.939998626708984,37.980438232421875,1356600,False
2022-11-07,41.869998931884766,42.40999984741211,41.79999923706055,42.369998931884766,38.36983871459961,1525700,False
2022-11-08,42.43000030517578,43.869998931884766,42.11000061035156,42.689998626708984,38.65961456298828,1506500,False
2022-11-09,42.81999969482422,43.790000915527344,42.59000015258789,43.029998779296875,38.96752166748047,1949200,False
2022-11-10,43.560001373291016,44.0099983215332,43.439998626708984,43.9900016784668,39.83689880371094,1584900,False
2022-11-11,43.810001373291016,43.939998626708984,43.22999954223633,43.91999816894531,39.773494720458984,1290000,False
2022-11-14,43.060001373291016,43.275001525878906,41.81999969482422,42.5,38.4875602722168,2428100,False
2022-11-15,42.369998931884766,42.709999084472656,41.54999923706055,42.08000183105469,38.10721206665039,1885500,False
2022-11-16,42.20000076293945,42.599998474121094,41.970001220703125,42.54999923706055,38.53284454345703,2048000,False
2022-11-17,42.34000015258789,42.540000915527344,42.060001373291016,42.33000183105469,38.50555419921875,1613500,False
2022-11-18,42.630001068115234,43.029998779296875,42.39500045776367,42.869998931884766,38.996768951416016,1664300,False
2022-11-21,43.060001373291016,43.459999084472656,42.880001068115234,42.91999816894531,39.04224395751953,2286500,False
2022-11-22,43.0,43.459999084472656,42.849998474121094,43.369998931884766,39.45159149169922,819000,False
2022-11-23,43.29999923706055,43.494998931884766,42.81999969482422,42.93000030517578,39.05134582519531,807800,False
2022-11-25,42.93000030517578,43.18000030517578,42.810001373291016,42.97999954223633,39.096824645996094,358800,False
2022-11-28,42.84000015258789,43.08000183105469,42.619998931884766,42.869998931884766,38.996768951416016,1483800,False
2022-11-29,43.06999969482422,43.14500045776367,42.79999923706055,43.06999969482422,39.17869567871094,1158000,False
2022-11-30,43.029998779296875,43.9900016784668,42.974998474121094,43.970001220703125,39.99737548828125,2049900,False
2022-12-01,43.90999984741211,44.470001220703125,43.779998779296875,44.040000915527344,40.06105422973633,2157800,False
2022-12-02,43.83000183105469,44.209999084472656,43.505001068115234,43.849998474121094,39.88821792602539,1743800,False
2022-12-05,43.5,43.654998779296875,42.584999084472656,43.0099983215332,39.124122619628906,1519400,False
2022-12-06,42.849998474121094,42.959999084472656,41.90999984741211,41.93000030517578,38.141693115234375,1546800,False
2022-12-07,42.04999923706055,42.560001373291016,41.90999984741211,42.130001068115234,38.32362365722656,1666700,False
2022-12-08,42.060001373291016,42.470001220703125,41.849998474121094,42.33000183105469,38.50555419921875,882400,False
2022-12-09,42.189998626708984,42.599998474121094,41.7400016784668,41.75,37.97795867919922,1444700,False
2022-12-12,41.630001068115234,42.209999084472656,41.54999923706055,42.18000030517578,38.36910629272461,1413300,False
2022-12-13,42.84000015258789,42.869998931884766,41.790000915527344,41.81999969482422,38.0416374206543,1626000,False
2022-12-14,41.77000045776367,42.119998931884766,41.29999923706055,41.459999084472656,37.71415710449219,1336800,False
2022-12-15,41.29999923706055,41.29999923706055,40.2599983215332,40.790000915527344,37.10469055175781,1891900,False
2022-12-16,40.47999954223633,40.59000015258789,39.86000061035156,40.209999084472656,36.57709503173828,2415500,False
2022-12-19,40.220001220703125,40.279998779296875,39.18000030517578,39.56999969482422,35.99492263793945,1208100,False
2022-12-20,40.06999969482422,40.32899856567383,39.279998779296875,39.689998626708984,36.10407638549805,1561100,False
2022-12-21,39.900001525878906,40.09000015258789,39.529998779296875,39.599998474121094,36.0222053527832,1518300,False
2022-12-22,39.439998626708984,39.5,38.7400016784668,39.189998626708984,35.64925003051758,1655700,False
2022-12-23,39.16999816894531,39.650001525878906,39.099998474121094,39.439998626708984,35.87665557861328,934700,False
2022-12-27,39.560001373291016,39.720001220703125,39.15999984741211,39.2400016784668,35.69472885131836,732600,False
2022-12-28,39.33000183105469,39.48500061035156,39.04999923706055,39.16999816894531,35.63105392456055,967600,False
2022-12-29,39.22999954223633,39.94499969482422,39.20000076293945,39.540000915527344,35.96763229370117,923800,False
2022-12-30,39.43000030517578,39.599998474121094,39.0099983215332,39.52000045776367,35.949432373046875,915400,False
2023-01-03,39.77000045776367,39.91999816894531,38.935001373291016,39.400001525878906,35.84027862548828,1004500,False
2023-01-04,39.43000030517578,39.61000061035156,38.83000183105469,39.150001525878906,35.61286544799805,2056400,False
2023-01-05,39.04999923706055,39.18000030517578,38.5099983215332,38.63999938964844,35.1489372253418,1363700,False
2023-01-06,38.72999954223633,38.880001068115234,38.04999923706055,38.09000015258789,34.64863204956055,1009400,False
2023-01-09,38.290000915527344,39.48500061035156,37.88999938964844,39.20000076293945,35.65834426879883,2344000,False
2023-01-10,39.20000076293945,39.45000076293945,38.86000061035156,39.2599983215332,35.712928771972656,1321000,False
2023-01-11,39.41999816894531,39.459999084472656,38.880001068115234,39.31999969482422,35.76750183105469,1523100,False
2023-01-12,39.36000061035156,39.38999938964844,38.72999954223633,39.209999084472656,35.66743850708008,1400900,False
2023-01-13,39.16999816894531,39.459999084472656,38.900001525878906,39.369998931884766,35.81298065185547,1260200,False
2023-01-17,39.290000915527344,39.369998931884766,38.84000015258789,38.91999816894531,35.40364456176758,1575300,False
2023-01-18,38.91999816894531,39.10499954223633,38.4900016784668,38.5,35.021583557128906,1542300,False
2023-01-19,38.45000076293945,38.60499954223633,38.150001525878906,38.18000030517578,34.730499267578125,1066800,False
2023-01-20,38.2400016784668,38.36000061035156,37.83000183105469,38.33000183105469,34.86695098876953,1050100,False
2023-01-23,38.31999969482422,38.540000915527344,38.16999816894531,38.349998474121094,34.88513946533203,1351700,False
2023-01-24,38.36000061035156,38.470001220703125,37.70000076293945,38.2599983215332,34.80326843261719,2060700,False
2023-01-25,38.43000030517578,38.880001068115234,38.310001373291016,38.720001220703125,35.22171401977539,1184300,False
2023-01-26,38.849998474121094,38.880001068115234,38.32500076293945,38.709999084472656,35.21261215209961,1432900,False
2023-01-27,38.83000183105469,39.04999923706055,38.630001068115234,38.900001525878906,35.38545608520508,1016200,False
2023-01-30,38.900001525878906,39.025001525878906,38.584999084472656,38.63999938964844,35.1489372253418,1355400,False
2023-01-31,38.650001525878906,39.20000076293945,38.5,39.189998626708984,35.64925003051758,1480600,False
2023-02-01,39.0,39.25,38.630001068115234,38.900001525878906,35.38545608520508,1316000,False
2023-02-02,38.900001525878906,39.150001525878906,38.25,38.900001525878906,35.38545608520508,3712100,False
2023-02-03,38.86000061035156,39.1349983215332,38.67499923706055,38.959999084472656,35.44002151489258,1364500,False
2023-02-06,38.959999084472656,39.099998474121094,38.2400016784668,38.27000045776367,34.8123664855957,1528900,False
2023-02-07,38.18000030517578,38.775001525878906,37.97999954223633,38.68000030517578,35.185325622558594,3114500,False
2023-02-08,38.790000915527344,38.790000915527344,38.03499984741211,38.040000915527344,34.603145599365234,1193900,False
2023-02-09,38.11000061035156,38.349998474121094,37.70000076293945,37.939998626708984,34.512184143066406,2558200,False
2023-02-10,38.20000076293945,38.20000076293945,37.8650016784668,38.099998474121094,34.65773391723633,1328500,False
2023-02-13,37.869998931884766,38.15999984741211,37.70000076293945,38.0,34.566768646240234,1259800,False
2023-02-14,38.060001373291016,38.33000183105469,37.779998779296875,38.0,34.566768646240234,1799500,False
2023-02-15,37.83000183105469,38.5099983215332,37.150001525878906,37.689998626708984,34.46616744995117,1993000,False
2023-02-16,37.529998779296875,37.595001220703125,36.72999954223633,37.2400016784668,34.05466079711914,2084000,False
2023-02-17,37.27000045776367,38.09000015258789,37.13999938964844,37.84000015258789,34.603336334228516,2893200,False
2023-02-21,37.7400016784668,37.79999923706055,37.22999954223633,37.290000915527344,34.10038375854492,1136300,False
2023-02-22,37.43000030517578,37.59000015258789,37.099998474121094,37.13999938964844,33.963218688964844,1574700,False
2023-02-23,37.15999984741211,37.375,36.97999954223633,37.13999938964844,33.963218688964844,3496000,False
2023-02-24,37.029998779296875,37.060001373291016,36.08000183105469,36.380001068115234,33.26822280883789,2288800,False
2023-02-27,36.540000915527344,36.64500045776367,35.939998626708984,36.099998474121094,33.012168884277344,2589400,False
2023-02-28,36.0099983215332,36.279998779296875,35.75,35.849998474121094,32.783565521240234,2641800,False
2023-03-01,35.779998779296875,35.869998931884766,35.52000045776367,35.619998931884766,32.5732307434082,1290700,False
2023-03-02,35.52000045776367,35.560001373291016,35.18000030517578,35.310001373291016,32.28974533081055,1472900,False
2023-03-03,35.38999938964844,35.75699996948242,35.150001525878906,35.63999938964844,32.59151840209961,1811300,False
2023-03-06,35.599998474121094,35.75,34.97999954223633,35.150001525878906,32.1434326171875,1150300,False
2023-03-07,35.130001068115234,35.290000915527344,34.314998626708984,34.38999938964844,31.448434829711914,1892800,False
2023-03-08,34.34000015258789,34.790000915527344,34.220001220703125,34.36000061035156,31.421003341674805,1474600,False
2023-03-09,34.45000076293945,34.5,33.47999954223633,33.52000045776367,30.652851104736328,2602900,False
2023-03-10,33.33000183105469,33.91999816894531,32.91999816894531,33.099998474121094,30.268775939941406,2216000,False
2023-03-13,33.08000183105469,33.560001373291016,32.68000030517578,32.77000045776367,29.96700668334961,2518500,False
2023-03-14,33.0,33.2599983215332,32.900001525878906,33.209999084472656,30.369365692138672,1918300,False
2023-03-15,33.27000045776367,34.560001373291016,33.150001525878906,34.5,31.549026489257812,3352800,False
2023-03-16,34.400001525878906,35.05500030517578,34.334999084472656,34.810001373291016,31.832515716552734,2925100,False
2023-03-17,34.95000076293945,35.060001373291016,34.47999954223633,34.63999938964844,31.677051544189453,5393000,False
2023-03-20,34.869998931884766,35.56999969482422,34.66999816894531,35.380001068115234,32.353759765625,2292400,False
2023-03-21,35.529998779296875,35.619998931884766,34.959999084472656,35.189998626708984,32.18000793457031,1665100,False
2023-03-22,35.22999954223633,35.400001525878906,34.81999969482422,34.86000061035156,31.87823486328125,2391000,False
2023-03-23,35.0,35.130001068115234,34.57500076293945,34.79999923706055,31.8233699798584,1735800,False
2023-03-24,34.790000915527344,35.439998626708984,34.630001068115234,35.43000030517578,32.399478912353516,1600400,False
2023-03-27,37.5,38.189998626708984,36.84000015258789,37.38999938964844,34.191829681396484,3460900,False
2023-03-28,37.13999938964844,37.41999816894531,36.900001525878906,37.06999969482422,33.89920425415039,2775200,False
2023-03-29,37.310001373291016,37.310001373291016,36.34000015258789,36.54999923706055,33.423683166503906,1674300,False
2023-03-30,36.599998474121094,36.779998779296875,36.18000030517578,36.29999923706055,33.1950569152832,1733100,False
2023-03-31,36.279998779296875,36.31999969482422,35.95500183105469,36.029998779296875,32.94816207885742,1763200,False
2023-04-03,36.029998779296875,36.18000030517578,35.709999084472656,35.880001068115234,32.81099319458008,1192500,False
2023-04-04,35.900001525878906,35.91999816894531,35.29499816894531,35.63999938964844,32.59151840209961,1943000,False
2023-04-05,35.7599983215332,36.38999938964844,35.7599983215332,36.27000045776367,33.167633056640625,1375500,False
2023-04-06,36.43000030517578,36.5099983215332,36.11000061035156,36.380001068115234,33.26822280883789,835800,False
2023-04-10,36.58000183105469,36.61000061035156,36.060001373291016,36.310001373291016,33.2042121887207,923800,False
2023-04-11,36.40999984741211,36.63999938964844,36.220001220703125,36.529998779296875,33.40538787841797,1223400,False
2023-04-12,36.709999084472656,36.73500061035156,36.025001525878906,36.11000061035156,33.021324157714844,1278000,False
2023-04-13,36.15999984741211,36.59000015258789,36.0099983215332,36.529998779296875,33.40538787841797,1056000,False
2023-04-14,36.38999938964844,36.540000915527344,36.04999923706055,36.2599983215332,33.158485412597656,1232700,False
2023-04-17,36.2400016784668,36.58000183105469,35.79499816894531,36.560001373291016,33.432823181152344,1593700,False
2023-04-18,36.66999816894531,36.66999816894531,35.665000915527344,35.88999938964844,32.820133209228516,1316200,False
2023-04-19,35.709999084472656,36.290000915527344,35.709999084472656,36.2400016784668,33.14019775390625,975300,False
2023-04-20,36.130001068115234,36.209999084472656,35.81999969482422,36.11000061035156,33.021324157714844,1205700,False
2023-04-21,36.33000183105469,36.47999954223633,36.029998779296875,36.099998474121094,33.012168884277344,1624700,False
2023-04-24,36.119998931884766,36.189998626708984,35.75,35.83000183105469,32.765262603759766,1565800,False
2023-04-25,35.81999969482422,35.95000076293945,35.54999923706055,35.599998474121094,32.554935455322266,1829800,False
2023-04-26,35.470001220703125,35.720001220703125,34.97999954223633,35.09000015258789,32.08856964111328,1366300,False
2023-04-27,35.0,35.51499938964844,34.96799850463867,35.34000015258789,32.31718063354492,1331200,False
2023-04-28,35.41999816894531,35.44499969482422,35.029998779296875,35.150001525878906,32.1434326171875,1010400,False
2023-05-01,35.150001525878906,35.439998626708984,35.099998474121094,35.33000183105469,32.30803680419922,1298800,False
2023-05-02,35.189998626708984,35.45500183105469,34.689998626708984,35.060001373291016,32.06113052368164,1880600,False
2023-05-03,35.290000915527344,35.7599983215332,35.16999816894531,35.34000015258789,32.31718063354492,1572600,False
2023-05-04,35.34000015258789,35.369998931884766,34.81999969482422,34.88999938964844,31.905672073364258,2472500,False
2023-05-05,35.08000183105469,35.209999084472656,34.84000015258789,35.099998474121094,32.09770584106445,1876800,False
2023-05-08,35.099998474121094,35.70000076293945,35.0099983215332,35.52000045776367,32.481788635253906,1921700,False
2023-05-09,35.380001068115234,35.52000045776367,33.68000030517578,33.9900016784668,31.082656860351562,2668900,False
2023-05-10,33.959999084472656,34.20000076293945,33.470001220703125,33.86000061035156,30.96377182006836,1980400,False
2023-05-11,33.810001373291016,34.67499923706055,33.810001373291016,34.5,31.549026489257812,2313800,False
2023-05-12,34.52000045776367,35.09000015258789,34.310001373291016,34.54999923706055,31.59475326538086,2165400,False
2023-05-15,34.560001373291016,34.7400016784668,34.2599983215332,34.33000183105469,31.393573760986328,2297900,False
2023-05-16,34.18000030517578,34.185001373291016,33.189998626708984,33.22999954223633,30.387653350830078,1761000,False
2023-05-17,33.2599983215332,33.310001373291016,32.67499923706055,32.95000076293945,30.13161277770996,2259500,False
2023-05-18,33.529998779296875,33.904998779296875,33.220001220703125,33.630001068115234,30.941247940063477,2184400,False
2023-05-19,33.630001068115234,34.01499938964844,33.4900016784668,33.709999084472656,31.01485252380371,1536900,False
2023-05-22,33.81999969482422,33.84000015258789,33.29999923706055,33.380001068115234,30.711238861083984,2088200,False
2023-05-23,33.209999084472656,33.650001525878906,32.439998626708984,33.06999969482422,30.426025390625,3407800,False
2023-05-24,32.90999984741211,32.93000030517578,32.02000045776367,32.220001220703125,29.64398193359375,1839100,False
2023-05-25,32.220001220703125,32.38999938964844,32.02000045776367,32.2400016784668,29.662385940551758,2310500,False
2023-05-26,32.25,32.709999084472656,32.22999954223633,32.380001068115234,29.79119110107422,2838400,False
2023-05-30,32.47999954223633,32.77000045776367,32.165000915527344,32.5099983215332,29.91079330444336,2835000,False
2023-05-31,32.5099983215332,32.915000915527344,32.41999816894531,32.7400016784668,30.12240982055664,5597200,False
2023-06-01,32.88999938964844,33.189998626708984,32.459999084472656,33.16999816894531,30.51802635192871,2629500,False
2023-06-02,33.34000015258789,33.79999923706055,33.26499938964844,33.41999816894531,30.748037338256836,2825300,False
2023-06-05,33.45000076293945,33.70000076293945,33.13999938964844,33.310001373291016,30.64684295654297,1922300,False
2023-06-06,33.41999816894531,34.025001525878906,33.400001525878906,33.84000015258789,31.134464263916016,1803500,False
2023-06-07,33.720001220703125,33.869998931884766,33.41999816894531,33.790000915527344,31.08846092224121,1717700,False
2023-06-08,33.7599983215332,34.650001525878906,33.7599983215332,34.529998779296875,31.769296646118164,2249700,False
2023-06-09,33.900001525878906,33.959999084472656,32.81999969482422,32.90999984741211,30.27881622314453,3392600,False
2023-06-12,32.95000076293945,33.19499969482422,32.70000076293945,32.810001373291016,30.186813354492188,1925000,False
2023-06-13,32.619998931884766,32.900001525878906,32.349998474121094,32.38999938964844,29.800390243530273,3768000,False
2023-06-14,33.11000061035156,33.86000061035156,32.060001373291016,32.150001525878906,29.579578399658203,4746000,False
2023-06-15,32.20000076293945,32.36000061035156,31.959999084472656,32.20000076293945,29.625579833984375,4337600,False
2023-06-16,32.2400016784668,32.33000183105469,31.68000030517578,31.899999618530273,29.349567413330078,4651800,False
2023-06-20,31.93000030517578,31.93000030517578,31.110000610351562,31.40999984741211,28.898744583129883,3966100,False
2023-06-21,31.229999542236328,31.270000457763672,30.844999313354492,30.979999542236328,28.50312042236328,2422000,False
2023-06-22,30.959999084472656,31.299999237060547,30.719999313354492,31.010000228881836,28.530723571777344,2453900,False
2023-06-23,30.860000610351562,31.229999542236328,30.68000030517578,30.950000762939453,28.47551918029785,4090800,False
2023-06-26,30.950000762939453,30.950000762939453,29.9950008392334,30.040000915527344,27.638277053833008,2822500,False
2023-06-27,29.979999542236328,30.104999542236328,29.579999923706055,29.84000015258789,27.454265594482422,2508000,False
2023-06-28,29.84000015258789,29.8799991607666,29.200000762939453,29.600000381469727,27.233455657958984,2273700,False
2023-06-29,29.829999923706055,30.979999542236328,29.690000534057617,30.579999923706055,28.135101318359375,3376500,False
2023-06-30,30.760000228881836,30.895000457763672,30.31999969482422,30.739999771118164,28.28230857849121,3886300,False
2023-07-03,30.68000030517578,30.920000076293945,30.489999771118164,30.709999084472656,28.254711151123047,988500,False
2023-07-05,30.530000686645508,30.69499969482422,30.149999618530273,30.3799991607666,27.951091766357422,2006300,False
2023-07-06,30.200000762939453,30.5049991607666,29.850000381469727,30.489999771118164,28.05229949951172,2001400,False
2023-07-07,30.399999618530273,30.5,29.93000030517578,30.010000228881836,27.610673904418945,1616600,False
2023-07-10,30.010000228881836,30.270000457763672,29.889999389648438,30.049999237060547,27.647472381591797,2075900,False
2023-07-11,30.260000228881836,30.709999084472656,30.110000610351562,30.709999084472656,28.254711151123047,2684000,False
2023-07-12,30.90999984741211,31.459999084472656,30.770000457763672,31.280000686645508,28.779132843017578,3988800,False
2023-07-13,31.3700008392334,31.469999313354492,30.65999984741211,30.709999084472656,28.254711151123047,2111900,False
2023-07-14,30.780000686645508,30.924999237060547,30.56999969482422,30.729999542236328,28.273107528686523,1695900,False
2023-07-17,30.479999542236328,30.7450008392334,30.270000457763672,30.649999618530273,28.19950294494629,1650600,False
2023-07-18,30.75,31.260000228881836,30.649999618530273,30.920000076293945,28.447919845581055,1197400,False
2023-07-19,31.100000381469727,31.5049991607666,30.9950008392334,31.059999465942383,28.57672691345215,1571000,False
2023-07-20,31.219999313354492,31.40999984741211,31.1200008392334,31.170000076293945,28.677928924560547,1267000,False
2023-07-21,31.170000076293945,31.364999771118164,30.979999542236328,31.190000534057617,28.69632911682129,1747300,False
2023-07-24,31.049999237060547,31.399999618530273,30.969999313354492,31.0,28.521522521972656,1701600,False
2023-07-25,30.920000076293945,31.290000915527344,30.795000076293945,31.200000762939453,28.70553207397461,2085800,False
2023-07-26,31.1200008392334,31.350000381469727,30.93400001525879,31.219999313354492,28.723934173583984,1594000,False
2023-07-27,31.229999542236328,31.360000610351562,30.950000762939453,31.0,28.521522521972656,1553600,False
2023-07-28,31.190000534057617,31.329999923706055,30.799999237060547,31.229999542236328,28.733135223388672,1538500,False
2023-07-31,31.299999237060547,31.3799991607666,31.049999237060547,31.3799991607666,28.87114143371582,1995400,False
2023-08-01,31.5,31.549999237060547,30.854999542236328,30.899999618530273,28.429515838623047,1706400,False
2023-08-02,30.760000228881836,30.954999923706055,30.579999923706055,30.649999618530273,28.19950294494629,1892700,False
2023-08-03,30.5,30.690000534057617,30.360000610351562,30.59000015258789,28.144302368164062,1790800,False
2023-08-04,30.610000610351562,31.0,30.459999084472656,30.600000381469727,28.153507232666016,1766400,False
2023-08-07,30.670000076293945,31.075000762939453,30.549999237060547,30.81999969482422,28.355915069580078,2386700,False
2023-08-08,30.0,30.735000610351562,29.670000076293945,30.549999237060547,28.10749626159668,2613700,False
2023-08-09,30.719999313354492,31.420000076293945,30.485000610351562,30.549999237060547,28.10749626159668,2216900,False
2023-08-10,30.579999923706055,31.09000015258789,30.540000915527344,30.56999969482422,28.125900268554688,1805400,False
2023-08-11,30.510000228881836,30.6299991607666,30.139999389648438,30.469999313354492,28.033897399902344,1849000,False
2023-08-14,30.329999923706055,30.420000076293945,30.0,30.110000610351562,27.702678680419922,2382100,False
2023-08-15,29.969999313354492,30.219999313354492,29.729999542236328,29.799999237060547,27.417465209960938,1686100,False
2023-08-16,29.59000015258789,29.719999313354492,29.260000228881836,29.690000534057617,27.31625747680664,2341500,False
2023-08-17,29.6200008392334,29.829999923706055,29.239999771118164,29.270000457763672,27.11247444152832,1832300,False
2023-08-18,29.18000030517578,29.510000228881836,28.975000381469727,29.34000015258789,27.177316665649414,2168800,False
2023-08-21,29.299999237060547,30.389999389648438,29.190000534057617,29.639999389648438,27.4552001953125,1900100,False
2023-08-22,29.600000381469727,29.799999237060547,29.475000381469727,29.6200008392334,27.436677932739258,1413600,False
2023-08-23,29.709999084472656,29.75,29.4950008392334,29.68000030517578,27.492252349853516,1427100,False
2023-08-24,29.68000030517578,29.895000457763672,29.424999237060547,29.559999465942383,27.381099700927734,1507200,False
2023-08-25,29.549999237060547,30.2549991607666,29.375,30.209999084472656,27.983186721801758,4432600,False
2023-08-28,30.229999542236328,30.68000030517578,30.184999465942383,30.389999389648438,28.14991569519043,1777300,False
2023-08-29,30.450000762939453,30.854999542236328,30.100000381469727,30.729999542236328,28.464855194091797,1924100,False
2023-08-30,30.809999465942383,30.8700008392334,30.309999465942383,30.3700008392334,28.131393432617188,1721300,False
2023-08-31,30.389999389648438,30.420000076293945,29.770000457763672,29.81999969482422,27.62193489074707,1792400,False
2023-09-01,30.0,30.670000076293945,30.0,30.270000457763672,28.03876304626465,1770200,False
2023-09-05,30.219999313354492,30.280000686645508,29.440000534057617,29.5,27.325523376464844,2211400,False
2023-09-06,29.6200008392334,29.639999389648438,29.030000686645508,29.06999969482422,26.927215576171875,1343700,False
2023-09-07,29.030000686645508,29.110000610351562,28.454999923706055,28.860000610351562,26.732698440551758,5279300,False
2023-09-08,28.860000610351562,29.360000610351562,28.739999771118164,29.190000534057617,27.03837013244629,1822500,False
2023-09-11,29.270000457763672,29.415000915527344,28.989999771118164,29.020000457763672,26.880901336669922,1737900,False
2023-09-12,28.969999313354492,29.239999771118164,28.649999618530273,29.149999618530273,27.001319885253906,2138200,False
2023-09-13,29.09000015258789,29.18000030517578,28.565000534057617,28.770000457763672,26.649330139160156,1703700,False
2023-09-14,28.780000686645508,29.239999771118164,28.69099998474121,28.760000228881836,26.64006996154785,2607700,False
2023-09-15,28.690000534057617,28.850000381469727,28.09000015258789,28.1299991607666,26.05650520324707,4021500,False
2023-09-18,28.049999237060547,28.165000915527344,27.594999313354492,27.979999542236328,25.91756248474121,2589900,False
2023-09-19,27.899999618530273,28.040000915527344,27.309999465942383,27.420000076293945,25.398839950561523,2519800,False
2023-09-20,27.459999084472656,27.7549991607666,27.420000076293945,27.450000762939453,25.426631927490234,2189000,False
2023-09-21,27.344999313354492,27.350000381469727,25.920000076293945,26.260000228881836,24.324342727661133,4498200,False
2023-09-22,26.329999923706055,26.475000381469727,25.940000534057617,26.329999923706055,24.38918685913086,3427000,False
2023-09-25,26.25,26.69499969482422,26.110000610351562,26.610000610351562,24.648548126220703,1882900,False
2023-09-26,26.540000915527344,26.899999618530273,26.354999542236328,26.739999771118164,24.76896095275879,1839700,False
2023-09-27,27.040000915527344,27.079999923706055,26.459999084472656,26.700000762939453,24.73191261291504,2838800,False
2023-09-28,26.649999618530273,27.079999923706055,26.649999618530273,26.780000686645508,24.806020736694336,1560400,False
2023-09-29,26.959999084472656,27.3700008392334,26.604999542236328,27.139999389648438,25.13947868347168,2763400,False
2023-10-02,27.149999618530273,27.219999313354492,26.6200008392334,26.809999465942383,24.833805084228516,2312100,False
2023-10-03,26.65999984741211,27.075000762939453,26.65999984741211,27.0,25.00979995727539,1979100,False
2023-10-04,27.020000457763672,27.209999084472656,26.559999465942383,26.649999618530273,24.685596466064453,2340200,False
2023-10-05,26.600000381469727,26.66900062561035,26.290000915527344,26.59000015258789,24.630020141601562,4079300,False
2023-10-06,26.479999542236328,27.145000457763672,26.479999542236328,27.0,25.00979995727539,1599300,False
2023-10-09,26.889999389648438,27.024999618530273,26.56999969482422,26.770000457763672,24.7967529296875,1845400,False
2023-10-10,26.790000915527344,27.149999618530273,26.790000915527344,26.93000030517578,24.94495964050293,1400000,False
2023-10-11,26.950000762939453,27.209999084472656,26.82900047302246,27.139999389648438,25.13947868347168,1213700,False
2023-10-12,27.18000030517578,27.239999771118164,26.780000686645508,27.100000381469727,25.102428436279297,1983600,False
2023-10-13,27.0,27.889999389648438,27.0,27.84000015258789,25.78788185119629,2677900,False
2023-10-16,27.790000915527344,28.190000534057617,27.579999923706055,27.959999084472656,25.899030685424805,2022400,False
2023-10-17,27.93000030517578,28.510000228881836,27.791000366210938,28.479999542236328,26.380706787109375,2443300,False
2023-10-18,28.389999389648438,28.450000762939453,27.391000747680664,27.459999084472656,25.43589210510254,2491200,False
2023-10-19,27.5,28.450000762939453,27.40999984741211,28.110000610351562,26.037979125976562,2066500,False
2023-10-20,28.170000076293945,28.239999771118164,27.6299991607666,27.639999389648438,25.60262107849121,1453700,False
2023-10-23,27.469999313354492,27.735000610351562,27.229999542236328,27.3799991607666,25.36178970336914,2196800,False
2023-10-24,27.5,27.760000228881836,27.385000228881836,27.639999389648438,25.60262107849121,1521300,False
2023-10-25,27.360000610351562,27.510000228881836,27.049999237060547,27.299999237060547,25.28768539428711,1015100,False
2023-10-26,27.190000534057617,27.4950008392334,27.170000076293945,27.25,25.24137306213379,1731100,False
2023-10-27,27.309999465942383,27.309999465942383,26.18000030517578,26.209999084472656,24.27802848815918,2505900,False
2023-10-30,26.290000915527344,26.760000228881836,26.239999771118164,26.700000762939453,24.73191261291504,2259100,False
2023-10-31,26.739999771118164,27.18000030517578,26.6200008392334,26.8700008392334,24.88938331604004,2588100,False
2023-11-01,26.780000686645508,27.309999465942383,26.780000686645508,27.229999542236328,25.222841262817383,1847700,False
2023-11-02,27.329999923706055,27.71500015258789,27.1299991607666,27.479999542236328,25.454416275024414,1767100,False
2023-11-03,27.850000381469727,28.09000015258789,27.559999465942383,27.950000762939453,25.889772415161133,1264600,False
2023-11-06,27.959999084472656,28.158000946044922,27.684999465942383,27.780000686645508,25.73230743408203,1438200,False
2023-11-07,27.479999542236328,27.864999771118164,27.290000915527344,27.549999237060547,25.519256591796875,2571300,False
2023-11-08,27.170000076293945,27.649999618530273,26.290000915527344,27.6200008392334,25.58409881591797,2629700,False
2023-11-09,27.8700008392334,28.46500015258789,27.31999969482422,27.40999984741211,25.38957405090332,2456700,False
2023-11-10,27.469999313354492,27.520000457763672,26.540000915527344,27.219999313354492,25.21358299255371,3579600,False
2023-11-13,27.100000381469727,27.260000228881836,26.809999465942383,27.110000610351562,25.111690521240234,1908300,False
2023-11-14,27.440000534057617,27.799999237060547,27.389999389648438,27.520000457763672,25.491470336914062,1533100,False
2023-11-15,27.549999237060547,27.649999618530273,26.96500015258789,27.020000457763672,25.028324127197266,1479700,False
2023-11-16,26.950000762939453,26.989999771118164,26.06999969482422,26.530000686645508,24.757699966430664,3285400,False
2023-11-17,26.59000015258789,26.75,26.3799991607666,26.600000381469727,24.82302474975586,1351500,False
2023-11-20,26.5,27.049999237060547,26.479999542236328,26.93000030517578,25.130979537963867,1574400,False
2023-11-21,26.90999984741211,27.165000915527344,26.864999771118164,27.0,25.196300506591797,2038700,False
2023-11-22,27.059999465942383,27.29199981689453,27.020000457763672,27.18000030517578,25.364274978637695,1157900,False
2023-11-24,27.18000030517578,27.350000381469727,27.030000686645508,27.059999465942383,25.252294540405273,522000,False
2023-11-27,26.979999542236328,27.15999984741211,26.8799991607666,27.139999389648438,25.326948165893555,1949100,False
2023-11-28,27.1299991607666,27.235000610351562,26.905000686645508,27.09000015258789,25.280288696289062,1753000,False
2023-11-29,27.079999923706055,27.1299991607666,26.850000381469727,26.899999618530273,25.10297966003418,2218800,False
2023-11-30,26.940000534057617,27.079999923706055,26.559999465942383,27.06999969482422,25.261627197265625,7101600,False
2023-12-01,27.06999969482422,27.360000610351562,26.84000015258789,27.350000381469727,25.52292251586914,4544800,False
2023-12-04,27.350000381469727,28.459999084472656,27.239999771118164,28.31999969482422,26.428117752075195,3954200,False
2023-12-05,28.18000030517578,28.4950008392334,27.979999542236328,28.450000762939453,26.5494384765625,3005800,False
2023-12-06,28.280000686645508,29.084999084472656,28.270000457763672,28.760000228881836,26.838726043701172,3011300,False
2023-12-07,28.75,29.139999389648438,28.43000030517578,28.770000457763672,26.848058700561523,2283200,False
2023-12-08,28.65999984741211,28.780000686645508,28.5,28.56999969482422,26.66141700744629,1790900,False
2023-12-11,28.59000015258789,29.104999542236328,28.559999465942383,28.690000534057617,26.77340316772461,2061700,False
2023-12-12,28.690000534057617,28.760000228881836,28.229999542236328,28.510000228881836,26.60542869567871,2755400,False
2023-12-13,28.43000030517578,29.344999313354492,28.274999618530273,29.219999313354492,27.267995834350586,2877400,False
2023-12-14,29.520000457763672,29.6299991607666,28.3700008392334,28.6299991607666,26.7174129486084,5761600,False
2023-12-15,28.469999313354492,28.517000198364258,27.329999923706055,27.3700008392334,25.541584014892578,5810200,False
2023-12-18,27.450000762939453,27.489999771118164,26.75,27.350000381469727,25.52292251586914,3484900,False
2023-12-19,27.450000762939453,27.790000915527344,27.15999984741211,27.780000686645508,25.924196243286133,2783400,False
2023-12-20,27.81999969482422,27.899999618530273,27.06999969482422,27.06999969482422,25.261627197265625,2542500,False
2023-12-21,27.190000534057617,27.600000381469727,27.125,27.3799991607666,25.550914764404297,1494600,False
2023-12-22,27.3799991607666,27.7450008392334,27.350000381469727,27.549999237060547,25.70955467224121,1205800,False
2023-12-26,27.450000762939453,27.604999542236328,27.239999771118164,27.239999771118164,25.420265197753906,1179500,False
2023-12-27,26.899999618530273,28.062999725341797,26.899999618530273,28.010000228881836,26.138830184936523,2244300,False
2023-12-28,28.0,28.475000381469727,27.885000228881836,27.959999084472656,26.092166900634766,1746900,False
2023-12-29,27.93000030517578,28.15999984741211,27.8700008392334,28.09000015258789,26.21348762512207,1402900,False
2024-01-02,27.989999771118164,28.795000076293945,27.969999313354492,28.270000457763672,26.38145637512207,3969500,False
2024-01-03,28.139999389648438,28.295000076293945,27.475000381469727,27.739999771118164,25.88686752319336,2537200,False
2024-01-04,27.75,27.950000762939453,27.360000610351562,27.799999237060547,25.94285774230957,2435100,False
2024-01-05,27.610000610351562,27.979999542236328,27.434999465942383,27.459999084472656,25.62557029724121,1630400,False
2024-01-08,27.459999084472656,27.96500015258789,27.165000915527344,27.959999084472656,26.092166900634766,2522800,False
2024-01-09,27.959999084472656,28.549999237060547,27.8799991607666,28.329999923706055,26.437454223632812,2204900,False
2024-01-10,28.299999237060547,28.790000915527344,28.170000076293945,28.780000686645508,26.85738754272461,2263900,False
2024-01-11,28.670000076293945,28.670000076293945,28.229999542236328,28.610000610351562,26.698745727539062,2276200,False
2024-01-12,28.760000228881836,29.024999618530273,28.351999282836914,28.3799991607666,26.48410987854004,1761000,False
2024-01-16,28.309999465942383,28.489999771118164,28.121000289916992,28.40999984741211,26.512109756469727,1974100,False
2024-01-17,28.190000534057617,28.354999542236328,28.020000457763672,28.329999923706055,26.437454223632812,2377000,False
2024-01-18,28.31999969482422,28.524999618530273,27.84000015258789,28.040000915527344,26.166824340820312,1860500,False
2024-01-19,28.200000762939453,29.104999542236328,27.979999542236328,29.06999969482422,27.128015518188477,2789600,False
2024-01-22,29.200000762939453,29.479999542236328,28.989999771118164,29.239999771118164,27.286659240722656,2158400,False
2024-01-23,29.229999542236328,29.5,29.09000015258789,29.3799991607666,27.417306900024414,2613200,False
2024-01-24,29.450000762939453,29.540000915527344,29.0049991607666,29.079999923706055,27.137348175048828,1919800,False
2024-01-25,29.15999984741211,29.364999771118164,28.6299991607666,29.110000610351562,27.16534423828125,1433300,False
2024-01-26,29.270000457763672,29.459999084472656,29.03499984741211,29.110000610351562,27.16534423828125,1334400,False
2024-01-29,29.110000610351562,29.15999984741211,28.8700008392334,29.049999237060547,27.109350204467773,1467800,False
2024-01-30,29.06999969482422,29.06999969482422,28.604999542236328,28.68000030517578,26.764070510864258,2079900,False
2024-01-31,28.700000762939453,28.825000762939453,28.235000610351562,28.389999389648438,26.493440628051758,1992300,False
2024-02-01,28.459999084472656,28.704999923706055,28.219999313354492,28.68000030517578,26.764070510864258,1442500,False
2024-02-02,28.450000762939453,28.5,27.924999237060547,28.100000381469727,26.22281837463379,2275200,False
2024-02-05,27.940000534057617,27.940000534057617,27.350000381469727,27.709999084472656,25.858867645263672,3023300,False
2024-02-06,28.040000915527344,30.209999084472656,27.75,30.190000534057617,28.173198699951172,6472100,False
2024-02-07,30.190000534057617,30.34000015258789,29.290000915527344,29.329999923706055,27.37064552307129,3819300,False
2024-02-08,29.110000610351562,29.219999313354492,28.299999237060547,28.700000762939453,26.782733917236328,3359200,False
2024-02-09,28.68000030517578,29.610000610351562,28.600000381469727,29.260000228881836,27.305326461791992,3612700,False
2024-02-12,29.100000381469727,29.280000686645508,28.930999755859375,29.049999237060547,27.109350204467773,3768800,False
2024-02-13,29.020000457763672,29.43000030517578,28.899999618530273,29.309999465942383,27.351985931396484,3082100,False
2024-02-14,29.270000457763672,29.385000228881836,28.81999969482422,29.299999237060547,27.3426513671875,2654500,False
2024-02-15,29.670000076293945,30.854999542236328,29.5,30.030000686645508,28.22618865966797,4814500,False
2024-02-16,30.030000686645508,30.270000457763672,29.565000534057617,29.920000076293945,28.12279510498047,3641900,False
2024-02-20,29.90999984741211,30.399999618530273,29.850000381469727,30.299999237060547,28.479970932006836,5636000,False
2024-02-21,30.360000610351562,31.28499984741211,30.229999542236328,31.229999542236328,29.354108810424805,6577800,False
2024-02-22,31.100000381469727,31.280000686645508,30.704999923706055,31.020000457763672,29.156723022460938,2942500,False
2024-02-23,31.15999984741211,31.219999313354492,30.7549991607666,31.030000686645508,29.166122436523438,2378900,False
2024-02-26,30.969999313354492,31.604999542236328,30.90999984741211,31.329999923706055,29.448101043701172,2774000,False
2024-02-27,31.420000076293945,31.655000686645508,31.170000076293945,31.299999237060547,29.419902801513672,2423300,False
2024-02-28,31.190000534057617,31.309999465942383,30.3700008392334,30.610000610351562,28.771352767944336,2440300,False
2024-02-29,30.700000762939453,30.725000381469727,30.139999389648438,30.34000015258789,28.517568588256836,4580600,False
2024-03-01,30.469999313354492,30.469999313354492,29.559999465942383,29.93000030517578,28.1321964263916,2680900,False
2024-03-04,30.020000457763672,30.06999969482422,29.645000457763672,29.889999389648438,28.09459686279297,2168300,False
2024-03-05,29.889999389648438,29.940000534057617,29.21500015258789,29.43000030517578,27.6622314453125,2844300,False
2024-03-06,29.75,30.0,29.579999923706055,29.739999771118164,27.9536075592041,3098100,False
2024-03-07,29.739999771118164,30.280000686645508,29.420000076293945,30.040000915527344,28.23558807373047,1885800,False
2024-03-08,30.15999984741211,30.479999542236328,29.90999984741211,30.3700008392334,28.54576873779297,2162300,False
2024-03-11,30.479999542236328,30.649999618530273,30.0049991607666,30.079999923706055,28.273183822631836,2027400,False
2024-03-12,30.0,30.56999969482422,29.899999618530273,30.350000381469727,28.526966094970703,3809200,False
2024-03-13,30.360000610351562,30.579999923706055,29.860000610351562,29.8799991607666,28.08519744873047,1736600,False
2024-03-14,29.81999969482422,30.040000915527344,29.670000076293945,29.850000381469727,28.056997299194336,2178900,False
2024-03-15,29.719999313354492,30.260000228881836,29.700000762939453,30.09000015258789,28.2825870513916,3450300,False
2024-03-18,30.139999389648438,30.198999404907227,29.860000610351562,30.049999237060547,28.244983673095703,1705800,False
2024-03-19,30.030000686645508,30.375,30.030000686645508,30.18000030517578,28.36717987060547,2221600,False
2024-03-20,30.0,30.520000457763672,29.905000686645508,30.40999984741211,28.583364486694336,3432500,False
2024-03-21,30.540000915527344,30.639999389648438,30.305999755859375,30.43000030517578,28.602163314819336,2172800,False
2024-03-22,30.579999923706055,30.665000915527344,30.229999542236328,30.270000457763672,28.451772689819336,1591000,False
2024-03-25,30.270000457763672,30.475000381469727,30.079999923706055,30.280000686645508,28.461172103881836,1321100,False
2024-03-26,30.219999313354492,30.385000228881836,30.024999618530273,30.229999542236328,28.414173126220703,1541800,False
2024-03-27,30.420000076293945,30.540000915527344,30.18000030517578,30.450000762939453,28.620960235595703,1424600,False
2024-03-28,30.5,30.799999237060547,30.299999237060547,30.3700008392334,28.54576873779297,2888700,False
2024-04-01,30.520000457763672,30.549999237060547,29.864999771118164,29.899999618530273,28.104000091552734,1534400,False
2024-04-02,29.959999084472656,29.959999084472656,29.420000076293945,29.440000534057617,27.671627044677734,1675400,False
2024-04-03,29.485000610351562,29.55500030517578,28.68000030517578,28.799999237060547,27.070070266723633,3624800,False
2024-04-04,28.889999389648438,29.15999984741211,28.530000686645508,28.719999313354492,26.994876861572266,2542300,False
2024-04-05,28.670000076293945,29.53499984741211,28.56999969482422,29.190000534057617,27.436643600463867,2987700,False
2024-04-08,29.1200008392334,29.31999969482422,29.059999465942383,29.239999771118164,27.483640670776367,3786700,False
2024-04-09,29.229999542236328,29.729999542236328,29.184999465942383,29.719999313354492,27.934810638427734,1886200,False
2024-04-10,29.440000534057617,29.708999633789062,29.155000686645508,29.450000762939453,27.681028366088867,2404000,False
2024-04-11,29.530000686645508,29.600000381469727,28.5,29.049999237060547,27.305051803588867,3221000,False
2024-04-12,29.059999465942383,29.059999465942383,27.8700008392334,28.219999313354492,26.52490997314453,3161400,False
2024-04-15,28.3700008392334,28.594999313354492,28.020000457763672,28.25,26.55310821533203,2428900,False
2024-04-16,28.09000015258789,28.125,27.459999084472656,27.459999084472656,25.81056022644043,2171600,False
2024-04-17,27.540000915527344,27.774999618530273,27.424999237060547,27.610000610351562,25.951549530029297,2334900,False
2024-04-18,27.540000915527344,28.03499984741211,27.5,27.889999389648438,26.214731216430664,2091900,False
2024-04-19,27.850000381469727,28.190000534057617,27.690000534057617,28.15999984741211,26.46851348876953,1775800,False
2024-04-22,28.25,28.399999618530273,27.68000030517578,27.81999969482422,26.148937225341797,2720400,False
2024-04-23,27.84000015258789,27.969999313354492,27.209999084472656,27.81999969482422,26.148937225341797,4682000,False
2024-04-24,27.899999618530273,28.0,27.600000381469727,27.979999542236328,26.299327850341797,2578300,False
2024-04-25,28.059999465942383,28.204999923706055,27.649999618530273,28.110000610351562,26.42151641845703,3308500,False
2024-04-26,27.979999542236328,28.270000457763672,27.809999465942383,28.0,26.318126678466797,1748300,False
2024-04-29,28.040000915527344,28.2549991607666,27.899999618530273,28.1200008392334,26.43091583251953,3605100,False
2024-04-30,28.040000915527344,28.1299991607666,27.68000030517578,27.700000762939453,26.03614616394043,2630800,False
2024-05-01,27.709999084472656,28.209999084472656,27.700000762939453,28.06999969482422,26.3839168548584,3114900,False
2024-05-02,28.280000686645508,28.989999771118164,28.239999771118164,28.760000228881836,27.032472610473633,5351500,False
2024-05-03,28.65999984741211,28.780000686645508,28.135000228881836,28.40999984741211,26.70349884033203,2169400,False
2024-05-06,28.40999984741211,28.729999542236328,28.360000610351562,28.489999771118164,26.7786922454834,1861000,False
2024-05-07,28.5,28.579999923706055,28.094999313354492,28.280000686645508,26.581310272216797,2949000,False
2024-05-08,28.280000686645508,28.454999923706055,27.8700008392334,27.989999771118164,26.308727264404297,3494000,False
2024-05-09,28.229999542236328,28.850000381469727,27.885000228881836,27.969999313354492,26.2899227142334,5005100,False
2024-05-10,28.5,28.59000015258789,28.040000915527344,28.09000015258789,26.402721405029297,2879900,False
2024-05-13,28.309999465942383,28.559999465942383,28.100000381469727,28.3799991607666,26.675296783447266,2033700,False
2024-05-14,28.389999389648438,28.489999771118164,27.799999237060547,28.06999969482422,26.3839168548584,2239800,False
2024-05-15,28.219999313354492,28.375,28.110000610351562,28.209999084472656,26.51551055908203,1906700,False
2024-05-16,28.010000228881836,28.200000762939453,27.829999923706055,27.8799991607666,26.401874542236328,3013300,False
2024-05-17,27.780000686645508,27.829999923706055,27.239999771118164,27.270000457763672,25.8242130279541,1906600,False
2024-05-20,27.25,27.700000762939453,27.15999984741211,27.479999542236328,26.02307891845703,1871600,False
2024-05-21,27.329999923706055,27.69499969482422,27.084999084472656,27.170000076293945,25.729515075683594,2128500,False
2024-05-22,27.139999389648438,27.575000762939453,27.079999923706055,27.329999923706055,25.88102912902832,2406600,False
2024-05-23,27.229999542236328,27.34000015258789,26.81999969482422,26.850000381469727,25.426477432250977,2687600,False
2024-05-24,26.790000915527344,26.93000030517578,26.459999084472656,26.6200008392334,25.208675384521484,1727300,False
2024-05-28,26.56999969482422,26.684999465942383,26.266000747680664,26.639999389648438,25.22761344909668,3118000,False
2024-05-29,26.56999969482422,26.579999923706055,26.104999542236328,26.389999389648438,24.99086570739746,3171400,False
2024-05-30,26.399999618530273,26.485000610351562,26.104999542236328,26.389999389648438,24.99086570739746,4424100,False
2024-05-31,26.5,27.489999771118164,26.450000762939453,27.40999984741211,25.956789016723633,7227000,False
2024-06-03,27.100000381469727,27.469999313354492,26.75,26.84000015258789,25.417009353637695,3552900,False
2024-06-04,26.75,27.040000915527344,26.469999313354492,27.020000457763672,25.58746337890625,2156200,False
2024-06-05,27.15999984741211,27.260000228881836,26.940000534057617,27.0,25.568525314331055,2203600,False
2024-06-06,26.8799991607666,27.329999923706055,26.8799991607666,27.09000015258789,25.65375518798828,1702100,False
2024-06-07,27.149999618530273,27.690000534057617,27.020000457763672,27.459999084472656,26.004140853881836,2437000,False
2024-06-10,27.399999618530273,27.43000030517578,26.684999465942383,27.389999389648438,25.937850952148438,3232100,False
2024-06-11,27.350000381469727,27.559999465942383,27.094999313354492,27.420000076293945,25.966259002685547,2158200,False
2024-06-12,27.610000610351562,27.700000762939453,27.094999313354492,27.200000762939453,25.757923126220703,2092300,False
2024-06-13,27.170000076293945,27.344999313354492,26.940000534057617,27.200000762939453,25.757923126220703,2126100,False
2024-06-14,27.149999618530273,27.200000762939453,26.704999923706055,26.920000076293945,25.492765426635742,1907900,False
2024-06-17,27.0,27.030000686645508,26.454999923706055,26.610000610351562,25.19920539855957,1804400,False
2024-06-18,26.6200008392334,27.049999237060547,26.139999389648438,26.260000228881836,24.867759704589844,2870000,False
2024-06-20,26.299999237060547,26.68000030517578,26.149999618530273,26.6299991607666,25.218141555786133,1606200,False
2024-06-21,26.579999923706055,26.940000534057617,26.459999084472656,26.90999984741211,25.483299255371094,3207100,False
2024-06-24,26.959999084472656,27.360000610351562,26.959999084472656,27.110000610351562,25.672697067260742,2947700,False
2024-06-25,27.020000457763672,27.1200008392334,26.739999771118164,26.899999618530273,25.473827362060547,2658200,False
2024-06-26,26.799999237060547,27.049999237060547,26.559999465942383,26.579999923706055,25.17079734802246,2437200,False
2024-06-27,26.510000228881836,26.770000457763672,26.3700008392334,26.670000076293945,25.256023406982422,2173300,False
2024-06-28,26.770000457763672,26.8799991607666,26.139999389648438,26.3700008392334,24.971925735473633,5222600,False
2024-07-01,26.5,26.7549991607666,26.1299991607666,26.190000534057617,24.801475524902344,2659000,False
2024-07-02,26.110000610351562,26.225000381469727,25.829999923706055,25.8799991607666,24.507905960083008,2021700,False
2024-07-03,26.020000457763672,26.360000610351562,25.864999771118164,25.920000076293945,24.545785903930664,1570000,False
2024-07-05,25.84000015258789,25.860000610351562,25.43000030517578,25.670000076293945,24.309040069580078,5298000,False
2024-07-08,25.760000228881836,25.774999618530273,25.43000030517578,25.709999084472656,24.346921920776367,2235400,False
2024-07-09,25.6200008392334,25.68000030517578,25.200000762939453,25.6299991607666,24.271160125732422,1854000,False
2024-07-10,25.6200008392334,25.75,25.459999084472656,25.729999542236328,24.36585807800293,2247700,False
2024-07-11,25.959999084472656,26.836999893188477,25.940000534057617,26.729999542236328,25.312841415405273,2912100,False
2024-07-12,27.0,27.040000915527344,26.700000762939453,26.770000457763672,25.350723266601562,1959700,False
2024-07-15,26.81999969482422,26.871999740600586,26.575000762939453,26.649999618530273,25.237083435058594,1857600,False
2024-07-16,26.6200008392334,27.719999313354492,26.579999923706055,27.690000534057617,26.221946716308594,2869500,False
2024-07-17,27.670000076293945,28.125,27.56999969482422,28.100000381469727,26.610210418701172,2154800,False
2024-07-18,28.0,28.729999542236328,27.8799991607666,28.329999923706055,26.828018188476562,2740100,False
2024-07-19,28.229999542236328,28.479999542236328,28.049999237060547,28.139999389648438,26.64808464050293,2514200,False
2024-07-22,28.270000457763672,28.5049991607666,28.040000915527344,28.469999313354492,26.960590362548828,1226600,False
2024-07-23,28.6299991607666,28.81999969482422,28.43000030517578,28.489999771118164,26.97953224182129,1117200,False
2024-07-24,28.459999084472656,28.739999771118164,28.3700008392334,28.670000076293945,27.149986267089844,1438600,False
2024-07-25,28.6299991607666,29.190000534057617,28.489999771118164,28.68000030517578,27.159456253051758,2179900,False
2024-07-26,28.790000915527344,29.06999969482422,28.690000534057617,28.790000915527344,27.263628005981445,2495100,False
2024-07-29,28.790000915527344,28.8799991607666,28.614999771118164,28.700000762939453,27.17839813232422,2391700,False
2024-07-30,28.889999389648438,28.899999618530273,28.415000915527344,28.540000915527344,27.02688217163086,4017900,False
2024-07-31,28.540000915527344,28.56999969482422,28.0,28.170000076293945,26.676496505737305,3814700,False
2024-08-01,28.329999923706055,28.6200008392334,28.100000381469727,28.489999771118164,26.97953224182129,3952600,False
2024-08-02,28.450000762939453,28.56999969482422,27.90999984741211,28.530000686645508,27.017412185668945,3284800,False
2024-08-05,27.56999969482422,27.959999084472656,27.420000076293945,27.459999084472656,26.004140853881836,2507400,False
2024-08-06,27.290000915527344,27.780000686645508,27.040000915527344,27.100000381469727,25.663227081298828,3574600,False
2024-08-07,27.31999969482422,27.56999969482422,27.1200008392334,27.25,25.805274963378906,4361600,False
2024-08-08,27.6299991607666,27.6299991607666,25.709999084472656,26.149999618530273,24.76358985900879,5105400,False
2024-08-09,26.31999969482422,26.75,25.93000030517578,26.260000228881836,24.867759704589844,5601800,False
2024-08-12,26.3799991607666,26.700000762939453,26.25200080871582,26.440000534057617,25.038217544555664,4200900,False
2024-08-13,26.510000228881836,27.108999252319336,26.40999984741211,26.860000610351562,25.435949325561523,4491100,False
2024-08-14,26.809999465942383,26.989999771118164,26.5,26.649999618530273,25.237083435058594,1618600,False
2024-08-15,26.65999984741211,27.489999771118164,26.65999984741211,27.40999984741211,25.956789016723633,2920200,False
2024-08-16,27.200000762939453,28.0,26.969999313354492,27.170000076293945,25.928163528442383,1961700,False
2024-08-19,27.290000915527344,27.579999923706055,27.274999618530273,27.489999771118164,26.233535766601562,1319300,False
2024-08-20,27.549999237060547,27.549999237060547,27.229999542236328,27.260000228881836,26.014049530029297,2125300,False
2024-08-21,27.389999389648438,27.700000762939453,27.299999237060547,27.600000381469727,26.338510513305664,3934000,False
2024-08-22,27.700000762939453,27.979999542236328,27.649999618530273,27.729999542236328,26.462562561035156,4108800,False
2024-08-23,27.81999969482422,28.415000915527344,27.81999969482422,28.190000534057617,26.90154266357422,2846600,False
2024-08-26,28.299999237060547,28.670000076293945,28.209999084472656,28.40999984741211,27.111488342285156,1566800,False
2024-08-27,28.420000076293945,28.559999465942383,28.219999313354492,28.520000457763672,27.216461181640625,1367400,False
2024-08-28,28.510000228881836,28.885000228881836,28.430999755859375,28.809999465942383,27.493202209472656,1269500,False
2024-08-29,28.850000381469727,29.209999084472656,28.6200008392334,29.1299991607666,27.79857635498047,1262500,False
2024-08-30,29.149999618530273,29.3700008392334,28.854999542236328,29.030000686645508,27.70315170288086,2939900,False
2024-09-03,29.0,29.290000915527344,28.825000762939453,28.8799991607666,27.56000328063965,1851400,False
2024-09-04,28.899999618530273,29.34000015258789,28.850000381469727,29.270000457763672,27.932180404663086,1914300,False
2024-09-05,29.350000381469727,29.360000610351562,29.045000076293945,29.06999969482422,27.741317749023438,2044100,False
2024-09-06,29.030000686645508,29.1200008392334,28.604999542236328,28.700000762939453,27.38823127746582,2735600,False
2024-09-09,28.780000686645508,28.780000686645508,28.049999237060547,28.110000610351562,26.825199127197266,3618000,False
2024-09-10,28.1299991607666,28.260000228881836,27.799999237060547,28.059999465942383,26.777481079101562,2578500,False
2024-09-11,28.040000915527344,28.040000915527344,27.625,27.780000686645508,26.510284423828125,2600500,False
2024-09-12,27.850000381469727,28.170000076293945,27.479999542236328,27.549999237060547,26.290790557861328,2144500,False
2024-09-13,27.579999923706055,27.809999465942383,27.579999923706055,27.719999313354492,26.453022003173828,1999700,False
2024-09-16,27.860000610351562,28.360000610351562,27.860000610351562,28.260000228881836,26.968339920043945,1563200,False
2024-09-17,28.260000228881836,28.479999542236328,28.170000076293945,28.239999771118164,26.949256896972656,1564400,False
2024-09-18,28.170000076293945,28.459999084472656,28.135000228881836,28.209999084472656,26.92062759399414,1214000,False
2024-09-19,28.34000015258789,28.3799991607666,27.975000381469727,27.989999771118164,26.710683822631836,1782000,False
2024-09-20,28.170000076293945,28.170000076293945,27.520000457763672,27.540000915527344,26.281251907348633,5797100,False
2024-09-23,27.540000915527344,27.834999084472656,27.450000762939453,27.709999084472656,26.443477630615234,2088900,False
2024-09-24,27.709999084472656,27.975000381469727,27.655000686645508,27.709999084472656,26.443477630615234,1493900,False
2024-09-25,27.719999313354492,27.8700008392334,27.579999923706055,27.649999618530273,26.386220932006836,1689000,False
2024-09-26,27.6200008392334,28.219999313354492,27.559999465942383,28.190000534057617,26.90154266357422,2000000,False
2024-09-27,28.260000228881836,28.4950008392334,28.184999465942383,28.209999084472656,26.92062759399414,1609900,False
2024-09-30,28.25,28.360000610351562,28.059999465942383,28.290000915527344,26.996973037719727,1238600,False
2024-10-01,28.31999969482422,28.545000076293945,28.19499969482422,28.3799991607666,27.082855224609375,1674600,False
2024-10-02,28.229999542236328,28.309999465942383,28.049999237060547,28.239999771118164,26.949256896972656,1391200,False
2024-10-03,28.1200008392334,28.15999984741211,27.69499969482422,27.75,26.481653213500977,1329400,False
2024-10-04,27.6299991607666,27.93000030517578,27.6200008392334,27.75,26.481653213500977,1556600,False
2024-10-07,27.729999542236328,27.8700008392334,27.530000686645508,27.56999969482422,26.309879302978516,1443500,False
2024-10-08,27.600000381469727,27.68000030517578,27.315000534057617,27.360000610351562,26.109477996826172,1585600,False
2024-10-09,27.360000610351562,27.739999771118164,27.275999069213867,27.579999923706055,26.31942367553711,2266500,False
2024-10-10,27.6299991607666,27.799999237060547,27.290000915527344,27.489999771118164,26.233535766601562,2831300,False
2024-10-11,27.5,28.084999084472656,27.5,28.020000457763672,26.73931121826172,2720900,False
2024-10-14,27.940000534057617,28.049999237060547,27.704999923706055,27.8700008392334,26.596168518066406,1314800,False
2024-10-15,27.75,28.3799991607666,27.719999313354492,27.84000015258789,26.56753921508789,1817100,False
2024-10-16,27.799999237060547,28.350000381469727,27.780000686645508,28.219999313354492,26.93016815185547,2177700,False
2024-10-17,28.139999389648438,28.200000762939453,27.799999237060547,28.049999237060547,26.767940521240234,1851800,False
2024-10-18,28.1200008392334,28.270000457763672,27.809999465942383,27.979999542236328,26.701143264770508,1177600,False
2024-10-21,27.950000762939453,28.0,27.639999389648438,27.75,26.481653213500977,1692700,False
2024-10-22,27.600000381469727,27.69499969482422,27.32200050354004,27.3700008392334,26.119022369384766,2383200,False
2024-10-23,27.270000457763672,27.489999771118164,27.190000534057617,27.360000610351562,26.109477996826172,1448800,False
2024-10-24,27.239999771118164,27.450000762939453,27.184999465942383,27.280000686645508,26.03313636779785,1591000,False
2024-10-25,27.350000381469727,27.3799991607666,26.940000534057617,26.950000762939453,25.718215942382812,1628300,False
2024-10-28,27.100000381469727,27.274999618530273,27.020000457763672,27.260000228881836,26.014049530029297,1985400,False
2024-10-29,27.1299991607666,27.329999923706055,27.079999923706055,27.149999618530273,25.909074783325195,1832200,False
2024-10-30,27.06999969482422,27.3700008392334,26.940000534057617,27.190000534057617,25.947250366210938,2517600,False
2024-10-31,27.079999923706055,27.260000228881836,26.959999084472656,27.0,25.76593017578125,1900300,False
2024-11-01,27.0,27.270000457763672,26.989999771118164,27.100000381469727,25.86136245727539,1810300,False
2024-11-04,27.520000457763672,27.593000411987305,27.15999984741211,27.200000762939453,25.956790924072266,1603000,False
2024-11-05,27.1200008392334,27.565000534057617,26.95400047302246,27.540000915527344,26.281251907348633,1820400,False
2024-11-06,28.1299991607666,28.360000610351562,26.55500030517578,26.639999389648438,25.422386169433594,4599500,False
2024-11-07,27.010000228881836,27.030000686645508,26.295000076293945,26.520000457763672,25.307872772216797,2582900,False
2024-11-08,26.610000610351562,26.799999237060547,26.079999923706055,26.209999084472656,25.012039184570312,5979300,False
2024-11-11,26.295000076293945,26.600000381469727,26.1200008392334,26.360000610351562,25.155183792114258,2784600,False
2024-11-12,26.25,26.40999984741211,25.825000762939453,26.0,24.8116397857666,3148200,False
2024-11-13,26.0,26.200000762939453,25.795000076293945,25.850000381469727,24.668493270874023,2529000,False
2024-11-14,25.899999618530273,25.959999084472656,25.364999771118164,25.579999923706055,24.41083335876465,3030400,False
2024-11-15,25.229999542236328,25.8799991607666,25.100000381469727,25.700000762939453,24.728357315063477,3846500,False
2024-11-18,25.760000228881836,25.940000534057617,25.510000228881836,25.799999237060547,24.82457733154297,4724500,False
2024-11-19,25.6299991607666,26.030000686645508,25.469999313354492,26.010000228881836,25.02663803100586,7299100,False
2024-11-20,26.09000015258789,26.290000915527344,25.799999237060547,26.219999313354492,25.22869873046875,2006900,False
2024-11-21,26.260000228881836,26.665000915527344,26.229999542236328,26.399999618530273,25.401893615722656,4329500,False
2024-11-22,26.3799991607666,26.6299991607666,26.329999923706055,26.43000030517578,25.430761337280273,2461700,False
2024-11-25,26.459999084472656,26.829999923706055,26.405000686645508,26.469999313354492,25.46924591064453,6833900,False
2024-11-26,26.59000015258789,26.6200008392334,26.014999389648438,26.290000915527344,25.296052932739258,1991700,False
2024-11-27,26.344999313354492,26.645000457763672,26.225000381469727,26.600000381469727,25.59433364868164,1811500,False
2024-11-29,26.600000381469727,26.65999984741211,26.459999084472656,26.65999984741211,25.652063369750977,1411400,False
2024-12-02,26.520000457763672,26.600000381469727,26.290000915527344,26.43000030517578,25.430761337280273,2113600,False
2024-12-03,26.31999969482422,26.469999313354492,26.145000457763672,26.34000015258789,25.344160079956055,3191200,False
2024-12-04,26.239999771118164,26.354999542236328,25.940000534057617,26.100000381469727,25.113237380981445,2973100,False
2024-12-05,26.100000381469727,26.540000915527344,26.100000381469727,26.389999389648438,25.392269134521484,2390500,False
2024-12-06,26.420000076293945,26.59000015258789,25.8700008392334,25.90999984741211,24.930416107177734,4327500,False
2024-12-09,25.809999465942383,26.219999313354492,25.6200008392334,26.010000228881836,25.02663803100586,2588800,False
2024-12-10,26.049999237060547,26.049999237060547,25.454999923706055,25.59000015258789,24.62251853942871,3130300,False
2024-12-11,25.43000030517578,25.5,25.020000457763672,25.200000762939453,24.24726104736328,2851400,False
2024-12-12,25.110000610351562,25.420000076293945,25.100000381469727,25.209999084472656,24.25688362121582,2890900,False
2024-12-13,25.170000076293945,25.170000076293945,24.725000381469727,24.84000015258789,23.9008731842041,2540700,False
2024-12-16,24.75,25.280000686645508,24.700000762939453,25.0,24.05482292175293,4385600,False
2024-12-17,25.059999465942383,25.270000457763672,24.799999237060547,25.1200008392334,24.170284271240234,3046000,False
2024-12-18,25.09000015258789,25.270000457763672,24.459999084472656,24.469999313354492,23.54486083984375,3737500,False
2024-12-19,24.239999771118164,24.475000381469727,24.049999237060547,24.280000686645508,23.362043380737305,4359300,False
2024-12-20,24.34000015258789,25.0,24.315000534057617,24.920000076293945,23.977846145629883,7574600,False
2024-12-23,24.719999313354492,25.260000228881836,24.459999084472656,25.25,24.295372009277344,5439300,False
2024-12-24,25.229999542236328,25.350000381469727,25.014999389648438,25.229999542236328,24.276124954223633,1350200,False
2024-12-26,25.190000534057617,25.459999084472656,25.15999984741211,25.399999618530273,24.439699172973633,1740100,False
2024-12-27,25.270000457763672,25.68000030517578,25.270000457763672,25.540000915527344,24.57440948486328,2036100,False
2024-12-30,25.40999984741211,25.5,25.18000030517578,25.31999969482422,24.36272430419922,1914500,False
2024-12-31,25.299999237060547,25.59000015258789,25.280000686645508,25.510000228881836,24.545541763305664,2179300,False
2025-01-02,25.549999237060547,25.889999389648438,25.549999237060547,25.790000915527344,24.814958572387695,1521300,False
2025-01-03,25.809999465942383,25.954999923706055,25.719999313354492,25.84000015258789,24.863065719604492,2082900,False
2025-01-06,25.729999542236328,26.094999313354492,25.399999618530273,25.75,24.776466369628906,2232300,False
2025-01-07,25.6299991607666,26.059999465942383,25.549999237060547,26.040000915527344,25.055505752563477,2727300,False
2025-01-08,25.979999542236328,26.3700008392334,25.764999389648438,26.200000762939453,25.209457397460938,2225800,False
2025-01-10,27.549999237060547,29.885000228881836,27.4689998626709,29.489999771118164,28.375070571899414,8066200,False
2025-01-13,29.829999923706055,30.780000686645508,29.770000457763672,29.989999771118164,28.856164932250977,7816900,False
2025-01-14,29.899999618530273,30.200000762939453,29.670000076293945,30.030000686645508,28.8946533203125,5887900,False
2025-01-15,30.229999542236328,30.81999969482422,30.010000228881836,30.739999771118164,29.577810287475586,4510600,False
2025-01-16,30.639999389648438,31.09000015258789,30.11199951171875,30.950000762939453,29.77987289428711,4829600,False
2025-01-17,30.719999313354492,31.079999923706055,30.518999099731445,30.75,29.587432861328125,2887000,False
2025-01-21,30.790000915527344,30.799999237060547,30.2549991607666,30.299999237060547,29.15444564819336,2794600,False
2025-01-22,30.09000015258789,30.209999084472656,29.725000381469727,30.079999923706055,28.94276237487793,3541300,False
2025-01-23,30.1299991607666,30.645000457763672,30.040000915527344,30.6200008392334,29.46234893798828,5348000,False
2025-01-24,30.610000610351562,31.100000381469727,30.610000610351562,31.059999465942383,29.885713577270508,5780100,False
2025-01-27,31.110000610351562,31.760000228881836,30.950000762939453,31.719999313354492,30.52075958251953,3704100,False
2025-01-28,31.81999969482422,32.119998931884766,31.60099983215332,31.940000534057617,30.732444763183594,6875600,False
2025-01-29,32.0,32.209999084472656,31.610000610351562,31.950000762939453,30.7420654296875,5471100,False
2025-01-30,31.93000030517578,32.060001373291016,31.489999771118164,31.59000015258789,30.395673751831055,3890100,False
2025-01-31,31.639999389648438,31.67799949645996,31.219999313354492,31.579999923706055,30.386049270629883,4071800,False
2025-02-03,31.06999969482422,31.65999984741211,31.06999969482422,31.329999923706055,30.145505905151367,3080000,False
2025-02-04,31.030000686645508,31.600000381469727,31.030000686645508,31.260000228881836,30.078149795532227,3623600,False
2025-02-05,31.34000015258789,31.635000228881836,31.18000030517578,31.450000762939453,30.260969161987305,3154900,False
2025-02-06,31.6200008392334,31.625,31.229999542236328,31.399999618530273,30.21285629272461,3373600,False
2025-02-07,31.479999542236328,31.75,31.361000061035156,31.729999542236328,30.530380249023438,3393400,False
2025-02-10,31.729999542236328,31.790000915527344,31.344999313354492,31.719999313354492,30.52075958251953,3343200,False
2025-02-11,31.600000381469727,32.722999572753906,31.299999237060547,32.25,31.03072166442871,7664900,False
2025-02-12,32.27000045776367,32.560001373291016,31.729999542236328,32.34000015258789,31.117321014404297,3662200,False
2025-02-13,32.38999938964844,32.630001068115234,32.130001068115234,32.459999084472656,31.2327823638916,3979800,False
2025-02-14,32.459999084472656,32.88999938964844,32.28499984741211,32.36000061035156,31.13656234741211,4822400,False
2025-02-18,32.040000915527344,32.869998931884766,32.0,32.849998474121094,31.608036041259766,3999700,False
2025-02-19,32.84000015258789,32.915000915527344,32.29999923706055,32.59000015258789,31.357868194580078,8125600,False
2025-02-20,32.279998779296875,33.689998626708984,32.279998779296875,33.33000183105469,32.06989288330078,8300900,False
2025-02-21,33.290000915527344,33.66999816894531,33.060001373291016,33.41999816894531,32.37015151977539,4620600,False
2025-02-24,33.470001220703125,34.20000076293945,33.16999816894531,33.79999923706055,32.738216400146484,8575200,False
2025-02-25,33.77000045776367,34.1150016784668,33.5,33.689998626708984,32.63166809082031,5293000,False
2025-02-26,33.529998779296875,33.869998931884766,33.290000915527344,33.380001068115234,32.331417083740234,3600300,False
2025-02-27,33.060001373291016,33.619998931884766,32.91999816894531,33.369998931884766,32.321720123291016,4059600,False
2025-02-28,33.560001373291016,33.72999954223633,33.380001068115234,33.63999938964844,32.5832405090332,4462100,False
2025-03-03,33.7599983215332,34.099998474121094,33.694000244140625,33.86000061035156,32.79633331298828,2796800,False
2025-03-04,33.849998474121094,34.060001373291016,33.290000915527344,33.31999969482422,32.273292541503906,3020600,False
2025-03-05,33.11000061035156,33.790000915527344,33.060001373291016,33.77000045776367,32.70915603637695,5877800,False
2025-03-06,33.75,33.790000915527344,33.10499954223633,33.279998779296875,32.23455047607422,2370800,False
2025-03-07,33.279998779296875,33.720001220703125,32.900001525878906,33.0099983215332,31.973031997680664,5408000,False
2025-03-10,32.939998626708984,33.189998626708984,32.529998779296875,32.75,31.721202850341797,5288400,False
2025-03-11,32.77000045776367,32.77000045776367,32.20000076293945,32.459999084472656,31.440311431884766,4365200,False
2025-03-12,32.310001373291016,32.915000915527344,32.0,32.849998474121094,31.818056106567383,3446900,False
2025-03-13,32.849998474121094,33.130001068115234,32.599998474121094,32.68000030517578,31.653400421142578,3095700,False
2025-03-14,32.56999969482422,32.95500183105469,32.2599983215332,32.77000045776367,31.740571975708008,2538700,False
2025-03-17,32.81999969482422,33.26499938964844,32.72999954223633,33.02000045776367,31.98271369934082,2286200,False
2025-03-18,33.060001373291016,33.599998474121094,33.0,33.40999984741211,32.3604621887207,2714400,False
2025-03-19,33.33000183105469,33.5,33.150001525878906,33.40999984741211,32.3604621887207,2461100,False
2025-03-20,33.435001373291016,33.5099983215332,33.150001525878906,33.5,32.4476432800293,2653600,False
2025-03-21,33.29999923706055,33.84000015258789,33.25,33.70000076293945,32.641353607177734,7065400,False
2025-03-24,33.599998474121094,33.9900016784668,33.599998474121094,33.75,32.68978500366211,2345100,False
2025-03-25,33.849998474121094,34.13999938964844,33.5,33.7599983215332,32.69947052001953,5124100,False
2025-03-26,33.4900016784668,34.0,31.3799991607666,31.559999465942383,30.56858253479004,10884400,False
2025-03-27,31.8700008392334,32.25,31.239999771118164,31.649999618530273,30.6557559967041,7555000,False
2025-03-28,31.739999771118164,31.795000076293945,31.0,31.3700008392334,30.384552001953125,4077100,False
2025-03-31,30.889999389648438,31.309999465942383,30.639999389648438,31.1299991607666,30.152088165283203,7631900,False
2025-04-01,31.25,31.5049991607666,30.985000610351562,31.170000076293945,30.190834045410156,4704400,False
2025-04-02,31.059999465942383,31.360000610351562,30.81999969482422,31.280000686645508,30.297380447387695,4635200,False
2025-04-03,31.049999237060547,31.850000381469727,30.989999771118164,31.790000915527344,30.791358947753906,5750100,False
2025-04-04,31.299999237060547,31.700000762939453,30.450000762939453,31.110000610351562,30.132719039916992,7265500,False
2025-04-07,29.799999237060547,31.139999389648438,29.65999984741211,31.030000686645508,30.055233001708984,5739600,False
2025-04-08,31.030000686645508,31.600000381469727,30.524999618530273,30.850000381469727,29.88088607788086,6164500,False
2025-04-09,30.149999618530273,32.310001373291016,30.040000915527344,32.27000045776367,31.25627899169922,7300500,False
2025-04-10,31.969999313354492,31.969999313354492,30.309999465942383,31.209999084472656,30.22957420349121,6600600,False
2025-04-11,31.440000534057617,32.005001068115234,30.959999084472656,31.950000762939453,30.946331024169922,5897300,False
2025-04-14,32.220001220703125,32.31999969482422,31.770000457763672,32.290000915527344,31.27564811706543,3059100,False
2025-04-15,32.34000015258789,32.505001068115234,32.04499816894531,32.45000076293945,31.43062400817871,2993200,False
2025-04-16,32.560001373291016,32.61000061035156,32.02000045776367,32.189998626708984,31.17879295349121,3057700,False
2025-04-17,32.09000015258789,32.665000915527344,32.09000015258789,32.599998474121094,31.575910568237305,2537300,False
2025-04-21,32.65999984741211,32.70000076293945,32.02000045776367,32.189998626708984,31.17879295349121,2068400,False
2025-04-22,32.56999969482422,32.72999954223633,31.969999313354492,32.189998626708984,31.17879295349121,2555900,False
2025-04-23,32.40999984741211,32.47999954223633,31.670000076293945,31.690000534057617,30.69449806213379,4185600,False
2025-04-24,31.860000610351562,32.130001068115234,31.579999923706055,32.029998779296875,31.02381706237793,2968500,False
2025-04-25,31.989999771118164,32.29999923706055,31.84000015258789,32.20000076293945,31.188478469848633,3442500,False
2025-04-28,32.369998931884766,32.66999816894531,32.22999954223633,32.540000915527344,31.51779556274414,3256600,False
2025-04-29,32.4900016784668,32.90999984741211,32.334999084472656,32.709999084472656,31.682456970214844,2612900,False
2025-04-30,32.91999816894531,33.0,32.3849983215332,32.81999969482422,31.789003372192383,4545700,False
2025-05-01,32.65999984741211,32.689998626708984,32.08000183105469,32.47999954223633,31.45968246459961,2607800,False
2025-05-02,32.81999969482422,32.970001220703125,32.45000076293945,32.88999938964844,31.856801986694336,3138200,False
2025-05-05,32.95000076293945,33.040000915527344,32.540000915527344,33.0,31.963348388671875,3916200,False
2025-05-06,32.86000061035156,33.040000915527344,31.969999313354492,32.11000061035156,31.10130500793457,4687100,False
2025-05-07,32.25,32.82500076293945,32.209999084472656,32.75,31.721202850341797,6085900,False
2025-05-08,32.619998931884766,34.11000061035156,32.3650016784668,33.099998474121094,32.06019973754883,9014100,False
2025-05-09,33.220001220703125,33.720001220703125,33.029998779296875,33.150001525878906,32.108638763427734,4354600,False
2025-05-12,32.650001525878906,33.599998474121094,32.54999923706055,33.349998474121094,32.302345275878906,5527600,False
2025-05-13,33.09000015258789,33.09000015258789,32.54499816894531,32.81999969482422,31.789003372192383,4360300,False
2025-05-14,32.869998931884766,33.11000061035156,32.18000030517578,32.290000915527344,31.27564811706543,3576000,False
2025-05-15,32.5,33.130001068115234,32.22999954223633,33.119998931884766,32.07957077026367,3331000,False
2025-05-16,33.08000183105469,34.20000076293945,33.060001373291016,34.02000045776367,33.17164611816406,4933400,False
2025-05-19,34.09000015258789,34.314998626708984,33.79999923706055,34.25,33.39591598510742,25608100,False
2025-05-20,33.68000030517578,33.79999923706055,32.56999969482422,33.09000015258789,32.26483917236328,7445400,False
2025-05-21,33.150001525878906,33.32500076293945,32.810001373291016,32.83000183105469,32.011322021484375,4182300,False
2025-05-22,32.83000183105469,32.93000030517578,32.20000076293945,32.310001373291016,31.504289627075195,3358400,False
2025-05-23,32.15999984741211,32.599998474121094,32.150001525878906,32.45000076293945,31.640798568725586,2514300,False
2025-05-27,32.63999938964844,32.810001373291016,32.209999084472656,32.689998626708984,31.874813079833984,2681600,False
2025-05-28,32.66999816894531,32.81999969482422,32.56999969482422,32.630001068115234,31.81631088256836,2935300,False
2025-05-29,32.59000015258789,32.77000045776367,32.41999816894531,32.63999938964844,31.826061248779297,2377100,False
2025-05-30,32.63999938964844,33.11000061035156,32.290000915527344,32.880001068115234,32.060081481933594,22183600,False
2025-06-02,33.0,33.27000045776367,32.650001525878906,33.2599983215332,32.43059539794922,4168600,False
2025-06-03,33.130001068115234,33.540000915527344,32.849998474121094,33.290000915527344,32.45985412597656,3408500,False
2025-06-04,33.34000015258789,33.71500015258789,33.25,33.439998626708984,32.60611343383789,2529400,False
2025-06-05,33.70000076293945,33.77000045776367,33.38999938964844,33.75,32.908382415771484,2653000,False
2025-06-06,33.709999084472656,33.970001220703125,33.61000061035156,33.779998779296875,32.9376335144043,2743300,False
2025-06-09,33.77000045776367,33.86000061035156,33.369998931884766,33.38999938964844,32.55735778808594,2830400,False
2025-06-10,33.400001525878906,34.029998779296875,33.400001525878906,33.58000183105469,32.74262237548828,6775100,False
2025-06-11,33.59000015258789,34.18000030517578,33.59000015258789,34.04999923706055,33.200897216796875,7090800,False
2025-06-12,34.13999938964844,35.369998931884766,34.13999938964844,35.27000045776367,34.390480041503906,8949100,False
2025-06-13,35.09000015258789,35.380001068115234,34.720001220703125,34.84000015258789,33.9712028503418,3525000,False
2025-06-16,34.91999816894531,35.150001525878906,34.584999084472656,35.099998474121094,34.224708557128906,3619000,False
2025-06-17,35.0,35.13999938964844,34.435001373291016,34.560001373291016,33.698184967041016,5923200,False
2025-06-18,34.599998474121094,34.9900016784668,34.41999816894531,34.90999984741211,34.03945541381836,3957600,False
2025-06-20,34.86000061035156,34.88999938964844,34.38999938964844,34.86000061035156,33.99070358276367,5346900,False
2025-06-23,34.86000061035156,35.45500183105469,34.849998474121094,35.400001525878906,34.51723861694336,3357000,False
2025-06-24,35.5,36.31999969482422,35.41999816894531,36.13999938964844,35.2387809753418,8046300,False
2025-06-25,35.869998931884766,36.040000915527344,35.650001525878906,35.90999984741211,35.01451873779297,2525400,False
2025-06-26,36.08000183105469,36.13999938964844,35.0099983215332,35.27000045776367,34.390480041503906,3658800,False
2025-06-27,35.7400016784668,35.930999755859375,35.290000915527344,35.869998931884766,34.97551345825195,3741100,False
2025-06-30,35.869998931884766,36.220001220703125,35.599998474121094,36.029998779296875,35.13152313232422,3662300,False
2025-07-01,36.02000045776367,36.33000183105469,35.619998931884766,35.880001068115234,34.985267639160156,4697500,False
2025-07-02,35.814998626708984,36.244998931884766,35.77000045776367,36.189998626708984,35.28753662109375,3858600,False
2025-07-03,36.1349983215332,36.43000030517578,35.95899963378906,36.369998931884766,35.463043212890625,1196700,False
2025-07-07,36.31999969482422,36.41999816894531,35.540000915527344,35.59000015258789,34.70249938964844,3328100,False
2025-07-08,35.59000015258789,35.90999984741211,35.220001220703125,35.5099983215332,34.62448501586914,8149700,False
2025-07-09,35.650001525878906,35.900001525878906,35.46500015258789,35.869998931884766,34.97551345825195,3208300,False
2025-07-10,36.0,36.560001373291016,35.91999816894531,36.119998931884766,35.219276428222656,2335800,False
2025-07-11,36.08000183105469,36.08000183105469,35.5099983215332,35.84000015258789,34.94626235961914,1690400,False
2025-07-14,35.93000030517578,36.33000183105469,35.810001373291016,36.2400016784668,35.33628845214844,1987900,False
2025-07-15,36.459999084472656,36.689998626708984,36.16999816894531,36.5099983215332,35.599552154541016,2817200,False
2025-07-16,36.5099983215332,36.88999938964844,35.599998474121094,35.599998474121094,34.712242126464844,3752200,False
2025-07-17,35.40999984741211,35.790000915527344,35.2400016784668,35.470001220703125,34.585487365722656,2302300,False
2025-07-18,35.58000183105469,35.650001525878906,35.310001373291016,35.59000015258789,34.70249938964844,2020700,False
2025-07-21,35.78499984741211,35.91999816894531,35.5099983215332,35.650001525878906,34.76100158691406,2338800,False
2025-07-22,35.650001525878906,36.13999938964844,35.54499816894531,36.099998474121094,35.19977569580078,3397300,False
2025-07-23,36.13999938964844,36.220001220703125,35.83000183105469,36.0099983215332,35.112022399902344,2164500,False
2025-07-24,36.11000061035156,36.65999984741211,36.0,36.59000015258789,35.67755889892578,1973600,False
2025-07-25,36.650001525878906,36.709999084472656,36.290000915527344,36.66999816894531,35.755558013916016,1927100,False
2025-07-28,36.689998626708984,37.209999084472656,36.40999984741211,37.060001373291016,36.13583755493164,2645700,False
2025-07-29,37.0,37.564998626708984,36.7599983215332,37.27000045776367,36.34060287475586,1982100,False
2025-07-30,37.099998474121094,37.5,36.84000015258789,37.119998931884766,36.194339752197266,2836600,False
2025-07-31,37.09000015258789,37.54999923706055,36.709999084472656,36.79999923706055,35.882320404052734,2159200,False
2025-08-01,36.65999984741211,37.21500015258789,36.37099838256836,37.11000061035156,36.18459701538086,1878500,False
2025-08-04,37.220001220703125,37.90999984741211,37.220001220703125,37.880001068115234,36.935394287109375,2944200,False
2025-08-05,37.810001373291016,38.0,37.56999969482422,37.90999984741211,36.96464538574219,3282300,False
2025-08-06,36.939998626708984,37.77000045776367,36.689998626708984,37.119998931884766,36.194339752197266,4173000,False
2025-08-07,37.130001068115234,37.2599983215332,36.27000045776367,37.0099983215332,36.08708953857422,4329800,False
2025-08-08,37.13999938964844,37.96500015258789,36.93000030517578,37.58000183105469,36.64287185668945,2814800,False
2025-08-11,37.65999984741211,37.91999816894531,36.060001373291016,36.189998626708984,35.28753662109375,3530000,False
2025-08-12,36.20000076293945,36.529998779296875,35.79999923706055,35.86000061035156,34.965763092041016,3426500,False
2025-08-13,36.02000045776367,36.779998779296875,35.880001068115234,36.459999084472656,35.550804138183594,5233000,False
2025-08-14,36.27000045776367,36.849998474121094,35.849998474121094,36.5,35.589805603027344,2894300,False
2025-08-15,36.380001068115234,36.599998474121094,36.06999969482422,36.349998474121094,35.658470153808594,2936700,False
2025-08-18,36.5,36.630001068115234,35.880001068115234,35.91999816894531,35.23665237426758,2387800,False
2025-08-19,35.959999084472656,36.220001220703125,35.790000915527344,36.0,35.31513214111328,2403400,False
2025-08-20,35.9900016784668,36.88999938964844,35.9900016784668,36.880001068115234,36.17839050292969,3780400,False
2025-08-21,36.7400016784668,36.900001525878906,36.15999984741211,36.310001373291016,35.619232177734375,2529900,False
2025-08-22,36.38999938964844,36.52000045776367,35.970001220703125,36.31999969482422,35.6290397644043,2671500,False
2025-08-25,36.31999969482422,36.9900016784668,35.86000061035156,35.9900016784668,35.30532455444336,3402100,False
2025-08-26,36.06999969482422,36.209999084472656,35.790000915527344,35.97999954223633,35.29551315307617,3396100,False
2025-08-27,35.939998626708984,36.189998626708984,35.47999954223633,36.060001373291016,35.373985290527344,3125300,False
2025-08-28,36.0,36.0,35.505001068115234,35.619998931884766,34.94235610961914,1761600,False
2025-08-29,35.630001068115234,36.0,35.52000045776367,35.97999954223633,35.29551315307617,2994000,False
2025-09-02,36.09000015258789,36.56999969482422,35.856998443603516,36.16999816894531,35.48189926147461,4472700,False
2025-09-03,36.42499923706055,36.7400016784668,36.11000061035156,36.65999984741211,35.96257400512695,5815500,False
2025-09-04,36.75,36.959999084472656,36.38999938964844,36.900001525878906,36.19801330566406,3532500,False
2025-09-05,36.900001525878906,37.2760009765625,35.849998474121094,36.06999969482422,35.3838005065918,9231500,False
2025-09-08,35.470001220703125,35.97999954223633,34.08100128173828,35.79999923706055,35.11893844604492,8546300,False
2025-09-09,35.77000045776367,36.56999969482422,35.77000045776367,36.5,35.80562210083008,4204800,False
2025-09-10,36.439998626708984,36.7599983215332,36.13999938964844,36.18000030517578,35.49170684814453,4032800,False
2025-09-11,36.189998626708984,36.939998626708984,35.970001220703125,36.70000076293945,36.00181579589844,3664400,False
2025-09-12,36.58000183105469,36.81999969482422,36.08000183105469,36.36000061035156,35.66828536987305,3652500,False
2025-09-15,36.18000030517578,36.30500030517578,34.834999084472656,35.150001525878906,34.48130416870117,4693500,False
2025-09-16,35.099998474121094,35.650001525878906,35.04999923706055,35.41999816894531,34.74616622924805,4000400,False
2025-09-17,35.58000183105469,35.84000015258789,35.459999084472656,35.63999938964844,34.961978912353516,9027300,False
2025-09-18,35.58000183105469,35.810001373291016,35.314998626708984,35.72999954223633,35.05026626586914,9157700,False
2025-09-19,36.02000045776367,36.64500045776367,35.779998779296875,36.2400016784668,35.550567626953125,13871700,False
2025-09-22,36.369998931884766,36.369998931884766,35.3849983215332,35.86000061035156,35.17779541015625,10647200,False
2025-09-23,35.88999938964844,36.70000076293945,35.845001220703125,36.2400016784668,35.550567626953125,9587200,False
2025-09-24,36.435001373291016,36.435001373291016,35.41999816894531,35.77000045776367,35.089508056640625,4242100,False
2025-09-25,35.9900016784668,35.99599838256836,34.77000045776367,34.900001525878906,34.23605728149414,3603300,False
2025-09-26,35.220001220703125,35.220001220703125,34.630001068115234,35.040000915527344,34.37339401245117,4834300,False
2025-09-29,35.290000915527344,35.290000915527344,34.79100036621094,35.25,34.57939910888672,3300400,False
2025-09-30,35.540000915527344,35.540000915527344,34.959999084472656,35.279998779296875,34.60882568359375,4007300,False
2025-10-01,35.65999984741211,36.45500183105469,35.529998779296875,36.31999969482422,35.6290397644043,3610600,False
2025-10-02,36.20000076293945,36.599998474121094,36.150001525878906,36.4900016784668,35.79581069946289,2831800,False
2025-10-03,36.599998474121094,36.66999816894531,36.005001068115234,36.06999969482422,35.3838005065918,2207300,False
2025-10-06,36.0,36.220001220703125,35.35499954223633,36.130001068115234,35.44266128540039,2399400,False
2025-10-07,36.220001220703125,36.47999954223633,35.90999984741211,36.099998474121094,35.41322326660156,2065900,False
2025-10-08,36.16999816894531,36.189998626708984,35.66999816894531,36.02000045776367,35.334754943847656,1938200,False
2025-10-09,36.279998779296875,36.34000015258789,35.97999954223633,36.13999938964844,35.45246505737305,1773400,False
2025-10-10,36.31999969482422,36.36000061035156,35.94499969482422,36.0099983215332,35.3249397277832,2039700,False
2025-10-13,35.79999923706055,35.974998474121094,35.22999954223633,35.439998626708984,34.765785217285156,1765900,False
2025-10-14,35.5099983215332,36.130001068115234,35.49800109863281,36.0,35.31513214111328,2474900,False
2025-10-15,36.0,36.27000045776367,35.790000915527344,36.18000030517578,35.49170684814453,2287500,False
2025-10-16,36.13999938964844,36.45000076293945,35.869998931884766,36.34000015258789,35.64866256713867,2365800,False
2025-10-17,36.33000183105469,37.130001068115234,36.1349983215332,37.0099983215332,36.30591583251953,2373600,False
2025-10-20,36.91999816894531,36.91999816894531,36.11000061035156,36.630001068115234,35.93314743041992,2172300,False
2025-10-21,36.5,37.52000045776367,36.5,37.47999954223633,36.7669792175293,2331500,False
2025-10-22,37.560001373291016,37.689998626708984,36.810001373291016,36.84000015258789,36.13915252685547,1896300,False
2025-10-23,36.91999816894531,37.15999984741211,36.689998626708984,36.849998474121094,36.14896011352539,2007000,False
2025-10-24,36.849998474121094,37.39500045776367,36.849998474121094,37.2599983215332,36.55115509033203,1746600,False
2025-10-27,37.2599983215332,37.400001525878906,37.04999923706055,37.2599983215332,36.55115509033203,2501300,False
2025-10-28,37.099998474121094,37.165000915527344,35.915000915527344,36.40999984741211,35.71733093261719,2811300,False
2025-10-29,36.40999984741211,36.97999954223633,36.22999954223633,36.66999816894531,35.972381591796875,2272100,False
2025-10-30,36.66999816894531,37.209999084472656,36.45399856567383,36.939998626708984,36.237247467041016,1823800,False
2025-10-31,36.83000183105469,37.6150016784668,36.66999816894531,37.540000915527344,36.825836181640625,3772400,False
2025-11-03,37.52000045776367,37.71500015258789,37.130001068115234,37.29999923706055,36.590396881103516,3704800,False
2025-11-04,37.060001373291016,38.084999084472656,36.755001068115234,37.84000015258789,37.1201286315918,4748700,False
2025-11-05,36.599998474121094,41.0,36.027000427246094,40.41999816894531,39.65104293823242,9460200,False
2025-11-06,40.68000030517578,41.2400016784668,40.02000045776367,40.779998779296875,40.00419616699219,5779700,False
2025-11-07,38.625,40.099998474121094,38.38999938964844,38.560001373291016,37.82643127441406,9329500,False
2025-11-10,38.720001220703125,39.39899826049805,38.5099983215332,38.540000915527344,37.80681228637695,5953600,False
2025-11-11,38.38999938964844,39.275001525878906,38.38999938964844,38.959999084472656,38.21881866455078,3521700,False
2025-11-12,39.029998779296875,40.0,38.91999816894531,39.59000015258789,38.83683395385742,4083600,False
2025-11-13,39.5,40.0099983215332,39.380001068115234,39.72999954223633,38.97417068481445,5134300,False
2025-11-14,39.41999816894531,39.64500045776367,38.81999969482422,39.15999984741211,38.6289176940918,2573200,False
2025-11-17,39.09000015258789,39.494998931884766,38.96500015258789,39.15999984741211,38.6289176940918,2590200,False
2025-11-18,39.040000915527344,39.5099983215332,38.98500061035156,39.459999084472656,38.92485046386719,2421500,False
2025-11-19,39.529998779296875,39.689998626708984,37.77000045776367,38.650001525878906,38.12583541870117,3803700,False
2025-11-20,38.709999084472656,38.849998474121094,38.08000183105469,38.38999938964844,37.86935806274414,2802000,False
2025-11-21,38.56999969482422,39.130001068115234,38.310001373291016,38.91999816894531,38.392173767089844,3164600,False
2025-11-24,38.84000015258789,39.83000183105469,37.310001373291016,39.75,39.21091842651367,8177000,False
2025-11-25,39.68000030517578,40.0,39.27000045776367,39.540000915527344,39.00376892089844,7167500,False
2025-11-26,39.720001220703125,39.869998931884766,39.23500061035156,39.84000015258789,39.29969787597656,2524100,False
2025-11-28,39.9900016784668,40.06999969482422,39.650001525878906,40.02000045776367,39.477256774902344,1621000,False
2025-12-01,40.130001068115234,40.5,39.599998474121094,39.900001525878906,39.358882904052734,3905200,False
2025-12-02,40.040000915527344,40.209999084472656,39.494998931884766,39.529998779296875,38.993896484375,4751700,False
2025-12-03,39.45000076293945,40.060001373291016,39.33000183105469,39.599998474121094,39.062950134277344,3109700,False
2025-12-04,39.5,39.63999938964844,38.97999954223633,39.150001525878906,38.619056701660156,4401600,False
2025-12-05,39.150001525878906,39.880001068115234,38.970001220703125,39.72999954223633,39.19118881225586,10237200,False
2025-12-08,39.779998779296875,39.779998779296875,38.599998474121094,38.66999816894531,38.14556121826172,4338300,False
2025-12-09,38.790000915527344,39.11000061035156,38.06999969482422,38.09000015258789,37.573429107666016,5258100,False
2025-12-10,38.25,38.439998626708984,37.875,38.2599983215332,37.741119384765625,3360500,False
2025-12-11,38.29999923706055,38.810001373291016,37.935001373291016,38.810001373291016,38.283660888671875,4090200,False
2025-12-12,38.91999816894531,38.93000030517578,37.974998474121094,38.38999938964844,37.86935806274414,6350000,False
2025-12-15,38.38999938964844,38.58000183105469,38.00199890136719,38.529998779296875,38.00746154785156,6695400,False
2025-12-16,38.52000045776367,38.665000915527344,37.83000183105469,38.380001068115234,37.859500885009766,7734900,False
2025-12-17,38.380001068115234,38.89500045776367,38.29999923706055,38.310001373291016,37.79044723510742,2269400,False
2025-12-18,38.310001373291016,38.689998626708984,38.279998779296875,38.43000030517578,37.908817291259766,5357700,False
2025-12-19,38.34000015258789,38.810001373291016,38.20000076293945,38.599998474121094,38.07651138305664,5269300,False
2025-12-22,38.5099983215332,38.880001068115234,38.439998626708984,38.86000061035156,38.33298873901367,2224900,False
2025-12-23,38.84000015258789,39.499000549316406,38.630001068115234,39.38999938964844,38.855796813964844,2264400,False
2025-12-24,39.38999938964844,39.5,39.2400016784668,39.25,38.71770095825195,1090600,False
2025-12-26,39.40999984741211,39.43000030517578,39.150001525878906,39.220001220703125,38.68810272216797,1358700,False
2025-12-29,39.220001220703125,39.34000015258789,39.02000045776367,39.08000183105469,38.55000305175781,1663900,False
2025-12-30,39.029998779296875,39.459999084472656,38.93000030517578,38.9900016784668,38.46122741699219,2836900,False
2025-12-31,38.93000030517578,39.224998474121094,38.599998474121094,38.63999938964844,38.115970611572266,2332000,False
2026-01-02,38.69499969482422,38.880001068115234,38.290000915527344,38.86000061035156,38.33298873901367,3202800,False
2026-01-05,38.7400016784668,39.8650016784668,38.51100158691406,39.650001525878906,39.112274169921875,5115800,False
2026-01-06,39.68000030517578,40.959999084472656,39.68000030517578,40.650001525878906,40.09871292114258,5400200,False
2026-01-07,40.63999938964844,41.404998779296875,40.63999938964844,41.38999938964844,40.82867431640625,4005600,False
2026-01-08,41.38999938964844,41.70000076293945,39.97999954223633,40.2599983215332,39.71399688720703,3057500,False
2026-01-09,40.54999923706055,40.97999954223633,40.1349983215332,40.16999816894531,39.625221252441406,2398000,False
2026-01-12,40.43000030517578,40.43000030517578,39.9900016784668,40.2599983215332,39.71399688720703,2328100,False
2026-01-13,40.2599983215332,40.494998931884766,39.8650016784668,40.36000061035156,39.81264877319336,4907400,False
2026-01-14,40.45000076293945,40.58000183105469,39.91999816894531,40.209999084472656,39.66468048095703,5151500,False
2026-01-15,40.290000915527344,40.334999084472656,39.560001373291016,39.720001220703125,39.18132400512695,4300600,False
2026-01-16,39.720001220703125,39.779998779296875,39.35200119018555,39.54999923706055,39.01362609863281,1988000,False
2026-01-20,39.25,39.67499923706055,38.86000061035156,39.09000015258789,38.55986785888672,3688500,False
2026-01-21,39.19499969482422,39.86000061035156,39.02000045776367,39.720001220703125,39.18132400512695,5322000,False
2026-01-22,39.77000045776367,40.1150016784668,39.619998931884766,40.11000061035156,39.566036224365234,4989500,False
2026-01-23,40.09000015258789,40.56999969482422,39.959999084472656,40.400001525878906,39.85210418701172,3534000,False
2026-01-26,40.40999984741211,40.630001068115234,40.18000030517578,40.470001220703125,39.9211540222168,5130400,False
2026-01-27,40.5,40.900001525878906,40.494998931884766,40.7400016784668,40.18749237060547,2756100,False
2026-01-28,40.540000915527344,40.79499816894531,40.15999984741211,40.40999984741211,39.86196517944336,3233100,False
2026-01-29,40.5,40.90999984741211,40.375,40.86000061035156,40.30586242675781,3071100,False
2026-01-30,41.27000045776367,41.720001220703125,40.86000061035156,41.68000030517578,41.114742279052734,3466600,False
2026-02-02,41.52000045776367,42.375,41.459999084472656,42.36000061035156,41.7855224609375,3864100,False
2026-02-03,42.31999969482422,43.06999969482422,42.279998779296875,42.970001220703125,42.38724899291992,3392700,False
2026-02-04,43.43000030517578,43.755001068115234,43.02000045776367,43.68000030517578,43.08761978149414,5154000,False
2026-02-05,43.56999969482422,44.35499954223633,43.43000030517578,44.099998474121094,43.50191879272461,6011600,False
2026-02-06,44.310001373291016,44.92499923706055,43.95000076293945,44.650001525878906,44.044464111328125,3535200,False
2026-02-09,44.63999938964844,44.900001525878906,43.97999954223633,44.04999923706055,43.45260238647461,3390700,False
2026-02-10,44.08000183105469,44.2599983215332,43.630001068115234,44.209999084472656,43.61043167114258,3148800,False
2026-02-11,42.939998626708984,45.2400016784668,42.5,44.25,43.6498908996582,5205100,False
2026-02-12,44.2400016784668,45.27000045776367,44.04999923706055,44.79999923706055,44.19242858886719,5714300,False
2026-02-13,44.79999923706055,45.904998779296875,44.709999084472656,45.189998626708984,44.57714080810547,5414000,False
2026-02-17,45.380001068115234,46.13999938964844,45.189998626708984,45.40999984741211,44.79415512084961,3346900,False
2026-02-18,45.150001525878906,45.38999938964844,44.90999984741211,45.34000015258789,44.7251091003418,2025000,False
2026-02-19,45.2599983215332,45.27000045776367,44.68000030517578,45.11000061035156,44.498226165771484,2593500,False
2026-02-20,44.880001068115234,45.290000915527344,44.67499923706055,45.119998931884766,44.74116516113281,3465200,False
2026-02-23,45.0,45.68000030517578,44.970001220703125,45.470001220703125,45.08823013305664,2179800,False
2026-02-24,45.41999816894531,45.66999816894531,45.150001525878906,45.400001525878906,45.018821716308594,4536400,False
2026-02-25,45.130001068115234,45.619998931884766,45.0099983215332,45.150001525878906,44.77091979980469,2822300,False
2026-02-26,45.20000076293945,45.779998779296875,44.875,45.36000061035156,44.979156494140625,2573600,False
2026-02-27,45.439998626708984,46.369998931884766,45.2599983215332,46.209999084472656,45.822017669677734,4176900,False
2026-03-02,45.869998931884766,47.5,45.79999923706055,47.470001220703125,47.07143783569336,4414000,False
2026-03-03,46.880001068115234,47.654998779296875,46.439998626708984,47.47999954223633,47.081356048583984,3718800,False
2026-03-04,47.5,47.86000061035156,47.25,47.43000030517578,47.03177261352539,4344600,False
2026-03-05,47.040000915527344,47.209999084472656,45.224998474121094,45.68000030517578,45.29646682739258,3384600,False
2026-03-06,45.59000015258789,45.68000030517578,44.939998626708984,45.40999984741211,45.02873229980469,2700900,False
2026-03-09,45.40999984741211,45.935001373291016,45.26499938964844,45.84000015258789,45.45512390136719,3899800,False
2026-03-10,45.90999984741211,46.34000015258789,45.70000076293945,45.970001220703125,45.58403396606445,2395300,False
2026-03-11,45.939998626708984,46.81999969482422,45.54999923706055,46.689998626708984,46.2979850769043,2709300,False
2026-03-12,46.369998931884766,46.494998931884766,45.6349983215332,45.869998931884766,45.48487091064453,3834800,False
2026-03-13,45.900001525878906,46.130001068115234,45.31100082397461,45.650001525878906,45.266719818115234,2682100,False
2026-03-16,45.83000183105469,46.435001373291016,45.77000045776367,46.099998474121094,45.71294021606445,2397100,False
2026-03-17,46.20000076293945,46.38999938964844,46.0,46.11000061035156,45.72285842895508,4352600,False
2026-03-18,46.130001068115234,46.13999938964844,45.46500015258789,45.790000915527344,45.40554428100586,3237800,False
2026-03-19,45.779998779296875,45.96500015258789,45.209999084472656,45.529998779296875,45.14772415161133,2763900,False
2026-03-20,45.77000045776367,46.099998474121094,44.72999954223633,45.36000061035156,44.979156494140625,8391400,False
2026-03-23,45.935001373291016,46.060001373291016,45.040000915527344,45.61000061035156,45.227054595947266,3795300,False
2026-03-24,45.2400016784668,45.89500045776367,45.150001525878906,45.56999969482422,45.1873893737793,2490500,False
2026-03-25,45.79999923706055,47.08000183105469,45.790000915527344,47.029998779296875,46.6351318359375,3268100,False
2026-03-26,46.95000076293945,47.540000915527344,46.814998626708984,46.939998626708984,46.5458869934082,3216500,False
2026-03-27,46.994998931884766,47.33000183105469,46.060001373291016,46.349998474121094,45.96084213256836,2709900,False
2026-03-30,46.470001220703125,46.7400016784668,46.099998474121094,46.369998931884766,45.98067092895508,2274900,False
2026-03-31,46.810001373291016,47.97999954223633,46.68000030517578,47.970001220703125,47.56724166870117,3403000,False
2026-04-01,47.9900016784668,48.75,47.97999954223633,48.4900016784668,48.0828742980957,3834900,False
2026-04-02,48.25,49.060001373291016,48.209999084472656,48.56999969482422,48.162200927734375,2730400,False
2026-04-06,47.97999954223633,48.38999938964844,47.275001525878906,47.31999969482422,46.922698974609375,2766000,False
2026-04-07,47.0,47.119998931884766,46.53499984741211,46.869998931884766,46.47647476196289,2626300,False
2026-04-08,47.220001220703125,48.084999084472656,46.9900016784668,47.900001525878906,47.49782943725586,2653600,False
2026-04-09,47.7599983215332,48.599998474121094,47.435001373291016,48.29999923706055,47.89447021484375,2220600,False
2026-04-10,48.29999923706055,48.36000061035156,47.72999954223633,47.900001525878906,47.49782943725586,2369800,False
2026-04-13,47.869998931884766,48.720001220703125,47.810001373291016,48.43000030517578,48.02337646484375,2859300,False
2026-04-14,48.400001525878906,49.0099983215332,48.349998474121094,48.81999969482422,48.41010284423828,3887100,False
2026-04-15,48.88999938964844,48.97999954223633,48.07500076293945,48.70000076293945,48.29111099243164,1897600,False
2026-04-16,48.5,48.970001220703125,48.22999954223633,48.47999954223633,48.072959899902344,2107800,False
2026-04-17,48.599998474121094,50.0,48.349998474121094,50.0,49.580196380615234,3036200,False
2026-04-20,49.54999923706055,50.07500076293945,49.25,49.29999923706055,48.88607406616211,2524300,False
2026-04-21,49.59000015258789,49.79999923706055,48.880001068115234,49.47999954223633,49.0645637512207,4271100,False
2026-04-22,49.47999954223633,49.970001220703125,49.220001220703125,49.720001220703125,49.302547454833984,2618000,False
2026-04-23,49.90999984741211,49.93000030517578,49.15999984741211,49.63999938964844,49.22321701049805,2081200,False
2026-04-24,49.63999938964844,49.90999984741211,49.20000076293945,49.380001068115234,48.96540451049805,1984500,False
2026-04-27,49.29999923706055,50.060001373291016,49.29999923706055,49.650001525878906,49.23313522338867,4114200,False
2026-04-28,50.119998931884766,50.25,49.33000183105469,49.540000915527344,49.124061584472656,4895700,False
2026-04-29,49.310001373291016,50.13999938964844,49.209999084472656,49.4900016784668,49.07447814941406,3050500,False
2026-04-30,49.83000183105469,50.470001220703125,49.56999969482422,50.09000015258789,49.66944122314453,4140100,False
2026-05-01,49.91999816894531,49.959999084472656,49.22999954223633,49.470001220703125,49.05464553833008,2350300,False
2026-05-04,49.470001220703125,50.349998474121094,49.11000061035156,50.20000076293945,49.77851486206055,2841700,False
2026-05-05,50.20000076293945,50.81999969482422,50.060001373291016,50.439998626708984,50.016502380371094,4722900,False
2026-05-06,51.290000915527344,51.650001525878906,49.7400016784668,50.720001220703125,50.294151306152344,3888100,False
2026-05-07,50.63999938964844,50.939998626708984,49.27799987792969,50.20000076293945,49.77851486206055,5602100,False
2026-05-08,50.779998779296875,51.16999816894531,50.5,50.790000915527344,50.36356735229492,3764600,False
2026-05-11,50.619998931884766,51.720001220703125,50.47999954223633,51.650001525878906,51.21634292602539,4047100,False
2026-05-12,52.0,52.150001525878906,51.345001220703125,51.70000076293945,51.26592254638672,3456900,False
2026-05-13,51.689998626708984,53.290000915527344,51.58000183105469,53.25,52.80290985107422,4171900,False
2026-05-14,53.0,53.470001220703125,52.790000915527344,53.400001525878906,52.95165252685547,3513500,False
2026-05-15,52.400001525878906,53.02000045776367,52.040000915527344,52.849998474121094,52.63791275024414,4264700,False
2026-05-18,53.040000915527344,53.345001220703125,52.040000915527344,52.06999969482422,51.86104202270508,3411900,False
2026-05-19,52.0,52.6150016784668,51.810001373291016,52.40999984741211,52.199676513671875,3808500,False
2026-05-20,52.65999984741211,53.32899856567383,52.619998931884766,53.060001373291016,52.84707260131836,2868400,False
2026-05-21,53.060001373291016,53.584999084472656,52.5,53.54999923706055,53.33510208129883,2842900,False
2026-05-22,53.810001373291016,54.6349983215332,53.689998626708984,54.5,54.28129196166992,3053800,False
2026-05-26,54.720001220703125,54.7400016784668,53.630001068115234,53.86000061035156,53.64385986328125,2758200,False
2026-05-27,53.84000015258789,54.68000030517578,53.5,53.970001220703125,53.75341796875,3075800,False
2026-05-28,53.70000076293945,54.66999816894531,53.630001068115234,54.47999954223633,54.26137161254883,3084500,False
2026-05-29,54.47999954223633,56.06999969482422,54.310001373291016,55.7599983215332,55.536231994628906,17987900,False
2026-06-01,55.5,55.5,53.810001373291016,55.18000030517578,54.95856475830078,4352700,False
2026-06-02,55.0,55.275001525878906,53.97999954223633,54.0099983215332,53.79325485229492,3567900,False
2026-06-03,54.18000030517578,55.505001068115234,53.94499969482422,54.970001220703125,54.74940490722656,4469700,False
2026-06-04,55.27000045776367,56.0099983215332,54.95000076293945,55.02000045776367,54.7992057800293,4588600,False
2026-06-05,55.27000045776367,55.935001373291016,55.0,55.869998931884766,55.64579391479492,6027400,False
2026-06-08,56.0,56.5,54.58000183105469,54.86000061035156,54.63984680175781,3714700,False
2026-06-09,55.349998474121094,55.81999969482422,54.349998474121094,55.630001068115234,55.40675735473633,3747000,False
2026-06-10,55.689998626708984,56.22999954223633,54.4900016784668,54.52000045776367,54.301212310791016,2228900,False
2026-06-11,55.16999816894531,55.400001525878906,54.849998474121094,55.290000915527344,55.06812286376953,3073000,False
2026-06-12,55.6349983215332,56.0,54.76499938964844,54.869998931884766,54.64980697631836,3185500,False
2026-06-15,54.4900016784668,55.005001068115234,54.09000015258789,54.27000045776367,54.052215576171875,1948700,False
2026-06-16,54.279998779296875,54.61000061035156,53.439998626708984,54.209999084472656,53.992454528808594,2841800,False
2026-06-17,54.209999084472656,54.5099983215332,53.560001373291016,53.70000076293945,53.484500885009766,3145400,False
2026-06-18,54.380001068115234,54.380001068115234,51.150001525878906,52.959999084472656,52.74747085571289,8608500,False
2026-06-22,53.27000045776367,53.709999084472656,52.88999938964844,53.56999969482422,53.35502243041992,4091900,False
2026-06-23,53.58000183105469,55.5,53.310001373291016,55.349998474121094,55.12788009643555,4896200,False
2026-06-24,55.15999984741211,55.56999969482422,54.20000076293945,54.279998779296875,54.062171936035156,4314400,False
2026-06-25,54.34000015258789,55.2400016784668,53.59000015258789,54.689998626708984,54.47052764892578,2461200,False
2026-06-26,54.599998474121094,56.290000915527344,54.599998474121094,56.22999954223633,56.00434875488281,6979400,False
2026-06-29,56.0099983215332,57.16999816894531,55.64500045776367,57.09000015258789,56.860897064208984,2480500,False
2026-06-30,57.13999938964844,57.220001220703125,56.04999923706055,56.06999969482422,55.84498977661133,2572500,False
2026-07-01,56.09000015258789,56.29999923706055,55.334999084472656,55.779998779296875,55.55615234375,2521300,False
2026-07-02,56.11000061035156,57.79999923706055,55.619998931884766,57.77000045776367,57.538169860839844,3245100,False
2026-07-06,57.779998779296875,57.9900016784668,56.88999938964844,56.91999816894531,56.69157791137695,3105800,False
2026-07-07,57.84000015258789,58.17499923706055,57.33599853515625,57.79999923706055,57.56804656982422,2610900,False
2026-07-08,57.84000015258789,58.54999923706055,57.58000183105469,58.369998931884766,58.13576126098633,3281300,False
2026-07-09,58.540000915527344,58.84000015258789,57.779998779296875,57.959999084472656,57.7274055480957,3322600,False
2026-07-10,57.619998931884766,57.97999954223633,55.959999084472656,56.43000030517578,56.203548431396484,2518700,False
2026-07-13,56.439998626708984,56.66899871826172,55.650001525878906,56.45000076293945,56.22346496582031,2217100,False
2026-07-14,56.27000045776367,56.459999084472656,55.470001220703125,55.66999816894531,55.44659423828125,2231400,False
2026-07-15,55.66999816894531,56.31999969482422,54.95000076293945,56.310001373291016,56.08403015136719,2749400,False
2026-07-16,56.66999816894531,58.60499954223633,56.45000076293945,58.529998779296875,58.29511642456055,3591500,False
2026-07-17,58.5,59.439998626708984,58.1150016784668,58.18000030517578,57.94652557373047,2540500,False
2026-07-20,58.34000015258789,58.95000076293945,57.220001220703125,57.29499816894531,57.0650749206543,3245500,False
2026-07-21,57.220001220703125,58.439998626708984,56.900001525878906,58.41999816894531,58.1855583190918,3716800,False
2026-07-22,58.45000076293945,58.77000045776367,58.099998474121094,58.720001220703125,58.48435592651367,2618900,False
2026-07-23,58.676998138427734,59.439998626708984,58.36000061035156,59.02000045776367,58.78315353393555,2159600,False
2026-07-24,59.560001373291016,59.720001220703125,58.5099983215332,58.83000183105469,58.59391784667969,2114300,False
2026-07-27,58.83000183105469,59.40999984741211,58.494998931884766,58.72999954223633,58.49431610107422,1524200,False
2026-07-28,58.91299819946289,60.08000183105469,58.91299819946289,59.970001220703125,59.729339599609375,3138500,False
2026-07-29,59.970001220703125,60.439998626708984,59.060001373291016,59.18000030517578,58.94251251220703,2599100,False
2026-07-30,58.45000076293945,59.66999816894531,58.45000076293945,59.02000045776367,58.78315353393555,2846300,False
2026-07-31,58.630001068115234,59.117000579833984,58.2599983215332,58.43000030517578,58.19552230834961,2156800,False
2026-08-03,58.2599983215332,58.290000915527344,56.970001220703125,57.16999816894531,56.940574645996094,2747800,False
2026-08-04,57.16999816894531,58.03499984741211,56.36000061035156,57.47999954223633,57.249332427978516,3684200,False
2026-08-05,59.529998779296875,59.630001068115234,57.40999984741211,57.75,57.51824951171875,3536500,False
2026-08-06,58.939998626708984,59.189998626708984,56.83000183105469,57.2599983215332,57.03021240234375,2441500,False
2026-08-07,57.439998626708984,57.65999984741211,56.599998474121094,56.77000045776367,56.54218292236328,4159400,False
2026-08-10,57.43000030517578,58.029998779296875,56.529998779296875,57.970001220703125,57.73736572265625,4264000,False
2026-08-11,58.040000915527344,58.630001068115234,57.7599983215332,57.790000915527344,57.55809020996094,2394300,False
2026-08-12,57.75,59.33000183105469,57.650001525878906,59.220001220703125,58.98234939575195,3924300,False
2026-08-13,59.5,59.58000183105469,57.94499969482422,58.560001373291016,58.32500076293945,2516800,False
2026-08-14,57.88999938964844,58.779998779296875,57.720001220703125,58.599998474121094,58.599998474121094,1596200,False
2026-08-17,58.36000061035156,59.4900016784668,58.18000030517578,59.45000076293945,59.45000076293945,2359900,False
2026-08-18,59.7400016784668,60.41999816894531,59.654998779296875,59.689998626708984,59.689998626708984,2075200,False
2026-08-19,60.119998931884766,61.79999923706055,59.75,61.72999954223633,61.72999954223633,3256600,False
2026-08-20,61.33000183105469,62.130001068115234,60.369998931884766,60.58000183105469,60.58000183105469,3143000,False
2026-08-21,60.529998779296875,61.599998474121094,60.369998931884766,61.310001373291016,61.310001373291016,2325100,False
2026-08-24,61.189998626708984,61.540000915527344,60.80400085449219,61.33000183105469,61.33000183105469,2357500,False
2026-08-25,61.33000183105469,62.45500183105469,60.869998931884766,62.06999969482422,62.06999969482422,1705200,False
2026-08-26,62.040000915527344,62.279998779296875,61.4900016784668,61.79999923706055,61.79999923706055,1478100,False
2026-08-27,61.41999816894531,62.349998474121094,61.0099983215332,61.91999816894531,61.91999816894531,2093700,False
2026-08-28,61.91999816894531,62.0099983215332,60.654998779296875,60.849998474121094,60.849998474121094,1701100,False
2026-08-31,60.80500030517578,61.68000030517578,60.38999938964844,61.40999984741211,61.40999984741211,3894500,False
2026-09-01,61.814998626708984,62.58000183105469,61.61000061035156,62.31999969482422,62.31999969482422,2629300,False
2026-09-02,62.65999984741211,63.28499984741211,62.029998779296875,63.11000061035156,63.11000061035156,3142800,False
2026-09-03,63.564998626708984,63.939998626708984,62.5,63.880001068115234,63.880001068115234,2761500,False
2026-09-04,63.54999923706055,64.37999725341797,63.43000030517578,63.959999084472656,63.959999084472656,3401300,False
2026-09-08,59.209999084472656,60.86000061035156,58.630001068115234,60.59000015258789,60.59000015258789,8631500,False
2026-09-09,60.599998474121094,60.79999923706055,59.310001373291016,60.59000015258789,60.59000015258789,4344500,False
2026-09-10,60.44499969482422,60.709999084472656,58.63999938964844,58.75,58.75,3324500,False
2026-09-11,58.95000076293945,59.540000915527344,58.349998474121094,58.61000061035156,58.61000061035156,2595900,False
2026-09-14,58.65999984741211,59.54999923706055,57.75,59.04999923706055,59.04999923706055,2967200,False
2026-09-15,59.0,59.20000076293945,57.90999984741211,58.470001220703125,58.470001220703125,2749600,False
2026-09-16,59.0,59.16999816894531,58.27000045776367,58.470001220703125,58.470001220703125,2157600,False
2026-09-17,58.810001373291016,59.18000030517578,58.459999084472656,58.93000030517578,58.93000030517578,2062500,False
2026-09-18,58.630001068115234,58.959999084472656,57.970001220703125,58.40999984741211,58.40999984741211,7101500,False
2026-09-21,58.55500030517578,59.064998626708984,57.81999969482422,58.439998626708984,58.439998626708984,3231900,False
2026-09-22,58.27000045776367,59.029998779296875,57.85499954223633,58.52000045776367,58.52000045776367,2691400,False
2026-09-23,58.52000045776367,59.02000045776367,57.630001068115234,57.650001525878906,57.650001525878906,2804300,False
2026-09-24,57.689998626708984,58.869998931884766,57.65999984741211,58.290000915527344,58.290000915527344,2019000,False
2026-09-25,58.5,58.5,57.68000030517578,58.209999084472656,58.209999084472656,1869500,False
2026-09-28,57.880001068115234,58.76499938964844,57.630001068115234,58.369998931884766,58.369998931884766,1862600,False
2026-09-29,58.189998626708984,58.474998474121094,57.5099983215332,58.220001220703125,58.220001220703125,2885200,False
2026-09-30,58.06999969482422,58.63999938964844,57.70000076293945,58.36000061035156,58.36000061035156,3653700,False
2026-10-01,58.36000061035156,58.400001525878906,57.220001220703125,57.630001068115234,57.630001068115234,3245200,False
2026-10-02,57.6349983215332,57.90999984741211,56.959999084472656,57.15999984741211,57.15999984741211,2229500,False
2026-10-05,57.099998474121094,57.25,56.18000030517578,56.239898681640625,56.239898681640625,1662805,False
