Date,Open,High,Low,Close,Adj_Close,Volume,Capital_Gains,Repaired?
2008-06-26,49.91999816894531,49.9900016784668,49.34000015258789,49.58000183105469,33.787479400634766,15800,0.0,False
2008-06-27,51.45000076293945,51.45000076293945,49.2599983215332,49.5,33.73295974731445,26800,0.0,False
2008-06-30,51.720001220703125,51.720001220703125,49.36000061035156,49.540000915527344,33.76021194458008,23900,0.0,False
2008-07-01,49.130001068115234,49.599998474121094,47.7400016784668,49.099998474121094,33.46037292480469,55100,0.0,False
2008-07-02,49.540000915527344,49.689998626708984,48.380001068115234,48.380001068115234,32.96971130371094,74700,0.0,False
2008-07-03,48.77000045776367,48.810001373291016,48.060001373291016,48.5099983215332,33.05828857421875,17600,0.0,False
2008-07-07,48.779998779296875,48.79999923706055,47.79999923706055,48.40999984741211,32.990142822265625,55500,0.0,False
2008-07-08,48.119998931884766,48.560001373291016,47.16999816894531,48.5,33.05149841308594,54300,0.0,False
2008-07-09,49.38999938964844,49.38999938964844,47.900001525878906,47.939998626708984,32.66986846923828,28900,0.0,False
2008-07-10,48.310001373291016,48.310001373291016,47.599998474121094,47.86000061035156,32.61534881591797,20800,0.0,False
2008-07-11,48.25,48.25,47.189998626708984,47.650001525878906,32.472232818603516,22500,0.0,False
2008-07-14,48.79999923706055,48.79999923706055,47.279998779296875,47.4900016784668,32.363197326660156,37900,0.0,False
2008-07-15,47.06999969482422,47.439998626708984,46.34000015258789,46.7599983215332,31.865713119506836,24800,0.0,False
2008-07-16,46.849998474121094,47.720001220703125,46.59000015258789,47.720001220703125,32.519935607910156,23700,0.0,False
2008-07-17,48.310001373291016,48.52000045776367,47.84000015258789,48.33000183105469,32.93563461303711,26000,0.0,False
2008-07-18,48.47999954223633,48.54999923706055,47.65999984741211,48.279998779296875,32.901554107666016,18300,0.0,False
2008-07-21,48.88999938964844,48.88999938964844,48.279998779296875,48.43000030517578,33.0037727355957,18200,0.0,False
2008-07-22,48.29999923706055,48.70000076293945,47.97999954223633,48.70000076293945,33.18777847290039,29300,0.0,False
2008-07-23,49.38999938964844,49.470001220703125,48.939998626708984,49.08000183105469,33.446739196777344,47200,0.0,False
2008-07-24,48.97999954223633,48.97999954223633,47.97999954223633,48.0,32.71076202392578,39900,0.0,False
2008-07-25,48.0,48.209999084472656,47.91999816894531,48.209999084472656,32.85386657714844,9000,0.0,False
2008-07-28,48.5,48.5,46.5,47.439998626708984,32.32912063598633,71800,0.0,False
2008-07-29,47.540000915527344,47.900001525878906,47.439998626708984,47.900001525878906,32.64259338378906,19700,0.0,False
2008-07-30,48.45000076293945,48.720001220703125,48.29999923706055,48.70000076293945,33.18777847290039,33400,0.0,False
2008-07-31,48.84000015258789,48.84000015258789,48.20000076293945,48.209999084472656,32.85386657714844,14800,0.0,False
2008-08-01,48.189998626708984,50.02000045776367,47.75,47.93000030517578,32.66305160522461,46500,0.0,False
2008-08-04,48.56999969482422,48.56999969482422,47.22999954223633,47.22999954223633,32.18601608276367,27300,0.0,False
2008-08-05,48.689998626708984,48.720001220703125,47.369998931884766,48.38999938964844,32.976524353027344,35000,0.0,False
2008-08-06,48.54999923706055,48.93000030517578,48.22999954223633,48.709999084472656,33.19459915161133,22100,0.0,False
2008-08-07,48.599998474121094,48.599998474121094,47.599998474121094,47.599998474121094,32.43815231323242,45400,0.0,False
2008-08-08,47.650001525878906,48.2599983215332,47.06999969482422,48.22999954223633,32.86749267578125,40600,0.0,False
2008-08-11,48.45000076293945,48.63999938964844,47.97999954223633,48.52000045776367,33.06511306762695,34300,0.0,False
2008-08-12,48.560001373291016,48.560001373291016,47.68000030517578,47.849998474121094,32.6085205078125,34300,0.0,False
2008-08-13,47.70000076293945,47.70000076293945,46.900001525878906,47.31999969482422,32.24734878540039,44100,0.0,False
2008-08-14,46.720001220703125,47.529998779296875,46.720001220703125,47.529998779296875,32.39045333862305,87500,0.0,False
2008-08-15,47.599998474121094,47.63999938964844,46.13999938964844,47.4900016784668,32.363197326660156,21800,0.0,False
2008-08-18,47.95000076293945,47.95000076293945,46.689998626708984,46.70000076293945,31.824825286865234,23500,0.0,False
2008-08-19,46.72999954223633,46.72999954223633,46.220001220703125,46.29999923706055,31.552236557006836,25500,0.0,False
2008-08-20,46.79999923706055,46.79999923706055,46.36000061035156,46.720001220703125,31.838457107543945,20400,0.0,False
2008-08-21,46.20000076293945,47.18000030517578,46.20000076293945,47.08000183105469,32.08379364013672,20600,0.0,False
2008-08-22,47.45000076293945,47.650001525878906,47.15999984741211,47.33000183105469,32.254154205322266,22300,0.0,False
2008-08-25,46.20000076293945,47.150001525878906,46.20000076293945,46.459999084472656,31.66129493713379,50500,0.0,False
2008-08-26,46.2400016784668,46.70000076293945,46.189998626708984,46.70000076293945,31.824825286865234,37900,0.0,False
2008-08-27,46.65999984741211,47.04999923706055,46.52000045776367,46.7599983215332,31.865713119506836,26200,0.0,False
2008-08-28,47.66999816894531,47.75,47.380001068115234,47.75,32.54037094116211,34100,0.0,False
2008-08-29,48.130001068115234,48.130001068115234,47.290000915527344,47.31999969482422,32.24734878540039,20000,0.0,False
2008-09-02,47.31999969482422,47.689998626708984,46.0,46.0,31.34780502319336,28800,0.0,False
2008-09-03,46.400001525878906,46.849998474121094,46.15999984741211,46.15999984741211,31.456825256347656,30700,0.0,False
2008-09-04,46.45000076293945,46.45000076293945,44.459999084472656,44.459999084472656,30.29833221435547,114200,0.0,False
2008-09-05,45.0,45.0,43.68000030517578,44.16999816894531,30.100711822509766,75600,0.0,False
2008-09-08,46.70000076293945,46.70000076293945,44.95000076293945,45.41999816894531,30.952531814575195,54800,0.0,False
2008-09-09,45.790000915527344,45.790000915527344,44.13999938964844,44.290000915527344,30.182485580444336,42400,0.0,False
2008-09-10,44.95000076293945,45.0,44.20000076293945,44.650001525878906,30.427812576293945,50300,0.0,False
2008-09-11,43.790000915527344,44.619998931884766,43.619998931884766,44.619998931884766,30.407371520996094,71600,0.0,False
2008-09-12,44.95000076293945,45.2400016784668,44.38999938964844,45.119998931884766,30.74810218811035,19100,0.0,False
2008-09-15,44.400001525878906,44.849998474121094,43.11000061035156,43.27000045776367,29.48737907409668,123900,0.0,False
2008-09-16,42.75,44.0,42.0,43.9900016784668,29.978038787841797,128500,0.0,False
2008-09-17,43.38999938964844,43.900001525878906,41.58000183105469,41.61000061035156,28.35614013671875,118100,0.0,False
2008-09-18,41.0099983215332,43.79999923706055,35.849998474121094,43.79999923706055,29.848556518554688,129000,0.0,False
2008-09-19,46.40999984741211,46.40999984741211,45.029998779296875,46.40999984741211,31.62718963623047,78100,0.0,False
2008-09-22,46.400001525878906,46.97999954223633,44.439998626708984,44.72999954223633,30.482330322265625,58000,0.0,False
2008-09-23,45.369998931884766,46.20000076293945,44.0,45.02000045776367,30.679946899414062,94700,0.0,False
2008-09-24,47.0,47.0,43.349998474121094,43.599998474121094,29.712255477905273,44300,0.0,False
2008-09-25,44.849998474121094,45.349998474121094,43.869998931884766,44.84000015258789,30.557294845581055,58500,0.0,False
2008-09-26,43.75,45.54999923706055,43.75,45.27000045776367,30.850326538085938,92100,0.0,False
2008-09-29,44.650001525878906,44.650001525878906,39.7599983215332,42.400001525878906,28.894498825073242,100000,0.0,False
2008-09-30,42.900001525878906,46.0,41.56999969482422,43.0099983215332,29.31020164489746,98100,0.0,False
2008-10-01,41.59000015258789,42.83000183105469,41.59000015258789,42.380001068115234,28.880855560302734,90200,0.0,False
2008-10-02,42.189998626708984,42.45000076293945,40.099998474121094,40.099998474121094,27.32710075378418,152700,0.0,False
2008-10-03,41.599998474121094,41.619998931884766,39.75,39.75,27.088586807250977,111800,0.0,False
2008-10-06,39.599998474121094,39.599998474121094,36.33000183105469,37.849998474121094,25.793790817260742,192200,0.0,False
2008-10-07,39.220001220703125,39.220001220703125,36.0,36.11000061035156,24.60801887512207,154600,0.0,False
2008-10-08,36.459999084472656,36.5,34.810001373291016,35.54999923706055,24.22640609741211,117200,0.0,False
2008-10-09,36.04999923706055,36.15999984741211,32.529998779296875,33.849998474121094,23.06789207458496,141600,0.0,False
2008-10-10,32.5,35.099998474121094,30.8700008392334,32.779998779296875,22.338716506958008,387600,0.0,False
2008-10-13,38.25,38.25,34.27000045776367,37.189998626708984,25.344013214111328,368800,0.0,False
2008-10-14,39.470001220703125,39.470001220703125,35.689998626708984,37.97999954223633,25.88238525390625,235800,0.0,False
2008-10-15,35.689998626708984,36.0,32.709999084472656,33.369998931884766,22.74077796936035,140800,0.0,False
2008-10-16,33.099998474121094,34.16999816894531,31.0,34.15999984741211,23.27914810180664,196000,0.0,False
2008-10-17,33.72999954223633,35.099998474121094,33.04999923706055,33.83000183105469,23.05426788330078,84500,0.0,False
2008-10-20,34.20000076293945,36.20000076293945,33.75,36.20000076293945,24.669357299804688,113500,0.0,False
2008-10-21,35.79999923706055,35.79999923706055,33.83000183105469,33.959999084472656,23.14284896850586,160200,0.0,False
2008-10-22,33.08000183105469,33.08000183105469,30.989999771118164,31.469999313354492,21.44598388671875,207600,0.0,False
2008-10-23,32.0,32.34000015258789,30.450000762939453,31.399999618530273,21.398269653320312,134600,0.0,False
2008-10-24,29.979999542236328,31.43000030517578,29.0,31.170000076293945,21.241539001464844,157600,0.0,False
2008-10-27,29.8700008392334,30.75,29.299999237060547,29.43000030517578,20.055776596069336,129700,0.0,False
2008-10-28,30.989999771118164,32.59000015258789,29.469999313354492,31.200000762939453,21.261987686157227,51700,0.0,False
2008-10-29,31.190000534057617,33.619998931884766,31.190000534057617,33.5,22.82938003540039,92400,0.0,False
2008-10-30,34.54999923706055,34.54999923706055,32.70000076293945,33.790000915527344,23.026994705200195,70600,0.0,False
2008-10-31,32.720001220703125,34.25,32.63999938964844,33.790000915527344,23.026994705200195,89800,0.0,False
2008-11-03,34.650001525878906,34.689998626708984,32.959999084472656,33.810001373291016,23.040632247924805,83700,0.0,False
2008-11-04,34.689998626708984,35.72999954223633,34.54999923706055,35.630001068115234,24.280916213989258,112300,0.0,False
2008-11-05,35.9900016784668,35.9900016784668,33.75,33.7599983215332,23.006555557250977,145500,0.0,False
2008-11-06,32.150001525878906,33.779998779296875,31.719999313354492,31.770000457763672,21.650426864624023,160000,0.0,False
2008-11-07,32.16999816894531,33.31999969482422,32.16999816894531,33.31999969482422,22.706716537475586,179800,0.0,False
2008-11-10,34.279998779296875,34.279998779296875,32.5,33.0099983215332,22.495454788208008,144500,0.0,False
2008-11-11,32.0,33.20000076293945,31.350000381469727,31.700000762939453,21.60272216796875,125700,0.0,False
2008-11-12,31.110000610351562,31.31999969482422,30.110000610351562,30.25,20.61458396911621,115300,0.0,False
2008-11-13,30.0,32.529998779296875,29.329999923706055,32.5099983215332,22.15471649169922,210700,0.0,False
2008-11-14,32.5,32.5,30.56999969482422,30.56999969482422,20.832651138305664,77700,0.0,False
2008-11-17,31.200000762939453,31.5,29.0,30.309999465942383,20.65547752380371,110800,0.0,False
2008-11-18,30.34000015258789,30.899999618530273,29.40999984741211,30.530000686645508,20.80539894104004,177700,0.0,False
2008-11-19,30.280000686645508,30.40999984741211,28.5,28.510000228881836,19.42882537841797,254500,0.0,False
2008-11-20,28.350000381469727,28.899999618530273,26.600000381469727,26.6200008392334,18.140836715698242,275300,0.0,False
2008-11-21,28.010000228881836,28.709999084472656,26.649999618530273,28.709999084472656,19.56511688232422,246100,0.0,False
2008-11-24,29.469999313354492,31.030000686645508,29.0,30.200000762939453,20.58051109313965,273900,0.0,False
2008-11-25,31.469999313354492,31.540000915527344,29.81999969482422,30.510000228881836,20.791780471801758,157600,0.0,False
2008-11-26,29.639999389648438,31.459999084472656,29.639999389648438,31.25,21.29606056213379,76300,0.0,False
2008-11-28,31.479999542236328,31.6299991607666,31.149999618530273,31.489999771118164,21.459606170654297,41300,0.0,False
2008-12-01,30.920000076293945,30.920000076293945,28.8700008392334,28.899999618530273,19.694599151611328,132500,0.0,False
2008-12-02,30.1200008392334,30.280000686645508,29.200000762939453,30.280000686645508,20.635025024414062,115600,0.0,False
2008-12-03,29.90999984741211,30.889999389648438,29.299999237060547,30.889999389648438,21.05072593688965,121900,0.0,False
2008-12-04,30.520000457763672,30.790000915527344,29.239999771118164,29.739999771118164,20.267024993896484,137100,0.0,False
2008-12-05,29.559999465942383,30.690000534057617,28.75,30.690000534057617,20.9144344329834,512600,0.0,False
2008-12-08,31.84000015258789,32.279998779296875,31.309999465942383,31.959999084472656,21.779911041259766,253300,0.0,False
2008-12-09,31.809999465942383,32.18000030517578,31.270000457763672,31.5,21.466426849365234,230100,0.0,False
2008-12-10,31.3700008392334,32.369998931884766,31.3700008392334,32.13999938964844,21.90257453918457,325500,0.0,False
2008-12-11,32.150001525878906,32.560001373291016,31.440000534057617,31.65999984741211,21.57546043395996,220300,0.0,False
2008-12-12,31.510000228881836,32.02000045776367,30.799999237060547,31.950000762939453,21.77309226989746,266300,0.0,False
2008-12-15,32.5099983215332,32.5099983215332,31.170000076293945,31.700000762939453,21.60272216796875,208100,0.0,False
2008-12-16,32.869998931884766,33.43000030517578,31.670000076293945,33.43000030517578,22.78166961669922,183800,0.0,False
2008-12-17,33.130001068115234,33.58000183105469,32.75,33.27000045776367,22.67262840270996,275200,0.0,False
2008-12-18,33.9900016784668,34.65999984741211,31.920000076293945,32.2400016784668,21.970720291137695,261700,0.0,False
2008-12-19,32.900001525878906,32.900001525878906,31.850000381469727,32.119998931884766,21.888940811157227,181500,0.0,False
2008-12-22,33.650001525878906,33.650001525878906,31.260000228881836,31.770000457763672,21.650426864624023,384500,0.0,False
2008-12-23,32.939998626708984,32.939998626708984,31.299999237060547,31.479999542236328,21.45279884338379,334300,0.0,False
2008-12-24,30.90999984741211,32.16999816894531,30.90999984741211,31.479999542236328,21.59203338623047,158700,0.0,False
2008-12-26,32.0,32.0,31.489999771118164,31.75,21.777225494384766,123700,0.0,False
2008-12-29,31.549999237060547,32.70000076293945,31.360000610351562,31.729999542236328,21.76350975036621,244700,0.0,False
2008-12-30,31.959999084472656,32.56999969482422,31.56999969482422,32.560001373291016,22.33280372619629,245300,0.0,False
2008-12-31,32.70000076293945,33.25,32.2599983215332,32.97999954223633,22.620880126953125,305700,0.0,False
2009-01-02,32.97999954223633,33.970001220703125,32.86000061035156,33.869998931884766,23.2313289642334,205300,0.0,False
2009-01-05,34.75,34.75,33.25,33.970001220703125,23.299930572509766,236900,0.0,False
2009-01-06,33.59000015258789,34.099998474121094,33.4900016784668,33.849998474121094,23.217607498168945,110200,0.0,False
2009-01-07,33.849998474121094,33.849998474121094,32.790000915527344,33.099998474121094,22.703187942504883,82600,0.0,False
2009-01-08,33.0099983215332,33.209999084472656,32.70000076293945,32.9900016784668,22.627737045288086,183100,0.0,False
2009-01-09,32.810001373291016,32.810001373291016,32.189998626708984,32.189998626708984,22.07902717590332,131300,0.0,False
2009-01-12,32.29999923706055,32.29999923706055,31.170000076293945,31.3700008392334,21.516590118408203,65300,0.0,False
2009-01-13,31.3700008392334,31.389999389648438,30.969999313354492,31.100000381469727,21.33139419555664,115900,0.0,False
2009-01-14,30.979999542236328,30.979999542236328,29.850000381469727,30.010000228881836,20.58376693725586,202900,0.0,False
2009-01-15,30.290000915527344,30.809999465942383,29.299999237060547,30.360000610351562,20.82383918762207,136700,0.0,False
2009-01-16,31.75,31.75,29.989999771118164,30.729999542236328,21.077608108520508,79200,0.0,False
2009-01-20,31.989999771118164,31.989999771118164,28.3700008392334,28.469999313354492,19.527482986450195,146400,0.0,False
2009-01-21,28.760000228881836,30.0,28.469999313354492,30.0,20.576906204223633,64300,0.0,False
2009-01-22,30.290000915527344,30.290000915527344,28.770000457763672,29.420000076293945,20.179088592529297,166300,0.0,False
2009-01-23,29.25,29.639999389648438,28.5,29.459999084472656,20.206527709960938,103800,0.0,False
2009-01-26,29.520000457763672,30.280000686645508,29.329999923706055,29.65999984741211,20.343706130981445,127700,0.0,False
2009-01-27,30.1200008392334,30.549999237060547,29.65999984741211,30.229999542236328,20.734670639038086,198500,0.0,False
2009-01-28,31.06999969482422,31.299999237060547,30.889999389648438,31.15999984741211,21.372547149658203,34900,0.0,False
2009-01-29,30.440000534057617,31.010000228881836,29.829999923706055,29.829999923706055,20.460308074951172,100200,0.0,False
2009-01-30,30.40999984741211,30.639999389648438,29.299999237060547,29.399999618530273,20.165367126464844,39300,0.0,False
2009-02-02,29.0,29.600000381469727,28.889999389648438,29.350000381469727,20.131078720092773,199900,0.0,False
2009-02-03,29.90999984741211,30.110000610351562,29.360000610351562,29.93000030517578,20.528900146484375,29300,0.0,False
2009-02-04,30.0,30.43000030517578,29.65999984741211,29.719999313354492,20.38485336303711,26600,0.0,False
2009-02-05,29.489999771118164,31.020000457763672,29.459999084472656,31.020000457763672,21.276519775390625,56500,0.0,False
2009-02-06,30.65999984741211,31.209999084472656,30.65999984741211,31.200000762939453,21.399986267089844,54900,0.0,False
2009-02-09,31.469999313354492,31.489999771118164,30.209999084472656,31.110000610351562,21.338253021240234,63400,0.0,False
2009-02-10,30.899999618530273,30.899999618530273,29.489999771118164,29.65999984741211,20.343706130981445,50600,0.0,False
2009-02-11,30.18000030517578,30.18000030517578,29.350000381469727,29.8700008392334,20.487743377685547,50300,0.0,False
2009-02-12,29.450000762939453,29.799999237060547,29.0,29.799999237060547,20.439725875854492,50500,0.0,False
2009-02-13,29.709999084472656,30.049999237060547,29.479999542236328,29.690000534057617,20.364288330078125,69800,0.0,False
2009-02-17,28.65999984741211,28.68000030517578,28.010000228881836,28.100000381469727,19.273706436157227,137200,0.0,False
2009-02-18,28.399999618530273,28.399999618530273,27.75,27.93000030517578,19.157100677490234,192500,0.0,False
2009-02-19,28.25,28.600000381469727,27.739999771118164,27.850000381469727,19.10222816467285,141600,0.0,False
2009-02-20,27.110000610351562,27.799999237060547,26.920000076293945,27.0,18.519222259521484,169500,0.0,False
2009-02-23,27.649999618530273,27.690000534057617,26.549999237060547,26.56999969482422,18.224281311035156,154500,0.0,False
2009-02-24,26.889999389648438,27.739999771118164,26.649999618530273,27.610000610351562,18.937618255615234,137500,0.0,False
2009-02-25,27.549999237060547,27.59000015258789,26.770000457763672,27.209999084472656,18.663257598876953,59300,0.0,False
2009-02-26,27.520000457763672,27.700000762939453,26.860000610351562,27.020000457763672,18.532930374145508,78900,0.0,False
2009-02-27,26.770000457763672,27.09000015258789,26.299999237060547,26.600000381469727,18.244863510131836,352600,0.0,False
2009-03-02,26.229999542236328,26.229999542236328,25.110000610351562,25.239999771118164,17.312036514282227,97300,0.0,False
2009-03-03,25.309999465942383,25.559999465942383,24.8700008392334,25.030000686645508,17.16800308227539,118600,0.0,False
2009-03-04,26.09000015258789,26.420000076293945,25.549999237060547,26.09000015258789,17.895057678222656,63000,0.0,False
2009-03-05,26.100000381469727,26.100000381469727,24.739999771118164,25.020000457763672,17.1611385345459,107400,0.0,False
2009-03-06,25.3799991607666,25.739999771118164,24.360000610351562,24.93000030517578,17.099409103393555,113100,0.0,False
2009-03-09,24.770000457763672,24.979999542236328,24.399999618530273,24.5,16.804479598999023,103200,0.0,False
2009-03-10,25.3700008392334,26.270000457763672,25.209999084472656,26.239999771118164,17.99793815612793,163300,0.0,False
2009-03-11,26.270000457763672,26.600000381469727,26.040000915527344,26.260000228881836,18.011653900146484,60600,0.0,False
2009-03-12,26.229999542236328,27.350000381469727,26.040000915527344,27.229999542236328,18.676977157592773,64900,0.0,False
2009-03-13,27.68000030517578,28.0,26.940000534057617,28.0,19.205114364624023,123900,0.0,False
2009-03-16,28.030000686645508,28.5,27.389999389648438,27.389999389648438,18.786720275878906,123900,0.0,False
2009-03-17,27.3799991607666,28.200000762939453,27.18000030517578,28.200000762939453,19.34229850769043,138800,0.0,False
2009-03-18,27.979999542236328,29.079999923706055,27.690000534057617,28.860000610351562,19.79498291015625,84900,0.0,False
2009-03-19,27.889999389648438,29.719999313354492,27.0,28.709999084472656,19.692096710205078,54700,0.0,False
2009-03-20,28.520000457763672,28.799999237060547,28.09000015258789,28.190000534057617,19.33543586730957,102700,0.0,False
2009-03-23,28.809999465942383,30.3700008392334,28.809999465942383,30.3700008392334,20.8306941986084,524700,0.0,False
2009-03-24,30.059999465942383,30.059999465942383,29.479999542236328,29.5,20.233957290649414,102000,0.0,False
2009-03-25,29.889999389648438,30.290000915527344,29.149999618530273,29.90999984741211,20.515172958374023,72700,0.0,False
2009-03-26,30.360000610351562,30.450000762939453,29.889999389648438,30.420000076293945,20.864990234375,140000,0.0,False
2009-03-27,30.079999923706055,30.079999923706055,29.489999771118164,29.579999923706055,20.288827896118164,46900,0.0,False
2009-03-30,28.780000686645508,28.809999465942383,27.5,28.360000610351562,19.452037811279297,135600,0.0,False
2009-03-31,29.020000457763672,29.399999618530273,28.59000015258789,28.950000762939453,19.856714248657227,370600,0.0,False
2009-04-01,28.290000915527344,29.719999313354492,28.290000915527344,29.559999465942383,20.275117874145508,132300,0.0,False
2009-04-02,30.43000030517578,31.34000015258789,30.43000030517578,30.809999465942383,21.132488250732422,54300,0.0,False
2009-04-03,31.34000015258789,31.34000015258789,30.06999969482422,30.950000762939453,21.22850799560547,63000,0.0,False
2009-04-06,31.200000762939453,31.200000762939453,30.15999984741211,30.6299991607666,21.0090274810791,63300,0.0,False
2009-04-07,30.100000381469727,30.290000915527344,29.829999923706055,29.93000030517578,20.528900146484375,66700,0.0,False
2009-04-08,30.030000686645508,31.459999084472656,29.979999542236328,30.399999618530273,20.85127067565918,98800,0.0,False
2009-04-09,31.479999542236328,31.479999542236328,31.030000686645508,31.459999084472656,21.578323364257812,54600,0.0,False
2009-04-13,31.5,31.809999465942383,30.84000015258789,31.649999618530273,21.708641052246094,58100,0.0,False
2009-04-14,31.43000030517578,32.0,31.0,31.219999313354492,21.41370391845703,154400,0.0,False
2009-04-15,31.520000457763672,31.610000610351562,30.93000030517578,31.600000381469727,21.674345016479492,85200,0.0,False
2009-04-16,31.860000610351562,32.119998931884766,31.450000762939453,31.969999313354492,21.92812728881836,77500,0.0,False
2009-04-17,32.150001525878906,32.16999816894531,31.690000534057617,31.90999984741211,21.886966705322266,49000,0.0,False
2009-04-20,32.20000076293945,32.20000076293945,30.450000762939453,30.450000762939453,20.88556671142578,54600,0.0,False
2009-04-21,30.15999984741211,31.219999313354492,30.049999237060547,31.1299991607666,21.35197639465332,64700,0.0,False
2009-04-22,31.549999237060547,31.649999618530273,30.770000457763672,30.950000762939453,21.22850799560547,110800,0.0,False
2009-04-23,31.420000076293945,31.6299991607666,30.959999084472656,31.600000381469727,21.674345016479492,100500,0.0,False
2009-04-24,31.90999984741211,32.27000045776367,31.770000457763672,31.950000762939453,21.91440773010254,121300,0.0,False
2009-04-27,31.489999771118164,31.940000534057617,31.100000381469727,31.59000015258789,21.667484283447266,114600,0.0,False
2009-04-28,31.239999771118164,32.04999923706055,30.850000381469727,31.329999923706055,21.489147186279297,57800,0.0,False
2009-04-29,31.709999084472656,32.65999984741211,31.709999084472656,32.150001525878906,22.051591873168945,66100,0.0,False
2009-04-30,32.81999969482422,32.9900016784668,32.150001525878906,32.439998626708984,22.2504940032959,100400,0.0,False
2009-05-01,32.7400016784668,32.849998474121094,32.310001373291016,32.81999969482422,22.511133193969727,41800,0.0,False
2009-05-04,33.68000030517578,34.08000183105469,33.150001525878906,34.08000183105469,23.375362396240234,85300,0.0,False
2009-05-05,34.099998474121094,34.099998474121094,33.599998474121094,33.880001068115234,23.23819351196289,77400,0.0,False
2009-05-06,34.13999938964844,34.619998931884766,33.959999084472656,34.41999816894531,23.608572006225586,146000,0.0,False
2009-05-07,35.16999816894531,35.16999816894531,33.65999984741211,34.029998779296875,23.3410701751709,110600,0.0,False
2009-05-08,34.720001220703125,35.349998474121094,34.5,35.2400016784668,24.171009063720703,212900,0.0,False
2009-05-11,35.689998626708984,35.689998626708984,34.150001525878906,34.220001220703125,23.471391677856445,113100,0.0,False
2009-05-12,34.47999954223633,34.59000015258789,33.959999084472656,34.40999984741211,23.60171127319336,39900,0.0,False
2009-05-13,34.31999969482422,34.31999969482422,33.29999923706055,33.40999984741211,22.915809631347656,43500,0.0,False
2009-05-14,33.349998474121094,33.90999984741211,33.2599983215332,33.65999984741211,23.087291717529297,25900,0.0,False
2009-05-15,33.59000015258789,33.93000030517578,33.31999969482422,33.47999954223633,22.96383285522461,37400,0.0,False
2009-05-18,34.18000030517578,34.779998779296875,33.90999984741211,34.779998779296875,23.855499267578125,678800,0.0,False
2009-05-19,34.56999969482422,35.20000076293945,34.56999969482422,34.91999816894531,23.951513290405273,64600,0.0,False
2009-05-20,34.91999816894531,35.630001068115234,34.900001525878906,34.900001525878906,23.93780517578125,76300,0.0,False
2009-05-21,34.61000061035156,34.630001068115234,34.09000015258789,34.58000183105469,23.71831703186035,81100,0.0,False
2009-05-22,34.599998474121094,34.970001220703125,34.4900016784668,34.70000076293945,23.80062484741211,64400,0.0,False
2009-05-26,34.380001068115234,35.47999954223633,33.88999938964844,35.41999816894531,24.29447364807129,85800,0.0,False
2009-05-27,35.540000915527344,35.560001373291016,34.68000030517578,34.81999969482422,23.882932662963867,49200,0.0,False
2009-05-28,34.95000076293945,35.43000030517578,34.66999816894531,35.380001068115234,24.267032623291016,31800,0.0,False
2009-05-29,35.81999969482422,35.880001068115234,35.400001525878906,35.880001068115234,24.609987258911133,36100,0.0,False
2009-06-01,35.959999084472656,37.18000030517578,35.959999084472656,36.939998626708984,25.337026596069336,109800,0.0,False
2009-06-02,36.83000183105469,37.04999923706055,36.36000061035156,36.880001068115234,25.29587745666504,49500,0.0,False
2009-06-03,36.31999969482422,36.459999084472656,35.7400016784668,36.11000061035156,24.767736434936523,33800,0.0,False
2009-06-04,36.349998474121094,36.54999923706055,35.9900016784668,36.459999084472656,25.00780487060547,82000,0.0,False
2009-06-05,36.880001068115234,36.880001068115234,35.9900016784668,36.279998779296875,24.884349822998047,80900,0.0,False
2009-06-08,35.959999084472656,36.220001220703125,35.52000045776367,36.11000061035156,24.767736434936523,34000,0.0,False
2009-06-09,36.25,36.45000076293945,36.099998474121094,36.43000030517578,24.98723030090332,62500,0.0,False
2009-06-10,36.54999923706055,36.75,36.0,36.31999969482422,24.911787033081055,35700,0.0,False
2009-06-11,36.900001525878906,37.25,36.43000030517578,36.869998931884766,25.289018630981445,104800,0.0,False
2009-06-12,36.66999816894531,36.77000045776367,36.43000030517578,36.77000045776367,25.22043228149414,101900,0.0,False
2009-06-15,36.63999938964844,36.63999938964844,35.369998931884766,35.650001525878906,24.452228546142578,54000,0.0,False
2009-06-16,36.369998931884766,36.369998931884766,35.099998474121094,35.16999816894531,24.122989654541016,109800,0.0,False
2009-06-17,35.369998931884766,35.369998931884766,34.63999938964844,35.02000045776367,24.020111083984375,79700,0.0,False
2009-06-18,35.0,35.36000061035156,34.900001525878906,35.099998474121094,24.074981689453125,78400,0.0,False
2009-06-19,35.11000061035156,35.58000183105469,35.11000061035156,35.20000076293945,24.14357566833496,174400,0.0,False
2009-06-22,35.11000061035156,35.11000061035156,34.119998931884766,34.119998931884766,23.402809143066406,79700,0.0,False
2009-06-23,34.650001525878906,34.650001525878906,34.220001220703125,34.4900016784668,23.656585693359375,25500,0.0,False
2009-06-24,35.02000045776367,35.290000915527344,34.63999938964844,34.810001373291016,23.876075744628906,44600,0.0,False
2009-06-25,34.720001220703125,35.54999923706055,34.529998779296875,35.54999923706055,24.383636474609375,42500,0.0,False
2009-06-26,35.650001525878906,36.59000015258789,35.349998474121094,35.56999969482422,24.397354125976562,22300,0.0,False
2009-06-29,35.779998779296875,35.93000030517578,35.5,35.86000061035156,24.596267700195312,36000,0.0,False
2009-06-30,35.95000076293945,35.95000076293945,35.130001068115234,35.2599983215332,24.184728622436523,119600,0.0,False
2009-07-01,35.83000183105469,36.099998474121094,35.81999969482422,35.88999938964844,24.61684226989746,102500,0.0,False
2009-07-02,35.56999969482422,35.56999969482422,34.83000183105469,34.83000183105469,23.889793395996094,53800,0.0,False
2009-07-06,34.369998931884766,34.779998779296875,34.290000915527344,34.779998779296875,23.855499267578125,103900,0.0,False
2009-07-07,34.83000183105469,34.83000183105469,34.02000045776367,34.08000183105469,23.375362396240234,95800,0.0,False
2009-07-08,34.029998779296875,34.279998779296875,33.439998626708984,33.9900016784668,23.31363296508789,66500,0.0,False
2009-07-09,34.310001373291016,34.459999084472656,34.13999938964844,34.290000915527344,23.519405364990234,29600,0.0,False
2009-07-10,34.0099983215332,34.130001068115234,33.75,34.130001068115234,23.40966796875,153000,0.0,False
2009-07-13,34.20000076293945,34.83000183105469,33.720001220703125,34.790000915527344,23.86235809326172,190100,0.0,False
2009-07-14,35.02000045776367,35.79999923706055,34.689998626708984,35.02000045776367,24.020111083984375,117500,0.0,False
2009-07-15,35.72999954223633,36.29999923706055,35.650001525878906,36.220001220703125,24.84319496154785,280500,0.0,False
2009-07-16,36.06999969482422,36.52000045776367,36.0,36.38999938964844,24.95978546142578,156700,0.0,False
2009-07-17,36.36000061035156,36.540000915527344,36.189998626708984,36.470001220703125,25.014659881591797,72600,0.0,False
2009-07-20,37.02000045776367,37.16999816894531,36.779998779296875,37.15999984741211,25.487934112548828,99300,0.0,False
2009-07-21,37.5,37.540000915527344,36.83000183105469,37.15999984741211,25.487934112548828,97000,0.0,False
2009-07-22,37.040000915527344,37.4900016784668,36.86000061035156,37.27000045776367,25.56338119506836,222900,0.0,False
2009-07-23,37.310001373291016,38.25,37.27000045776367,38.099998474121094,26.132671356201172,897600,0.0,False
2009-07-24,37.97999954223633,38.20000076293945,37.65999984741211,38.20000076293945,26.201263427734375,82400,0.0,False
2009-07-27,38.25,38.34000015258789,37.900001525878906,38.34000015258789,26.297290802001953,39800,0.0,False
2009-07-28,38.040000915527344,38.20000076293945,37.70000076293945,38.18000030517578,26.18754768371582,32700,0.0,False
2009-07-29,38.08000183105469,38.08000183105469,37.599998474121094,37.77000045776367,25.906320571899414,50200,0.0,False
2009-07-30,38.470001220703125,38.869998931884766,38.400001525878906,38.540000915527344,26.434467315673828,69100,0.0,False
2009-07-31,38.709999084472656,39.06999969482422,38.5099983215332,38.83000183105469,26.633392333984375,77100,0.0,False
2009-08-03,39.560001373291016,39.72999954223633,39.310001373291016,39.66999816894531,27.209535598754883,81300,0.0,False
2009-08-04,39.27000045776367,39.720001220703125,39.189998626708984,39.540000915527344,27.120365142822266,100200,0.0,False
2009-08-05,39.54999923706055,39.63999938964844,39.04999923706055,39.5,27.092933654785156,116800,0.0,False
2009-08-06,39.7599983215332,39.79999923706055,39.0,39.2400016784668,26.914592742919922,55700,0.0,False
2009-08-07,39.52000045776367,39.709999084472656,39.279998779296875,39.52000045776367,27.10663604736328,157800,0.0,False
2009-08-10,39.52000045776367,39.52000045776367,39.0099983215332,39.27000045776367,26.935176849365234,70500,0.0,False
2009-08-11,39.11000061035156,39.15999984741211,38.63999938964844,38.849998474121094,26.647096633911133,76900,0.0,False
2009-08-12,38.849998474121094,39.540000915527344,38.79999923706055,39.279998779296875,26.942031860351562,54500,0.0,False
2009-08-13,40.02000045776367,40.02000045776367,39.310001373291016,39.77000045776367,27.27811622619629,252900,0.0,False
2009-08-14,39.83000183105469,39.83000183105469,39.040000915527344,39.36000061035156,26.99690818786621,56400,0.0,False
2009-08-17,38.38999938964844,38.41999816894531,38.029998779296875,38.189998626708984,26.194400787353516,70800,0.0,False
2009-08-18,38.52000045776367,38.81999969482422,38.369998931884766,38.709999084472656,26.551074981689453,116900,0.0,False
2009-08-19,38.27000045776367,39.09000015258789,37.81999969482422,38.869998931884766,26.660812377929688,66800,0.0,False
2009-08-20,39.08000183105469,39.439998626708984,39.06999969482422,39.31999969482422,26.96946907043457,72500,0.0,False
2009-08-21,39.7599983215332,40.2400016784668,39.689998626708984,40.119998931884766,27.51818084716797,132900,0.0,False
2009-08-24,40.16999816894531,40.59000015258789,40.08000183105469,40.16999816894531,27.552473068237305,185800,0.0,False
2009-08-25,40.619998931884766,40.689998626708984,40.2599983215332,40.279998779296875,27.627931594848633,785500,0.0,False
2009-08-26,40.16999816894531,40.2400016784668,39.90999984741211,40.150001525878906,27.538753509521484,457200,0.0,False
2009-08-27,40.0,40.47999954223633,39.650001525878906,40.27000045776367,27.621068954467773,181200,0.0,False
2009-08-28,40.79999923706055,40.79999923706055,40.060001373291016,40.2599983215332,27.614208221435547,97500,0.0,False
2009-08-31,40.56999969482422,40.56999969482422,39.61000061035156,39.869998931884766,27.346712112426758,220000,0.0,False
2009-09-01,39.810001373291016,40.16999816894531,38.88999938964844,39.0,26.749980926513672,312300,0.0,False
2009-09-02,38.90999984741211,39.25,38.72999954223633,39.06999969482422,26.79799461364746,45600,0.0,False
2009-09-03,39.47999954223633,39.5,39.09000015258789,39.5,27.092933654785156,76000,0.0,False
2009-09-04,39.630001068115234,40.099998474121094,39.369998931884766,40.0,27.43587303161621,80900,0.0,False
2009-09-08,40.869998931884766,40.9900016784668,40.5,40.72999954223633,27.93657684326172,86500,0.0,False
2009-09-09,40.56999969482422,41.25,40.56999969482422,41.099998474121094,28.190364837646484,105000,0.0,False
2009-09-10,41.13999938964844,41.529998779296875,40.84000015258789,41.529998779296875,28.485313415527344,100700,0.0,False
2009-09-11,41.650001525878906,41.77000045776367,41.31999969482422,41.47999954223633,28.45100975036621,68100,0.0,False
2009-09-14,42.0099983215332,42.0099983215332,41.08000183105469,41.61000061035156,28.540164947509766,48400,0.0,False
2009-09-15,41.61000061035156,41.88999938964844,41.279998779296875,41.790000915527344,28.66362762451172,85400,0.0,False
2009-09-16,42.279998779296875,42.58000183105469,41.97999954223633,42.5099983215332,29.15747833251953,140400,0.0,False
2009-09-17,42.47999954223633,43.0,42.22999954223633,42.439998626708984,29.109464645385742,174500,0.0,False
2009-09-18,42.560001373291016,42.619998931884766,42.27000045776367,42.459999084472656,29.12318229675293,54700,0.0,False
2009-09-21,42.0,42.20000076293945,41.7599983215332,42.11000061035156,28.88312339782715,113300,0.0,False
2009-09-22,42.52000045776367,42.779998779296875,42.400001525878906,42.709999084472656,29.294662475585938,803400,0.0,False
2009-09-23,42.900001525878906,43.0,42.11000061035156,42.16999816894531,28.92427635192871,116000,0.0,False
2009-09-24,42.47999954223633,42.47999954223633,41.349998474121094,41.54999923706055,28.49901008605957,54600,0.0,False
2009-09-25,41.529998779296875,41.7400016784668,41.2599983215332,41.45000076293945,28.43043327331543,75800,0.0,False
2009-09-28,41.560001373291016,42.220001220703125,41.5099983215332,42.06999969482422,28.855680465698242,122300,0.0,False
2009-09-29,42.2400016784668,42.2400016784668,41.7599983215332,42.0099983215332,28.814542770385742,168400,0.0,False
2009-09-30,42.279998779296875,42.34000015258789,41.5099983215332,41.959999084472656,28.78023910522461,63600,0.0,False
2009-10-01,41.810001373291016,41.810001373291016,40.779998779296875,40.869998931884766,28.032611846923828,92800,0.0,False
2009-10-02,40.2599983215332,40.849998474121094,40.0,40.66999816894531,27.895427703857422,1112100,0.0,False
2009-10-05,40.72999954223633,41.33000183105469,40.599998474121094,41.22999954223633,28.279541015625,99600,0.0,False
2009-10-06,41.72999954223633,42.119998931884766,41.5,41.7400016784668,28.62934112548828,198000,0.0,False
2009-10-07,41.81999969482422,41.95000076293945,41.599998474121094,41.939998626708984,28.766530990600586,1039800,0.0,False
2009-10-08,42.4900016784668,42.709999084472656,42.189998626708984,42.52000045776367,29.164339065551758,102700,0.0,False
2009-10-09,42.47999954223633,42.58000183105469,42.220001220703125,42.58000183105469,29.205488204956055,57900,0.0,False
2009-10-12,42.63999938964844,43.20000076293945,42.63999938964844,42.79999923706055,29.356386184692383,67000,0.0,False
2009-10-13,42.709999084472656,42.77000045776367,42.38999938964844,42.709999084472656,29.294662475585938,73200,0.0,False
2009-10-14,43.560001373291016,43.709999084472656,43.25,43.709999084472656,29.980558395385742,109600,0.0,False
2009-10-15,43.52000045776367,43.779998779296875,43.369998931884766,43.7599983215332,30.01485252380371,103900,0.0,False
2009-10-16,43.27000045776367,43.38999938964844,42.939998626708984,43.2599983215332,29.671897888183594,74200,0.0,False
2009-10-19,43.529998779296875,43.95000076293945,43.38999938964844,43.869998931884766,30.090301513671875,123200,0.0,False
2009-10-20,43.88999938964844,44.060001373291016,43.20000076293945,43.41999816894531,29.78165626525879,236300,0.0,False
2009-10-21,43.439998626708984,43.95000076293945,43.25,43.25,29.665050506591797,140900,0.0,False
2009-10-22,43.310001373291016,43.790000915527344,42.86000061035156,43.689998626708984,29.966840744018555,84900,0.0,False
2009-10-23,43.63999938964844,43.72999954223633,42.849998474121094,43.09000015258789,29.555301666259766,110300,0.0,False
2009-10-26,43.27000045776367,43.56999969482422,42.349998474121094,42.5099983215332,29.15747833251953,144700,0.0,False
2009-10-27,42.43000030517578,42.619998931884766,42.040000915527344,42.150001525878906,28.91055679321289,63000,0.0,False
2009-10-28,41.900001525878906,41.959999084472656,40.90999984741211,40.970001220703125,28.101200103759766,200000,0.0,False
2009-10-29,41.459999084472656,42.400001525878906,41.41999816894531,42.400001525878906,29.082033157348633,135200,0.0,False
2009-10-30,42.20000076293945,42.20000076293945,40.70000076293945,40.900001525878906,28.053192138671875,163200,0.0,False
2009-11-02,41.130001068115234,41.68000030517578,40.70000076293945,41.16999816894531,28.23837661743164,90200,0.0,False
2009-11-03,40.779998779296875,41.310001373291016,40.630001068115234,41.2599983215332,28.30011749267578,186600,0.0,False
2009-11-04,41.59000015258789,42.0,41.5,41.529998779296875,28.485313415527344,226200,0.0,False
2009-11-05,41.95000076293945,42.25,41.810001373291016,42.209999084472656,28.951717376708984,448400,0.0,False
2009-11-06,41.7599983215332,42.25,41.72999954223633,42.209999084472656,28.951717376708984,92500,0.0,False
2009-11-09,43.029998779296875,43.4900016784668,42.790000915527344,43.470001220703125,29.815950393676758,215200,0.0,False
2009-11-10,43.099998474121094,43.5,43.029998779296875,43.38999938964844,29.76106834411621,92300,0.0,False
2009-11-11,43.790000915527344,43.880001068115234,43.400001525878906,43.650001525878906,29.93940544128418,158800,0.0,False
2009-11-12,43.43000030517578,43.599998474121094,42.91999816894531,43.02000045776367,29.50728988647461,90400,0.0,False
2009-11-13,43.2599983215332,43.58000183105469,43.0,43.459999084472656,29.809078216552734,67400,0.0,False
2009-11-16,43.869998931884766,44.349998474121094,43.810001373291016,44.13999938964844,30.275487899780273,130200,0.0,False
2009-11-17,43.63999938964844,44.060001373291016,43.630001068115234,44.040000915527344,30.206911087036133,53100,0.0,False
2009-11-18,47.43000030517578,47.43000030517578,43.68000030517578,44.40999984741211,30.46068572998047,71700,0.0,False
2009-11-19,43.54999923706055,43.630001068115234,42.900001525878906,43.31999969482422,29.713048934936523,210800,0.0,False
2009-11-20,42.970001220703125,43.09000015258789,42.75,43.029998779296875,29.51416015625,94200,0.0,False
2009-11-23,43.75,44.040000915527344,43.619998931884766,43.75,30.00798797607422,81000,0.0,False
2009-11-24,43.79999923706055,43.79999923706055,43.2400016784668,43.5099983215332,29.8433780670166,689500,0.0,False
2009-11-25,43.84000015258789,44.04999923706055,43.66999816894531,44.029998779296875,30.20003318786621,75500,0.0,False
2009-11-27,42.06999969482422,43.18000030517578,42.06999969482422,42.88999938964844,29.418113708496094,86400,0.0,False
2009-11-30,43.209999084472656,43.2400016784668,42.68000030517578,43.08000183105469,29.548431396484375,76800,0.0,False
2009-12-01,43.880001068115234,44.150001525878906,43.70000076293945,43.9900016784668,30.17262077331543,426800,0.0,False
2009-12-02,44.060001373291016,44.29999923706055,43.93000030517578,44.06999969482422,30.22748565673828,77700,0.0,False
2009-12-03,44.5099983215332,44.5099983215332,43.77000045776367,43.77000045776367,30.02170181274414,83300,0.0,False
2009-12-04,44.36000061035156,44.5,43.59000015258789,43.849998474121094,30.076570510864258,84500,0.0,False
2009-12-07,43.83000183105469,43.959999084472656,43.599998474121094,43.619998931884766,29.9188289642334,69400,0.0,False
2009-12-08,43.36000061035156,43.58000183105469,42.900001525878906,43.040000915527344,29.521011352539062,126800,0.0,False
2009-12-09,43.130001068115234,43.130001068115234,42.66999816894531,43.119998931884766,29.575870513916016,52600,0.0,False
2009-12-10,43.45000076293945,43.470001220703125,43.18000030517578,43.31999969482422,29.713048934936523,38100,0.0,False
2009-12-11,43.529998779296875,43.529998779296875,43.209999084472656,43.38999938964844,29.76106834411621,84400,0.0,False
2009-12-14,43.709999084472656,43.79999923706055,43.459999084472656,43.72999954223633,29.994274139404297,674600,0.0,False
2009-12-15,43.5,43.58000183105469,43.29999923706055,43.400001525878906,29.767915725708008,138500,0.0,False
2009-12-16,43.79999923706055,43.880001068115234,43.560001373291016,43.65999984741211,29.94626235961914,86700,0.0,False
2009-12-17,43.119998931884766,43.150001525878906,42.720001220703125,42.79999923706055,29.356386184692383,252200,0.0,False
2009-12-18,43.029998779296875,43.08000183105469,42.54999923706055,43.0,29.493566513061523,102100,0.0,False
2009-12-21,43.290000915527344,43.45000076293945,43.11000061035156,43.22999954223633,29.651315689086914,68000,0.0,False
2009-12-22,43.4900016784668,43.52000045776367,43.29999923706055,43.47999954223633,29.822803497314453,117300,0.0,False
2009-12-23,43.779998779296875,43.779998779296875,43.459999084472656,43.720001220703125,29.98741340637207,140400,0.0,False
2009-12-24,43.25,43.33000183105469,43.20000076293945,43.31999969482422,30.169885635375977,68000,0.0,False
2009-12-28,43.560001373291016,43.560001373291016,43.29999923706055,43.41999816894531,30.239521026611328,93300,0.0,False
2009-12-29,43.540000915527344,43.720001220703125,43.349998474121094,43.400001525878906,30.225605010986328,96300,0.0,False
2009-12-30,43.16999816894531,43.459999084472656,43.11000061035156,43.310001373291016,30.162918090820312,109600,0.0,False
2009-12-31,43.59000015258789,44.4900016784668,43.029998779296875,43.09000015258789,30.00970458984375,135400,0.0,False
2010-01-04,43.72999954223633,44.150001525878906,43.54999923706055,44.099998474121094,30.713106155395508,367700,0.0,False
2010-01-05,44.209999084472656,44.31999969482422,43.959999084472656,44.22999954223633,30.803630828857422,994000,0.0,False
2010-01-06,44.16999816894531,44.45000076293945,44.11000061035156,44.45000076293945,30.95686912536621,135600,0.0,False
2010-01-07,44.279998779296875,44.38999938964844,43.95000076293945,44.279998779296875,30.83846664428711,874300,0.0,False
2010-01-08,44.279998779296875,44.56999969482422,44.0,44.56999969482422,31.040437698364258,92300,0.0,False
2010-01-11,44.849998474121094,44.93000030517578,44.529998779296875,44.709999084472656,31.137939453125,172300,0.0,False
2010-01-12,44.43000030517578,44.43000030517578,44.02000045776367,44.209999084472656,30.789709091186523,100100,0.0,False
2010-01-13,44.369998931884766,44.630001068115234,44.040000915527344,44.54999923706055,31.026517868041992,770200,0.0,False
2010-01-14,44.54999923706055,44.689998626708984,44.41999816894531,44.66999816894531,31.110078811645508,94400,0.0,False
2010-01-15,44.5,44.599998474121094,43.900001525878906,44.18000030517578,30.768831253051758,301700,0.0,False
2010-01-19,44.220001220703125,44.70000076293945,44.0,44.70000076293945,31.13097381591797,288500,0.0,False
2010-01-20,44.099998474121094,44.099998474121094,43.380001068115234,43.810001373291016,30.511131286621094,170500,0.0,False
2010-01-21,43.849998474121094,43.86000061035156,42.720001220703125,42.84000015258789,29.83557891845703,970700,0.0,False
2010-01-22,42.59000015258789,42.75,41.83000183105469,41.959999084472656,29.22271728515625,137900,0.0,False
2010-01-25,42.38999938964844,42.56999969482422,42.15999984741211,42.279998779296875,29.445575714111328,140000,0.0,False
2010-01-26,42.060001373291016,42.36000061035156,41.7599983215332,42.06999969482422,29.29930877685547,148800,0.0,False
2010-01-27,41.86000061035156,41.9900016784668,41.380001068115234,41.91999816894531,29.194862365722656,279800,0.0,False
2010-01-28,42.18000030517578,42.18000030517578,41.040000915527344,41.29999923706055,28.7630615234375,250200,0.0,False
2010-01-29,41.58000183105469,41.72999954223633,40.70000076293945,40.88999938964844,28.477523803710938,151000,0.0,False
2010-02-01,41.29999923706055,41.720001220703125,41.25,41.720001220703125,29.055578231811523,146500,0.0,False
2010-02-02,41.93000030517578,42.369998931884766,41.720001220703125,42.36000061035156,29.501293182373047,133400,0.0,False
2010-02-03,42.27000045776367,42.27000045776367,41.810001373291016,42.0,29.250568389892578,82600,0.0,False
2010-02-04,41.5099983215332,41.5099983215332,40.33000183105469,40.5099983215332,28.212867736816406,182000,0.0,False
2010-02-05,40.22999954223633,40.33000183105469,39.22999954223633,40.15999984741211,27.96912384033203,373900,0.0,False
2010-02-08,39.9900016784668,40.43000030517578,39.779998779296875,39.900001525878906,27.788047790527344,119600,0.0,False
2010-02-09,40.560001373291016,41.029998779296875,40.150001525878906,40.7599983215332,28.386987686157227,103900,0.0,False
2010-02-10,40.72999954223633,40.72999954223633,40.15999984741211,40.540000915527344,28.2337646484375,118500,0.0,False
2010-02-11,40.52000045776367,41.130001068115234,40.290000915527344,41.06999969482422,28.60287857055664,95400,0.0,False
2010-02-12,40.470001220703125,40.849998474121094,40.2599983215332,40.81999969482422,28.42877769470215,52800,0.0,False
2010-02-16,41.220001220703125,41.66999816894531,41.0,41.65999984741211,29.013776779174805,207700,0.0,False
2010-02-17,41.86000061035156,41.970001220703125,41.619998931884766,41.81999969482422,29.125226974487305,86300,0.0,False
2010-02-18,41.70000076293945,42.099998474121094,41.63999938964844,42.060001373291016,29.292373657226562,129200,0.0,False
2010-02-19,41.77000045776367,42.06999969482422,41.560001373291016,41.959999084472656,29.22271728515625,148500,0.0,False
2010-02-22,42.06999969482422,42.18000030517578,41.849998474121094,42.0,29.250568389892578,200200,0.0,False
2010-02-23,41.91999816894531,41.91999816894531,41.15999984741211,41.2400016784668,28.721284866333008,137300,0.0,False
2010-02-24,41.43000030517578,41.79999923706055,41.31999969482422,41.59000015258789,28.96504020690918,145900,0.0,False
2010-02-25,41.0099983215332,41.5,40.72999954223633,41.5,28.90235137939453,169900,0.0,False
2010-02-26,41.54999923706055,41.81999969482422,41.36000061035156,41.7400016784668,29.069503784179688,94700,0.0,False
2010-03-01,41.900001525878906,42.25,41.880001068115234,42.11000061035156,29.327180862426758,91600,0.0,False
2010-03-02,42.459999084472656,42.689998626708984,42.279998779296875,42.470001220703125,29.577903747558594,71700,0.0,False
2010-03-03,42.81999969482422,42.97999954223633,42.54999923706055,42.61000061035156,29.675405502319336,163400,0.0,False
2010-03-04,42.720001220703125,42.81999969482422,42.40999984741211,42.689998626708984,29.731121063232422,73500,0.0,False
2010-03-05,43.04999923706055,43.52000045776367,42.88999938964844,43.45000076293945,30.260427474975586,82400,0.0,False
2010-03-08,43.560001373291016,43.630001068115234,43.400001525878906,43.5,30.29524040222168,90900,0.0,False
2010-03-09,43.25,43.689998626708984,43.20000076293945,43.5,30.29524040222168,70800,0.0,False
2010-03-10,43.560001373291016,43.849998474121094,43.459999084472656,43.70000076293945,30.43453025817871,62600,0.0,False
2010-03-11,43.630001068115234,43.779998779296875,43.40999984741211,43.779998779296875,30.4902400970459,2037000,0.0,False
2010-03-12,44.060001373291016,44.060001373291016,43.72999954223633,43.86000061035156,30.545957565307617,72900,0.0,False
2010-03-15,43.650001525878906,43.720001220703125,43.34000015258789,43.68000030517578,30.42060089111328,68800,0.0,False
2010-03-16,43.869998931884766,44.16999816894531,43.689998626708984,44.16999816894531,30.76185417175293,43600,0.0,False
2010-03-17,44.380001068115234,44.560001373291016,44.279998779296875,44.36000061035156,30.894176483154297,114300,0.0,False
2010-03-18,44.369998931884766,44.45000076293945,44.0099983215332,44.189998626708984,30.77580451965332,44700,0.0,False
2010-03-19,43.86000061035156,44.29999923706055,43.66999816894531,43.86000061035156,30.545957565307617,70700,0.0,False
2010-03-22,43.40999984741211,44.06999969482422,43.29999923706055,43.97999954223633,30.629533767700195,76400,0.0,False
2010-03-23,44.130001068115234,44.400001525878906,44.0,44.369998931884766,30.90114974975586,99000,0.0,False
2010-03-24,43.95000076293945,44.400001525878906,43.779998779296875,44.0099983215332,30.650423049926758,803100,0.0,False
2010-03-25,44.38999938964844,44.43000030517578,43.79999923706055,43.869998931884766,30.552932739257812,68100,0.0,False
2010-03-26,44.13999938964844,44.290000915527344,43.83000183105469,44.040000915527344,30.67131996154785,203000,0.0,False
2010-03-29,44.47999954223633,44.540000915527344,44.29999923706055,44.45000076293945,30.95686912536621,80000,0.0,False
2010-03-30,44.630001068115234,44.70000076293945,44.31999969482422,44.560001373291016,31.03348159790039,134000,0.0,False
2010-03-31,44.5,44.66999816894531,44.29999923706055,44.52000045776367,31.0056209564209,71700,0.0,False
2010-04-01,44.97999954223633,45.15999984741211,44.83000183105469,45.06999969482422,31.3886661529541,121100,0.0,False
2010-04-05,45.2599983215332,45.45000076293945,45.06999969482422,45.40999984741211,31.625450134277344,96400,0.0,False
2010-04-06,45.209999084472656,45.45000076293945,45.04999923706055,45.41999816894531,31.632421493530273,92800,0.0,False
2010-04-07,45.34000015258789,45.34000015258789,44.900001525878906,45.06999969482422,31.3886661529541,92500,0.0,False
2010-04-08,44.849998474121094,45.189998626708984,44.599998474121094,45.13999938964844,31.437408447265625,57300,0.0,False
2010-04-09,45.31999969482422,45.58000183105469,45.290000915527344,45.58000183105469,31.74384880065918,97900,0.0,False
2010-04-12,45.56999969482422,45.790000915527344,45.56999969482422,45.66999816894531,31.806522369384766,178700,0.0,False
2010-04-13,45.61000061035156,45.689998626708984,45.220001220703125,45.630001068115234,31.778661727905273,120200,0.0,False
2010-04-14,45.97999954223633,46.189998626708984,45.810001373291016,46.18000030517578,32.16170120239258,213200,0.0,False
2010-04-15,46.54999923706055,46.54999923706055,45.900001525878906,46.130001068115234,32.12688064575195,84200,0.0,False
2010-04-16,45.88999938964844,45.88999938964844,44.95000076293945,45.22999954223633,31.500089645385742,136200,0.0,False
2010-04-19,44.77000045776367,45.209999084472656,44.59000015258789,45.18000030517578,31.465261459350586,120400,0.0,False
2010-04-20,45.59000015258789,45.59000015258789,45.310001373291016,45.52000045776367,31.702051162719727,73300,0.0,False
2010-04-21,45.540000915527344,45.540000915527344,45.099998474121094,45.36000061035156,31.59062957763672,138800,0.0,False
2010-04-22,44.900001525878906,45.279998779296875,44.599998474121094,45.220001220703125,31.493127822875977,129100,0.0,False
2010-04-23,45.290000915527344,45.59000015258789,45.0,45.59000015258789,31.75080680847168,95000,0.0,False
2010-04-26,45.560001373291016,45.75,45.459999084472656,45.5099983215332,31.695087432861328,115400,0.0,False
2010-04-27,45.099998474121094,45.279998779296875,44.0,44.099998474121094,30.713106155395508,182300,0.0,False
2010-04-28,44.380001068115234,44.459999084472656,43.79999923706055,44.16999816894531,30.76185417175293,169500,0.0,False
2010-04-29,44.54999923706055,44.95000076293945,44.54999923706055,44.90999984741211,31.27723503112793,107000,0.0,False
2010-04-30,45.0099983215332,45.0099983215332,44.290000915527344,44.31999969482422,30.866321563720703,187100,0.0,False
2010-05-03,44.5,44.86000061035156,44.41999816894531,44.72999954223633,31.1518611907959,81500,0.0,False
2010-05-04,43.72999954223633,43.79999923706055,43.0,43.22999954223633,30.107208251953125,177800,0.0,False
2010-05-05,42.380001068115234,43.11000061035156,42.310001373291016,42.66999816894531,29.717206954956055,319900,0.0,False
2010-05-06,42.4900016784668,42.7599983215332,40.0,41.029998779296875,28.575023651123047,367700,0.0,False
2010-05-07,41.18000030517578,41.9900016784668,39.970001220703125,40.72999954223633,28.366090774536133,250600,0.0,False
2010-05-10,42.689998626708984,43.66999816894531,42.59000015258789,43.04999923706055,29.981836318969727,214700,0.0,False
2010-05-11,42.22999954223633,43.099998474121094,42.22999954223633,42.529998779296875,29.619701385498047,213600,0.0,False
2010-05-12,42.540000915527344,43.150001525878906,42.540000915527344,43.04999923706055,29.981836318969727,81700,0.0,False
2010-05-13,42.95000076293945,43.099998474121094,42.5,42.56999969482422,29.647546768188477,173800,0.0,False
2010-05-14,42.15999984741211,42.220001220703125,41.25,41.56999969482422,28.95110511779785,164000,0.0,False
2010-05-17,41.650001525878906,41.84000015258789,40.709999084472656,41.650001525878906,29.006818771362305,92700,0.0,False
2010-05-18,41.970001220703125,42.11000061035156,40.75,40.95000076293945,28.51930809020996,140300,0.0,False
2010-05-19,40.619998931884766,41.0,40.119998931884766,40.68000030517578,28.33127212524414,144800,0.0,False
2010-05-20,39.849998474121094,39.849998474121094,39.0,39.13999938964844,27.25874900817871,330600,0.0,False
2010-05-21,38.779998779296875,40.0099983215332,38.5,40.0,27.85769271850586,394800,0.0,False
2010-05-24,39.84000015258789,39.95000076293945,39.31999969482422,39.38999938964844,27.432859420776367,97200,0.0,False
2010-05-25,38.470001220703125,39.220001220703125,37.93000030517578,39.119998931884766,27.244821548461914,292700,0.0,False
2010-05-26,39.439998626708984,39.779998779296875,38.83000183105469,38.880001068115234,27.077688217163086,69500,0.0,False
2010-05-27,39.9900016784668,40.70000076293945,39.79999923706055,40.70000076293945,28.345205307006836,66400,0.0,False
2010-05-28,40.540000915527344,40.61000061035156,39.79999923706055,39.939998626708984,27.815900802612305,62400,0.0,False
2010-06-01,39.59000015258789,40.369998931884766,39.45000076293945,39.45000076293945,27.474645614624023,136900,0.0,False
2010-06-02,39.61000061035156,40.560001373291016,39.560001373291016,40.560001373291016,28.247711181640625,27700,0.0,False
2010-06-03,40.61000061035156,40.79999923706055,40.16999816894531,40.599998474121094,28.275564193725586,71500,0.0,False
2010-06-04,39.529998779296875,39.869998931884766,38.900001525878906,39.06999969482422,27.21000099182129,125200,0.0,False
2010-06-07,39.279998779296875,39.400001525878906,38.560001373291016,38.59000015258789,26.875707626342773,67400,0.0,False
2010-06-08,38.59000015258789,39.16999816894531,38.439998626708984,39.13999938964844,27.25874900817871,89800,0.0,False
2010-06-09,39.459999084472656,39.779998779296875,38.84000015258789,39.040000915527344,27.18911361694336,137800,0.0,False
2010-06-10,39.93000030517578,40.349998474121094,39.65999984741211,40.279998779296875,28.05270004272461,69000,0.0,False
2010-06-11,39.93000030517578,40.45000076293945,39.849998474121094,40.45000076293945,28.171091079711914,33800,0.0,False
2010-06-14,40.810001373291016,41.06999969482422,40.43000030517578,40.43000030517578,28.157155990600586,226400,0.0,False
2010-06-15,40.93000030517578,41.650001525878906,40.88999938964844,41.650001525878906,29.006818771362305,61100,0.0,False
2010-06-16,41.2599983215332,41.66999816894531,41.189998626708984,41.540000915527344,28.930212020874023,41400,0.0,False
2010-06-17,41.709999084472656,41.709999084472656,41.220001220703125,41.560001373291016,28.94414710998535,34400,0.0,False
2010-06-18,41.65999984741211,41.72999954223633,41.47999954223633,41.61000061035156,28.978967666625977,46200,0.0,False
2010-06-21,42.20000076293945,42.34000015258789,41.5099983215332,41.70000076293945,29.04164695739746,63000,0.0,False
2010-06-22,41.68000030517578,41.880001068115234,41.0,41.029998779296875,28.575023651123047,74000,0.0,False
2010-06-23,41.209999084472656,41.369998931884766,40.79999923706055,41.09000015258789,28.616809844970703,39000,0.0,False
2010-06-24,40.869998931884766,40.869998931884766,40.29999923706055,40.36000061035156,28.10840606689453,77200,0.0,False
2010-06-25,40.5099983215332,40.79999923706055,40.18000030517578,40.630001068115234,28.29645538330078,36300,0.0,False
2010-06-28,40.619998931884766,40.779998779296875,40.38999938964844,40.43000030517578,28.157155990600586,49200,0.0,False
2010-06-29,39.779998779296875,39.779998779296875,38.900001525878906,39.11000061035156,27.237857818603516,179400,0.0,False
2010-06-30,39.099998474121094,39.43000030517578,38.75,38.81999969482422,27.035892486572266,41200,0.0,False
2010-07-01,39.0099983215332,39.11000061035156,38.310001373291016,38.93000030517578,27.112510681152344,92900,0.0,False
2010-07-02,39.150001525878906,39.209999084472656,38.599998474121094,38.880001068115234,27.077688217163086,75400,0.0,False
2010-07-06,39.709999084472656,39.97999954223633,39.060001373291016,39.380001068115234,27.425899505615234,149500,0.0,False
2010-07-07,39.540000915527344,40.56999969482422,39.5099983215332,40.54999923706055,28.240739822387695,54700,0.0,False
2010-07-08,40.81999969482422,40.93000030517578,40.41999816894531,40.88999938964844,28.477523803710938,107900,0.0,False
2010-07-09,40.81999969482422,41.16999816894531,40.77000045776367,41.16999816894531,28.672531127929688,46000,0.0,False
2010-07-12,40.93000030517578,41.150001525878906,40.75,40.9900016784668,28.547170639038086,54400,0.0,False
2010-07-13,41.54999923706055,41.7599983215332,41.45000076293945,41.65999984741211,29.013776779174805,93000,0.0,False
2010-07-14,41.630001068115234,41.81999969482422,41.400001525878906,41.66999816894531,29.020740509033203,55700,0.0,False
2010-07-15,41.720001220703125,41.83000183105469,41.20000076293945,41.72999954223633,29.062528610229492,98900,0.0,False
2010-07-16,41.41999816894531,41.41999816894531,40.470001220703125,40.5099983215332,28.212867736816406,66800,0.0,False
2010-07-19,40.91999816894531,40.970001220703125,40.5,40.779998779296875,28.400920867919922,212800,0.0,False
2010-07-20,40.2599983215332,41.27000045776367,40.20000076293945,41.2599983215332,28.735214233398438,33100,0.0,False
2010-07-21,41.41999816894531,41.41999816894531,40.5099983215332,40.66999816894531,28.32430648803711,51600,0.0,False
2010-07-22,41.31999969482422,41.959999084472656,41.31999969482422,41.790000915527344,29.10431671142578,59500,0.0,False
2010-07-23,41.709999084472656,42.20000076293945,41.58000183105469,42.15999984741211,29.362003326416016,56800,0.0,False
2010-07-26,42.060001373291016,42.47999954223633,42.0099983215332,42.47999954223633,29.58487892150879,142200,0.0,False
2010-07-27,42.810001373291016,42.810001373291016,42.310001373291016,42.5099983215332,29.605762481689453,106900,0.0,False
2010-07-28,42.470001220703125,42.540000915527344,42.16999816894531,42.31999969482422,29.47344970703125,53900,0.0,False
2010-07-29,42.689998626708984,42.88999938964844,42.0,42.310001373291016,29.46648597717285,37700,0.0,False
2010-07-30,41.900001525878906,42.47999954223633,41.880001068115234,42.38999938964844,29.522188186645508,38000,0.0,False
2010-08-02,43.18000030517578,43.58000183105469,43.0099983215332,43.54999923706055,30.330060958862305,119200,0.0,False
2010-08-03,43.36000061035156,43.47999954223633,43.09000015258789,43.33000183105469,30.176843643188477,64100,0.0,False
2010-08-04,43.43000030517578,43.58000183105469,43.2400016784668,43.529998779296875,30.31613540649414,23800,0.0,False
2010-08-05,43.2400016784668,43.5,43.209999084472656,43.5,30.29524040222168,65700,0.0,False
2010-08-06,43.15999984741211,43.459999084472656,42.88999938964844,43.38999938964844,30.218643188476562,111400,0.0,False
2010-08-09,43.52000045776367,43.68000030517578,43.369998931884766,43.56999969482422,30.343990325927734,48200,0.0,False
2010-08-10,43.06999969482422,43.43000030517578,42.83000183105469,43.27000045776367,30.135061264038086,62900,0.0,False
2010-08-11,42.310001373291016,42.310001373291016,41.65999984741211,41.72999954223633,29.062528610229492,43400,0.0,False
2010-08-12,41.310001373291016,41.720001220703125,41.220001220703125,41.59000015258789,28.96504020690918,71800,0.0,False
2010-08-13,41.58000183105469,41.779998779296875,41.459999084472656,41.459999084472656,28.8745059967041,44800,0.0,False
2010-08-16,41.459999084472656,41.77000045776367,41.25,41.630001068115234,28.992897033691406,119200,0.0,False
2010-08-17,42.13999938964844,42.45000076293945,41.959999084472656,42.220001220703125,29.4038028717041,54600,0.0,False
2010-08-18,42.220001220703125,42.439998626708984,41.959999084472656,42.279998779296875,29.445575714111328,45600,0.0,False
2010-08-19,42.15999984741211,42.2400016784668,41.400001525878906,41.630001068115234,28.992897033691406,31200,0.0,False
2010-08-20,41.41999816894531,41.41999816894531,41.04999923706055,41.369998931884766,28.81182289123535,29000,0.0,False
2010-08-23,41.459999084472656,41.66999816894531,41.189998626708984,41.20000076293945,28.693435668945312,26100,0.0,False
2010-08-24,40.7400016784668,40.810001373291016,40.33000183105469,40.560001373291016,28.247711181640625,157200,0.0,False
2010-08-25,40.38999938964844,40.709999084472656,40.08000183105469,40.630001068115234,28.29645538330078,112800,0.0,False
2010-08-26,40.75,40.93000030517578,40.33000183105469,40.45000076293945,28.171091079711914,44500,0.0,False
2010-08-27,40.880001068115234,41.279998779296875,40.29999923706055,41.2599983215332,28.735214233398438,63500,0.0,False
2010-08-30,41.0,41.16999816894531,40.650001525878906,40.650001525878906,28.310380935668945,39700,0.0,False
2010-08-31,40.599998474121094,40.939998626708984,40.470001220703125,40.70000076293945,28.345205307006836,89100,0.0,False
2010-09-01,41.540000915527344,42.04999923706055,41.45000076293945,42.0099983215332,29.25754165649414,119100,0.0,False
2010-09-02,41.970001220703125,42.279998779296875,41.970001220703125,42.279998779296875,29.445575714111328,30000,0.0,False
2010-09-03,42.59000015258789,42.810001373291016,42.439998626708984,42.7599983215332,29.779869079589844,67400,0.0,False
2010-09-07,42.540000915527344,42.599998474121094,42.2400016784668,42.27000045776367,29.438617706298828,40600,0.0,False
2010-09-08,42.439998626708984,42.790000915527344,42.439998626708984,42.599998474121094,29.668432235717773,48700,0.0,False
2010-09-09,43.04999923706055,43.150001525878906,42.7599983215332,42.880001068115234,29.863439559936523,46400,0.0,False
2010-09-10,42.880001068115234,43.11000061035156,42.84000015258789,43.060001373291016,29.98880958557129,76600,0.0,False
2010-09-13,43.540000915527344,43.75,43.529998779296875,43.72999954223633,30.455421447753906,68300,0.0,False
2010-09-14,43.560001373291016,44.029998779296875,43.5099983215332,43.86000061035156,30.545957565307617,69000,0.0,False
2010-09-15,43.61000061035156,43.93000030517578,43.45000076293945,43.900001525878906,30.573820114135742,46000,0.0,False
2010-09-16,43.68000030517578,43.79999923706055,43.59000015258789,43.790000915527344,30.497209548950195,176000,0.0,False
2010-09-17,43.88999938964844,43.90999984741211,43.529998779296875,43.66999816894531,30.41363525390625,61300,0.0,False
2010-09-20,43.810001373291016,44.41999816894531,43.7400016784668,44.34000015258789,30.88026237487793,106100,0.0,False
2010-09-21,44.369998931884766,44.59000015258789,44.08000183105469,44.310001373291016,30.859355926513672,121900,0.0,False
2010-09-22,44.31999969482422,44.56999969482422,44.06999969482422,44.2599983215332,30.824546813964844,80300,0.0,False
2010-09-23,43.77000045776367,44.189998626708984,43.68000030517578,43.79999923706055,30.504196166992188,41000,0.0,False
2010-09-24,44.33000183105469,44.84000015258789,44.119998931884766,44.84000015258789,31.22846794128418,134600,0.0,False
2010-09-27,44.83000183105469,44.88999938964844,44.63999938964844,44.66999816894531,31.110078811645508,188700,0.0,False
2010-09-28,44.7400016784668,45.0,44.34000015258789,44.95000076293945,31.305082321166992,64500,0.0,False
2010-09-29,44.7599983215332,45.06999969482422,44.709999084472656,44.90999984741211,31.27723503112793,61000,0.0,False
2010-09-30,45.16999816894531,45.33000183105469,44.5,44.790000915527344,31.19365119934082,130100,0.0,False
2010-10-01,45.189998626708984,45.2400016784668,44.90999984741211,45.15999984741211,31.45132827758789,114400,0.0,False
2010-10-04,44.95000076293945,45.11000061035156,44.52000045776367,44.75,31.165786743164062,81700,0.0,False
2010-10-05,45.209999084472656,45.900001525878906,45.209999084472656,45.79999923706055,31.897064208984375,60900,0.0,False
2010-10-06,45.880001068115234,45.9900016784668,45.720001220703125,45.900001525878906,31.966699600219727,72600,0.0,False
2010-10-07,46.15999984741211,46.15999984741211,45.52000045776367,45.790000915527344,31.89009666442871,42500,0.0,False
2010-10-08,45.790000915527344,46.189998626708984,45.70000076293945,46.060001373291016,32.07813262939453,82600,0.0,False
2010-10-11,46.18000030517578,46.189998626708984,45.91999816894531,46.02000045776367,32.050262451171875,182600,0.0,False
2010-10-12,45.79999923706055,46.15999984741211,45.52000045776367,46.08000183105469,32.092063903808594,86700,0.0,False
2010-10-13,46.369998931884766,46.79999923706055,46.31999969482422,46.58000183105469,32.44028854370117,82600,0.0,False
2010-10-14,46.7400016784668,46.75,46.310001373291016,46.599998474121094,32.454200744628906,89600,0.0,False
2010-10-15,46.77000045776367,46.77000045776367,46.25,46.560001373291016,32.426361083984375,46600,0.0,False
2010-10-18,46.4900016784668,46.810001373291016,46.369998931884766,46.66999816894531,32.502952575683594,91000,0.0,False
2010-10-19,45.95000076293945,46.15999984741211,45.470001220703125,45.68000030517578,31.81348991394043,179700,0.0,False
2010-10-20,45.9900016784668,46.56999969482422,45.970001220703125,46.439998626708984,32.34276580810547,35400,0.0,False
2010-10-21,46.61000061035156,46.790000915527344,46.04999923706055,46.380001068115234,32.300994873046875,48700,0.0,False
2010-10-22,46.56999969482422,46.56999969482422,46.34000015258789,46.47999954223633,32.37064743041992,76400,0.0,False
2010-10-25,46.84000015258789,47.029998779296875,46.619998931884766,46.689998626708984,32.516883850097656,111200,0.0,False
2010-10-26,46.31999969482422,46.52000045776367,46.20000076293945,46.5,32.38457107543945,142200,0.0,False
2010-10-27,46.220001220703125,46.220001220703125,45.70000076293945,46.13999938964844,32.13385009765625,98400,0.0,False
2010-10-28,46.4900016784668,46.59000015258789,46.20000076293945,46.439998626708984,32.34276580810547,47200,0.0,False
2010-10-29,46.2599983215332,46.52000045776367,46.25,46.4900016784668,32.37761306762695,111400,0.0,False
2010-11-01,46.54999923706055,46.79999923706055,46.189998626708984,46.459999084472656,32.35670471191406,68300,0.0,False
2010-11-02,47.02000045776367,47.099998474121094,46.880001068115234,47.02000045776367,32.7467155456543,113000,0.0,False
2010-11-03,47.2400016784668,47.27000045776367,46.709999084472656,47.27000045776367,32.92082977294922,91100,0.0,False
2010-11-04,47.869998931884766,48.27000045776367,47.869998931884766,48.27000045776367,33.61727523803711,107900,0.0,False
2010-11-05,48.2599983215332,48.349998474121094,48.040000915527344,48.2599983215332,33.61031723022461,198900,0.0,False
2010-11-08,48.0,48.11000061035156,47.81999969482422,48.099998474121094,33.49888610839844,68900,0.0,False
2010-11-09,48.36000061035156,48.36000061035156,47.5,47.66999816894531,33.199398040771484,102000,0.0,False
2010-11-10,47.79999923706055,47.86000061035156,47.25,47.779998779296875,33.27600860595703,91700,0.0,False
2010-11-11,47.45000076293945,47.56999969482422,47.25,47.56999969482422,33.12975311279297,73300,0.0,False
2010-11-12,47.29999923706055,47.439998626708984,46.689998626708984,46.939998626708984,32.691017150878906,97600,0.0,False
2010-11-15,47.08000183105469,47.27000045776367,46.88999938964844,46.900001525878906,32.66315841674805,86000,0.0,False
2010-11-16,46.5,46.58000183105469,45.68000030517578,45.95000076293945,32.00152587890625,179300,0.0,False
2010-11-17,46.130001068115234,46.27000045776367,45.95000076293945,46.08000183105469,32.092063903808594,57500,0.0,False
2010-11-18,46.84000015258789,47.06999969482422,46.709999084472656,47.02000045776367,32.7467155456543,79400,0.0,False
2010-11-19,46.70000076293945,47.029998779296875,46.529998779296875,47.02000045776367,32.7467155456543,68100,0.0,False
2010-11-22,46.63999938964844,46.90999984741211,46.31999969482422,46.849998474121094,32.62831497192383,104500,0.0,False
2010-11-23,46.09000015258789,46.09000015258789,45.599998474121094,45.7400016784668,31.85526466369629,84200,0.0,False
2010-11-24,46.189998626708984,46.45000076293945,46.16999816894531,46.45000076293945,32.34974670410156,40100,0.0,False
2010-11-26,45.91999816894531,46.08000183105469,45.7599983215332,45.93000030517578,31.98760414123535,32100,0.0,False
2010-11-29,45.540000915527344,45.7599983215332,45.150001525878906,45.68000030517578,31.81348991394043,92700,0.0,False
2010-11-30,45.029998779296875,45.52000045776367,45.029998779296875,45.2599983215332,31.520978927612305,93800,0.0,False
2010-12-01,46.150001525878906,46.5,46.119998931884766,46.41999816894531,32.32884979248047,71600,0.0,False
2010-12-02,46.5099983215332,47.27000045776367,46.5,47.27000045776367,32.92082977294922,209900,0.0,False
2010-12-03,47.15999984741211,47.52000045776367,47.13999938964844,47.5,33.081024169921875,53500,0.0,False
2010-12-06,47.33000183105469,47.459999084472656,47.189998626708984,47.369998931884766,32.990474700927734,78700,0.0,False
2010-12-07,48.0,48.0,47.310001373291016,47.31999969482422,32.955657958984375,167400,0.0,False
2010-12-08,47.43000030517578,47.58000183105469,47.11000061035156,47.400001525878906,33.01137161254883,69200,0.0,False
2010-12-09,47.619998931884766,47.7400016784668,47.29999923706055,47.529998779296875,33.101905822753906,85300,0.0,False
2010-12-10,47.529998779296875,47.79999923706055,47.40999984741211,47.72999954223633,33.24118423461914,232700,0.0,False
2010-12-13,48.220001220703125,48.2599983215332,47.97999954223633,48.040000915527344,33.45708465576172,155500,0.0,False
2010-12-14,48.130001068115234,48.29999923706055,47.939998626708984,48.099998474121094,33.49888610839844,169800,0.0,False
2010-12-15,47.810001373291016,48.040000915527344,47.540000915527344,47.63999938964844,33.17851257324219,119300,0.0,False
2010-12-16,47.75,47.91999816894531,47.5,47.90999984741211,33.36654281616211,136300,0.0,False
2010-12-17,47.790000915527344,47.81999969482422,47.599998474121094,47.77000045776367,33.26905059814453,59300,0.0,False
2010-12-20,48.02000045776367,48.02000045776367,47.650001525878906,47.83000183105469,33.31083679199219,73900,0.0,False
2010-12-21,48.06999969482422,48.279998779296875,48.06999969482422,48.2400016784668,33.59636688232422,48200,0.0,False
2010-12-22,47.4900016784668,47.4900016784668,47.25,47.45000076293945,33.687252044677734,189900,0.0,False
2010-12-23,47.41999816894531,47.41999816894531,47.2599983215332,47.36000061035156,33.623355865478516,45300,0.0,False
2010-12-27,47.29999923706055,47.38999938964844,47.11000061035156,47.38999938964844,33.64466094970703,62000,0.0,False
2010-12-28,47.63999938964844,47.63999938964844,47.279998779296875,47.36000061035156,33.623355865478516,59000,0.0,False
2010-12-29,47.709999084472656,47.790000915527344,47.560001373291016,47.689998626708984,33.857643127441406,171500,0.0,False
2010-12-30,47.779998779296875,47.849998474121094,47.47999954223633,47.650001525878906,33.82924270629883,81200,0.0,False
2010-12-31,47.619998931884766,47.86000061035156,47.54999923706055,47.79999923706055,33.93572998046875,68100,0.0,False
2011-01-03,48.20000076293945,48.40999984741211,48.11000061035156,48.22999954223633,34.24101638793945,200500,0.0,False
2011-01-04,48.400001525878906,48.43000030517578,47.810001373291016,48.150001525878906,34.18422317504883,123200,0.0,False
2011-01-05,47.81999969482422,48.20000076293945,47.77000045776367,48.16999816894531,34.19842529296875,95600,0.0,False
2011-01-06,48.27000045776367,48.27000045776367,47.70000076293945,47.83000183105469,33.95703125,458000,0.0,False
2011-01-07,47.939998626708984,47.939998626708984,47.380001068115234,47.66999816894531,33.84343338012695,103600,0.0,False
2011-01-10,47.459999084472656,47.52000045776367,47.150001525878906,47.470001220703125,33.70143508911133,68600,0.0,False
2011-01-11,47.810001373291016,47.939998626708984,47.66999816894531,47.88999938964844,33.999637603759766,61400,0.0,False
2011-01-12,48.25,48.619998931884766,48.20000076293945,48.619998931884766,34.51789855957031,55000,0.0,False
2011-01-13,48.72999954223633,48.79999923706055,48.470001220703125,48.59000015258789,34.4965934753418,65600,0.0,False
2011-01-14,48.5,48.880001068115234,48.45000076293945,48.880001068115234,34.70248794555664,115300,0.0,False
2011-01-18,48.9900016784668,49.06999969482422,48.900001525878906,49.029998779296875,34.80897903442383,155100,0.0,False
2011-01-19,49.13999938964844,49.13999938964844,48.5099983215332,48.599998474121094,34.50369644165039,66900,0.0,False
2011-01-20,48.369998931884766,48.40999984741211,47.959999084472656,48.34000015258789,34.319114685058594,74300,0.0,False
2011-01-21,48.790000915527344,48.790000915527344,48.369998931884766,48.459999084472656,34.40430450439453,60200,0.0,False
2011-01-24,48.470001220703125,48.790000915527344,48.36000061035156,48.779998779296875,34.6314811706543,122400,0.0,False
2011-01-25,48.63999938964844,48.65999984741211,48.29999923706055,48.63999938964844,34.53208541870117,187200,0.0,False
2011-01-26,48.900001525878906,49.060001373291016,48.790000915527344,48.939998626708984,34.745079040527344,86000,0.0,False
2011-01-27,49.02000045776367,49.150001525878906,48.869998931884766,49.09000015258789,34.85158157348633,194000,0.0,False
2011-01-28,49.0,49.040000915527344,47.970001220703125,48.02000045776367,34.091915130615234,104000,0.0,False
2011-01-31,48.2400016784668,48.560001373291016,48.220001220703125,48.470001220703125,34.41140365600586,150300,0.0,False
2011-02-01,48.88999938964844,49.459999084472656,48.849998474121094,49.40999984741211,35.07876205444336,69800,0.0,False
2011-02-02,49.290000915527344,49.45000076293945,49.2400016784668,49.29999923706055,35.00065231323242,51100,0.0,False
2011-02-03,49.220001220703125,49.369998931884766,48.86000061035156,49.36000061035156,35.04326248168945,78600,0.0,False
2011-02-04,49.349998474121094,49.41999816894531,49.04999923706055,49.41999816894531,35.085853576660156,52200,0.0,False
2011-02-07,49.41999816894531,49.720001220703125,49.40999984741211,49.54999923706055,35.178157806396484,76600,0.0,False
2011-02-08,49.63999938964844,49.79999923706055,49.45000076293945,49.79999923706055,35.35563278198242,43900,0.0,False
2011-02-09,49.59000015258789,49.66999816894531,49.369998931884766,49.47999954223633,35.128448486328125,73500,0.0,False
2011-02-10,49.0099983215332,49.36000061035156,48.869998931884766,49.209999084472656,34.936767578125,69100,0.0,False
2011-02-11,49.0099983215332,49.58000183105469,49.0,49.5,35.14266586303711,45600,0.0,False
2011-02-14,49.4900016784668,49.650001525878906,49.400001525878906,49.619998931884766,35.22785568237305,46500,0.0,False
2011-02-15,49.58000183105469,49.61000061035156,49.40999984741211,49.5099983215332,35.14976119995117,54500,0.0,False
2011-02-16,49.66999816894531,49.939998626708984,49.630001068115234,49.880001068115234,35.41242980957031,85400,0.0,False
2011-02-17,49.869998931884766,50.22999954223633,49.83000183105469,50.15999984741211,35.611228942871094,80500,0.0,False
2011-02-18,50.22999954223633,50.36000061035156,50.09000015258789,50.31999969482422,35.72481155395508,96500,0.0,False
2011-02-22,49.720001220703125,49.79999923706055,48.91999816894531,49.040000915527344,34.81609344482422,215500,0.0,False
2011-02-23,49.189998626708984,49.2599983215332,48.54999923706055,48.900001525878906,34.71670150756836,78800,0.0,False
2011-02-24,49.0,49.15999984741211,48.560001373291016,48.970001220703125,34.76639175415039,65900,0.0,False
2011-02-25,49.310001373291016,49.54999923706055,49.2599983215332,49.4900016784668,35.13555145263672,60100,0.0,False
2011-02-28,49.939998626708984,50.04999923706055,49.66999816894531,49.88999938964844,35.419525146484375,85500,0.0,False
2011-03-01,50.11000061035156,50.130001068115234,49.220001220703125,49.220001220703125,34.943870544433594,90600,0.0,False
2011-03-02,49.25,49.65999984741211,49.25,49.4900016784668,35.13555145263672,60500,0.0,False
2011-03-03,49.91999816894531,50.27000045776367,49.81999969482422,50.2400016784668,35.668025970458984,99200,0.0,False
2011-03-04,50.22999954223633,50.22999954223633,49.5099983215332,49.86000061035156,35.39823913574219,139800,0.0,False
2011-03-07,50.0,50.130001068115234,49.279998779296875,49.5099983215332,35.14976119995117,65100,0.0,False
2011-03-08,49.52000045776367,49.88999938964844,49.20000076293945,49.779998779296875,35.34143829345703,39100,0.0,False
2011-03-09,49.7599983215332,49.81999969482422,49.5,49.70000076293945,35.284637451171875,41000,0.0,False
2011-03-10,49.060001373291016,49.060001373291016,48.5,48.56999969482422,34.48240280151367,140600,0.0,False
2011-03-11,48.310001373291016,48.849998474121094,48.310001373291016,48.75,34.61018753051758,101600,0.0,False
2011-03-14,48.150001525878906,48.33000183105469,47.849998474121094,48.33000183105469,34.312015533447266,101800,0.0,False
2011-03-15,46.560001373291016,47.650001525878906,46.279998779296875,47.45000076293945,33.687252044677734,309900,0.0,False
2011-03-16,47.38999938964844,47.41999816894531,45.959999084472656,46.349998474121094,32.90630340576172,269500,0.0,False
2011-03-17,47.34000015258789,47.560001373291016,47.13999938964844,47.380001068115234,33.63755798339844,165900,0.0,False
2011-03-18,48.13999938964844,48.349998474121094,47.68000030517578,47.7599983215332,33.90734100341797,131800,0.0,False
2011-03-21,48.650001525878906,48.83000183105469,48.45000076293945,48.709999084472656,34.58179473876953,164000,0.0,False
2011-03-22,48.88999938964844,48.88999938964844,48.5,48.61000061035156,34.51079177856445,96700,0.0,False
2011-03-23,48.4900016784668,48.83000183105469,48.220001220703125,48.68000030517578,34.56049728393555,84700,0.0,False
2011-03-24,49.0,49.47999954223633,48.79999923706055,49.310001373291016,35.00777816772461,127300,0.0,False
2011-03-25,49.20000076293945,49.47999954223633,49.08000183105469,49.220001220703125,34.943870544433594,86800,0.0,False
2011-03-28,49.220001220703125,49.45000076293945,49.029998779296875,49.08000183105469,34.844482421875,82700,0.0,False
2011-03-29,49.04999923706055,49.43000030517578,48.84000015258789,49.43000030517578,35.09296417236328,108500,0.0,False
2011-03-30,49.599998474121094,50.0,49.599998474121094,49.91999816894531,35.44083023071289,67900,0.0,False
2011-03-31,49.810001373291016,50.02000045776367,49.720001220703125,49.86000061035156,35.39823913574219,71500,0.0,False
2011-04-01,50.130001068115234,50.43000030517578,49.939998626708984,50.27000045776367,35.68931198120117,86700,0.0,False
2011-04-04,50.33000183105469,50.4900016784668,50.220001220703125,50.349998474121094,35.74611282348633,78900,0.0,False
2011-04-05,50.189998626708984,50.459999084472656,50.119998931884766,50.349998474121094,35.74611282348633,48800,0.0,False
2011-04-06,50.68000030517578,50.689998626708984,50.41999816894531,50.599998474121094,35.923606872558594,65700,0.0,False
2011-04-07,50.5,50.650001525878906,50.18000030517578,50.43000030517578,35.802913665771484,49100,0.0,False
2011-04-08,50.91999816894531,50.91999816894531,50.36000061035156,50.47999954223633,35.83841323852539,161800,0.0,False
2011-04-11,50.61000061035156,50.70000076293945,50.18000030517578,50.33000183105469,35.73191452026367,70100,0.0,False
2011-04-12,50.13999938964844,50.13999938964844,49.61000061035156,49.81999969482422,35.36984634399414,66800,0.0,False
2011-04-13,50.31999969482422,50.31999969482422,49.720001220703125,49.900001525878906,35.4266357421875,108000,0.0,False
2011-04-14,49.75,50.119998931884766,49.59000015258789,50.06999969482422,35.5473518371582,29100,0.0,False
2011-04-15,49.9900016784668,50.189998626708984,49.84000015258789,50.09000015258789,35.5615348815918,31400,0.0,False
2011-04-18,49.34000015258789,49.58000183105469,48.75,49.220001220703125,34.943870544433594,119100,0.0,False
2011-04-19,49.4900016784668,49.66999816894531,49.349998474121094,49.65999984741211,35.25624084472656,89800,0.0,False
2011-04-20,50.45000076293945,50.7400016784668,50.33000183105469,50.61000061035156,35.93070983886719,66500,0.0,False
2011-04-21,51.08000183105469,51.08000183105469,50.75,50.959999084472656,36.179195404052734,102500,0.0,False
2011-04-25,51.08000183105469,51.08000183105469,50.65999984741211,50.90999984741211,36.14369583129883,60000,0.0,False
2011-04-26,51.060001373291016,51.34000015258789,50.91999816894531,51.2599983215332,36.39216232299805,67500,0.0,False
2011-04-27,51.439998626708984,51.7400016784668,51.060001373291016,51.689998626708984,36.697444915771484,65200,0.0,False
2011-04-28,51.5099983215332,51.849998474121094,51.5099983215332,51.810001373291016,36.78264236450195,100800,0.0,False
2011-04-29,51.900001525878906,52.130001068115234,51.79999923706055,52.029998779296875,36.93883514404297,164000,0.0,False
2011-05-02,52.25,52.349998474121094,51.81999969482422,51.880001068115234,36.83234405517578,131000,0.0,False
2011-05-03,51.65999984741211,51.7400016784668,51.15999984741211,51.4900016784668,36.55546569824219,84000,0.0,False
2011-05-04,51.47999954223633,51.47999954223633,50.72999954223633,50.9900016784668,36.20047378540039,59000,0.0,False
2011-05-05,50.709999084472656,50.84000015258789,50.02000045776367,50.27000045776367,35.68931198120117,142000,0.0,False
2011-05-06,50.880001068115234,51.130001068115234,50.279998779296875,50.5,35.85261154174805,87100,0.0,False
2011-05-09,50.560001373291016,50.86000061035156,50.33000183105469,50.77000045776367,36.04429244995117,60000,0.0,False
2011-05-10,51.0099983215332,51.36000061035156,50.93000030517578,51.31999969482422,36.43478012084961,84300,0.0,False
2011-05-11,51.040000915527344,51.040000915527344,50.09000015258789,50.41999816894531,35.7957878112793,79100,0.0,False
2011-05-12,50.29999923706055,50.65999984741211,49.939998626708984,50.459999084472656,35.82421112060547,163000,0.0,False
2011-05-13,50.540000915527344,50.540000915527344,49.619998931884766,49.869998931884766,35.405338287353516,83400,0.0,False
2011-05-16,49.88999938964844,50.25,49.650001525878906,49.70000076293945,35.284637451171875,93900,0.0,False
2011-05-17,49.560001373291016,49.86000061035156,49.29999923706055,49.849998474121094,35.39113235473633,63300,0.0,False
2011-05-18,49.790000915527344,50.279998779296875,49.70000076293945,50.279998779296875,35.69641876220703,35900,0.0,False
2011-05-19,50.349998474121094,50.45000076293945,50.060001373291016,50.38999938964844,35.77452087402344,35200,0.0,False
2011-05-20,50.27000045776367,50.27000045776367,49.709999084472656,49.86000061035156,35.39823913574219,24000,0.0,False
2011-05-23,49.08000183105469,49.150001525878906,48.779998779296875,49.0,34.78767013549805,109100,0.0,False
2011-05-24,49.349998474121094,49.439998626708984,49.04999923706055,49.15999984741211,34.90127182006836,60300,0.0,False
2011-05-25,49.029998779296875,49.61000061035156,49.0,49.439998626708984,35.10006332397461,28500,0.0,False
2011-05-26,49.54999923706055,49.900001525878906,49.31999969482422,49.79999923706055,35.35563278198242,67700,0.0,False
2011-05-27,50.06999969482422,50.2400016784668,49.939998626708984,50.130001068115234,35.58993148803711,60700,0.0,False
2011-05-31,50.86000061035156,50.869998931884766,50.470001220703125,50.849998474121094,36.10109329223633,63200,0.0,False
2011-06-01,50.72999954223633,50.7599983215332,49.709999084472656,49.779998779296875,35.34143829345703,62900,0.0,False
2011-06-02,49.970001220703125,50.060001373291016,49.529998779296875,49.84000015258789,35.38404083251953,161500,0.0,False
2011-06-03,49.349998474121094,49.939998626708984,49.290000915527344,49.68000030517578,35.270450592041016,46300,0.0,False
2011-06-06,49.5,49.540000915527344,49.0,49.0,34.78767013549805,52600,0.0,False
2011-06-07,49.5099983215332,49.65999984741211,49.220001220703125,49.220001220703125,34.943870544433594,33300,0.0,False
2011-06-08,49.029998779296875,49.18000030517578,48.7599983215332,48.91999816894531,34.73087692260742,144500,0.0,False
2011-06-09,48.959999084472656,49.439998626708984,48.81999969482422,49.31999969482422,35.01485824584961,29000,0.0,False
2011-06-10,48.95000076293945,48.95000076293945,48.119998931884766,48.33000183105469,34.312015533447266,73000,0.0,False
2011-06-13,48.59000015258789,48.65999984741211,48.150001525878906,48.43000030517578,34.38298797607422,118300,0.0,False
2011-06-14,49.029998779296875,49.22999954223633,48.880001068115234,49.16999816894531,34.90837478637695,199000,0.0,False
2011-06-15,48.529998779296875,48.619998931884766,47.84000015258789,47.939998626708984,34.03512954711914,94200,0.0,False
2011-06-16,47.810001373291016,48.040000915527344,47.38999938964844,47.77000045776367,33.91444396972656,190800,0.0,False
2011-06-17,48.13999938964844,48.41999816894531,47.90999984741211,48.06999969482422,34.12742614746094,50400,0.0,False
2011-06-20,47.88999938964844,48.220001220703125,47.84000015258789,48.11000061035156,34.15582275390625,213800,0.0,False
2011-06-21,48.400001525878906,49.099998474121094,48.400001525878906,48.97999954223633,34.773460388183594,74400,0.0,False
2011-06-22,48.779998779296875,49.02000045776367,48.630001068115234,48.650001525878906,34.53920364379883,161000,0.0,False
2011-06-23,47.91999816894531,48.38999938964844,47.52000045776367,48.38999938964844,34.354610443115234,68600,0.0,False
2011-06-24,48.43000030517578,48.43000030517578,47.83000183105469,47.900001525878906,34.00673294067383,30300,0.0,False
2011-06-27,47.90999984741211,48.45000076293945,47.79999923706055,48.290000915527344,34.28361892700195,85400,0.0,False
2011-06-28,48.400001525878906,48.970001220703125,48.400001525878906,48.95000076293945,34.7521858215332,34500,0.0,False
2011-06-29,49.290000915527344,49.630001068115234,49.099998474121094,49.58000183105469,35.199459075927734,314100,0.0,False
2011-06-30,49.81999969482422,50.2599983215332,49.72999954223633,50.16999816894531,35.61832809448242,64600,0.0,False
2011-07-01,50.150001525878906,50.849998474121094,49.970001220703125,50.7400016784668,36.02299499511719,89200,0.0,False
2011-07-05,50.68000030517578,50.7400016784668,50.5099983215332,50.630001068115234,35.94489669799805,53600,0.0,False
2011-07-06,50.439998626708984,50.59000015258789,50.16999816894531,50.4900016784668,35.84550094604492,126700,0.0,False
2011-07-07,50.7599983215332,51.02000045776367,50.720001220703125,50.970001220703125,36.18628692626953,533700,0.0,False
2011-07-08,50.439998626708984,50.47999954223633,50.09000015258789,50.470001220703125,35.8313102722168,70800,0.0,False
2011-07-11,49.66999816894531,49.720001220703125,49.08000183105469,49.290000915527344,34.993568420410156,115000,0.0,False
2011-07-12,49.0,49.439998626708984,48.900001525878906,48.91999816894531,34.73087692260742,63900,0.0,False
2011-07-13,49.380001068115234,49.91999816894531,49.279998779296875,49.40999984741211,35.07876205444336,50100,0.0,False
2011-07-14,49.709999084472656,49.79999923706055,48.9900016784668,49.040000915527344,34.81609344482422,59800,0.0,False
2011-07-15,49.41999816894531,49.45000076293945,49.0099983215332,49.34000015258789,35.02907180786133,40400,0.0,False
2011-07-18,48.970001220703125,49.0,48.349998474121094,48.720001220703125,34.588897705078125,48200,0.0,False
2011-07-19,49.18000030517578,49.58000183105469,49.18000030517578,49.529998779296875,35.1639518737793,114600,0.0,False
2011-07-20,49.83000183105469,49.939998626708984,49.619998931884766,49.84000015258789,35.38404083251953,41000,0.0,False
2011-07-21,50.060001373291016,50.709999084472656,50.029998779296875,50.650001525878906,35.959102630615234,97900,0.0,False
2011-07-22,50.5,50.689998626708984,50.34000015258789,50.65999984741211,35.9661979675293,87800,0.0,False
2011-07-25,50.15999984741211,50.52000045776367,50.099998474121094,50.27000045776367,35.68931198120117,107700,0.0,False
2011-07-26,50.369998931884766,50.56999969482422,50.22999954223633,50.349998474121094,35.74611282348633,68300,0.0,False
2011-07-27,50.18000030517578,50.18000030517578,49.13999938964844,49.2599983215332,34.972286224365234,142400,0.0,False
2011-07-28,49.279998779296875,49.68000030517578,49.09000015258789,49.18000030517578,34.915470123291016,105000,0.0,False
2011-07-29,48.959999084472656,49.52000045776367,48.709999084472656,49.09000015258789,34.85158157348633,175500,0.0,False
2011-08-01,49.869998931884766,49.869998931884766,48.36000061035156,48.720001220703125,34.588897705078125,227600,0.0,False
2011-08-02,48.369998931884766,48.54999923706055,47.5,47.5,33.722747802734375,132900,0.0,False
2011-08-03,47.63999938964844,47.72999954223633,46.77000045776367,47.689998626708984,33.857643127441406,187900,0.0,False
2011-08-04,46.709999084472656,46.709999084472656,44.810001373291016,44.869998931884766,31.855588912963867,728500,0.0,False
2011-08-05,45.45000076293945,45.869998931884766,43.72999954223633,45.060001373291016,31.990468978881836,282000,0.0,False
2011-08-08,43.52000045776367,44.029998779296875,41.70000076293945,41.7400016784668,29.633426666259766,812400,0.0,False
2011-08-09,42.900001525878906,44.2599983215332,41.689998626708984,44.09000015258789,31.30181312561035,424600,0.0,False
2011-08-10,43.2400016784668,43.33000183105469,41.91999816894531,41.939998626708984,29.775413513183594,225800,0.0,False
2011-08-11,42.33000183105469,44.45000076293945,42.22999954223633,43.970001220703125,31.216611862182617,118200,0.0,False
2011-08-12,44.439998626708984,44.65999984741211,43.970001220703125,44.369998931884766,31.500593185424805,186600,0.0,False
2011-08-15,44.7599983215332,45.45000076293945,44.72999954223633,45.36000061035156,32.20344924926758,108400,0.0,False
2011-08-16,44.77000045776367,45.27000045776367,44.45000076293945,44.88999938964844,31.869779586791992,113200,0.0,False
2011-08-17,45.2400016784668,45.619998931884766,44.779998779296875,45.09000015258789,32.01177215576172,155600,0.0,False
2011-08-18,43.7599983215332,43.7599983215332,42.619998931884766,43.08000183105469,30.584749221801758,516500,0.0,False
2011-08-19,42.5099983215332,43.54999923706055,42.34000015258789,42.43000030517578,30.123289108276367,82200,0.0,False
2011-08-22,43.439998626708984,43.54999923706055,42.43000030517578,42.459999084472656,30.144588470458984,91200,0.0,False
2011-08-23,42.81999969482422,43.93000030517578,42.5099983215332,43.93000030517578,31.188217163085938,118500,0.0,False
2011-08-24,43.619998931884766,44.20000076293945,43.41999816894531,44.130001068115234,31.33020782470703,524500,0.0,False
2011-08-25,44.13999938964844,44.279998779296875,43.09000015258789,43.189998626708984,30.662851333618164,127300,0.0,False
2011-08-26,43.040000915527344,44.040000915527344,42.52000045776367,43.869998931884766,31.145620346069336,80000,0.0,False
2011-08-29,44.459999084472656,45.099998474121094,44.459999084472656,45.060001373291016,31.990468978881836,72200,0.0,False
2011-08-30,44.810001373291016,45.279998779296875,44.45000076293945,45.11000061035156,32.02596664428711,98500,0.0,False
2011-08-31,45.4900016784668,45.900001525878906,45.33000183105469,45.529998779296875,32.32415008544922,87200,0.0,False
2011-09-01,45.599998474121094,45.9900016784668,45.150001525878906,45.209999084472656,32.09697341918945,335700,0.0,False
2011-09-02,44.36000061035156,44.54999923706055,43.959999084472656,44.11000061035156,31.316015243530273,58800,0.0,False
2011-09-06,42.38999938964844,43.38999938964844,42.099998474121094,43.310001373291016,30.7480525970459,136100,0.0,False
2011-09-07,43.97999954223633,44.5099983215332,43.849998474121094,44.5099983215332,31.599990844726562,73000,0.0,False
2011-09-08,44.029998779296875,44.52000045776367,43.75,43.810001373291016,31.103029251098633,76300,0.0,False
2011-09-09,43.2599983215332,43.2599983215332,42.310001373291016,42.540000915527344,30.201385498046875,153600,0.0,False
2011-09-12,41.7400016784668,42.4900016784668,41.52000045776367,42.4900016784668,30.165891647338867,165300,0.0,False
2011-09-13,42.529998779296875,42.97999954223633,42.400001525878906,42.88999938964844,30.449865341186523,75900,0.0,False
2011-09-14,43.0099983215332,43.77000045776367,42.400001525878906,43.369998931884766,30.7906436920166,137100,0.0,False
2011-09-15,43.900001525878906,44.16999816894531,43.54999923706055,44.099998474121094,31.308916091918945,660000,0.0,False
2011-09-16,44.20000076293945,44.349998474121094,43.790000915527344,44.20000076293945,31.37991714477539,534000,0.0,False
2011-09-19,43.09000015258789,43.58000183105469,42.810001373291016,43.349998474121094,30.77644920349121,76100,0.0,False
2011-09-20,43.59000015258789,43.93000030517578,43.20000076293945,43.34000015258789,30.76935386657715,38600,0.0,False
2011-09-21,43.2400016784668,43.349998474121094,42.0099983215332,42.0099983215332,29.825111389160156,227600,0.0,False
2011-09-22,40.7599983215332,40.779998779296875,39.720001220703125,40.2599983215332,28.582691192626953,2043600,0.0,False
2011-09-23,40.099998474121094,40.709999084472656,40.02000045776367,40.630001068115234,28.845375061035156,202500,0.0,False
2011-09-26,40.79999923706055,41.4900016784668,40.20000076293945,41.4900016784668,29.455942153930664,130600,0.0,False
2011-09-27,42.5,42.9900016784668,42.04999923706055,42.290000915527344,30.02389144897461,107800,0.0,False
2011-09-28,42.310001373291016,42.61000061035156,41.369998931884766,41.369998931884766,29.370738983154297,91700,0.0,False
2011-09-29,42.369998931884766,42.5099983215332,41.31999969482422,41.95000076293945,29.782512664794922,286100,0.0,False
2011-09-30,41.220001220703125,41.52000045776367,40.650001525878906,40.650001525878906,28.859577178955078,305700,0.0,False
2011-10-03,40.5,40.88999938964844,39.56999969482422,39.630001068115234,28.13542366027832,461100,0.0,False
2011-10-04,39.08000183105469,40.40999984741211,38.66999816894531,40.40999984741211,28.68918800354004,257000,0.0,False
2011-10-05,40.41999816894531,41.25,40.060001373291016,41.15999984741211,29.221649169921875,179000,0.0,False
2011-10-06,41.15999984741211,42.18000030517578,40.93000030517578,42.15999984741211,29.931610107421875,158000,0.0,False
2011-10-07,42.290000915527344,42.45000076293945,41.61000061035156,41.79999923706055,29.676025390625,79200,0.0,False
2011-10-10,42.630001068115234,43.349998474121094,42.630001068115234,43.349998474121094,30.77644920349121,71800,0.0,False
2011-10-11,42.86000061035156,43.290000915527344,42.810001373291016,43.18000030517578,30.6557559967041,375500,0.0,False
2011-10-12,43.849998474121094,44.45000076293945,43.709999084472656,44.029998779296875,31.259193420410156,907400,0.0,False
2011-10-13,43.619998931884766,43.869998931884766,43.2599983215332,43.790000915527344,31.088830947875977,115300,0.0,False
2011-10-14,44.40999984741211,44.529998779296875,44.0099983215332,44.529998779296875,31.614198684692383,121800,0.0,False
2011-10-17,44.2599983215332,44.2599983215332,43.41999816894531,43.45000076293945,30.847442626953125,89100,0.0,False
2011-10-18,43.349998474121094,44.5099983215332,42.9900016784668,44.29999923706055,31.450895309448242,107400,0.0,False
2011-10-19,44.13999938964844,44.31999969482422,43.52000045776367,43.63999938964844,30.98233413696289,164000,0.0,False
2011-10-20,43.650001525878906,43.77000045776367,42.9900016784668,43.58000183105469,30.939746856689453,74000,0.0,False
2011-10-21,44.099998474121094,44.619998931884766,44.099998474121094,44.619998931884766,31.67807960510254,88500,0.0,False
2011-10-24,44.7599983215332,45.400001525878906,44.720001220703125,45.29999923706055,32.160865783691406,209800,0.0,False
2011-10-25,45.150001525878906,45.150001525878906,44.40999984741211,44.4900016784668,31.585805892944336,98200,0.0,False
2011-10-26,45.099998474121094,45.220001220703125,44.20000076293945,45.119998931884766,32.03305435180664,175400,0.0,False
2011-10-27,46.540000915527344,47.4900016784668,46.369998931884766,47.11000061035156,33.445865631103516,311900,0.0,False
2011-10-28,46.790000915527344,46.9900016784668,46.63999938964844,46.959999084472656,33.33937072753906,136400,0.0,False
2011-10-31,46.09000015258789,46.15999984741211,45.22999954223633,45.22999954223633,32.11116027832031,99800,0.0,False
2011-11-01,43.869998931884766,44.4900016784668,43.529998779296875,43.93000030517578,31.188217163085938,210500,0.0,False
2011-11-02,44.5099983215332,44.88999938964844,44.27000045776367,44.709999084472656,31.741985321044922,129800,0.0,False
2011-11-03,45.29999923706055,45.689998626708984,44.540000915527344,45.619998931884766,32.38804244995117,116400,0.0,False
2011-11-04,45.189998626708984,45.290000915527344,44.779998779296875,45.2400016784668,32.11826705932617,121900,0.0,False
2011-11-07,45.22999954223633,45.529998779296875,44.86000061035156,45.45000076293945,32.26734924316406,51700,0.0,False
2011-11-08,45.540000915527344,46.09000015258789,45.290000915527344,46.0099983215332,32.6649169921875,164300,0.0,False
2011-11-09,44.540000915527344,44.63999938964844,43.79999923706055,43.88999938964844,31.159822463989258,389200,0.0,False
2011-11-10,44.52000045776367,44.59000015258789,43.93000030517578,44.349998474121094,31.486392974853516,51000,0.0,False
2011-11-11,44.970001220703125,45.41999816894531,44.970001220703125,45.33000183105469,32.18216323852539,32600,0.0,False
2011-11-14,45.040000915527344,45.06999969482422,44.439998626708984,44.650001525878906,31.69939422607422,99100,0.0,False
2011-11-15,44.54999923706055,44.97999954223633,44.36000061035156,44.66999816894531,31.713584899902344,66500,0.0,False
2011-11-16,44.2599983215332,44.79999923706055,43.939998626708984,43.9900016784668,31.230819702148438,643200,0.0,False
2011-11-17,43.959999084472656,44.15999984741211,42.970001220703125,43.27000045776367,30.71965217590332,89200,0.0,False
2011-11-18,43.68000030517578,43.68000030517578,43.11000061035156,43.310001373291016,30.7480525970459,50700,0.0,False
2011-11-21,42.540000915527344,42.560001373291016,41.939998626708984,42.31999969482422,30.045198440551758,167000,0.0,False
2011-11-22,42.310001373291016,42.540000915527344,42.0,42.2599983215332,30.002605438232422,126700,0.0,False
2011-11-23,41.70000076293945,41.790000915527344,41.099998474121094,41.150001525878906,29.214542388916016,247100,0.0,False
2011-11-25,41.02000045776367,41.529998779296875,40.75,41.02000045776367,29.12225341796875,107900,0.0,False
2011-11-28,42.560001373291016,42.689998626708984,42.20000076293945,42.560001373291016,30.2155818939209,120200,0.0,False
2011-11-29,42.619998931884766,42.93000030517578,42.439998626708984,42.709999084472656,30.32207489013672,219700,0.0,False
2011-11-30,44.130001068115234,44.7400016784668,44.029998779296875,44.66999816894531,31.713584899902344,238200,0.0,False
2011-12-01,44.540000915527344,44.88999938964844,44.33000183105469,44.470001220703125,31.57158660888672,176900,0.0,False
2011-12-02,44.970001220703125,45.06999969482422,44.43000030517578,44.45000076293945,31.55739402770996,136800,0.0,False
2011-12-05,45.130001068115234,45.33000183105469,44.709999084472656,44.97999954223633,31.93366241455078,182000,0.0,False
2011-12-06,44.880001068115234,45.04999923706055,44.599998474121094,44.869998931884766,31.855588912963867,124300,0.0,False
2011-12-07,44.61000061035156,45.220001220703125,44.36000061035156,45.02000045776367,31.96206283569336,115500,0.0,False
2011-12-08,44.43000030517578,44.58000183105469,43.70000076293945,43.79999923706055,31.095932006835938,234800,0.0,False
2011-12-09,43.97999954223633,44.7400016784668,43.97999954223633,44.619998931884766,31.67807960510254,95800,0.0,False
2011-12-12,43.90999984741211,43.90999984741211,43.25,43.58000183105469,30.939746856689453,122000,0.0,False
2011-12-13,43.880001068115234,44.08000183105469,42.95000076293945,43.119998931884766,30.6131534576416,142500,0.0,False
2011-12-14,42.93000030517578,43.04999923706055,42.400001525878906,42.59000015258789,30.23687744140625,412100,0.0,False
2011-12-15,43.0099983215332,43.119998931884766,42.63999938964844,42.75,30.35047721862793,299100,0.0,False
2011-12-16,43.0,43.2400016784668,42.630001068115234,42.81999969482422,30.40016746520996,500600,0.0,False
2011-12-19,42.90999984741211,42.9900016784668,42.209999084472656,42.29999923706055,30.031007766723633,198400,0.0,False
2011-12-20,43.0,43.7599983215332,42.93000030517578,43.65999984741211,30.996524810791016,436400,0.0,False
2011-12-21,42.54999923706055,42.63999938964844,42.11000061035156,42.540000915527344,30.922388076782227,343700,0.0,False
2011-12-22,42.709999084472656,43.06999969482422,42.65999984741211,43.029998779296875,31.278579711914062,242700,0.0,False
2011-12-23,43.130001068115234,43.380001068115234,43.02000045776367,43.290000915527344,31.467565536499023,283100,0.0,False
2011-12-27,43.18000030517578,43.36000061035156,43.16999816894531,43.22999954223633,31.423954010009766,266900,0.0,False
2011-12-28,43.16999816894531,43.189998626708984,42.5,42.58000183105469,30.95146369934082,406900,0.0,False
2011-12-29,42.56999969482422,43.150001525878906,42.56999969482422,43.08000183105469,31.314903259277344,310000,0.0,False
2011-12-30,42.97999954223633,43.27000045776367,42.97999954223633,43.18000030517578,31.387605667114258,198000,0.0,False
2012-01-03,44.0099983215332,44.2400016784668,43.9900016784668,43.9900016784668,31.976390838623047,233500,0.0,False
2012-01-04,43.779998779296875,44.040000915527344,43.650001525878906,43.9900016784668,31.976390838623047,143000,0.0,False
2012-01-05,43.619998931884766,43.880001068115234,43.34000015258789,43.7599983215332,31.809206008911133,86800,0.0,False
2012-01-06,43.720001220703125,43.720001220703125,43.36000061035156,43.43000030517578,31.569334030151367,57200,0.0,False
2012-01-09,43.61000061035156,43.68000030517578,43.310001373291016,43.58000183105469,31.678380966186523,204400,0.0,False
2012-01-10,44.2400016784668,44.33000183105469,44.150001525878906,44.25,32.16538619995117,130400,0.0,False
2012-01-11,44.0,44.22999954223633,43.88999938964844,44.189998626708984,32.12178039550781,94200,0.0,False
2012-01-12,44.31999969482422,44.38999938964844,44.0,44.33000183105469,32.22354507446289,200100,0.0,False
2012-01-13,43.849998474121094,43.970001220703125,43.529998779296875,43.939998626708984,31.940061569213867,86600,0.0,False
2012-01-17,44.41999816894531,44.599998474121094,44.209999084472656,44.310001373291016,32.20900344848633,233500,0.0,False
2012-01-18,44.400001525878906,44.91999816894531,44.400001525878906,44.900001525878906,32.637874603271484,318600,0.0,False
2012-01-19,45.11000061035156,45.36000061035156,45.0,45.29999923706055,32.928646087646484,220100,0.0,False
2012-01-20,45.27000045776367,45.400001525878906,45.150001525878906,45.400001525878906,33.0013313293457,99500,0.0,False
2012-01-23,45.5099983215332,45.70000076293945,45.29999923706055,45.45000076293945,33.03767776489258,445200,0.0,False
2012-01-24,45.08000183105469,45.34000015258789,44.95000076293945,45.279998779296875,32.914100646972656,227500,0.0,False
2012-01-25,45.25,45.88999938964844,45.02000045776367,45.83000183105469,33.313907623291016,136600,0.0,False
2012-01-26,46.06999969482422,46.209999084472656,45.529998779296875,45.65999984741211,33.19032669067383,186100,0.0,False
2012-01-27,45.56999969482422,45.84000015258789,45.560001373291016,45.720001220703125,33.23393630981445,109300,0.0,False
2012-01-30,45.2599983215332,45.52000045776367,45.040000915527344,45.439998626708984,33.0303840637207,186300,0.0,False
2012-01-31,45.779998779296875,45.83000183105469,45.25,45.540000915527344,33.10308837890625,264600,0.0,False
2012-02-01,46.06999969482422,46.43000030517578,46.0,46.16999816894531,33.56104278564453,269600,0.0,False
2012-02-02,46.33000183105469,46.4900016784668,46.20000076293945,46.349998474121094,33.69187927246094,302100,0.0,False
2012-02-03,46.709999084472656,47.040000915527344,46.65999984741211,47.0,34.164371490478516,144400,0.0,False
2012-02-06,46.709999084472656,46.88999938964844,46.650001525878906,46.880001068115234,34.077144622802734,89100,0.0,False
2012-02-07,46.779998779296875,47.06999969482422,46.58000183105469,47.040000915527344,34.19343185424805,121800,0.0,False
2012-02-08,47.150001525878906,47.29999923706055,46.90999984741211,47.220001220703125,34.32429504394531,129000,0.0,False
2012-02-09,47.2599983215332,47.31999969482422,47.02000045776367,47.279998779296875,34.36790466308594,85100,0.0,False
2012-02-10,46.650001525878906,46.70000076293945,46.470001220703125,46.650001525878906,33.909969329833984,121600,0.0,False
2012-02-13,47.13999938964844,47.189998626708984,46.91999816894531,47.060001373291016,34.20798110961914,162700,0.0,False
2012-02-14,46.939998626708984,46.95000076293945,46.54999923706055,46.869998931884766,34.06987380981445,68300,0.0,False
2012-02-15,47.150001525878906,47.16999816894531,46.7400016784668,46.779998779296875,34.004451751708984,64500,0.0,False
2012-02-16,46.79999923706055,47.41999816894531,46.709999084472656,47.41999816894531,34.46965789794922,72200,0.0,False
2012-02-17,47.58000183105469,47.630001068115234,47.349998474121094,47.54999923706055,34.564170837402344,35400,0.0,False
2012-02-21,47.66999816894531,47.779998779296875,47.45000076293945,47.56999969482422,34.57868576049805,94500,0.0,False
2012-02-22,47.529998779296875,47.529998779296875,47.33000183105469,47.43000030517578,34.47693634033203,96600,0.0,False
2012-02-23,47.439998626708984,47.66999816894531,47.15999984741211,47.599998474121094,34.60050582885742,201600,0.0,False
2012-02-24,47.77000045776367,47.9900016784668,47.7599983215332,47.869998931884766,34.796783447265625,84200,0.0,False
2012-02-27,47.43000030517578,47.90999984741211,47.2599983215332,47.75,34.709556579589844,203700,0.0,False
2012-02-28,47.83000183105469,48.060001373291016,47.720001220703125,48.02000045776367,34.905799865722656,149700,0.0,False
2012-02-29,48.20000076293945,48.31999969482422,47.619998931884766,47.709999084472656,34.68047332763672,370000,0.0,False
2012-03-01,47.88999938964844,48.22999954223633,47.86000061035156,48.16999816894531,35.01484680175781,204000,0.0,False
2012-03-02,47.900001525878906,47.9900016784668,47.65999984741211,47.81999969482422,34.76042938232422,446800,0.0,False
2012-03-05,47.689998626708984,47.689998626708984,47.310001373291016,47.52000045776367,34.542362213134766,951100,0.0,False
2012-03-06,46.689998626708984,46.689998626708984,46.20000076293945,46.349998474121094,33.69187927246094,425100,0.0,False
2012-03-07,46.560001373291016,46.93000030517578,46.4900016784668,46.86000061035156,34.06259536743164,266300,0.0,False
2012-03-08,47.36000061035156,47.7400016784668,47.27000045776367,47.63999938964844,34.62957763671875,179400,0.0,False
2012-03-09,47.599998474121094,47.79999923706055,47.5,47.599998474121094,34.60050582885742,87900,0.0,False
2012-03-12,47.56999969482422,47.66999816894531,47.380001068115234,47.52000045776367,34.542362213134766,142500,0.0,False
2012-03-13,47.720001220703125,48.380001068115234,47.709999084472656,48.36000061035156,35.15294647216797,120100,0.0,False
2012-03-14,48.33000183105469,48.380001068115234,47.9900016784668,48.18000030517578,35.0220947265625,356300,0.0,False
2012-03-15,48.25,48.52000045776367,48.13999938964844,48.470001220703125,35.232913970947266,226600,0.0,False
2012-03-16,48.709999084472656,48.75,48.599998474121094,48.630001068115234,35.34921646118164,95600,0.0,False
2012-03-19,48.58000183105469,48.959999084472656,48.52000045776367,48.77000045776367,35.45097351074219,99100,0.0,False
2012-03-20,48.29999923706055,48.439998626708984,48.099998474121094,48.38999938964844,35.17475128173828,98500,0.0,False
2012-03-21,48.380001068115234,48.400001525878906,48.11000061035156,48.29999923706055,35.109344482421875,96300,0.0,False
2012-03-22,47.779998779296875,47.90999984741211,47.619998931884766,47.72999954223633,34.695003509521484,237700,0.0,False
2012-03-23,47.779998779296875,48.11000061035156,47.61000061035156,48.099998474121094,34.963958740234375,319700,0.0,False
2012-03-26,48.41999816894531,48.83000183105469,48.41999816894531,48.810001373291016,35.480064392089844,190600,0.0,False
2012-03-27,48.810001373291016,48.81999969482422,48.52000045776367,48.52000045776367,35.26926803588867,137000,0.0,False
2012-03-28,48.529998779296875,48.54999923706055,47.91999816894531,48.15999984741211,35.00758743286133,110300,0.0,False
2012-03-29,47.83000183105469,48.08000183105469,47.54999923706055,48.08000183105469,34.949440002441406,357000,0.0,False
2012-03-30,48.38999938964844,48.38999938964844,48.04999923706055,48.27000045776367,35.08754348754883,478900,0.0,False
2012-04-02,48.22999954223633,48.970001220703125,48.119998931884766,48.77000045776367,35.45097351074219,272400,0.0,False
2012-04-03,48.7599983215332,48.7599983215332,48.11000061035156,48.310001373291016,35.116607666015625,67400,0.0,False
2012-04-04,47.7400016784668,47.79999923706055,47.400001525878906,47.56999969482422,34.57868576049805,176800,0.0,False
2012-04-05,47.34000015258789,47.68000030517578,47.34000015258789,47.470001220703125,34.506004333496094,143400,0.0,False
2012-04-09,46.9900016784668,47.22999954223633,46.66999816894531,47.060001373291016,34.20798110961914,563500,0.0,False
2012-04-10,46.959999084472656,47.060001373291016,46.02000045776367,46.119998931884766,33.524688720703125,320300,0.0,False
2012-04-11,46.810001373291016,46.84000015258789,46.59000015258789,46.650001525878906,33.909969329833984,115400,0.0,False
2012-04-12,46.849998474121094,47.5,46.810001373291016,47.459999084472656,34.498741149902344,145800,0.0,False
2012-04-13,47.119998931884766,47.15999984741211,46.68000030517578,46.68000030517578,33.93175506591797,116100,0.0,False
2012-04-16,47.02000045776367,47.06999969482422,46.599998474121094,46.84000015258789,34.04806900024414,64100,0.0,False
2012-04-17,47.130001068115234,47.599998474121094,47.09000015258789,47.560001373291016,34.57144546508789,48800,0.0,False
2012-04-18,47.2599983215332,47.45000076293945,47.18000030517578,47.27000045776367,34.360626220703125,104000,0.0,False
2012-04-19,47.33000183105469,47.47999954223633,46.83000183105469,47.060001373291016,34.20798110961914,126600,0.0,False
2012-04-20,47.38999938964844,47.52000045776367,47.209999084472656,47.209999084472656,34.3170166015625,124000,0.0,False
2012-04-23,46.65999984741211,46.65999984741211,46.2599983215332,46.599998474121094,33.87361145019531,698600,0.0,False
2012-04-24,46.61000061035156,46.95000076293945,46.61000061035156,46.77000045776367,33.9971923828125,63500,0.0,False
2012-04-25,47.279998779296875,47.529998779296875,47.189998626708984,47.400001525878906,34.45512771606445,210500,0.0,False
2012-04-26,47.349998474121094,47.81999969482422,47.27000045776367,47.79999923706055,34.74588394165039,488300,0.0,False
2012-04-27,47.91999816894531,48.029998779296875,47.65999984741211,47.900001525878906,34.818572998046875,300600,0.0,False
2012-04-30,47.79999923706055,47.79999923706055,47.560001373291016,47.70000076293945,34.67320251464844,106000,0.0,False
2012-05-01,47.599998474121094,48.20000076293945,47.599998474121094,47.939998626708984,34.847652435302734,71600,0.0,False
2012-05-02,47.59000015258789,47.77000045776367,47.459999084472656,47.7599983215332,34.716819763183594,158000,0.0,False
2012-05-03,47.709999084472656,47.75,47.220001220703125,47.36000061035156,34.426055908203125,259000,0.0,False
2012-05-04,47.08000183105469,47.099998474121094,46.5,46.52000045776367,33.81544876098633,495200,0.0,False
2012-05-07,46.43000030517578,46.810001373291016,46.400001525878906,46.720001220703125,33.96084976196289,164000,0.0,False
2012-05-08,46.36000061035156,46.36000061035156,45.75,46.25,33.61919021606445,151200,0.0,False
2012-05-09,45.619998931884766,46.09000015258789,45.380001068115234,45.810001373291016,33.29935836791992,108100,0.0,False
2012-05-10,46.150001525878906,46.20000076293945,45.849998474121094,45.93000030517578,33.38658142089844,523000,0.0,False
2012-05-11,45.59000015258789,46.15999984741211,45.529998779296875,45.779998779296875,33.27755355834961,202000,0.0,False
2012-05-14,45.20000076293945,45.310001373291016,44.97999954223633,45.029998779296875,32.732357025146484,291100,0.0,False
2012-05-15,44.939998626708984,45.11000061035156,44.540000915527344,44.650001525878906,32.45616149902344,269000,0.0,False
2012-05-16,44.720001220703125,44.880001068115234,44.27000045776367,44.29999923706055,32.20173645019531,118900,0.0,False
2012-05-17,44.29999923706055,44.29999923706055,43.68000030517578,43.689998626708984,31.75830841064453,174800,0.0,False
2012-05-18,43.7599983215332,43.88999938964844,43.22999954223633,43.31999969482422,31.489368438720703,158500,0.0,False
2012-05-21,43.470001220703125,44.150001525878906,43.470001220703125,44.130001068115234,32.078163146972656,144200,0.0,False
2012-05-22,44.20000076293945,44.4900016784668,43.810001373291016,44.04999923706055,32.02001190185547,79600,0.0,False
2012-05-23,43.689998626708984,43.91999816894531,43.099998474121094,43.900001525878906,31.910974502563477,233000,0.0,False
2012-05-24,43.97999954223633,44.0,43.459999084472656,43.77000045776367,31.816484451293945,106300,0.0,False
2012-05-25,43.75,43.849998474121094,43.560001373291016,43.68000030517578,31.751054763793945,95200,0.0,False
2012-05-29,44.150001525878906,44.40999984741211,43.93000030517578,44.279998779296875,32.18719482421875,191500,0.0,False
2012-05-30,43.79999923706055,43.81999969482422,43.40999984741211,43.40999984741211,31.55480194091797,343600,0.0,False
2012-05-31,43.540000915527344,43.63999938964844,43.06999969482422,43.439998626708984,31.576581954956055,93400,0.0,False
2012-06-01,42.849998474121094,42.86000061035156,42.43000030517578,42.45000076293945,30.856966018676758,517400,0.0,False
2012-06-04,42.689998626708984,42.7599983215332,42.189998626708984,42.560001373291016,30.93692398071289,297500,0.0,False
2012-06-05,42.5,42.84000015258789,42.4900016784668,42.779998779296875,31.096853256225586,76400,0.0,False
2012-06-06,43.25,43.959999084472656,43.13999938964844,43.95000076293945,31.94731903076172,69800,0.0,False
2012-06-07,44.599998474121094,44.599998474121094,43.869998931884766,43.95000076293945,31.94731903076172,97400,0.0,False
2012-06-08,43.61000061035156,44.060001373291016,43.439998626708984,44.0099983215332,31.990942001342773,188500,0.0,False
2012-06-11,44.369998931884766,44.47999954223633,43.38999938964844,43.439998626708984,31.576581954956055,89000,0.0,False
2012-06-12,43.689998626708984,44.08000183105469,43.40999984741211,44.08000183105469,32.04182052612305,252500,0.0,False
2012-06-13,43.880001068115234,44.13999938964844,43.599998474121094,43.720001220703125,31.78014373779297,80300,0.0,False
2012-06-14,43.810001373291016,44.18000030517578,43.65999984741211,44.029998779296875,32.00545883178711,144500,0.0,False
2012-06-15,44.33000183105469,44.619998931884766,44.18000030517578,44.58000183105469,32.405269622802734,118000,0.0,False
2012-06-18,44.470001220703125,44.75,44.33000183105469,44.619998931884766,32.43434143066406,103100,0.0,False
2012-06-19,44.97999954223633,45.4900016784668,44.970001220703125,45.2599983215332,32.899566650390625,140000,0.0,False
2012-06-20,45.38999938964844,45.599998474121094,44.9900016784668,45.33000183105469,32.95045471191406,296700,0.0,False
2012-06-21,45.29999923706055,45.34000015258789,44.119998931884766,44.150001525878906,32.09269332885742,64600,0.0,False
2012-06-22,44.529998779296875,44.630001068115234,44.2400016784668,44.56999969482422,32.398006439208984,48000,0.0,False
2012-06-25,44.0,44.02000045776367,43.560001373291016,43.689998626708984,31.75830841064453,73200,0.0,False
2012-06-26,43.83000183105469,44.09000015258789,43.599998474121094,43.939998626708984,31.940061569213867,82500,0.0,False
2012-06-27,44.13999938964844,44.459999084472656,44.06999969482422,44.369998931884766,32.25261306762695,61200,0.0,False
2012-06-28,44.040000915527344,44.27000045776367,43.72999954223633,44.2400016784668,32.158119201660156,65900,0.0,False
2012-06-29,45.4900016784668,45.68000030517578,45.27000045776367,45.66999816894531,33.19759750366211,116300,0.0,False
2012-07-02,45.7400016784668,45.880001068115234,45.470001220703125,45.84000015258789,33.321163177490234,128300,0.0,False
2012-07-03,45.939998626708984,46.36000061035156,45.939998626708984,46.33000183105469,33.6773567199707,73300,0.0,False
2012-07-05,45.95000076293945,46.06999969482422,45.689998626708984,45.88999938964844,33.35749435424805,81100,0.0,False
2012-07-06,45.5,45.52000045776367,45.119998931884766,45.38999938964844,32.994056701660156,206600,0.0,False
2012-07-09,45.279998779296875,45.290000915527344,45.0099983215332,45.27000045776367,32.90684127807617,82100,0.0,False
2012-07-10,45.4900016784668,45.5,44.79999923706055,44.90999984741211,32.6451416015625,81500,0.0,False
2012-07-11,44.970001220703125,45.15999984741211,44.7599983215332,45.0,32.7105712890625,78100,0.0,False
2012-07-12,44.599998474121094,44.72999954223633,44.25,44.54999923706055,32.383460998535156,124700,0.0,False
2012-07-13,44.689998626708984,45.380001068115234,44.689998626708984,45.2599983215332,32.899566650390625,135700,0.0,False
2012-07-16,45.18000030517578,45.34000015258789,44.970001220703125,45.25,32.89229202270508,56700,0.0,False
2012-07-17,45.459999084472656,45.560001373291016,44.959999084472656,45.529998779296875,33.0958251953125,47900,0.0,False
2012-07-18,45.349998474121094,45.86000061035156,45.349998474121094,45.77000045776367,33.27028274536133,89100,0.0,False
2012-07-19,45.91999816894531,46.15999984741211,45.849998474121094,46.04999923706055,33.473812103271484,244800,0.0,False
2012-07-20,45.54999923706055,45.599998474121094,45.33000183105469,45.38999938964844,32.994056701660156,159800,0.0,False
2012-07-23,44.560001373291016,44.83000183105469,44.25,44.75,32.52882766723633,67000,0.0,False
2012-07-24,44.75,44.75,43.95000076293945,44.25,32.16538619995117,88300,0.0,False
2012-07-25,44.540000915527344,44.56999969482422,44.15999984741211,44.400001525878906,32.27442169189453,119900,0.0,False
2012-07-26,45.220001220703125,45.439998626708984,45.06999969482422,45.36000061035156,32.97224426269531,88600,0.0,False
2012-07-27,45.58000183105469,46.43000030517578,45.58000183105469,46.279998779296875,33.6410026550293,97600,0.0,False
2012-07-30,46.130001068115234,46.34000015258789,46.11000061035156,46.16999816894531,33.56104278564453,50600,0.0,False
2012-07-31,46.2400016784668,46.41999816894531,46.0,46.0,33.437469482421875,218100,0.0,False
2012-08-01,46.22999954223633,46.27000045776367,45.81999969482422,45.86000061035156,33.33570098876953,102400,0.0,False
2012-08-02,45.540000915527344,45.810001373291016,45.09000015258789,45.400001525878906,33.0013313293457,74500,0.0,False
2012-08-03,46.16999816894531,46.689998626708984,46.16999816894531,46.540000915527344,33.82998275756836,70400,0.0,False
2012-08-06,46.70000076293945,46.970001220703125,46.66999816894531,46.77000045776367,33.9971923828125,128100,0.0,False
2012-08-07,47.029998779296875,47.310001373291016,46.959999084472656,47.099998474121094,34.237056732177734,102100,0.0,False
2012-08-08,46.900001525878906,47.209999084472656,46.900001525878906,47.060001373291016,34.20798110961914,188800,0.0,False
2012-08-09,46.970001220703125,47.310001373291016,46.970001220703125,47.15999984741211,34.280670166015625,55000,0.0,False
2012-08-10,46.880001068115234,47.27000045776367,46.81999969482422,47.25,34.346092224121094,53400,0.0,False
2012-08-13,47.20000076293945,47.25,46.900001525878906,47.13999938964844,34.266136169433594,43400,0.0,False
2012-08-14,47.36000061035156,47.36000061035156,47.06999969482422,47.15999984741211,34.280670166015625,48400,0.0,False
2012-08-15,47.09000015258789,47.25,47.06999969482422,47.189998626708984,34.30247497558594,130100,0.0,False
2012-08-16,47.33000183105469,47.7400016784668,47.20000076293945,47.65999984741211,34.64413833618164,206700,0.0,False
2012-08-17,47.68000030517578,47.75,47.540000915527344,47.70000076293945,34.67320251464844,189100,0.0,False
2012-08-20,47.599998474121094,47.689998626708984,47.38999938964844,47.63999938964844,34.62957763671875,107900,0.0,False
2012-08-21,47.7599983215332,48.08000183105469,47.560001373291016,47.650001525878906,34.6368522644043,98100,0.0,False
2012-08-22,47.43000030517578,47.68000030517578,47.290000915527344,47.61000061035156,34.6077880859375,118600,0.0,False
2012-08-23,47.54999923706055,47.54999923706055,47.22999954223633,47.290000915527344,34.375179290771484,52000,0.0,False
2012-08-24,47.16999816894531,47.5099983215332,47.0099983215332,47.369998931884766,34.433345794677734,185200,0.0,False
2012-08-27,47.439998626708984,47.54999923706055,47.29999923706055,47.349998474121094,34.41878128051758,126700,0.0,False
2012-08-28,47.20000076293945,47.459999084472656,47.20000076293945,47.36000061035156,34.426055908203125,98900,0.0,False
2012-08-29,47.40999984741211,47.40999984741211,47.16999816894531,47.279998779296875,34.36790466308594,114500,0.0,False
2012-08-30,47.08000183105469,47.08000183105469,46.72999954223633,46.810001373291016,34.02626419067383,84800,0.0,False
2012-08-31,47.20000076293945,47.34000015258789,46.900001525878906,47.13999938964844,34.266136169433594,79300,0.0,False
2012-09-04,47.16999816894531,47.20000076293945,46.849998474121094,47.09000015258789,34.22978973388672,138300,0.0,False
2012-09-05,47.060001373291016,47.20000076293945,46.86000061035156,47.02000045776367,34.17890548706055,540100,0.0,False
2012-09-06,47.349998474121094,48.099998474121094,47.349998474121094,48.099998474121094,34.963958740234375,417700,0.0,False
2012-09-07,48.279998779296875,48.56999969482422,48.279998779296875,48.560001373291016,35.298336029052734,405100,0.0,False
2012-09-10,48.45000076293945,48.540000915527344,48.189998626708984,48.209999084472656,35.043922424316406,221700,0.0,False
2012-09-11,48.31999969482422,48.63999938964844,48.31999969482422,48.5099983215332,35.261985778808594,111600,0.0,False
2012-09-12,48.779998779296875,48.869998931884766,48.58000183105469,48.709999084472656,35.40737533569336,70400,0.0,False
2012-09-13,48.720001220703125,49.66999816894531,48.59000015258789,49.560001373291016,36.02521514892578,288200,0.0,False
2012-09-14,49.779998779296875,50.34000015258789,49.77000045776367,49.939998626708984,36.301448822021484,318200,0.0,False
2012-09-17,49.900001525878906,49.90999984741211,49.560001373291016,49.689998626708984,36.11973190307617,111800,0.0,False
2012-09-18,49.56999969482422,49.619998931884766,49.40999984741211,49.529998779296875,36.00343322753906,100300,0.0,False
2012-09-19,49.63999938964844,49.7400016784668,49.459999084472656,49.630001068115234,36.07612609863281,58800,0.0,False
2012-09-20,49.310001373291016,49.41999816894531,49.0,49.380001068115234,35.89439010620117,251900,0.0,False
2012-09-21,49.779998779296875,49.779998779296875,49.33000183105469,49.380001068115234,35.89439010620117,156900,0.0,False
2012-09-24,48.619998931884766,48.77000045776367,48.5,48.68000030517578,35.80906295776367,75300,0.0,False
2012-09-25,48.90999984741211,48.959999084472656,48.2599983215332,48.279998779296875,35.514827728271484,212800,0.0,False
2012-09-26,48.15999984741211,48.16999816894531,47.77000045776367,47.90999984741211,35.24266052246094,175900,0.0,False
2012-09-27,48.2599983215332,48.58000183105469,48.040000915527344,48.5099983215332,35.68400955200195,342200,0.0,False
2012-09-28,48.279998779296875,48.279998779296875,47.88999938964844,48.029998779296875,35.330928802490234,251200,0.0,False
2012-10-01,48.27000045776367,48.70000076293945,48.22999954223633,48.27000045776367,35.507476806640625,606700,0.0,False
2012-10-02,48.619998931884766,48.68000030517578,48.27000045776367,48.459999084472656,35.64725875854492,230200,0.0,False
2012-10-03,48.470001220703125,48.52000045776367,48.20000076293945,48.400001525878906,35.60309982299805,67800,0.0,False
2012-10-04,48.63999938964844,48.84000015258789,48.52000045776367,48.83000183105469,35.91939926147461,110000,0.0,False
2012-10-05,49.150001525878906,49.2599983215332,48.720001220703125,48.849998474121094,35.93412780761719,93800,0.0,False
2012-10-08,48.5099983215332,48.650001525878906,48.5099983215332,48.630001068115234,35.77227783203125,48000,0.0,False
2012-10-09,48.5,48.5,48.060001373291016,48.08000183105469,35.367706298828125,316300,0.0,False
2012-10-10,48.0,48.08000183105469,47.72999954223633,47.83000183105469,35.18380355834961,70800,0.0,False
2012-10-11,48.20000076293945,48.38999938964844,48.04999923706055,48.060001373291016,35.35300064086914,102200,0.0,False
2012-10-12,48.09000015258789,48.150001525878906,47.77000045776367,47.86000061035156,35.20587921142578,52600,0.0,False
2012-10-15,48.040000915527344,48.310001373291016,47.880001068115234,48.290000915527344,35.522186279296875,119800,0.0,False
2012-10-16,48.61000061035156,48.91999816894531,48.599998474121094,48.90999984741211,35.97825622558594,210000,0.0,False
2012-10-17,48.970001220703125,49.25,48.880001068115234,49.20000076293945,36.191593170166016,207700,0.0,False
2012-10-18,49.040000915527344,49.349998474121094,48.939998626708984,49.099998474121094,36.118019104003906,62600,0.0,False
2012-10-19,48.959999084472656,48.959999084472656,48.25,48.34000015258789,35.558956146240234,60300,0.0,False
2012-10-22,48.52000045776367,48.599998474121094,48.20000076293945,48.540000915527344,35.70607376098633,91300,0.0,False
2012-10-23,47.81999969482422,47.83000183105469,47.40999984741211,47.689998626708984,35.080810546875,153800,0.0,False
2012-10-24,48.0,48.029998779296875,47.619998931884766,47.63999938964844,35.04402542114258,91400,0.0,False
2012-10-25,48.060001373291016,48.209999084472656,47.68000030517578,47.939998626708984,35.26471710205078,252200,0.0,False
2012-10-26,47.869998931884766,47.970001220703125,47.599998474121094,47.790000915527344,35.154380798339844,45600,0.0,False
2012-10-31,47.959999084472656,48.0,47.619998931884766,47.7400016784668,35.11761474609375,210300,0.0,False
2012-11-01,48.0099983215332,48.459999084472656,47.869998931884766,48.45000076293945,35.6398811340332,366600,0.0,False
2012-11-02,48.58000183105469,48.599998474121094,47.939998626708984,47.939998626708984,35.26471710205078,146000,0.0,False
2012-11-05,47.97999954223633,48.099998474121094,47.79999923706055,48.0099983215332,35.31620788574219,203700,0.0,False
2012-11-06,48.189998626708984,48.47999954223633,48.11000061035156,48.40999984741211,35.61045837402344,85700,0.0,False
2012-11-07,48.0099983215332,48.0099983215332,47.27000045776367,47.5099983215332,34.94841766357422,175000,0.0,False
2012-11-08,47.5099983215332,47.68000030517578,46.97999954223633,47.029998779296875,34.595314025878906,225100,0.0,False
2012-11-09,46.88999938964844,47.380001068115234,46.83000183105469,47.04999923706055,34.61001968383789,305600,0.0,False
2012-11-12,47.25,47.25,47.0099983215332,47.09000015258789,34.63945770263672,163100,0.0,False
2012-11-13,46.7599983215332,47.189998626708984,46.689998626708984,46.79999923706055,34.42613220214844,319300,0.0,False
2012-11-14,46.86000061035156,46.97999954223633,46.150001525878906,46.25,34.02155303955078,1250500,0.0,False
2012-11-15,46.369998931884766,46.470001220703125,46.029998779296875,46.18000030517578,33.97007369995117,273500,0.0,False
2012-11-16,46.279998779296875,46.40999984741211,45.83000183105469,46.33000183105469,34.080406188964844,120900,0.0,False
2012-11-19,46.91999816894531,47.310001373291016,46.83000183105469,47.310001373291016,34.8012809753418,273700,0.0,False
2012-11-20,47.150001525878906,47.31999969482422,46.95000076293945,47.25,34.75716018676758,122500,0.0,False
2012-11-21,47.279998779296875,47.40999984741211,47.220001220703125,47.40999984741211,34.874847412109375,86500,0.0,False
2012-11-23,47.849998474121094,48.16999816894531,47.849998474121094,48.16999816894531,35.43391418457031,65700,0.0,False
2012-11-26,47.939998626708984,48.060001373291016,47.79999923706055,48.04999923706055,35.34563446044922,601100,0.0,False
2012-11-27,47.93000030517578,48.099998474121094,47.75,47.7599983215332,35.13231658935547,188500,0.0,False
2012-11-28,47.56999969482422,48.27000045776367,47.369998931884766,48.16999816894531,35.43391418457031,457200,0.0,False
2012-11-29,48.40999984741211,48.540000915527344,48.20000076293945,48.43000030517578,35.62516403198242,511200,0.0,False
2012-11-30,48.5099983215332,48.56999969482422,48.310001373291016,48.470001220703125,35.65459060668945,102200,0.0,False
2012-12-03,48.790000915527344,48.790000915527344,48.34000015258789,48.349998474121094,35.566314697265625,176800,0.0,False
2012-12-04,48.459999084472656,48.56999969482422,48.279998779296875,48.40999984741211,35.61045837402344,141000,0.0,False
2012-12-05,48.40999984741211,48.810001373291016,48.310001373291016,48.54999923706055,35.71343994140625,158500,0.0,False
2012-12-06,48.630001068115234,48.75,48.540000915527344,48.7400016784668,35.85319519042969,278300,0.0,False
2012-12-07,48.720001220703125,48.88999938964844,48.619998931884766,48.84000015258789,35.92677307128906,91200,0.0,False
2012-12-10,48.7599983215332,48.90999984741211,48.720001220703125,48.86000061035156,35.94146728515625,192500,0.0,False
2012-12-11,49.0,49.33000183105469,49.0,49.2400016784668,36.22100067138672,305900,0.0,False
2012-12-12,49.279998779296875,49.619998931884766,49.27000045776367,49.33000183105469,36.287208557128906,209500,0.0,False
2012-12-13,49.310001373291016,49.380001068115234,48.93000030517578,49.02000045776367,36.059165954589844,189900,0.0,False
2012-12-14,49.09000015258789,49.209999084472656,48.93000030517578,49.04999923706055,36.08123779296875,140800,0.0,False
2012-12-17,49.0099983215332,49.47999954223633,49.0099983215332,49.459999084472656,36.38283157348633,222400,0.0,False
2012-12-18,49.41999816894531,50.0,49.400001525878906,49.95000076293945,36.743282318115234,1412000,0.0,False
2012-12-19,50.029998779296875,50.130001068115234,49.81999969482422,49.849998474121094,36.66972732543945,211100,0.0,False
2012-12-20,49.45000076293945,49.65999984741211,49.36000061035156,49.61000061035156,36.90403747558594,346000,0.0,False
2012-12-21,48.86000061035156,49.2400016784668,48.79999923706055,49.189998626708984,36.591617584228516,547000,0.0,False
2012-12-24,49.20000076293945,49.2400016784668,49.0,49.11000061035156,36.53209686279297,229900,0.0,False
2012-12-26,49.150001525878906,49.31999969482422,48.88999938964844,49.029998779296875,36.472591400146484,358600,0.0,False
2012-12-27,49.220001220703125,49.220001220703125,48.650001525878906,49.08000183105469,36.5097770690918,453200,0.0,False
2012-12-28,48.849998474121094,49.0,48.63999938964844,48.779998779296875,36.286617279052734,411400,0.0,False
2012-12-31,48.779998779296875,49.5,48.72999954223633,49.41999816894531,36.762699127197266,293000,0.0,False
2013-01-02,50.220001220703125,50.5,50.15999984741211,50.5,37.56610107421875,722400,0.0,False
2013-01-03,50.20000076293945,50.52000045776367,50.130001068115234,50.220001220703125,37.35780715942383,348200,0.0,False
2013-01-04,50.220001220703125,50.5,50.130001068115234,50.459999084472656,37.536346435546875,379800,0.0,False
2013-01-07,50.2400016784668,50.2599983215332,50.040000915527344,50.20000076293945,37.34292221069336,892500,0.0,False
2013-01-08,50.189998626708984,50.209999084472656,49.84000015258789,50.0099983215332,37.20159149169922,1737600,0.0,False
2013-01-09,50.119998931884766,50.310001373291016,50.099998474121094,50.22999954223633,37.36524200439453,673900,0.0,False
2013-01-10,50.61000061035156,50.790000915527344,50.38999938964844,50.7599983215332,37.75950622558594,433100,0.0,False
2013-01-11,50.709999084472656,50.7599983215332,50.5099983215332,50.72999954223633,37.737186431884766,411000,0.0,False
2013-01-14,50.7400016784668,50.790000915527344,50.540000915527344,50.7599983215332,37.75950622558594,226300,0.0,False
2013-01-15,50.380001068115234,50.72999954223633,50.380001068115234,50.709999084472656,37.72230529785156,201900,0.0,False
2013-01-16,50.560001373291016,50.650001525878906,50.45000076293945,50.61000061035156,37.6479377746582,438000,0.0,False
2013-01-17,50.900001525878906,51.08000183105469,50.779998779296875,50.939998626708984,37.893409729003906,296400,0.0,False
2013-01-18,50.95000076293945,51.029998779296875,50.72999954223633,50.9900016784668,37.93059158325195,384600,0.0,False
2013-01-22,50.91999816894531,51.189998626708984,50.849998474121094,51.189998626708984,38.07938003540039,1124000,0.0,False
2013-01-23,51.130001068115234,51.20000076293945,51.0099983215332,51.150001525878906,38.04962921142578,241900,0.0,False
2013-01-24,51.20000076293945,51.43000030517578,51.029998779296875,51.25,38.12401580810547,507400,0.0,False
2013-01-25,51.47999954223633,51.529998779296875,51.290000915527344,51.529998779296875,38.33229446411133,154900,0.0,False
2013-01-28,51.5,51.529998779296875,51.20000076293945,51.33000183105469,38.18351364135742,183800,0.0,False
2013-01-29,51.400001525878906,51.65999984741211,51.33000183105469,51.61000061035156,38.39181137084961,221200,0.0,False
2013-01-30,51.72999954223633,51.75,51.4900016784668,51.540000915527344,38.33973693847656,180800,0.0,False
2013-01-31,51.43000030517578,51.58000183105469,51.310001373291016,51.400001525878906,38.235595703125,236800,0.0,False
2013-02-01,51.7400016784668,51.95000076293945,51.599998474121094,51.880001068115234,38.5926513671875,257100,0.0,False
2013-02-04,51.52000045776367,51.56999969482422,51.11000061035156,51.150001525878906,38.04962921142578,717300,0.0,False
2013-02-05,51.290000915527344,51.63999938964844,51.290000915527344,51.5,38.30998229980469,189700,0.0,False
2013-02-06,51.27000045776367,51.54999923706055,51.209999084472656,51.54999923706055,38.34717559814453,263800,0.0,False
2013-02-07,51.529998779296875,51.529998779296875,50.95000076293945,51.279998779296875,38.14632034301758,250100,0.0,False
2013-02-08,51.4900016784668,51.61000061035156,51.439998626708984,51.59000015258789,38.37693405151367,230600,0.0,False
2013-02-11,51.599998474121094,51.599998474121094,51.400001525878906,51.52000045776367,38.324859619140625,287900,0.0,False
2013-02-12,51.58000183105469,51.79999923706055,51.5,51.68000030517578,38.443885803222656,191800,0.0,False
2013-02-13,51.88999938964844,51.959999084472656,51.689998626708984,51.779998779296875,38.51826477050781,185300,0.0,False
2013-02-14,51.58000183105469,51.75,51.4900016784668,51.70000076293945,38.458770751953125,276600,0.0,False
2013-02-15,51.779998779296875,51.779998779296875,51.439998626708984,51.56999969482422,38.3620491027832,295000,0.0,False
2013-02-19,51.869998931884766,52.06999969482422,51.79999923706055,52.02000045776367,38.69680404663086,399100,0.0,False
2013-02-20,52.11000061035156,52.130001068115234,51.40999984741211,51.43000030517578,38.257911682128906,249300,0.0,False
2013-02-21,51.16999816894531,51.16999816894531,50.70000076293945,50.900001525878906,37.8636474609375,201500,0.0,False
2013-02-22,51.2400016784668,51.41999816894531,51.060001373291016,51.41999816894531,38.250465393066406,132100,0.0,False
2013-02-25,51.86000061035156,51.86000061035156,50.45000076293945,50.459999084472656,37.536346435546875,304700,0.0,False
2013-02-26,50.81999969482422,50.90999984741211,50.36000061035156,50.779998779296875,37.77437973022461,269400,0.0,False
2013-02-27,50.70000076293945,51.47999954223633,50.630001068115234,51.34000015258789,38.19096755981445,179800,0.0,False
2013-02-28,51.40999984741211,51.61000061035156,51.2400016784668,51.2400016784668,38.116573333740234,453500,0.0,False
2013-03-01,51.0,51.380001068115234,50.849998474121094,51.369998931884766,38.21326446533203,365700,0.0,False
2013-03-04,51.209999084472656,51.5,51.11000061035156,51.4900016784668,38.30255126953125,352700,0.0,False
2013-03-05,51.77000045776367,52.06999969482422,51.77000045776367,51.970001220703125,38.65959548950195,301100,0.0,False
2013-03-06,52.11000061035156,52.22999954223633,51.939998626708984,52.04999923706055,38.7191276550293,424800,0.0,False
2013-03-07,52.189998626708984,52.290000915527344,52.15999984741211,52.2400016784668,38.860450744628906,155500,0.0,False
2013-03-08,52.41999816894531,52.47999954223633,52.18000030517578,52.45000076293945,39.016693115234375,412400,0.0,False
2013-03-11,52.459999084472656,52.61000061035156,52.310001373291016,52.599998474121094,39.12824249267578,78000,0.0,False
2013-03-12,52.5099983215332,52.58000183105469,52.220001220703125,52.33000183105469,38.927398681640625,191100,0.0,False
2013-03-13,52.36000061035156,52.40999984741211,52.130001068115234,52.29999923706055,38.905094146728516,123100,0.0,False
2013-03-14,52.45000076293945,52.70000076293945,52.400001525878906,52.66999816894531,39.180320739746094,188000,0.0,False
2013-03-15,52.650001525878906,52.689998626708984,52.470001220703125,52.52000045776367,39.0687255859375,296600,0.0,False
2013-03-18,52.0,52.43000030517578,51.900001525878906,52.18000030517578,38.81581497192383,195100,0.0,False
2013-03-19,52.22999954223633,52.29999923706055,51.529998779296875,51.81999969482422,38.54801940917969,2029100,0.0,False
2013-03-20,52.33000183105469,52.38999938964844,52.150001525878906,52.27000045776367,38.88275909423828,244700,0.0,False
2013-03-21,51.9900016784668,52.130001068115234,51.779998779296875,51.86000061035156,38.5777702331543,402100,0.0,False
2013-03-22,51.90999984741211,52.060001373291016,51.83000183105469,52.04999923706055,38.84195327758789,137400,0.0,False
2013-03-25,52.18000030517578,52.22999954223633,51.52000045776367,51.7400016784668,38.61061477661133,185400,0.0,False
2013-03-26,51.959999084472656,52.150001525878906,51.91999816894531,52.130001068115234,38.901634216308594,122500,0.0,False
2013-03-27,51.779998779296875,52.130001068115234,51.650001525878906,52.06999969482422,38.85688018798828,166800,0.0,False
2013-03-28,52.099998474121094,52.34000015258789,52.02000045776367,52.279998779296875,39.01358413696289,273700,0.0,False
2013-04-01,52.22999954223633,52.2400016784668,51.70000076293945,51.83000183105469,38.67776870727539,467300,0.0,False
2013-04-02,52.02000045776367,52.33000183105469,52.02000045776367,52.13999938964844,38.90910720825195,276800,0.0,False
2013-04-03,52.2599983215332,52.279998779296875,51.5,51.56999969482422,38.483760833740234,188700,0.0,False
2013-04-04,51.70000076293945,51.959999084472656,51.619998931884766,51.86000061035156,38.70015335083008,127500,0.0,False
2013-04-05,51.11000061035156,51.7599983215332,51.11000061035156,51.689998626708984,38.57331085205078,221200,0.0,False
2013-04-08,51.72999954223633,51.95000076293945,51.560001373291016,51.939998626708984,38.759864807128906,182400,0.0,False
2013-04-09,52.0,52.31999969482422,51.849998474121094,52.099998474121094,38.879249572753906,139800,0.0,False
2013-04-10,52.369998931884766,52.849998474121094,52.369998931884766,52.810001373291016,39.40910720825195,309000,0.0,False
2013-04-11,52.97999954223633,53.22999954223633,52.900001525878906,53.06999969482422,39.603118896484375,225600,0.0,False
2013-04-12,52.84000015258789,52.849998474121094,52.540000915527344,52.84000015258789,39.431480407714844,164100,0.0,False
2013-04-15,52.5,52.5099983215332,51.529998779296875,51.529998779296875,38.45389175415039,208200,0.0,False
2013-04-16,52.13999938964844,52.40999984741211,51.939998626708984,52.369998931884766,39.080745697021484,312200,0.0,False
2013-04-17,51.97999954223633,51.97999954223633,51.20000076293945,51.439998626708984,38.386741638183594,451200,0.0,False
2013-04-18,51.630001068115234,51.630001068115234,51.06999969482422,51.20000076293945,38.20765686035156,182000,0.0,False
2013-04-19,51.5099983215332,51.779998779296875,51.45000076293945,51.77000045776367,38.63300704956055,177500,0.0,False
2013-04-22,51.849998474121094,52.02000045776367,51.45000076293945,51.939998626708984,38.759864807128906,150800,0.0,False
2013-04-23,52.2599983215332,52.540000915527344,52.13999938964844,52.52000045776367,39.19267272949219,250600,0.0,False
2013-04-24,52.599998474121094,52.880001068115234,52.54999923706055,52.7400016784668,39.35685348510742,259100,0.0,False
2013-04-25,52.97999954223633,53.2599983215332,52.939998626708984,53.040000915527344,39.58072280883789,186400,0.0,False
2013-04-26,52.939998626708984,53.0099983215332,52.77000045776367,52.900001525878906,39.47624969482422,65600,0.0,False
2013-04-29,53.209999084472656,53.5099983215332,53.130001068115234,53.41999816894531,39.86429977416992,185600,0.0,False
2013-04-30,53.4900016784668,53.68000030517578,53.27000045776367,53.68000030517578,40.058326721191406,202000,0.0,False
2013-05-01,53.5099983215332,53.65999984741211,53.099998474121094,53.15999984741211,39.6702766418457,250600,0.0,False
2013-05-02,53.290000915527344,53.650001525878906,53.27000045776367,53.56999969482422,39.97624206542969,297100,0.0,False
2013-05-03,53.959999084472656,54.310001373291016,53.959999084472656,54.150001525878906,40.4090576171875,159000,0.0,False
2013-05-06,54.130001068115234,54.27000045776367,54.04999923706055,54.209999084472656,40.453834533691406,263000,0.0,False
2013-05-07,54.36000061035156,54.459999084472656,54.150001525878906,54.439998626708984,40.625457763671875,146800,0.0,False
2013-05-08,54.54999923706055,54.849998474121094,54.5,54.81999969482422,40.909053802490234,259000,0.0,False
2013-05-09,54.790000915527344,54.880001068115234,54.439998626708984,54.54999923706055,40.707557678222656,188700,0.0,False
2013-05-10,54.439998626708984,54.599998474121094,54.27000045776367,54.56999969482422,40.72247314453125,165800,0.0,False
2013-05-13,54.54999923706055,54.59000015258789,54.349998474121094,54.529998779296875,40.692626953125,386300,0.0,False
2013-05-14,54.5,54.91999816894531,54.5,54.880001068115234,40.953819274902344,189900,0.0,False
2013-05-15,54.84000015258789,55.189998626708984,54.79999923706055,55.09000015258789,41.11052703857422,143000,0.0,False
2013-05-16,55.0099983215332,55.13999938964844,54.75,54.79999923706055,40.89411544799805,167100,0.0,False
2013-05-17,54.97999954223633,55.25,54.869998931884766,55.25,41.229915618896484,256800,0.0,False
2013-05-20,55.279998779296875,55.45000076293945,55.20000076293945,55.310001373291016,41.27470397949219,273800,0.0,False
2013-05-21,55.33000183105469,55.529998779296875,55.099998474121094,55.38999938964844,41.33441162109375,344000,0.0,False
2013-05-22,55.54999923706055,55.93000030517578,54.650001525878906,54.83000183105469,40.916500091552734,486200,0.0,False
2013-05-23,54.0099983215332,54.58000183105469,53.599998474121094,54.58000183105469,40.72994613647461,396600,0.0,False
2013-05-24,54.06999969482422,54.25,53.83000183105469,54.25,40.48370361328125,705000,0.0,False
2013-05-28,54.63999938964844,54.970001220703125,54.33000183105469,54.459999084472656,40.640384674072266,284300,0.0,False
2013-05-29,54.279998779296875,54.279998779296875,53.849998474121094,54.04999923706055,40.33443069458008,461500,0.0,False
2013-05-30,54.16999816894531,54.459999084472656,54.09000015258789,54.310001373291016,40.5284538269043,220800,0.0,False
2013-05-31,53.970001220703125,54.099998474121094,53.380001068115234,53.380001068115234,39.8344612121582,185600,0.0,False
2013-06-03,53.45000076293945,53.720001220703125,53.209999084472656,53.709999084472656,40.080718994140625,532400,0.0,False
2013-06-04,53.689998626708984,53.90999984741211,53.2400016784668,53.5099983215332,39.93146896362305,174100,0.0,False
2013-06-05,53.29999923706055,53.34000015258789,52.599998474121094,52.61000061035156,39.25984573364258,226800,0.0,False
2013-06-06,52.66999816894531,53.04999923706055,52.41999816894531,53.04999923706055,39.58818817138672,214300,0.0,False
2013-06-07,53.15999984741211,53.54999923706055,53.0099983215332,53.529998779296875,39.946388244628906,96600,0.0,False
2013-06-10,53.810001373291016,53.810001373291016,53.400001525878906,53.560001373291016,39.96876525878906,265000,0.0,False
2013-06-11,52.939998626708984,53.20000076293945,52.68000030517578,52.849998474121094,39.43894958496094,385500,0.0,False
2013-06-12,53.25,53.38999938964844,52.4900016784668,52.560001373291016,39.222537994384766,210300,0.0,False
2013-06-13,52.630001068115234,53.40999984741211,52.470001220703125,53.34000015258789,39.80461502075195,132300,0.0,False
2013-06-14,53.2400016784668,53.380001068115234,52.77000045776367,52.880001068115234,39.46133804321289,113600,0.0,False
2013-06-17,53.470001220703125,53.709999084472656,53.15999984741211,53.43000030517578,39.87176513671875,200900,0.0,False
2013-06-18,53.5,53.88999938964844,53.459999084472656,53.83000183105469,40.170249938964844,330400,0.0,False
2013-06-19,53.77000045776367,53.77000045776367,52.83000183105469,52.880001068115234,39.46133804321289,256200,0.0,False
2013-06-20,52.13999938964844,52.150001525878906,51.150001525878906,51.27000045776367,38.25988006591797,368300,0.0,False
2013-06-21,51.599998474121094,51.7599983215332,50.90999984741211,51.369998931884766,38.33448791503906,356700,0.0,False
2013-06-24,50.209999084472656,50.540000915527344,49.75,50.130001068115234,37.731605529785156,415400,0.0,False
2013-06-25,50.779998779296875,50.880001068115234,50.29999923706055,50.79999923706055,38.23591232299805,324900,0.0,False
2013-06-26,50.9900016784668,51.290000915527344,50.95000076293945,51.189998626708984,38.52944564819336,196100,0.0,False
2013-06-27,51.63999938964844,51.86000061035156,51.599998474121094,51.720001220703125,38.92835998535156,258800,0.0,False
2013-06-28,51.5099983215332,51.86000061035156,51.38999938964844,51.5099983215332,38.77031326293945,311800,0.0,False
2013-07-01,51.91999816894531,52.209999084472656,51.84000015258789,51.939998626708984,39.093955993652344,343800,0.0,False
2013-07-02,51.959999084472656,52.18000030517578,51.459999084472656,51.650001525878906,38.87568283081055,626700,0.0,False
2013-07-03,51.400001525878906,51.810001373291016,51.27000045776367,51.72999954223633,38.935890197753906,209000,0.0,False
2013-07-05,51.939998626708984,52.099998474121094,51.630001068115234,52.099998474121094,39.21437454223633,338200,0.0,False
2013-07-08,52.29999923706055,52.45000076293945,52.20000076293945,52.29999923706055,39.36491775512695,187100,0.0,False
2013-07-09,52.68000030517578,52.72999954223633,52.38999938964844,52.650001525878906,39.628360748291016,111200,0.0,False
2013-07-10,52.619998931884766,52.9900016784668,52.59000015258789,52.720001220703125,39.6810302734375,147900,0.0,False
2013-07-11,53.54999923706055,53.93000030517578,53.43000030517578,53.880001068115234,40.554161071777344,362100,0.0,False
2013-07-12,53.630001068115234,53.83000183105469,53.61000061035156,53.75,40.456298828125,112600,0.0,False
2013-07-15,53.939998626708984,54.06999969482422,53.810001373291016,54.029998779296875,40.66704559326172,139700,0.0,False
2013-07-16,54.0099983215332,54.0099983215332,53.709999084472656,53.869998931884766,40.5466194152832,122900,0.0,False
2013-07-17,54.18000030517578,54.2599983215332,54.02000045776367,54.09000015258789,40.71220016479492,193600,0.0,False
2013-07-18,54.15999984741211,54.439998626708984,54.119998931884766,54.369998931884766,40.92295455932617,275400,0.0,False
2013-07-19,54.279998779296875,54.400001525878906,54.099998474121094,54.369998931884766,40.92295455932617,127600,0.0,False
2013-07-22,54.439998626708984,54.630001068115234,54.38999938964844,54.619998931884766,41.111122131347656,113600,0.0,False
2013-07-23,54.689998626708984,54.790000915527344,54.58000183105469,54.650001525878906,41.133697509765625,288500,0.0,False
2013-07-24,54.880001068115234,54.880001068115234,54.310001373291016,54.470001220703125,40.99821090698242,171300,0.0,False
2013-07-25,54.29999923706055,54.61000061035156,54.18000030517578,54.58000183105469,41.081016540527344,264600,0.0,False
2013-07-26,54.34000015258789,54.45000076293945,53.9900016784668,54.439998626708984,40.97564697265625,458500,0.0,False
2013-07-29,54.27000045776367,54.279998779296875,54.029998779296875,54.150001525878906,40.75736999511719,211000,0.0,False
2013-07-30,54.34000015258789,54.380001068115234,53.97999954223633,54.11000061035156,40.727256774902344,159700,0.0,False
2013-07-31,54.2400016784668,54.56999969482422,54.119998931884766,54.16999816894531,40.77242660522461,134300,0.0,False
2013-08-01,54.72999954223633,54.939998626708984,54.70000076293945,54.88999938964844,41.314334869384766,694900,0.0,False
2013-08-02,54.900001525878906,55.04999923706055,54.75,55.04999923706055,41.43476867675781,205900,0.0,False
2013-08-05,54.97999954223633,54.97999954223633,54.779998779296875,54.93000030517578,41.344459533691406,102200,0.0,False
2013-08-06,54.900001525878906,54.900001525878906,54.54999923706055,54.66999816894531,41.148765563964844,118500,0.0,False
2013-08-07,54.5,54.5,54.279998779296875,54.36000061035156,40.915435791015625,232300,0.0,False
2013-08-08,54.77000045776367,54.900001525878906,54.470001220703125,54.849998474121094,41.28424072265625,186400,0.0,False
2013-08-09,54.79999923706055,54.939998626708984,54.63999938964844,54.810001373291016,41.2541389465332,72100,0.0,False
2013-08-12,54.650001525878906,54.86000061035156,54.56999969482422,54.779998779296875,41.23155975341797,303900,0.0,False
2013-08-13,54.91999816894531,55.099998474121094,54.650001525878906,55.040000915527344,41.42724609375,125000,0.0,False
2013-08-14,55.06999969482422,55.119998931884766,54.900001525878906,54.91999816894531,41.33692932128906,153000,0.0,False
2013-08-15,54.36000061035156,54.40999984741211,53.95000076293945,54.279998779296875,40.85521697998047,241300,0.0,False
2013-08-16,54.33000183105469,54.41999816894531,54.13999938964844,54.209999084472656,40.802513122558594,115000,0.0,False
2013-08-19,54.189998626708984,54.189998626708984,53.77000045776367,53.77000045776367,40.47134017944336,126000,0.0,False
2013-08-20,53.77000045776367,54.099998474121094,53.650001525878906,53.939998626708984,40.59931182861328,112500,0.0,False
2013-08-21,53.72999954223633,53.93000030517578,53.20000076293945,53.380001068115234,40.17780303955078,141400,0.0,False
2013-08-22,53.560001373291016,53.95000076293945,53.560001373291016,53.86000061035156,40.53909683227539,111300,0.0,False
2013-08-23,54.029998779296875,54.2400016784668,53.93000030517578,54.209999084472656,40.802513122558594,119600,0.0,False
2013-08-26,54.25,54.29999923706055,53.95000076293945,53.959999084472656,40.61436080932617,659800,0.0,False
2013-08-27,53.5,53.5099983215332,52.970001220703125,53.0099983215332,39.89930725097656,343300,0.0,False
2013-08-28,52.9900016784668,53.29999923706055,52.790000915527344,53.09000015258789,39.959529876708984,113400,0.0,False
2013-08-29,53.040000915527344,53.400001525878906,53.040000915527344,53.119998931884766,39.982112884521484,492600,0.0,False
2013-08-30,53.150001525878906,53.16999816894531,52.75,52.84000015258789,39.771366119384766,177700,0.0,False
2013-09-03,53.52000045776367,53.75,53.189998626708984,53.31999969482422,40.13263702392578,1107200,0.0,False
2013-09-04,53.470001220703125,53.91999816894531,53.369998931884766,53.869998931884766,40.5466194152832,121100,0.0,False
2013-09-05,53.66999816894531,54.029998779296875,53.66999816894531,53.97999954223633,40.6294059753418,196100,0.0,False
2013-09-06,54.18000030517578,54.369998931884766,53.689998626708984,54.119998931884766,40.734779357910156,50300,0.0,False
2013-09-09,54.439998626708984,54.880001068115234,54.43000030517578,54.86000061035156,41.29176712036133,143900,0.0,False
2013-09-10,55.36000061035156,55.38999938964844,55.15999984741211,55.38999938964844,41.69069290161133,245700,0.0,False
2013-09-11,55.31999969482422,55.560001373291016,55.189998626708984,55.54999923706055,41.81110382080078,270200,0.0,False
2013-09-12,55.47999954223633,55.52000045776367,55.2400016784668,55.2599983215332,41.59281539916992,118700,0.0,False
2013-09-13,55.41999816894531,55.470001220703125,55.220001220703125,55.439998626708984,41.72831344604492,159500,0.0,False
2013-09-16,56.0,56.220001220703125,55.79999923706055,55.83000183105469,42.021854400634766,265700,0.0,False
2013-09-17,55.83000183105469,56.0,55.83000183105469,55.959999084472656,42.119712829589844,128000,0.0,False
2013-09-18,56.06999969482422,57.150001525878906,55.869998931884766,57.060001373291016,42.9476318359375,210800,0.0,False
2013-09-19,57.16999816894531,57.20000076293945,56.75,56.880001068115234,42.81217575073242,216700,0.0,False
2013-09-20,56.93000030517578,56.93000030517578,56.36000061035156,56.369998931884766,42.42830276489258,238900,0.0,False
2013-09-23,56.0099983215332,56.20000076293945,55.869998931884766,56.040000915527344,42.36405563354492,220200,0.0,False
2013-09-24,56.09000015258789,56.2599983215332,55.849998474121094,55.939998626708984,42.288455963134766,207900,0.0,False
2013-09-25,55.849998474121094,56.099998474121094,55.810001373291016,55.88999938964844,42.250648498535156,440800,0.0,False
2013-09-26,56.099998474121094,56.27000045776367,55.90999984741211,56.06999969482422,42.3867301940918,246500,0.0,False
2013-09-27,55.970001220703125,55.970001220703125,55.70000076293945,55.88999938964844,42.250648498535156,245200,0.0,False
2013-09-30,55.189998626708984,55.65999984741211,55.189998626708984,55.54999923706055,41.99363327026367,298300,0.0,False
2013-10-01,55.65999984741211,56.040000915527344,55.630001068115234,55.9900016784668,42.326255798339844,333600,0.0,False
2013-10-02,55.810001373291016,55.95000076293945,55.54999923706055,55.90999984741211,42.26578140258789,369700,0.0,False
2013-10-03,55.93000030517578,55.93000030517578,55.33000183105469,55.58000183105469,42.01630783081055,752700,0.0,False
2013-10-04,55.68000030517578,55.880001068115234,55.470001220703125,55.810001373291016,42.190181732177734,366200,0.0,False
2013-10-07,55.349998474121094,55.61000061035156,55.22999954223633,55.36000061035156,41.849998474121094,228000,0.0,False
2013-10-08,55.45000076293945,55.5,54.7599983215332,54.77000045776367,41.40398406982422,336200,0.0,False
2013-10-09,55.06999969482422,55.09000015258789,54.54999923706055,54.880001068115234,41.48712921142578,246200,0.0,False
2013-10-10,55.58000183105469,56.02000045776367,55.5,56.0099983215332,42.341365814208984,293000,0.0,False
2013-10-11,56.029998779296875,56.400001525878906,55.959999084472656,56.400001525878906,42.63618469238281,844300,0.0,False
2013-10-14,56.060001373291016,56.599998474121094,56.0,56.540000915527344,42.74202346801758,160500,0.0,False
2013-10-15,56.470001220703125,56.4900016784668,56.11000061035156,56.150001525878906,42.447200775146484,237500,0.0,False
2013-10-16,56.40999984741211,56.77000045776367,56.400001525878906,56.77000045776367,42.91590118408203,500400,0.0,False
2013-10-17,56.84000015258789,57.369998931884766,56.779998779296875,57.33000183105469,43.33924102783203,379100,0.0,False
2013-10-18,57.400001525878906,57.720001220703125,57.400001525878906,57.66999816894531,43.59626770019531,381100,0.0,False
2013-10-21,57.75,57.77000045776367,57.59000015258789,57.72999954223633,43.641624450683594,377500,0.0,False
2013-10-22,58.029998779296875,58.34000015258789,57.959999084472656,58.13999938964844,43.95156478881836,365600,0.0,False
2013-10-23,57.81999969482422,57.81999969482422,57.5,57.630001068115234,43.56601333618164,448700,0.0,False
2013-10-24,57.91999816894531,57.9900016784668,57.72999954223633,57.939998626708984,43.80036544799805,129500,0.0,False
2013-10-25,58.0,58.0,57.779998779296875,58.0,43.845741271972656,298200,0.0,False
2013-10-28,58.0,58.09000015258789,57.86000061035156,57.9900016784668,43.83816909790039,299400,0.0,False
2013-10-29,58.119998931884766,58.150001525878906,57.9900016784668,58.130001068115234,43.94400405883789,166600,0.0,False
2013-10-30,58.220001220703125,58.2599983215332,57.68000030517578,57.90999984741211,43.77769088745117,308700,0.0,False
2013-10-31,57.959999084472656,57.97999954223633,57.599998474121094,57.61000061035156,43.5509147644043,285000,0.0,False
2013-11-01,57.599998474121094,57.720001220703125,57.279998779296875,57.58000183105469,43.528228759765625,519600,0.0,False
2013-11-04,57.54999923706055,57.90999984741211,57.54999923706055,57.90999984741211,43.77769088745117,263700,0.0,False
2013-11-05,57.529998779296875,57.599998474121094,57.29999923706055,57.47999954223633,43.45263671875,167300,0.0,False
2013-11-06,57.869998931884766,57.91999816894531,57.63999938964844,57.75,43.65673828125,199900,0.0,False
2013-11-07,57.83000183105469,57.83000183105469,56.93000030517578,56.939998626708984,43.04440689086914,201500,0.0,False
2013-11-08,56.900001525878906,57.459999084472656,56.869998931884766,57.439998626708984,43.42238998413086,358900,0.0,False
2013-11-11,57.4900016784668,57.540000915527344,57.369998931884766,57.47999954223633,43.45263671875,171000,0.0,False
2013-11-12,57.439998626708984,57.45000076293945,57.15999984741211,57.31999969482422,43.3316650390625,126000,0.0,False
2013-11-13,56.970001220703125,57.650001525878906,56.95000076293945,57.63999938964844,43.573585510253906,93200,0.0,False
2013-11-14,57.709999084472656,57.970001220703125,57.61000061035156,57.90999984741211,43.77769088745117,160600,0.0,False
2013-11-15,58.0,58.36000061035156,58.0,58.33000183105469,44.09518814086914,338400,0.0,False
2013-11-18,58.540000915527344,58.65999984741211,58.189998626708984,58.29999923706055,44.07250213623047,346000,0.0,False
2013-11-19,58.20000076293945,58.349998474121094,58.029998779296875,58.11000061035156,43.92887878417969,218000,0.0,False
2013-11-20,58.22999954223633,58.33000183105469,57.689998626708984,57.83000183105469,43.71721649169922,225300,0.0,False
2013-11-21,57.810001373291016,58.220001220703125,57.810001373291016,58.220001220703125,44.012046813964844,203500,0.0,False
2013-11-22,58.08000183105469,58.45000076293945,58.08000183105469,58.439998626708984,44.1783447265625,175900,0.0,False
2013-11-25,58.439998626708984,58.45000076293945,58.18000030517578,58.220001220703125,44.012046813964844,153800,0.0,False
2013-11-26,58.2599983215332,58.36000061035156,58.099998474121094,58.2400016784668,44.02716827392578,379000,0.0,False
2013-11-27,58.15999984741211,58.4900016784668,58.15999984741211,58.459999084472656,44.19347381591797,286400,0.0,False
2013-11-29,58.529998779296875,58.7400016784668,58.4900016784668,58.5,44.22370910644531,203100,0.0,False
2013-12-02,58.45000076293945,58.45000076293945,58.06999969482422,58.099998474121094,43.921329498291016,498700,0.0,False
2013-12-03,57.97999954223633,57.97999954223633,57.58000183105469,57.790000915527344,43.686988830566406,289500,0.0,False
2013-12-04,57.52000045776367,57.7400016784668,57.20000076293945,57.58000183105469,43.528228759765625,292200,0.0,False
2013-12-05,57.47999954223633,57.599998474121094,57.310001373291016,57.369998931884766,43.369476318359375,347600,0.0,False
2013-12-06,57.84000015258789,58.130001068115234,57.790000915527344,58.060001373291016,43.891082763671875,207900,0.0,False
2013-12-09,58.189998626708984,58.20000076293945,58.029998779296875,58.11000061035156,43.92887878417969,293100,0.0,False
2013-12-10,58.0099983215332,58.150001525878906,57.95000076293945,58.02000045776367,43.860862731933594,193400,0.0,False
2013-12-11,58.06999969482422,58.06999969482422,57.29999923706055,57.349998474121094,43.35435485839844,221300,0.0,False
2013-12-12,57.25,57.34000015258789,56.900001525878906,57.08000183105469,43.15024185180664,269300,0.0,False
2013-12-13,57.18000030517578,57.189998626708984,56.900001525878906,57.060001373291016,43.13511657714844,176500,0.0,False
2013-12-16,57.27000045776367,57.61000061035156,57.2599983215332,57.4900016784668,43.46017837524414,331500,0.0,False
2013-12-17,57.4900016784668,57.5,57.11000061035156,57.2599983215332,43.286319732666016,273600,0.0,False
2013-12-18,57.47999954223633,58.150001525878906,56.959999084472656,58.04999923706055,43.88352584838867,442200,0.0,False
2013-12-19,58.029998779296875,58.09000015258789,57.72999954223633,58.060001373291016,43.891082763671875,1034200,0.0,False
2013-12-20,57.849998474121094,58.06999969482422,57.79999923706055,58.0099983215332,44.13760757446289,446000,0.0,False
2013-12-23,58.47999954223633,58.4900016784668,58.2599983215332,58.470001220703125,44.48759078979492,346200,0.0,False
2013-12-24,58.5,58.630001068115234,58.45000076293945,58.61000061035156,44.594120025634766,149200,0.0,False
2013-12-26,58.849998474121094,58.869998931884766,58.75,58.81999969482422,44.75391387939453,264700,0.0,False
2013-12-27,59.0,59.099998474121094,58.900001525878906,59.0,44.89086151123047,262100,0.0,False
2013-12-30,59.09000015258789,59.16999816894531,59.0099983215332,59.15999984741211,45.012596130371094,255100,0.0,False
2013-12-31,59.29999923706055,59.439998626708984,59.209999084472656,59.400001525878906,45.19519805908203,593400,0.0,False
2014-01-02,59.0,59.04999923706055,58.380001068115234,58.52000045776367,44.525657653808594,584300,0.0,False
2014-01-03,58.68000030517578,58.83000183105469,58.5,58.58000183105469,44.571292877197266,323700,0.0,False
2014-01-06,58.779998779296875,58.869998931884766,58.349998474121094,58.41999816894531,44.44955062866211,253000,0.0,False
2014-01-07,58.68000030517578,58.7599983215332,58.58000183105469,58.689998626708984,44.655006408691406,231700,0.0,False
2014-01-08,58.7599983215332,58.81999969482422,58.52000045776367,58.70000076293945,44.66259765625,443300,0.0,False
2014-01-09,58.81999969482422,58.83000183105469,58.349998474121094,58.689998626708984,44.655006408691406,297200,0.0,False
2014-01-10,58.95000076293945,59.09000015258789,58.709999084472656,59.09000015258789,44.9593391418457,282900,0.0,False
2014-01-13,58.83000183105469,59.040000915527344,58.33000183105469,58.43000030517578,44.4571647644043,397800,0.0,False
2014-01-14,58.709999084472656,58.97999954223633,58.5,58.959999084472656,44.86042785644531,233900,0.0,False
2014-01-15,59.060001373291016,59.2599983215332,59.0,59.13999938964844,44.99737548828125,423400,0.0,False
2014-01-16,59.310001373291016,59.310001373291016,58.93000030517578,59.15999984741211,45.012596130371094,195700,0.0,False
2014-01-17,59.0,59.15999984741211,58.869998931884766,58.939998626708984,44.845211029052734,246300,0.0,False
2014-01-21,59.13999938964844,59.38999938964844,58.83000183105469,59.099998474121094,44.966949462890625,385700,0.0,False
2014-01-22,59.11000061035156,59.31999969482422,59.060001373291016,59.25,45.0810661315918,743700,0.0,False
2014-01-23,58.97999954223633,59.0,58.45000076293945,58.709999084472656,44.67020797729492,481500,0.0,False
2014-01-24,58.16999816894531,58.189998626708984,57.189998626708984,57.189998626708984,43.51369857788086,792900,0.0,False
2014-01-27,57.20000076293945,57.34000015258789,56.560001373291016,56.88999938964844,43.28544616699219,340600,0.0,False
2014-01-28,57.130001068115234,57.439998626708984,57.09000015258789,57.36000061035156,43.64303207397461,337400,0.0,False
2014-01-29,57.0,57.18000030517578,56.650001525878906,56.779998779296875,43.20174789428711,403200,0.0,False
2014-01-30,57.20000076293945,57.45000076293945,57.0099983215332,57.349998474121094,43.635433197021484,341500,0.0,False
2014-01-31,56.650001525878906,57.060001373291016,56.400001525878906,56.7599983215332,43.186527252197266,1016000,0.0,False
2014-02-03,56.91999816894531,56.91999816894531,55.529998779296875,55.630001068115234,42.32676315307617,971600,0.0,False
2014-02-04,55.900001525878906,56.189998626708984,55.720001220703125,56.09000015258789,42.6767578125,352100,0.0,False
2014-02-05,56.0,56.189998626708984,55.63999938964844,56.04999923706055,42.64631652832031,204200,0.0,False
2014-02-06,56.189998626708984,56.970001220703125,56.189998626708984,56.91999816894531,43.30825424194336,193400,0.0,False
2014-02-07,57.310001373291016,57.619998931884766,57.040000915527344,57.560001373291016,43.79522705078125,303500,0.0,False
2014-02-10,57.66999816894531,57.66999816894531,57.369998931884766,57.52000045776367,43.76477813720703,340100,0.0,False
2014-02-11,57.68000030517578,58.43000030517578,57.68000030517578,58.279998779296875,44.34303283691406,215600,0.0,False
2014-02-12,58.40999984741211,58.54999923706055,58.2400016784668,58.38999938964844,44.426719665527344,417100,0.0,False
2014-02-13,57.9900016784668,58.650001525878906,57.95000076293945,58.599998474121094,44.586509704589844,312100,0.0,False
2014-02-14,58.630001068115234,59.0099983215332,58.599998474121094,58.88999938964844,44.807159423828125,241500,0.0,False
2014-02-18,59.15999984741211,59.279998779296875,59.0,59.150001525878906,45.004981994628906,303300,0.0,False
2014-02-19,59.13999938964844,59.34000015258789,58.7400016784668,58.77000045776367,44.71586227416992,452100,0.0,False
2014-02-20,58.790000915527344,59.18000030517578,58.63999938964844,59.099998474121094,44.966949462890625,167700,0.0,False
2014-02-21,59.29999923706055,59.380001068115234,59.099998474121094,59.11000061035156,44.974544525146484,492600,0.0,False
2014-02-24,59.18000030517578,59.83000183105469,59.18000030517578,59.47999954223633,45.25608444213867,291300,0.0,False
2014-02-25,59.58000183105469,59.65999984741211,59.2400016784668,59.33000183105469,45.14195251464844,171700,0.0,False
2014-02-26,59.439998626708984,59.529998779296875,59.20000076293945,59.34000015258789,45.149559020996094,144000,0.0,False
2014-02-27,59.40999984741211,59.599998474121094,59.209999084472656,59.560001373291016,45.31694793701172,199700,0.0,False
2014-02-28,59.7599983215332,60.029998779296875,59.40999984741211,59.720001220703125,45.438690185546875,370700,0.0,False
2014-03-03,58.93000030517578,59.20000076293945,58.63999938964844,58.90999984741211,44.8223876953125,407500,0.0,False
2014-03-04,59.869998931884766,59.959999084472656,59.619998931884766,59.90999984741211,45.583248138427734,785400,0.0,False
2014-03-05,59.84000015258789,60.0,59.79999923706055,59.939998626708984,45.606082916259766,145900,0.0,False
2014-03-06,60.20000076293945,60.380001068115234,60.130001068115234,60.209999084472656,45.8115119934082,1073100,0.0,False
2014-03-07,60.33000183105469,60.43000030517578,59.81999969482422,60.02000045776367,45.66693878173828,285200,0.0,False
2014-03-10,59.88999938964844,59.88999938964844,59.4900016784668,59.75,45.461517333984375,461000,0.0,False
2014-03-11,59.91999816894531,59.970001220703125,59.349998474121094,59.439998626708984,45.22563171386719,305700,0.0,False
2014-03-12,59.209999084472656,59.400001525878906,58.90999984741211,59.380001068115234,45.17998123168945,186800,0.0,False
2014-03-13,59.560001373291016,59.58000183105469,58.43000030517578,58.58000183105469,44.571292877197266,235800,0.0,False
2014-03-14,58.400001525878906,58.779998779296875,58.31999969482422,58.52000045776367,44.525657653808594,332800,0.0,False
2014-03-17,58.86000061035156,59.189998626708984,58.79999923706055,59.02000045776367,44.90606689453125,380700,0.0,False
2014-03-18,59.20000076293945,59.540000915527344,59.130001068115234,59.470001220703125,45.24845886230469,248100,0.0,False
2014-03-19,59.5,59.5,58.599998474121094,58.88999938964844,44.807159423828125,306800,0.0,False
2014-03-20,58.84000015258789,59.099998474121094,58.5099983215332,59.0,44.89086151123047,109400,0.0,False
2014-03-21,59.33000183105469,59.45000076293945,58.83000183105469,58.900001525878906,44.81477737426758,169900,0.0,False
2014-03-24,59.189998626708984,59.22999954223633,58.56999969482422,58.849998474121094,44.77671813964844,486700,0.0,False
2014-03-25,58.88999938964844,59.0099983215332,58.599998474121094,58.880001068115234,45.055259704589844,269300,0.0,False
2014-03-26,59.099998474121094,59.279998779296875,58.63999938964844,58.63999938964844,44.87160873413086,345900,0.0,False
2014-03-27,58.63999938964844,58.939998626708984,58.560001373291016,58.790000915527344,44.98638916015625,245000,0.0,False
2014-03-28,59.13999938964844,59.41999816894531,59.06999969482422,59.15999984741211,45.26951599121094,399500,0.0,False
2014-03-31,59.540000915527344,59.75,59.52000045776367,59.66999816894531,45.659767150878906,381700,0.0,False
2014-04-01,59.88999938964844,60.150001525878906,59.84000015258789,60.11000061035156,45.996456146240234,422800,0.0,False
2014-04-02,60.099998474121094,60.25,60.0,60.20000076293945,46.06534194946289,382900,0.0,False
2014-04-03,60.150001525878906,60.220001220703125,59.849998474121094,60.06999969482422,45.965858459472656,440900,0.0,False
2014-04-04,60.369998931884766,60.43000030517578,59.47999954223633,59.54999923706055,45.56795883178711,312400,0.0,False
2014-04-07,59.599998474121094,59.66999816894531,58.970001220703125,59.13999938964844,45.25422286987305,143200,0.0,False
2014-04-08,59.099998474121094,59.45000076293945,59.0,59.36000061035156,45.422576904296875,193300,0.0,False
2014-04-09,59.4900016784668,60.060001373291016,59.41999816894531,60.060001373291016,45.95820999145508,331300,0.0,False
2014-04-10,60.029998779296875,60.029998779296875,58.84000015258789,58.95000076293945,45.10882568359375,214000,0.0,False
2014-04-11,58.7599983215332,58.95000076293945,58.40999984741211,58.4900016784668,44.756839752197266,485100,0.0,False
2014-04-14,58.68000030517578,58.959999084472656,58.45000076293945,58.810001373291016,45.001712799072266,689800,0.0,False
2014-04-15,58.810001373291016,58.95000076293945,58.040000915527344,58.79999923706055,44.994049072265625,237100,0.0,False
2014-04-16,59.27000045776367,59.41999816894531,59.06999969482422,59.41999816894531,45.468475341796875,1145400,0.0,False
2014-04-17,59.380001068115234,59.77000045776367,59.36000061035156,59.65999984741211,45.65210723876953,169200,0.0,False
2014-04-21,59.72999954223633,59.790000915527344,59.560001373291016,59.75,45.72100067138672,159400,0.0,False
2014-04-22,59.880001068115234,60.11000061035156,59.810001373291016,59.970001220703125,45.88933563232422,182900,0.0,False
2014-04-23,59.9900016784668,60.0099983215332,59.779998779296875,59.849998474121094,45.797508239746094,154400,0.0,False
2014-04-24,59.88999938964844,60.06999969482422,59.560001373291016,59.880001068115234,45.82046890258789,310100,0.0,False
2014-04-25,59.65999984741211,59.66999816894531,59.29999923706055,59.40999984741211,45.46082305908203,118900,0.0,False
2014-04-28,59.619998931884766,59.77000045776367,59.099998474121094,59.59000015258789,45.59854507446289,200400,0.0,False
2014-04-29,59.650001525878906,59.9900016784668,59.599998474121094,59.88999938964844,45.828121185302734,99100,0.0,False
2014-04-30,59.849998474121094,60.15999984741211,59.709999084472656,60.11000061035156,45.996456146240234,1324700,0.0,False
2014-05-01,60.220001220703125,60.34000015258789,60.040000915527344,60.22999954223633,46.088279724121094,145700,0.0,False
2014-05-02,60.150001525878906,60.45000076293945,60.150001525878906,60.25,46.10359573364258,152200,0.0,False
2014-05-05,60.0,60.279998779296875,59.77000045776367,60.2599983215332,46.111244201660156,301500,0.0,False
2014-05-06,60.279998779296875,60.279998779296875,59.95000076293945,59.9900016784668,45.9046516418457,266300,0.0,False
2014-05-07,60.20000076293945,60.25,59.75,60.2400016784668,46.095951080322266,140800,0.0,False
2014-05-08,60.290000915527344,60.529998779296875,60.029998779296875,60.150001525878906,46.02708053588867,106800,0.0,False
2014-05-09,60.150001525878906,60.189998626708984,59.849998474121094,60.16999816894531,46.04239273071289,94600,0.0,False
2014-05-12,60.52000045776367,60.75,60.45000076293945,60.70000076293945,46.447940826416016,239600,0.0,False
2014-05-13,60.79999923706055,60.79999923706055,60.619998931884766,60.66999816894531,46.42498016357422,244900,0.0,False
2014-05-14,60.650001525878906,60.7400016784668,60.45000076293945,60.52000045776367,46.31021499633789,115600,0.0,False
2014-05-15,60.459999084472656,60.56999969482422,59.84000015258789,60.09000015258789,45.981163024902344,189500,0.0,False
2014-05-16,60.290000915527344,60.369998931884766,60.0,60.36000061035156,46.18776321411133,174800,0.0,False
2014-05-19,60.25,60.45000076293945,60.16999816894531,60.41999816894531,46.23367691040039,89300,0.0,False
2014-05-20,60.349998474121094,60.400001525878906,59.880001068115234,60.02000045776367,45.9276008605957,142900,0.0,False
2014-05-21,60.2400016784668,60.470001220703125,60.22999954223633,60.43000030517578,46.24131774902344,255600,0.0,False
2014-05-22,60.5,60.7599983215332,60.4900016784668,60.66999816894531,46.42498016357422,165100,0.0,False
2014-05-23,60.77000045776367,60.95000076293945,60.720001220703125,60.93000030517578,46.623931884765625,212300,0.0,False
2014-05-27,61.0,61.34000015258789,61.0,61.209999084472656,46.83818817138672,196600,0.0,False
2014-05-28,61.2400016784668,61.2599983215332,61.0,61.099998474121094,46.754032135009766,138300,0.0,False
2014-05-29,61.27000045776367,61.470001220703125,61.18000030517578,61.470001220703125,47.037139892578125,271900,0.0,False
2014-05-30,61.459999084472656,61.459999084472656,61.22999954223633,61.34000015258789,46.93766403198242,317600,0.0,False
2014-06-02,61.4900016784668,61.59000015258789,61.31999969482422,61.58000183105469,47.12131881713867,222000,0.0,False
2014-06-03,61.45000076293945,61.5,61.310001373291016,61.4900016784668,47.052452087402344,110500,0.0,False
2014-06-04,61.400001525878906,61.560001373291016,61.2599983215332,61.54999923706055,47.09836959838867,132300,0.0,False
2014-06-05,61.72999954223633,62.040000915527344,61.5,62.0099983215332,47.45036315917969,337300,0.0,False
2014-06-06,62.22999954223633,62.369998931884766,62.13999938964844,62.349998474121094,47.71052169799805,159500,0.0,False
2014-06-09,62.33000183105469,62.4900016784668,62.25,62.41999816894531,47.76408767700195,191200,0.0,False
2014-06-10,62.380001068115234,62.380001068115234,62.13999938964844,62.369998931884766,47.72583770751953,165700,0.0,False
2014-06-11,62.22999954223633,62.22999954223633,62.04999923706055,62.150001525878906,47.55747604370117,212700,0.0,False
2014-06-12,62.0,62.189998626708984,61.790000915527344,61.90999984741211,47.373844146728516,268400,0.0,False
2014-06-13,62.0,62.09000015258789,61.810001373291016,62.08000183105469,47.503910064697266,134600,0.0,False
2014-06-16,62.0099983215332,62.130001068115234,61.900001525878906,62.040000915527344,47.47331237792969,93600,0.0,False
2014-06-17,61.959999084472656,62.189998626708984,61.869998931884766,62.15999984741211,47.56513977050781,211200,0.0,False
2014-06-18,62.15999984741211,62.58000183105469,62.0099983215332,62.52000045776367,47.840599060058594,387600,0.0,False
2014-06-19,62.709999084472656,62.779998779296875,62.52000045776367,62.630001068115234,47.924781799316406,127500,0.0,False
2014-06-20,62.77000045776367,62.77000045776367,62.619998931884766,62.72999954223633,48.001285552978516,127000,0.0,False
2014-06-23,62.66999816894531,62.689998626708984,62.5099983215332,62.630001068115234,47.924781799316406,568600,0.0,False
2014-06-24,62.2599983215332,62.36000061035156,61.81999969482422,61.86000061035156,47.68811798095703,339900,0.0,False
2014-06-25,61.7599983215332,62.0,61.70000076293945,61.970001220703125,47.77291488647461,381100,0.0,False
2014-06-26,62.08000183105469,62.08000183105469,61.59000015258789,61.959999084472656,47.76521301269531,378100,0.0,False
2014-06-27,61.880001068115234,62.189998626708984,61.880001068115234,62.16999816894531,47.92708969116211,190700,0.0,False
2014-06-30,62.15999984741211,62.29999923706055,62.09000015258789,62.22999954223633,47.97334671020508,1468100,0.0,False
2014-07-01,62.47999954223633,62.869998931884766,62.459999084472656,62.7599983215332,48.38193130493164,268600,0.0,False
2014-07-02,62.779998779296875,62.91999816894531,62.75,62.810001373291016,48.420467376708984,228100,0.0,False
2014-07-03,62.970001220703125,63.119998931884766,62.810001373291016,63.09000015258789,48.63633728027344,97600,0.0,False
2014-07-07,62.90999984741211,62.90999984741211,62.599998474121094,62.689998626708984,48.32796859741211,496300,0.0,False
2014-07-08,62.540000915527344,62.650001525878906,62.040000915527344,62.189998626708984,47.942508697509766,275800,0.0,False
2014-07-09,62.310001373291016,62.5,62.189998626708984,62.45000076293945,48.14295196533203,238900,0.0,False
2014-07-10,61.7400016784668,62.119998931884766,61.54999923706055,62.040000915527344,47.826881408691406,314900,0.0,False
2014-07-11,62.06999969482422,62.09000015258789,61.849998474121094,62.060001373291016,47.842308044433594,124500,0.0,False
2014-07-14,62.47999954223633,62.5,62.380001068115234,62.43000030517578,48.12752914428711,113400,0.0,False
2014-07-15,62.5099983215332,62.529998779296875,62.029998779296875,62.2400016784668,47.98106002807617,180400,0.0,False
2014-07-16,62.63999938964844,62.63999938964844,62.369998931884766,62.5099983215332,48.1891975402832,266700,0.0,False
2014-07-17,62.33000183105469,62.459999084472656,61.66999816894531,61.7400016784668,47.595611572265625,234600,0.0,False
2014-07-18,61.939998626708984,62.459999084472656,61.810001373291016,62.38999938964844,48.09669494628906,153400,0.0,False
2014-07-21,62.209999084472656,62.279998779296875,61.959999084472656,62.25,47.988765716552734,186600,0.0,False
2014-07-22,62.58000183105469,62.68000030517578,62.5,62.560001373291016,48.227745056152344,639500,0.0,False
2014-07-23,62.75,62.77000045776367,62.599998474121094,62.720001220703125,48.3510856628418,120000,0.0,False
2014-07-24,62.90999984741211,62.90999984741211,62.720001220703125,62.77000045776367,48.389644622802734,195600,0.0,False
2014-07-25,62.70000076293945,62.72999954223633,62.33000183105469,62.5099983215332,48.1891975402832,377200,0.0,False
2014-07-28,62.540000915527344,62.58000183105469,62.209999084472656,62.5099983215332,48.1891975402832,919000,0.0,False
2014-07-29,62.709999084472656,62.709999084472656,62.209999084472656,62.22999954223633,47.97334671020508,400400,0.0,False
2014-07-30,62.439998626708984,62.47999954223633,62.029998779296875,62.2599983215332,47.996482849121094,122600,0.0,False
2014-07-31,61.900001525878906,61.90999984741211,61.119998931884766,61.13999938964844,47.133079528808594,227600,0.0,False
2014-08-01,61.130001068115234,61.209999084472656,60.630001068115234,60.93000030517578,46.9711799621582,323100,0.0,False
2014-08-04,61.099998474121094,61.43000030517578,60.81999969482422,61.31999969482422,47.27182388305664,345600,0.0,False
2014-08-05,61.06999969482422,61.09000015258789,60.47999954223633,60.70000076293945,46.79386520385742,259600,0.0,False
2014-08-06,60.36000061035156,60.790000915527344,60.29999923706055,60.630001068115234,46.73989486694336,206800,0.0,False
2014-08-07,60.849998474121094,60.849998474121094,60.09000015258789,60.2599983215332,46.45466613769531,348500,0.0,False
2014-08-08,60.20000076293945,60.72999954223633,60.13999938964844,60.709999084472656,46.801578521728516,298600,0.0,False
2014-08-11,61.0,61.18000030517578,60.88999938964844,61.0,47.02512741088867,237400,0.0,False
2014-08-12,60.959999084472656,61.08000183105469,60.779998779296875,60.93000030517578,46.9711799621582,246900,0.0,False
2014-08-13,61.11000061035156,61.349998474121094,61.099998474121094,61.290000915527344,47.248695373535156,148600,0.0,False
2014-08-14,61.41999816894531,61.58000183105469,61.41999816894531,61.58000183105469,47.472251892089844,98800,0.0,False
2014-08-15,61.630001068115234,61.90999984741211,61.11000061035156,61.54999923706055,47.44914627075195,157700,0.0,False
2014-08-18,61.93000030517578,62.09000015258789,61.779998779296875,62.08000183105469,47.85770797729492,135200,0.0,False
2014-08-19,62.099998474121094,62.279998779296875,62.08000183105469,62.2400016784668,47.98106002807617,209000,0.0,False
2014-08-20,62.119998931884766,62.36000061035156,62.09000015258789,62.290000915527344,48.01960372924805,114000,0.0,False
2014-08-21,62.349998474121094,62.4900016784668,62.27000045776367,62.41999816894531,48.11983108520508,694100,0.0,False
2014-08-22,62.400001525878906,62.45000076293945,62.189998626708984,62.36000061035156,48.07355499267578,151700,0.0,False
2014-08-25,62.63999938964844,62.7599983215332,62.54999923706055,62.650001525878906,48.29712677001953,292900,0.0,False
2014-08-26,62.66999816894531,62.869998931884766,62.66999816894531,62.709999084472656,48.343379974365234,426500,0.0,False
2014-08-27,62.79999923706055,62.86000061035156,62.709999084472656,62.81999969482422,48.428184509277344,101000,0.0,False
2014-08-28,62.59000015258789,62.650001525878906,62.45000076293945,62.61000061035156,48.26631164550781,178400,0.0,False
2014-08-29,62.63999938964844,62.779998779296875,62.5099983215332,62.7599983215332,48.38193130493164,202500,0.0,False
2014-09-02,62.880001068115234,62.93000030517578,62.63999938964844,62.86000061035156,48.45901870727539,324800,0.0,False
2014-09-03,63.150001525878906,63.349998474121094,62.91999816894531,62.9900016784668,48.55924987792969,285900,0.0,False
2014-09-04,63.11000061035156,63.209999084472656,62.689998626708984,62.790000915527344,48.405052185058594,174000,0.0,False
2014-09-05,62.7400016784668,62.970001220703125,62.540000915527344,62.93000030517578,48.51298904418945,207000,0.0,False
2014-09-08,62.650001525878906,62.810001373291016,62.400001525878906,62.54999923706055,48.220027923583984,413100,0.0,False
2014-09-09,62.5,62.5,62.060001373291016,62.220001220703125,47.965641021728516,213300,0.0,False
2014-09-10,62.13999938964844,62.45000076293945,62.029998779296875,62.43000030517578,48.12752914428711,264000,0.0,False
2014-09-11,62.279998779296875,62.29999923706055,62.0,62.29999923706055,48.027320861816406,233800,0.0,False
2014-09-12,62.31999969482422,62.31999969482422,61.81999969482422,61.9900016784668,47.7883415222168,176600,0.0,False
2014-09-15,61.970001220703125,61.9900016784668,61.7400016784668,61.86000061035156,47.68811798095703,173700,0.0,False
2014-09-16,61.70000076293945,62.36000061035156,61.619998931884766,62.27000045776367,48.004180908203125,382700,0.0,False
2014-09-17,62.2599983215332,62.380001068115234,61.95000076293945,62.040000915527344,47.826881408691406,398100,0.0,False
2014-09-18,62.27000045776367,62.400001525878906,62.20000076293945,62.349998474121094,48.065853118896484,842200,0.0,False
2014-09-19,62.47999954223633,62.5099983215332,62.04999923706055,62.099998474121094,47.873138427734375,121700,0.0,False
2014-09-22,62.04999923706055,62.09000015258789,61.529998779296875,61.63999938964844,47.518516540527344,308200,0.0,False
2014-09-23,61.40999984741211,61.58000183105469,61.20000076293945,61.220001220703125,47.19473648071289,277300,0.0,False
2014-09-24,60.959999084472656,61.470001220703125,60.880001068115234,61.41999816894531,47.573490142822266,159700,0.0,False
2014-09-25,61.029998779296875,61.11000061035156,60.38999938964844,60.41999816894531,46.79895782470703,288700,0.0,False
2014-09-26,60.5099983215332,60.88999938964844,60.45000076293945,60.77000045776367,47.07002639770508,116800,0.0,False
2014-09-29,60.22999954223633,60.54999923706055,60.060001373291016,60.470001220703125,46.83767318725586,343000,0.0,False
2014-09-30,60.5099983215332,60.56999969482422,60.130001068115234,60.380001068115234,46.76796340942383,294600,0.0,False
2014-10-01,60.08000183105469,60.150001525878906,59.40999984741211,59.47999954223633,46.07084655761719,378600,0.0,False
2014-10-02,59.41999816894531,59.459999084472656,58.709999084472656,59.29999923706055,45.93142318725586,290600,0.0,False
2014-10-03,59.529998779296875,59.790000915527344,59.380001068115234,59.72999954223633,46.264488220214844,988300,0.0,False
2014-10-06,60.060001373291016,60.06999969482422,59.58000183105469,59.790000915527344,46.31097412109375,430300,0.0,False
2014-10-07,59.540000915527344,59.560001373291016,58.90999984741211,58.95000076293945,45.66033935546875,318700,0.0,False
2014-10-08,58.95000076293945,59.91999816894531,58.630001068115234,59.869998931884766,46.37293243408203,346100,0.0,False
2014-10-09,59.65999984741211,59.65999984741211,58.4900016784668,58.5,45.31178283691406,889100,0.0,False
2014-10-10,58.439998626708984,58.540000915527344,57.65999984741211,57.65999984741211,44.66114807128906,585800,0.0,False
2014-10-13,57.970001220703125,58.20000076293945,57.22999954223633,57.2599983215332,44.3513298034668,307400,0.0,False
2014-10-14,57.470001220703125,57.880001068115234,57.20000076293945,57.34000015258789,44.41327667236328,524800,0.0,False
2014-10-15,56.77000045776367,57.119998931884766,55.77000045776367,56.959999084472656,44.11896514892578,1341800,0.0,False
2014-10-16,55.939998626708984,57.29999923706055,55.79999923706055,56.88999938964844,44.064735412597656,754400,0.0,False
2014-10-17,57.540000915527344,57.869998931884766,57.369998931884766,57.599998474121094,44.61469268798828,432300,0.0,False
2014-10-20,57.599998474121094,58.119998931884766,57.5099983215332,58.099998474121094,45.001956939697266,369600,0.0,False
2014-10-21,58.40999984741211,59.0,58.349998474121094,58.939998626708984,45.652587890625,380400,0.0,False
2014-10-22,58.939998626708984,59.09000015258789,58.41999816894531,58.41999816894531,45.24980926513672,375500,0.0,False
2014-10-23,59.040000915527344,59.380001068115234,58.900001525878906,59.040000915527344,45.73004150390625,279000,0.0,False
2014-10-24,59.13999938964844,59.380001068115234,58.900001525878906,59.349998474121094,45.970157623291016,463700,0.0,False
2014-10-27,59.119998931884766,59.33000183105469,58.880001068115234,59.27000045776367,45.908203125,171600,0.0,False
2014-10-28,59.5099983215332,60.040000915527344,59.5,60.040000915527344,46.504608154296875,527000,0.0,False
2014-10-29,60.18000030517578,60.2599983215332,59.540000915527344,59.83000183105469,46.34195327758789,342200,0.0,False
2014-10-30,59.68000030517578,60.310001373291016,59.58000183105469,60.15999984741211,46.597557067871094,306100,0.0,False
2014-10-31,60.91999816894531,60.9900016784668,60.630001068115234,60.95000076293945,47.209449768066406,637500,0.0,False
2014-11-03,60.88999938964844,60.91999816894531,60.630001068115234,60.72999954223633,47.03903579711914,366100,0.0,False
2014-11-04,60.58000183105469,60.59000015258789,60.15999984741211,60.5099983215332,46.868648529052734,336000,0.0,False
2014-11-05,60.7400016784668,60.7400016784668,60.38999938964844,60.650001525878906,46.977073669433594,361400,0.0,False
2014-11-06,60.66999816894531,60.720001220703125,60.38999938964844,60.689998626708984,47.00807571411133,1266600,0.0,False
2014-11-07,60.599998474121094,60.7400016784668,60.400001525878906,60.72999954223633,47.03903579711914,428800,0.0,False
2014-11-10,60.77000045776367,60.97999954223633,60.7400016784668,60.90999984741211,47.17848205566406,236500,0.0,False
2014-11-11,61.02000045776367,61.08000183105469,60.869998931884766,61.06999969482422,47.302391052246094,317600,0.0,False
2014-11-12,60.84000015258789,60.959999084472656,60.709999084472656,60.91999816894531,47.18621826171875,254000,0.0,False
2014-11-13,61.0,61.15999984741211,60.72999954223633,60.900001525878906,47.17072677612305,353200,0.0,False
2014-11-14,60.900001525878906,61.060001373291016,60.810001373291016,61.060001373291016,47.29467010498047,367000,0.0,False
2014-11-17,60.880001068115234,61.0,60.7599983215332,60.95000076293945,47.209449768066406,199400,0.0,False
2014-11-18,61.029998779296875,61.47999954223633,61.029998779296875,61.349998474121094,47.519287109375,191800,0.0,False
2014-11-19,61.36000061035156,61.41999816894531,61.0,61.290000915527344,47.472808837890625,162300,0.0,False
2014-11-20,61.0,61.2400016784668,60.900001525878906,61.209999084472656,47.41083526611328,284200,0.0,False
2014-11-21,61.959999084472656,62.0,61.54999923706055,61.72999954223633,47.813602447509766,367300,0.0,False
2014-11-24,61.900001525878906,61.91999816894531,61.709999084472656,61.849998474121094,47.90656280517578,303000,0.0,False
2014-11-25,61.90999984741211,62.0,61.779998779296875,61.90999984741211,47.953025817871094,211200,0.0,False
2014-11-26,61.9900016784668,62.119998931884766,61.90999984741211,62.06999969482422,48.07695388793945,202100,0.0,False
2014-11-28,61.88999938964844,61.95000076293945,61.66999816894531,61.720001220703125,47.805877685546875,221200,0.0,False
2014-12-01,61.540000915527344,61.54999923706055,61.130001068115234,61.2599983215332,47.449562072753906,330700,0.0,False
2014-12-02,61.310001373291016,61.54999923706055,61.2599983215332,61.47999954223633,47.61997604370117,424000,0.0,False
2014-12-03,61.52000045776367,61.75,61.43000030517578,61.720001220703125,47.805877685546875,193700,0.0,False
2014-12-04,61.650001525878906,61.720001220703125,61.33000183105469,61.560001373291016,47.68193817138672,628200,0.0,False
2014-12-05,61.599998474121094,61.77000045776367,61.529998779296875,61.650001525878906,47.751644134521484,333400,0.0,False
2014-12-08,61.54999923706055,61.59000015258789,60.959999084472656,61.130001068115234,47.348876953125,620800,0.0,False
2014-12-09,60.72999954223633,61.029998779296875,60.369998931884766,60.939998626708984,47.20172119140625,434200,0.0,False
2014-12-10,60.88999938964844,61.0,59.97999954223633,60.060001373291016,46.52011489868164,525400,0.0,False
2014-12-11,60.150001525878906,60.619998931884766,59.970001220703125,60.06999969482422,46.527828216552734,945400,0.0,False
2014-12-12,59.88999938964844,59.93000030517578,59.04999923706055,59.06999969482422,45.75327682495117,299500,0.0,False
2014-12-15,59.2400016784668,59.38999938964844,58.25,58.43000030517578,45.257568359375,444600,0.0,False
2014-12-16,58.2400016784668,59.27000045776367,58.13999938964844,58.33000183105469,45.18011474609375,411000,0.0,False
2014-12-17,59.81999969482422,59.869998931884766,58.43000030517578,59.45000076293945,46.0476188659668,712100,0.0,False
2014-12-18,60.16999816894531,60.5,59.86000061035156,60.4900016784668,46.85316848754883,2592800,0.0,False
2014-12-19,60.5099983215332,60.88999938964844,60.400001525878906,60.689998626708984,47.00807571411133,494500,0.0,False
2014-12-22,60.25,60.65999984741211,60.25,60.65999984741211,47.27931213378906,470800,0.0,False
2014-12-23,60.68000030517578,60.77000045776367,60.58000183105469,60.630001068115234,47.255924224853516,371000,0.0,False
2014-12-24,60.790000915527344,60.90999984741211,60.70000076293945,60.79999923706055,47.388431549072266,300800,0.0,False
2014-12-26,60.91999816894531,61.16999816894531,60.900001525878906,61.06999969482422,47.59885787963867,451100,0.0,False
2014-12-29,60.900001525878906,61.0,60.810001373291016,60.90999984741211,47.47416687011719,385100,0.0,False
2014-12-30,60.75,62.0,60.54999923706055,60.59000015258789,47.22474670410156,851400,0.0,False
2014-12-31,60.7599983215332,60.7599983215332,60.060001373291016,60.119998931884766,46.85841369628906,389800,0.0,False
2015-01-02,60.15999984741211,60.43000030517578,59.709999084472656,59.959999084472656,46.73371124267578,527300,0.0,False
2015-01-05,59.650001525878906,59.65999984741211,58.689998626708984,58.79999923706055,45.82960510253906,790700,0.0,False
2015-01-06,58.90999984741211,59.02000045776367,58.0099983215332,58.209999084472656,45.36973571777344,691500,0.0,False
2015-01-07,58.68000030517578,59.0,58.4900016784668,58.959999084472656,45.95430374145508,334800,0.0,False
2015-01-08,59.369998931884766,59.91999816894531,59.119998931884766,59.849998474121094,46.64797592163086,370500,0.0,False
2015-01-09,59.900001525878906,59.900001525878906,59.25,59.45000076293945,46.336204528808594,652400,0.0,False
2015-01-12,59.59000015258789,59.59000015258789,58.869998931884766,59.13999938964844,46.0946044921875,379800,0.0,False
2015-01-13,59.65999984741211,59.939998626708984,58.75,59.18000030517578,46.12577819824219,637600,0.0,False
2015-01-14,58.75,58.959999084472656,58.33000183105469,58.90999984741211,45.91533660888672,358200,0.0,False
2015-01-15,59.29999923706055,59.369998931884766,58.70000076293945,58.720001220703125,45.76725769042969,281700,0.0,False
2015-01-16,58.630001068115234,59.470001220703125,58.619998931884766,59.439998626708984,46.32841873168945,252900,0.0,False
2015-01-20,59.75,59.810001373291016,59.15999984741211,59.54999923706055,46.41415786743164,771800,0.0,False
2015-01-21,59.68000030517578,60.0,59.41999816894531,59.9900016784668,46.757083892822266,424300,0.0,False
2015-01-22,60.18000030517578,60.72999954223633,59.77000045776367,60.68000030517578,47.294891357421875,373100,0.0,False
2015-01-23,60.560001373291016,60.560001373291016,60.22999954223633,60.22999954223633,46.944156646728516,459100,0.0,False
2015-01-26,60.45000076293945,60.720001220703125,60.150001525878906,60.63999938964844,47.26371765136719,346800,0.0,False
2015-01-27,60.20000076293945,60.529998779296875,60.0099983215332,60.2599983215332,46.96754837036133,735000,0.0,False
2015-01-28,60.66999816894531,60.66999816894531,59.45000076293945,59.5,46.375186920166016,792400,0.0,False
2015-01-29,59.65999984741211,60.08000183105469,59.2599983215332,60.0,46.764888763427734,668300,0.0,False
2015-01-30,59.58000183105469,59.84000015258789,59.099998474121094,59.13999938964844,46.0946044921875,244000,0.0,False
2015-02-02,59.52000045776367,60.0,59.09000015258789,59.93000030517578,46.71033477783203,588200,0.0,False
2015-02-03,60.27000045776367,60.84000015258789,60.13999938964844,60.79999923706055,47.388431549072266,471300,0.0,False
2015-02-04,60.709999084472656,60.95000076293945,60.47999954223633,60.529998779296875,47.177982330322266,401000,0.0,False
2015-02-05,60.7599983215332,61.25,60.709999084472656,61.25,47.73915481567383,528000,0.0,False
2015-02-06,61.060001373291016,61.150001525878906,60.529998779296875,60.68000030517578,47.294891357421875,485900,0.0,False
2015-02-09,60.529998779296875,60.72999954223633,60.380001068115234,60.52000045776367,47.1701774597168,217200,0.0,False
2015-02-10,60.869998931884766,61.08000183105469,60.540000915527344,61.029998779296875,47.567691802978516,187000,0.0,False
2015-02-11,60.83000183105469,61.0,60.54999923706055,60.88999938964844,47.45857238769531,187200,0.0,False
2015-02-12,61.27000045776367,61.68000030517578,61.25,61.65999984741211,48.05872344970703,451100,0.0,False
2015-02-13,61.810001373291016,62.04999923706055,61.72999954223633,62.04999923706055,48.362693786621094,274100,0.0,False
2015-02-17,62.04999923706055,62.220001220703125,61.83000183105469,62.119998931884766,48.41725158691406,372500,0.0,False
2015-02-18,62.119998931884766,62.34000015258789,62.029998779296875,62.31999969482422,48.5731315612793,171600,0.0,False
2015-02-19,62.119998931884766,62.40999984741211,62.04999923706055,62.2400016784668,48.51078414916992,480900,0.0,False
2015-02-20,62.189998626708984,62.790000915527344,61.970001220703125,62.7400016784668,48.900489807128906,420900,0.0,False
2015-02-23,62.529998779296875,62.619998931884766,62.369998931884766,62.58000183105469,48.7757682800293,277600,0.0,False
2015-02-24,62.599998474121094,62.88999938964844,62.40999984741211,62.79999923706055,48.94724655151367,320700,0.0,False
2015-02-25,62.79999923706055,62.900001525878906,62.65999984741211,62.790000915527344,48.93946075439453,340700,0.0,False
2015-02-26,62.810001373291016,62.900001525878906,62.54999923706055,62.689998626708984,48.861515045166016,278200,0.0,False
2015-02-27,62.779998779296875,62.88999938964844,62.630001068115234,62.65999984741211,48.8381233215332,550500,0.0,False
2015-03-02,62.709999084472656,62.900001525878906,62.630001068115234,62.880001068115234,49.00959777832031,307200,0.0,False
2015-03-03,62.79999923706055,62.810001373291016,62.34000015258789,62.54999923706055,48.752403259277344,497800,0.0,False
2015-03-04,62.29999923706055,62.29999923706055,61.900001525878906,62.189998626708984,48.471805572509766,181700,0.0,False
2015-03-05,62.439998626708984,62.470001220703125,62.18000030517578,62.279998779296875,48.541954040527344,545300,0.0,False
2015-03-06,62.20000076293945,62.2400016784668,61.41999816894531,61.5099983215332,47.94179916381836,396300,0.0,False
2015-03-09,61.630001068115234,61.72999954223633,61.40999984741211,61.630001068115234,48.035343170166016,236700,0.0,False
2015-03-10,61.02000045776367,61.06999969482422,60.5,60.5099983215332,47.16238784790039,466800,0.0,False
2015-03-11,60.68000030517578,60.68000030517578,60.38999938964844,60.540000915527344,47.18578338623047,258300,0.0,False
2015-03-12,60.9900016784668,61.290000915527344,60.97999954223633,61.279998779296875,47.762542724609375,311400,0.0,False
2015-03-13,61.0099983215332,61.060001373291016,60.5099983215332,60.88999938964844,47.45857238769531,256300,0.0,False
2015-03-16,61.130001068115234,61.650001525878906,61.130001068115234,61.630001068115234,48.035343170166016,202700,0.0,False
2015-03-17,61.400001525878906,61.61000061035156,61.20000076293945,61.529998779296875,47.95738983154297,217400,0.0,False
2015-03-18,61.45000076293945,62.70000076293945,61.33000183105469,62.560001373291016,48.76019287109375,215000,0.0,False
2015-03-19,62.189998626708984,62.279998779296875,61.93000030517578,62.08000183105469,48.386085510253906,378100,0.0,False
2015-03-20,62.59000015258789,63.06999969482422,62.40999984741211,62.939998626708984,49.05636215209961,430400,0.0,False
2015-03-23,63.060001373291016,63.16999816894531,62.959999084472656,63.0099983215332,49.11092758178711,564700,0.0,False
2015-03-24,63.0099983215332,63.11000061035156,62.77000045776367,62.810001373291016,48.955047607421875,274100,0.0,False
2015-03-25,62.61000061035156,62.68000030517578,61.63999938964844,61.68000030517578,48.31584548950195,885700,0.0,False
2015-03-26,61.529998779296875,61.63999938964844,61.060001373291016,61.40999984741211,48.10435104370117,333400,0.0,False
2015-03-27,61.45000076293945,61.619998931884766,61.349998474121094,61.599998474121094,48.253177642822266,148900,0.0,False
2015-03-30,61.84000015258789,62.18000030517578,61.7599983215332,62.029998779296875,48.590023040771484,359700,0.0,False
2015-03-31,61.75,61.81999969482422,61.2599983215332,61.59000015258789,48.2453498840332,508800,0.0,False
2015-04-01,61.790000915527344,61.790000915527344,61.22999954223633,61.630001068115234,48.27667999267578,381900,0.0,False
2015-04-02,61.84000015258789,62.130001068115234,61.810001373291016,62.040000915527344,48.597843170166016,226800,0.0,False
2015-04-06,62.04999923706055,62.79999923706055,62.04999923706055,62.58000183105469,49.02083969116211,276600,0.0,False
2015-04-07,62.59000015258789,62.869998931884766,62.45000076293945,62.459999084472656,48.92685317993164,442600,0.0,False
2015-04-08,62.72999954223633,63.0099983215332,62.56999969482422,62.81999969482422,49.2088508605957,528800,0.0,False
2015-04-09,62.900001525878906,63.029998779296875,62.650001525878906,62.97999954223633,49.33417892456055,418600,0.0,False
2015-04-10,63.06999969482422,63.279998779296875,62.97999954223633,63.279998779296875,49.56917953491211,480300,0.0,False
2015-04-13,63.2400016784668,63.33000183105469,62.959999084472656,62.959999084472656,49.318504333496094,363800,0.0,False
2015-04-14,63.040000915527344,63.279998779296875,62.95000076293945,63.22999954223633,49.530006408691406,231000,0.0,False
2015-04-15,63.349998474121094,63.689998626708984,63.33000183105469,63.59000015258789,49.812015533447266,278200,0.0,False
2015-04-16,63.540000915527344,63.83000183105469,63.41999816894531,63.650001525878906,49.859012603759766,183800,0.0,False
2015-04-17,63.16999816894531,63.22999954223633,62.63999938964844,62.880001068115234,49.255836486816406,413900,0.0,False
2015-04-20,63.0099983215332,63.31999969482422,63.0,63.209999084472656,49.51433563232422,333400,0.0,False
2015-04-21,63.619998931884766,63.65999984741211,63.31999969482422,63.369998931884766,49.63968276977539,272500,0.0,False
2015-04-22,63.560001373291016,63.66999816894531,63.209999084472656,63.630001068115234,49.84333419799805,248300,0.0,False
2015-04-23,63.459999084472656,64.04000091552734,63.33000183105469,63.900001525878906,50.05485916137695,373600,0.0,False
2015-04-24,64.0999984741211,64.13999938964844,63.720001220703125,64.06999969482422,50.18801498413086,192200,0.0,False
2015-04-27,64.33000183105469,64.44000244140625,63.97999954223633,64.05999755859375,50.18018341064453,322300,0.0,False
2015-04-28,64.0999984741211,64.26000213623047,63.75,64.22000122070312,50.305511474609375,200400,0.0,False
2015-04-29,63.93000030517578,64.01000213623047,63.619998931884766,63.81999969482422,49.9921760559082,397900,0.0,False
2015-04-30,63.65999984741211,63.66999816894531,63.0,63.15999984741211,49.475181579589844,380500,0.0,False
2015-05-01,63.54999923706055,63.790000915527344,63.369998931884766,63.790000915527344,49.96867752075195,200800,0.0,False
2015-05-04,63.83000183105469,63.97999954223633,63.790000915527344,63.84000015258789,50.00784683227539,384600,0.0,False
2015-05-05,63.7599983215332,63.779998779296875,63.0,63.09000015258789,49.42033767700195,382200,0.0,False
2015-05-06,63.439998626708984,63.470001220703125,62.66999816894531,62.95000076293945,49.3106803894043,359100,0.0,False
2015-05-07,62.810001373291016,63.060001373291016,62.599998474121094,63.02000045776367,49.365509033203125,247200,0.0,False
2015-05-08,63.56999969482422,64.04000091552734,63.41999816894531,63.959999084472656,50.10184860229492,259200,0.0,False
2015-05-11,64.4000015258789,64.4000015258789,63.540000915527344,63.58000183105469,49.80419158935547,174900,0.0,False
2015-05-12,63.36000061035156,63.63999938964844,63.150001525878906,63.52000045776367,49.75718688964844,329700,0.0,False
2015-05-13,63.779998779296875,63.97999954223633,63.61000061035156,63.68000030517578,49.88250732421875,204000,0.0,False
2015-05-14,64.12999725341797,64.33999633789062,64.0199966430664,64.30999755859375,50.376014709472656,397900,0.0,False
2015-05-15,64.43000030517578,64.44000244140625,64.13999938964844,64.43000030517578,50.470001220703125,218900,0.0,False
2015-05-18,64.30000305175781,64.47000122070312,64.19999694824219,64.4000015258789,50.44650650024414,477700,0.0,False
2015-05-19,64.38999938964844,64.44000244140625,64.2300033569336,64.31999969482422,50.38383865356445,253500,0.0,False
2015-05-20,64.33999633789062,64.48999786376953,64.16999816894531,64.30000305175781,50.368186950683594,430900,0.0,False
2015-05-21,64.36000061035156,64.58999633789062,64.30000305175781,64.54000091552734,50.55617904663086,182400,0.0,False
2015-05-22,64.41000366210938,64.45999908447266,64.29000091552734,64.29000091552734,50.360347747802734,273500,0.0,False
2015-05-26,64.05999755859375,64.08000183105469,63.33000183105469,63.4900016784668,49.73366928100586,324400,0.0,False
2015-05-27,63.599998474121094,64.08000183105469,63.470001220703125,64.04000091552734,50.16451644897461,241700,0.0,False
2015-05-28,63.7599983215332,63.83000183105469,63.45000076293945,63.81999969482422,49.9921760559082,327700,0.0,False
2015-05-29,63.7599983215332,63.790000915527344,63.220001220703125,63.369998931884766,49.63968276977539,334100,0.0,False
2015-06-01,63.650001525878906,63.650001525878906,63.099998474121094,63.369998931884766,49.63968276977539,342600,0.0,False
2015-06-02,63.33000183105469,63.7400016784668,63.20000076293945,63.470001220703125,49.71800994873047,513100,0.0,False
2015-06-03,63.7400016784668,63.939998626708984,63.5,63.709999084472656,49.90602493286133,697100,0.0,False
2015-06-04,63.43000030517578,63.61000061035156,62.970001220703125,63.09000015258789,49.42033767700195,248500,0.0,False
2015-06-05,62.68000030517578,62.939998626708984,62.470001220703125,62.70000076293945,49.11484909057617,218500,0.0,False
2015-06-08,62.709999084472656,62.709999084472656,62.38999938964844,62.43000030517578,48.903343200683594,188000,0.0,False
2015-06-09,62.36000061035156,62.45000076293945,62.08000183105469,62.279998779296875,48.78583908081055,319200,0.0,False
2015-06-10,62.849998474121094,63.38999938964844,62.790000915527344,63.290000915527344,49.5770149230957,684400,0.0,False
2015-06-11,63.459999084472656,63.5099983215332,63.220001220703125,63.400001525878906,49.663185119628906,191500,0.0,False
2015-06-12,62.959999084472656,63.09000015258789,62.79999923706055,62.9900016784668,49.342018127441406,212400,0.0,False
2015-06-15,62.470001220703125,62.63999938964844,62.209999084472656,62.63999938964844,49.06785202026367,202400,0.0,False
2015-06-16,62.529998779296875,62.849998474121094,62.400001525878906,62.810001373291016,49.20100784301758,185700,0.0,False
2015-06-17,62.75,63.0,62.400001525878906,62.810001373291016,49.20100784301758,352100,0.0,False
2015-06-18,63.0,63.720001220703125,63.0,63.459999084472656,49.710174560546875,928600,0.0,False
2015-06-19,63.5,63.5,63.150001525878906,63.15999984741211,49.475181579589844,391800,0.0,False
2015-06-22,63.790000915527344,64.12999725341797,63.790000915527344,63.869998931884766,50.031341552734375,254600,0.0,False
2015-06-23,64.05000305175781,64.06999969482422,63.900001525878906,63.970001220703125,50.109676361083984,513700,0.0,False
2015-06-24,63.88999938964844,63.91999816894531,63.5,63.540000915527344,49.772850036621094,259500,0.0,False
2015-06-25,63.75,63.84000015258789,63.36000061035156,63.36000061035156,49.63184356689453,571900,0.0,False
2015-06-26,63.0,63.13999938964844,62.779998779296875,62.959999084472656,49.67365264892578,158000,0.0,False
2015-06-29,62.119998931884766,62.290000915527344,61.34000015258789,61.36000061035156,48.41130828857422,720100,0.0,False
2015-06-30,61.970001220703125,62.08000183105469,61.2400016784668,61.52000045776367,48.53754425048828,1504600,0.0,False
2015-07-01,62.33000183105469,62.33000183105469,61.630001068115234,61.849998474121094,48.79790496826172,1051300,0.0,False
2015-07-02,62.040000915527344,62.060001373291016,61.68000030517578,61.86000061035156,48.8057975769043,280900,0.0,False
2015-07-06,61.09000015258789,61.529998779296875,60.959999084472656,61.20000076293945,48.285072326660156,448400,0.0,False
2015-07-07,60.900001525878906,61.25,60.060001373291016,61.209999084472656,48.292964935302734,518600,0.0,False
2015-07-08,60.599998474121094,60.65999984741211,59.86000061035156,59.91999816894531,47.27518844604492,450700,0.0,False
2015-07-09,60.5099983215332,61.060001373291016,60.36000061035156,60.38999938964844,47.645999908447266,681200,0.0,False
2015-07-10,61.0,61.720001220703125,61.0,61.630001068115234,48.62432861328125,2195200,0.0,False
2015-07-13,62.0,62.11000061035156,61.95000076293945,62.060001373291016,48.96358871459961,432600,0.0,False
2015-07-14,62.130001068115234,62.47999954223633,62.09000015258789,62.43000030517578,49.2555046081543,610100,0.0,False
2015-07-15,62.40999984741211,62.439998626708984,62.09000015258789,62.25,49.11349868774414,1100700,0.0,False
2015-07-16,62.619998931884766,62.790000915527344,62.560001373291016,62.75,49.50798416137695,386200,0.0,False
2015-07-17,62.810001373291016,62.810001373291016,62.540000915527344,62.650001525878906,49.4290771484375,224200,0.0,False
2015-07-20,62.7400016784668,62.810001373291016,62.5,62.630001068115234,49.413307189941406,207700,0.0,False
2015-07-21,62.599998474121094,62.68000030517578,62.349998474121094,62.45000076293945,49.27128982543945,675000,0.0,False
2015-07-22,62.119998931884766,62.220001220703125,62.0,62.150001525878906,49.03459548950195,456700,0.0,False
2015-07-23,62.27000045776367,62.310001373291016,61.790000915527344,61.880001068115234,48.821571350097656,319000,0.0,False
2015-07-24,61.869998931884766,61.869998931884766,61.02000045776367,61.13999938964844,48.237728118896484,567700,0.0,False
2015-07-27,60.970001220703125,60.97999954223633,60.529998779296875,60.63999938964844,47.84324264526367,422700,0.0,False
2015-07-28,60.779998779296875,61.34000015258789,60.63999938964844,61.310001373291016,48.371864318847656,541300,0.0,False
2015-07-29,61.369998931884766,61.83000183105469,61.31999969482422,61.70000076293945,48.679561614990234,351500,0.0,False
2015-07-30,61.619998931884766,61.790000915527344,61.349998474121094,61.77000045776367,48.73478317260742,196800,0.0,False
2015-07-31,61.95000076293945,62.06999969482422,61.7400016784668,61.83000183105469,48.78211212158203,514400,0.0,False
2015-08-03,61.849998474121094,61.93000030517578,61.33000183105469,61.56999969482422,48.57699203491211,194200,0.0,False
2015-08-04,61.619998931884766,61.77000045776367,61.41999816894531,61.58000183105469,48.584869384765625,194900,0.0,False
2015-08-05,61.970001220703125,62.040000915527344,61.68000030517578,61.72999954223633,48.70322799682617,149400,0.0,False
2015-08-06,61.70000076293945,61.7599983215332,61.09000015258789,61.34000015258789,48.395530700683594,412800,0.0,False
2015-08-07,61.25,61.279998779296875,61.0,61.279998779296875,48.34818649291992,512200,0.0,False
2015-08-10,61.5,62.11000061035156,61.5,62.04999923706055,48.95569610595703,147800,0.0,False
2015-08-11,61.43000030517578,61.459999084472656,61.029998779296875,61.2599983215332,48.3324089050293,253500,0.0,False
2015-08-12,60.720001220703125,61.13999938964844,60.25,61.11000061035156,48.214080810546875,247200,0.0,False
2015-08-13,61.13999938964844,61.2400016784668,60.849998474121094,61.029998779296875,48.15095520019531,196600,0.0,False
2015-08-14,60.97999954223633,61.220001220703125,60.83000183105469,61.209999084472656,48.292964935302734,187300,0.0,False
2015-08-17,60.939998626708984,61.310001373291016,60.709999084472656,61.29999923706055,48.36396789550781,246900,0.0,False
2015-08-18,61.11000061035156,61.16999816894531,60.91999816894531,60.9900016784668,48.119388580322266,191200,0.0,False
2015-08-19,60.65999984741211,60.81999969482422,60.11000061035156,60.45000076293945,47.69334030151367,212200,0.0,False
2015-08-20,59.9900016784668,60.0,59.11000061035156,59.130001068115234,46.651912689208984,638600,0.0,False
2015-08-21,58.77000045776367,58.880001068115234,57.5,57.5,45.36587142944336,1260100,0.0,False
2015-08-24,54.70000076293945,56.75,53.099998474121094,55.22999954223633,43.57490539550781,2556100,0.0,False
2015-08-25,58.279998779296875,58.5099983215332,55.22999954223633,55.22999954223633,43.57490539550781,5114000,0.0,False
2015-08-26,55.779998779296875,56.880001068115234,55.34000015258789,56.849998474121094,44.85304641723633,3697600,0.0,False
2015-08-27,57.40999984741211,58.20000076293945,57.2599983215332,58.099998474121094,45.83926010131836,1172300,0.0,False
2015-08-28,57.84000015258789,58.16999816894531,57.779998779296875,58.099998474121094,45.83926010131836,1272200,0.0,False
2015-08-31,57.939998626708984,58.040000915527344,57.5099983215332,57.72999954223633,45.54734802246094,1016700,0.0,False
2015-09-01,57.15999984741211,57.15999984741211,55.70000076293945,55.91999816894531,44.11929702758789,1135200,0.0,False
2015-09-02,56.470001220703125,56.86000061035156,56.13999938964844,56.86000061035156,44.860923767089844,304900,0.0,False
2015-09-03,57.04999923706055,57.529998779296875,56.810001373291016,56.939998626708984,44.924049377441406,417500,0.0,False
2015-09-04,56.04999923706055,56.20000076293945,55.58000183105469,55.84000015258789,44.056182861328125,367700,0.0,False
2015-09-08,56.95000076293945,57.369998931884766,56.810001373291016,57.34000015258789,45.23963928222656,215500,0.0,False
2015-09-09,57.900001525878906,58.0,56.720001220703125,56.79999923706055,44.81360626220703,440700,0.0,False
2015-09-10,56.7400016784668,57.43000030517578,56.689998626708984,57.15999984741211,45.097633361816406,1908400,0.0,False
2015-09-11,56.90999984741211,57.29999923706055,56.75,57.279998779296875,45.19230270385742,280000,0.0,False
2015-09-14,57.209999084472656,57.209999084472656,56.810001373291016,57.0,44.971397399902344,262000,0.0,False
2015-09-15,57.09000015258789,57.65999984741211,56.95000076293945,57.59000015258789,45.436885833740234,178700,0.0,False
2015-09-16,57.91999816894531,58.349998474121094,57.83000183105469,58.31999969482422,46.01283645629883,145300,0.0,False
2015-09-17,58.15999984741211,59.09000015258789,58.09000015258789,58.31999969482422,46.01283645629883,407300,0.0,False
2015-09-18,57.470001220703125,57.7599983215332,57.060001373291016,57.189998626708984,45.12129592895508,677800,0.0,False
2015-09-21,57.380001068115234,57.619998931884766,57.0,57.2599983215332,45.17652130126953,677300,0.0,False
2015-09-22,56.40999984741211,56.43000030517578,55.880001068115234,56.27000045776367,44.395442962646484,546100,0.0,False
2015-09-23,56.2599983215332,56.400001525878906,55.86000061035156,56.02000045776367,44.19820022583008,695800,0.0,False
2015-09-24,55.650001525878906,55.93000030517578,55.20000076293945,55.849998474121094,44.064064025878906,293900,0.0,False
2015-09-25,56.130001068115234,56.20000076293945,55.400001525878906,55.61000061035156,44.09500503540039,613500,0.0,False
2015-09-28,55.310001373291016,55.4900016784668,54.25,54.31999969482422,43.07210922241211,974700,0.0,False
2015-09-29,54.43000030517578,54.70000076293945,54.04999923706055,54.36000061035156,43.10383605957031,373500,0.0,False
2015-09-30,54.97999954223633,55.40999984741211,54.77000045776367,55.310001373291016,43.85711669921875,730800,0.0,False
2015-10-01,55.75,55.779998779296875,54.95000076293945,55.54999923706055,44.047420501708984,3251800,0.0,False
2015-10-02,55.150001525878906,56.470001220703125,54.95000076293945,56.470001220703125,44.77692413330078,712300,0.0,False
2015-10-05,56.9900016784668,57.63999938964844,56.939998626708984,57.599998474121094,45.672943115234375,687300,0.0,False
2015-10-06,57.58000183105469,57.7400016784668,57.31999969482422,57.52000045776367,45.6095085144043,422200,0.0,False
2015-10-07,58.02000045776367,58.349998474121094,57.7400016784668,58.2400016784668,46.1804084777832,428200,0.0,False
2015-10-08,58.0099983215332,58.77000045776367,57.93000030517578,58.7400016784668,46.576873779296875,348600,0.0,False
2015-10-09,58.790000915527344,58.959999084472656,58.63999938964844,58.83000183105469,46.64824676513672,748400,0.0,False
2015-10-12,58.81999969482422,58.81999969482422,58.619998931884766,58.72999954223633,46.5689582824707,280100,0.0,False
2015-10-13,58.29999923706055,58.70000076293945,58.099998474121094,58.13999938964844,46.10112380981445,231800,0.0,False
2015-10-14,58.2599983215332,58.459999084472656,58.0099983215332,58.11000061035156,46.07732391357422,327000,0.0,False
2015-10-15,58.4900016784668,59.040000915527344,58.33000183105469,59.029998779296875,46.80683135986328,169800,0.0,False
2015-10-16,59.06999969482422,59.130001068115234,58.81999969482422,59.11000061035156,46.870269775390625,323500,0.0,False
2015-10-19,58.88999938964844,59.0,58.720001220703125,58.970001220703125,46.75926208496094,196700,0.0,False
2015-10-20,58.90999984741211,59.130001068115234,58.81999969482422,58.900001525878906,46.70375061035156,316500,0.0,False
2015-10-21,59.11000061035156,59.119998931884766,58.4900016784668,58.540000915527344,46.418296813964844,426300,0.0,False
2015-10-22,58.880001068115234,59.459999084472656,58.84000015258789,59.33000183105469,47.044708251953125,348500,0.0,False
2015-10-23,59.869998931884766,59.97999954223633,59.540000915527344,59.880001068115234,47.48081588745117,558700,0.0,False
2015-10-26,59.849998474121094,59.86000061035156,59.630001068115234,59.70000076293945,47.338104248046875,351400,0.0,False
2015-10-27,59.380001068115234,59.45000076293945,59.13999938964844,59.33000183105469,47.044708251953125,390900,0.0,False
2015-10-28,59.540000915527344,59.970001220703125,59.209999084472656,59.83000183105469,47.4411735534668,322300,0.0,False
2015-10-29,59.47999954223633,59.650001525878906,59.38999938964844,59.54999923706055,47.219154357910156,206900,0.0,False
2015-10-30,59.61000061035156,59.72999954223633,59.34000015258789,59.34000015258789,47.05264663696289,303700,0.0,False
2015-11-02,59.56999969482422,60.11000061035156,59.56999969482422,60.09000015258789,47.647342681884766,636600,0.0,False
2015-11-03,59.88999938964844,60.459999084472656,59.869998931884766,60.290000915527344,47.805938720703125,224900,0.0,False
2015-11-04,60.400001525878906,60.400001525878906,59.81999969482422,60.0099983215332,47.58390808105469,963400,0.0,False
2015-11-05,60.09000015258789,60.31999969482422,59.66999816894531,59.93000030517578,47.52046585083008,654800,0.0,False
2015-11-06,59.68000030517578,59.7599983215332,59.310001373291016,59.72999954223633,47.36188888549805,320600,0.0,False
2015-11-09,59.54999923706055,59.560001373291016,58.900001525878906,59.15999984741211,46.909912109375,421800,0.0,False
2015-11-10,58.970001220703125,59.15999984741211,58.810001373291016,59.130001068115234,46.88612747192383,452700,0.0,False
2015-11-11,59.38999938964844,59.45000076293945,59.08000183105469,59.09000015258789,46.85439682006836,285300,0.0,False
2015-11-12,58.77000045776367,58.88999938964844,58.369998931884766,58.38999938964844,46.29934310913086,274300,0.0,False
2015-11-13,58.119998931884766,58.150001525878906,57.66999816894531,57.7400016784668,45.78395462036133,690200,0.0,False
2015-11-16,57.779998779296875,58.5099983215332,57.7400016784668,58.5,46.38656997680664,580200,0.0,False
2015-11-17,58.619998931884766,58.91999816894531,58.36000061035156,58.47999954223633,46.37071228027344,652500,0.0,False
2015-11-18,58.689998626708984,59.29999923706055,58.619998931884766,59.2400016784668,46.973350524902344,594300,0.0,False
2015-11-19,59.380001068115234,59.54999923706055,59.369998931884766,59.439998626708984,47.131935119628906,370400,0.0,False
2015-11-20,59.619998931884766,59.790000915527344,59.47999954223633,59.54999923706055,47.219154357910156,503500,0.0,False
2015-11-23,59.459999084472656,59.61000061035156,59.20000076293945,59.310001373291016,47.02885818481445,272500,0.0,False
2015-11-24,59.0099983215332,59.52000045776367,58.88999938964844,59.45000076293945,47.139862060546875,575800,0.0,False
2015-11-25,59.45000076293945,59.58000183105469,59.310001373291016,59.470001220703125,47.15571594238281,229600,0.0,False
2015-11-27,59.43000030517578,59.529998779296875,59.29999923706055,59.43000030517578,47.123992919921875,902200,0.0,False
2015-11-30,59.439998626708984,59.5,59.27000045776367,59.290000915527344,47.013004302978516,1045700,0.0,False
2015-12-01,59.52000045776367,59.93000030517578,59.52000045776367,59.91999816894531,47.512542724609375,538700,0.0,False
2015-12-02,59.720001220703125,59.849998474121094,59.18000030517578,59.279998779296875,47.005062103271484,869800,0.0,False
2015-12-03,59.470001220703125,59.61000061035156,58.38999938964844,58.61000061035156,46.47378921508789,784100,0.0,False
2015-12-04,58.599998474121094,59.52000045776367,58.56999969482422,59.470001220703125,47.15571594238281,447400,0.0,False
2015-12-07,59.310001373291016,59.38999938964844,58.72999954223633,58.95000076293945,46.743404388427734,943700,0.0,False
2015-12-08,58.279998779296875,58.529998779296875,58.0099983215332,58.349998474121094,46.26763153076172,2240400,0.0,False
2015-12-09,58.189998626708984,58.81999969482422,57.75,58.04999923706055,46.029747009277344,2109900,0.0,False
2015-12-10,58.15999984741211,58.36000061035156,57.939998626708984,57.97999954223633,45.9742431640625,526600,0.0,False
2015-12-11,57.36000061035156,57.459999084472656,56.709999084472656,56.810001373291016,45.04652786254883,796500,0.0,False
2015-12-14,57.0,57.13999938964844,56.349998474121094,56.9900016784668,45.189247131347656,771600,0.0,False
2015-12-15,57.47999954223633,57.79999923706055,57.40999984741211,57.58000183105469,45.65708923339844,1208200,0.0,False
2015-12-16,57.939998626708984,58.54999923706055,57.7400016784668,58.4900016784668,46.378623962402344,831500,0.0,False
2015-12-17,58.560001373291016,58.560001373291016,57.650001525878906,57.66999816894531,45.72843933105469,4017000,0.0,False
2015-12-18,57.470001220703125,57.599998474121094,56.900001525878906,56.900001525878906,45.117881774902344,1325500,0.0,False
2015-12-21,57.13999938964844,57.150001525878906,56.630001068115234,56.970001220703125,45.46744155883789,1384100,0.0,False
2015-12-22,57.15999984741211,57.540000915527344,56.9900016784668,57.470001220703125,45.86650466918945,822000,0.0,False
2015-12-23,57.709999084472656,58.27000045776367,57.709999084472656,58.27000045776367,46.50496292114258,1275000,0.0,False
2015-12-24,58.130001068115234,58.349998474121094,58.09000015258789,58.150001525878906,46.40919494628906,1155600,0.0,False
2015-12-28,58.0099983215332,58.029998779296875,57.709999084472656,58.02000045776367,46.305442810058594,2851200,0.0,False
2015-12-29,58.349998474121094,58.61000061035156,58.349998474121094,58.54999923706055,46.72843933105469,1586800,0.0,False
2015-12-30,58.400001525878906,58.400001525878906,58.06999969482422,58.119998931884766,46.385250091552734,1886400,0.0,False
2015-12-31,57.79999923706055,58.04999923706055,57.619998931884766,57.619998931884766,45.9862060546875,1238100,0.0,False
2016-01-04,56.59000015258789,56.650001525878906,56.040000915527344,56.650001525878906,45.21206283569336,1618600,0.0,False
2016-01-05,56.689998626708984,56.75,56.349998474121094,56.65999984741211,45.22003936767578,2385100,0.0,False
2016-01-06,55.72999954223633,56.08000183105469,55.4900016784668,55.81999969482422,44.549644470214844,976500,0.0,False
2016-01-07,54.86000061035156,55.29999923706055,54.439998626708984,54.52000045776367,43.512107849121094,1267700,0.0,False
2016-01-08,54.95000076293945,54.95000076293945,53.779998779296875,53.880001068115234,43.0013313293457,1641800,0.0,False
2016-01-11,54.27000045776367,54.40999984741211,53.400001525878906,53.90999984741211,43.0252799987793,1530300,0.0,False
2016-01-12,54.31999969482422,54.52000045776367,53.61000061035156,54.209999084472656,43.26469802856445,1907300,0.0,False
2016-01-13,54.459999084472656,54.529998779296875,52.849998474121094,53.0,42.29901123046875,944400,0.0,False
2016-01-14,53.2400016784668,54.150001525878906,52.75,53.86000061035156,42.985374450683594,2166200,0.0,False
2016-01-15,52.29999923706055,52.66999816894531,51.83000183105469,52.349998474121094,41.78023910522461,1759300,0.0,False
2016-01-19,53.15999984741211,53.22999954223633,52.060001373291016,52.5099983215332,41.907936096191406,1543300,0.0,False
2016-01-20,51.63999938964844,52.04999923706055,50.41999816894531,51.66999816894531,41.23754119873047,2048100,0.0,False
2016-01-21,51.66999816894531,52.459999084472656,51.25,51.970001220703125,41.47697448730469,1331600,0.0,False
2016-01-22,52.95000076293945,53.31999969482422,52.84000015258789,53.27000045776367,42.514495849609375,1272700,0.0,False
2016-01-25,53.060001373291016,53.11000061035156,52.40999984741211,52.439998626708984,41.85206985473633,1461700,0.0,False
2016-01-26,52.72999954223633,53.36000061035156,52.63999938964844,53.31999969482422,42.55439758300781,892100,0.0,False
2016-01-27,53.18000030517578,53.70000076293945,52.59000015258789,52.84000015258789,42.17131805419922,675200,0.0,False
2016-01-28,53.45000076293945,53.45000076293945,52.599998474121094,53.02000045776367,42.31497573852539,744400,0.0,False
2016-01-29,53.31999969482422,54.2400016784668,53.310001373291016,54.2400016784668,43.28864669799805,1468100,0.0,False
2016-02-01,53.90999984741211,54.4900016784668,53.7400016784668,54.310001373291016,43.34450912475586,1486100,0.0,False
2016-02-02,53.52000045776367,54.20000076293945,52.900001525878906,53.02000045776367,42.31497573852539,1313200,0.0,False
2016-02-03,53.459999084472656,53.619998931884766,52.36000061035156,53.5,42.69805145263672,1592800,0.0,False
2016-02-04,53.349998474121094,53.93000030517578,53.25,53.61000061035156,42.78584289550781,1194000,0.0,False
2016-02-05,53.380001068115234,53.52000045776367,52.52000045776367,52.689998626708984,42.05160903930664,606900,0.0,False
2016-02-08,52.11000061035156,52.150001525878906,51.22999954223633,51.84000015258789,41.373226165771484,1730200,0.0,False
2016-02-09,51.189998626708984,51.849998474121094,51.06999969482422,51.470001220703125,41.07792663574219,1217200,0.0,False
2016-02-10,51.720001220703125,52.2400016784668,51.41999816894531,51.5,41.10187530517578,1191600,0.0,False
2016-02-11,50.939998626708984,51.029998779296875,50.34000015258789,50.810001373291016,40.55118179321289,2963800,0.0,False
2016-02-12,51.099998474121094,51.75,50.959999084472656,51.709999084472656,41.26947021484375,322100,0.0,False
2016-02-16,52.43000030517578,53.0,52.11000061035156,52.65999984741211,42.02766036987305,640700,0.0,False
2016-02-17,53.060001373291016,53.7599983215332,53.0,53.689998626708984,42.84968566894531,1091100,0.0,False
2016-02-18,53.95000076293945,53.97999954223633,53.380001068115234,53.459999084472656,42.6661262512207,739100,0.0,False
2016-02-19,53.06999969482422,53.41999816894531,52.939998626708984,53.38999938964844,42.610267639160156,359100,0.0,False
2016-02-22,53.86000061035156,54.27000045776367,53.7400016784668,54.20000076293945,43.25672149658203,5952000,0.0,False
2016-02-23,54.0,54.02000045776367,53.41999816894531,53.439998626708984,42.65016555786133,986800,0.0,False
2016-02-24,52.86000061035156,53.58000183105469,52.4900016784668,53.47999954223633,42.682106018066406,2221000,0.0,False
2016-02-25,53.650001525878906,54.060001373291016,53.43000030517578,54.060001373291016,43.14498519897461,390900,0.0,False
2016-02-26,54.2599983215332,54.45000076293945,53.88999938964844,53.9900016784668,43.08911895751953,530500,0.0,False
2016-02-29,54.0,54.22999954223633,53.630001068115234,53.63999938964844,42.80978775024414,656000,0.0,False
2016-03-01,54.20000076293945,55.0,54.099998474121094,55.0,43.895198822021484,765400,0.0,False
2016-03-02,54.97999954223633,55.36000061035156,54.810001373291016,55.36000061035156,44.182525634765625,727500,0.0,False
2016-03-03,55.45000076293945,55.81999969482422,55.310001373291016,55.81999969482422,44.549644470214844,682400,0.0,False
2016-03-04,55.97999954223633,56.41999816894531,55.84000015258789,56.20000076293945,44.8529167175293,595600,0.0,False
2016-03-07,55.79999923706055,56.34000015258789,55.7400016784668,56.20000076293945,44.8529167175293,685700,0.0,False
2016-03-08,55.849998474121094,55.869998931884766,55.38999938964844,55.470001220703125,44.270301818847656,1267600,0.0,False
2016-03-09,55.72999954223633,55.86000061035156,55.56999969482422,55.77000045776367,44.50973129272461,427100,0.0,False
2016-03-10,55.97999954223633,56.290000915527344,55.18000030517578,55.709999084472656,44.46185302734375,732400,0.0,False
2016-03-11,56.38999938964844,56.90999984741211,56.369998931884766,56.90999984741211,45.41956329345703,363900,0.0,False
2016-03-14,56.849998474121094,56.900001525878906,56.59000015258789,56.779998779296875,45.31580352783203,455400,0.0,False
2016-03-15,56.16999816894531,56.27000045776367,55.95000076293945,56.130001068115234,44.9728889465332,231700,0.0,False
2016-03-16,55.939998626708984,56.779998779296875,55.939998626708984,56.720001220703125,45.44560623168945,325900,0.0,False
2016-03-17,56.70000076293945,57.33000183105469,56.599998474121094,57.2400016784668,45.86225128173828,567200,0.0,False
2016-03-18,57.349998474121094,57.47999954223633,57.209999084472656,57.34000015258789,45.94236373901367,348100,0.0,False
2016-03-21,57.29999923706055,57.38999938964844,57.11000061035156,57.34000015258789,45.94236373901367,333600,0.0,False
2016-03-22,57.060001373291016,57.369998931884766,56.91999816894531,57.2400016784668,45.86225128173828,2995100,0.0,False
2016-03-23,57.130001068115234,57.130001068115234,56.619998931884766,56.66999816894531,45.405555725097656,744100,0.0,False
2016-03-24,56.25,56.54999923706055,56.130001068115234,56.54999923706055,45.30939483642578,311400,0.0,False
2016-03-28,56.93000030517578,56.93000030517578,56.560001373291016,56.75,45.46963882446289,956700,0.0,False
2016-03-29,56.56999969482422,57.369998931884766,56.40999984741211,57.369998931884766,45.966407775878906,738800,0.0,False
2016-03-30,57.779998779296875,57.970001220703125,57.56999969482422,57.720001220703125,46.246829986572266,630200,0.0,False
2016-03-31,57.68000030517578,57.86000061035156,57.599998474121094,57.689998626708984,46.22279739379883,5020200,0.0,False
2016-04-01,57.0,57.61000061035156,56.790000915527344,57.59000015258789,46.14267349243164,1185600,0.0,False
2016-04-04,57.619998931884766,57.7400016784668,57.279998779296875,57.36000061035156,45.958404541015625,280600,0.0,False
2016-04-05,56.7400016784668,56.79999923706055,56.54999923706055,56.599998474121094,45.34946823120117,329000,0.0,False
2016-04-06,56.65999984741211,57.279998779296875,56.54999923706055,57.2599983215332,45.878273010253906,450500,0.0,False
2016-04-07,56.95000076293945,57.04999923706055,56.220001220703125,56.40999984741211,45.19722366333008,4588900,0.0,False
2016-04-08,57.11000061035156,57.27000045776367,56.790000915527344,56.939998626708984,45.62187957763672,1302400,0.0,False
2016-04-11,57.369998931884766,57.56999969482422,56.97999954223633,57.0,45.66995620727539,468800,0.0,False
2016-04-12,57.290000915527344,57.77000045776367,57.0,57.68000030517578,46.214778900146484,404600,0.0,False
2016-04-13,58.25,58.5,58.150001525878906,58.470001220703125,46.84774398803711,642000,0.0,False
2016-04-14,58.470001220703125,58.58000183105469,58.36000061035156,58.41999816894531,46.807682037353516,376900,0.0,False
2016-04-15,58.38999938964844,58.439998626708984,58.27000045776367,58.34000015258789,46.74360275268555,244400,0.0,False
2016-04-18,58.220001220703125,58.7599983215332,58.13999938964844,58.72999954223633,47.05607604980469,256800,0.0,False
2016-04-19,59.29999923706055,59.5,59.040000915527344,59.34000015258789,47.544822692871094,396100,0.0,False
2016-04-20,59.310001373291016,59.560001373291016,59.11000061035156,59.36000061035156,47.56085205078125,1308900,0.0,False
2016-04-21,59.38999938964844,59.38999938964844,58.90999984741211,59.02000045776367,47.288429260253906,363200,0.0,False
2016-04-22,59.0,59.119998931884766,58.77000045776367,58.9900016784668,47.2643928527832,367800,0.0,False
2016-04-25,58.79999923706055,58.81999969482422,58.58000183105469,58.79999923706055,47.112159729003906,321700,0.0,False
2016-04-26,58.93000030517578,59.099998474121094,58.779998779296875,59.0099983215332,47.28041458129883,432000,0.0,False
2016-04-27,58.90999984741211,59.20000076293945,58.75,59.08000183105469,47.336509704589844,211500,0.0,False
2016-04-28,58.72999954223633,59.18000030517578,58.5,58.630001068115234,46.97593688964844,248300,0.0,False
2016-04-29,58.5,58.56999969482422,57.97999954223633,58.27000045776367,46.6875114440918,379600,0.0,False
2016-05-02,58.45000076293945,58.7400016784668,58.369998931884766,58.68000030517578,47.01601028442383,300700,0.0,False
2016-05-03,58.25,58.27000045776367,57.7400016784668,57.91999816894531,46.40708541870117,780800,0.0,False
2016-05-04,57.56999969482422,57.709999084472656,57.290000915527344,57.41999816894531,46.006465911865234,276000,0.0,False
2016-05-05,57.540000915527344,57.68000030517578,57.25,57.40999984741211,45.99846267700195,702300,0.0,False
2016-05-06,57.18000030517578,57.619998931884766,57.119998931884766,57.599998474121094,46.150691986083984,214400,0.0,False
2016-05-09,57.599998474121094,57.650001525878906,57.279998779296875,57.380001068115234,45.97441864013672,194700,0.0,False
2016-05-10,57.709999084472656,58.209999084472656,57.709999084472656,58.209999084472656,46.639434814453125,223600,0.0,False
2016-05-11,57.9900016784668,58.18000030517578,57.77000045776367,57.79999923706055,46.31092071533203,156100,0.0,False
2016-05-12,58.150001525878906,58.18000030517578,57.439998626708984,57.70000076293945,46.230804443359375,371200,0.0,False
2016-05-13,57.45000076293945,57.630001068115234,57.029998779296875,57.13999938964844,45.78211975097656,255600,0.0,False
2016-05-16,57.22999954223633,57.88999938964844,57.22999954223633,57.779998779296875,46.29490661621094,290000,0.0,False
2016-05-17,57.72999954223633,57.779998779296875,57.150001525878906,57.29999923706055,45.910308837890625,498600,0.0,False
2016-05-18,57.13999938964844,57.7599983215332,56.9900016784668,57.27000045776367,45.88627243041992,297400,0.0,False
2016-05-19,57.0,57.06999969482422,56.63999938964844,56.959999084472656,45.63790512084961,718900,0.0,False
2016-05-20,57.220001220703125,57.529998779296875,57.220001220703125,57.439998626708984,46.02248001098633,303100,0.0,False
2016-05-23,57.400001525878906,57.459999084472656,57.22999954223633,57.2599983215332,45.878273010253906,372400,0.0,False
2016-05-24,57.63999938964844,58.16999816894531,57.560001373291016,58.09000015258789,46.54328536987305,224500,0.0,False
2016-05-25,58.279998779296875,58.630001068115234,58.279998779296875,58.529998779296875,46.89582824707031,369200,0.0,False
2016-05-26,58.630001068115234,58.79999923706055,58.529998779296875,58.599998474121094,46.95191955566406,282600,0.0,False
2016-05-27,58.52000045776367,58.720001220703125,58.52000045776367,58.689998626708984,47.02402877807617,352700,0.0,False
2016-05-31,58.83000183105469,58.939998626708984,58.470001220703125,58.650001525878906,46.991966247558594,722700,0.0,False
2016-06-01,58.459999084472656,58.790000915527344,58.34000015258789,58.7599983215332,47.080108642578125,212500,0.0,False
2016-06-02,58.54999923706055,58.900001525878906,58.439998626708984,58.900001525878906,47.19227981567383,289900,0.0,False
2016-06-03,58.90999984741211,59.119998931884766,58.630001068115234,59.06999969482422,47.328487396240234,415600,0.0,False
2016-06-06,59.13999938964844,59.5099983215332,59.13999938964844,59.40999984741211,47.60090637207031,512100,0.0,False
2016-06-07,59.68000030517578,59.88999938964844,59.650001525878906,59.779998779296875,47.89736557006836,254400,0.0,False
2016-06-08,59.900001525878906,60.0,59.79999923706055,59.939998626708984,48.02555465698242,300000,0.0,False
2016-06-09,59.54999923706055,59.61000061035156,59.349998474121094,59.54999923706055,47.71307373046875,454500,0.0,False
2016-06-10,58.88999938964844,58.88999938964844,58.31999969482422,58.439998626708984,46.82371520996094,337700,0.0,False
2016-06-13,58.09000015258789,58.369998931884766,57.810001373291016,57.869998931884766,46.36701965332031,677300,0.0,False
2016-06-14,57.15999984741211,57.2599983215332,56.68000030517578,56.9900016784668,46.032615661621094,648600,0.0,False
2016-06-15,57.15999984741211,57.59000015258789,57.13999938964844,57.2400016784668,46.23455047607422,2451600,0.0,False
2016-06-16,56.619998931884766,57.290000915527344,56.31999969482422,57.27000045776367,46.25878143310547,944800,0.0,False
2016-06-17,57.38999938964844,57.4900016784668,57.02000045776367,57.380001068115234,46.34762954711914,553300,0.0,False
2016-06-20,58.400001525878906,58.56999969482422,58.150001525878906,58.16999816894531,46.985755920410156,611700,0.0,False
2016-06-21,58.40999984741211,58.63999938964844,58.189998626708984,58.41999816894531,47.18766403198242,443200,0.0,False
2016-06-22,58.529998779296875,58.7599983215332,58.310001373291016,58.31999969482422,47.10689926147461,909600,0.0,False
2016-06-23,59.06999969482422,59.4900016784668,58.90999984741211,59.4900016784668,48.05194854736328,706000,0.0,False
2016-06-24,56.470001220703125,57.43000030517578,56.2599983215332,56.33000183105469,45.49951171875,3163600,0.0,False
2016-06-27,55.83000183105469,55.83000183105469,54.75,55.119998931884766,44.522159576416016,1737200,0.0,False
2016-06-28,55.95000076293945,56.31999969482422,55.7400016784668,56.31999969482422,45.49142837524414,696600,0.0,False
2016-06-29,56.880001068115234,57.41999816894531,56.849998474121094,57.34000015258789,46.31531524658203,460500,0.0,False
2016-06-30,57.439998626708984,58.11000061035156,57.310001373291016,58.06999969482422,46.90495300292969,1304600,0.0,False
2016-07-01,58.119998931884766,58.45000076293945,58.119998931884766,58.34000015258789,47.12305450439453,848700,0.0,False
2016-07-05,57.90999984741211,57.90999984741211,57.369998931884766,57.54999923706055,46.48494338989258,506500,0.0,False
2016-07-06,57.2400016784668,57.709999084472656,56.93000030517578,57.70000076293945,46.606109619140625,607100,0.0,False
2016-07-07,57.77000045776367,57.9900016784668,57.349998474121094,57.529998779296875,46.46877670288086,598400,0.0,False
2016-07-08,58.0,58.5,58.0,58.45000076293945,47.21189498901367,423800,0.0,False
2016-07-11,58.810001373291016,59.119998931884766,58.810001373291016,58.97999954223633,47.63999938964844,527000,0.0,False
2016-07-12,59.459999084472656,59.66999816894531,59.349998474121094,59.52000045776367,48.07617950439453,530800,0.0,False
2016-07-13,59.619998931884766,59.66999816894531,59.31999969482422,59.4900016784668,48.05194854736328,602500,0.0,False
2016-07-14,59.84000015258789,60.060001373291016,59.81999969482422,59.939998626708984,48.41542434692383,331300,0.0,False
2016-07-15,59.97999954223633,59.9900016784668,59.68000030517578,59.810001373291016,48.3104133605957,218400,0.0,False
2016-07-18,59.720001220703125,59.9900016784668,59.65999984741211,59.95000076293945,48.423500061035156,698600,0.0,False
2016-07-19,59.72999954223633,59.72999954223633,59.52000045776367,59.630001068115234,48.16503143310547,370300,0.0,False
2016-07-20,59.77000045776367,60.060001373291016,59.72999954223633,59.959999084472656,48.43156814575195,1218000,0.0,False
2016-07-21,59.91999816894531,60.040000915527344,59.650001525878906,59.7599983215332,48.27002716064453,682500,0.0,False
2016-07-22,59.88999938964844,60.0,59.75,59.9900016784668,48.455806732177734,268000,0.0,False
2016-07-25,59.95000076293945,59.970001220703125,59.65999984741211,59.810001373291016,48.3104133605957,335900,0.0,False
2016-07-26,59.849998474121094,60.13999938964844,59.779998779296875,60.04999923706055,48.504276275634766,344000,0.0,False
2016-07-27,60.099998474121094,60.209999084472656,59.75,60.06999969482422,48.52042007446289,457800,0.0,False
2016-07-28,60.040000915527344,60.20000076293945,59.849998474121094,60.130001068115234,48.56889724731445,262100,0.0,False
2016-07-29,60.189998626708984,60.54999923706055,60.11000061035156,60.47999954223633,48.851600646972656,320100,0.0,False
2016-08-01,60.40999984741211,60.52000045776367,60.16999816894531,60.25,48.665828704833984,311700,0.0,False
2016-08-02,60.150001525878906,60.25,59.630001068115234,59.869998931884766,48.35887908935547,551000,0.0,False
2016-08-03,59.650001525878906,60.0,59.61000061035156,60.0,48.46388626098633,547200,0.0,False
2016-08-04,60.09000015258789,60.189998626708984,59.90999984741211,60.099998474121094,48.54465866088867,340500,0.0,False
2016-08-05,60.2599983215332,60.59000015258789,60.220001220703125,60.56999969482422,48.92428207397461,241200,0.0,False
2016-08-08,60.65999984741211,60.75,60.599998474121094,60.650001525878906,48.98891067504883,535300,0.0,False
2016-08-09,60.7599983215332,61.029998779296875,60.7599983215332,60.88999938964844,49.18277359008789,901600,0.0,False
2016-08-10,61.0,61.09000015258789,60.810001373291016,60.86000061035156,49.158531188964844,2468700,0.0,False
2016-08-11,61.060001373291016,61.36000061035156,61.029998779296875,61.310001373291016,49.52201461791992,761700,0.0,False
2016-08-12,61.25,61.310001373291016,61.04999923706055,61.18000030517578,49.41702651977539,297500,0.0,False
2016-08-15,61.369998931884766,61.58000183105469,61.369998931884766,61.470001220703125,49.651248931884766,179900,0.0,False
2016-08-16,61.38999938964844,61.38999938964844,61.209999084472656,61.22999954223633,49.457393646240234,936700,0.0,False
2016-08-17,61.11000061035156,61.2400016784668,60.810001373291016,61.209999084472656,49.441246032714844,517000,0.0,False
2016-08-18,61.209999084472656,61.459999084472656,61.18000030517578,61.459999084472656,49.643184661865234,216300,0.0,False
2016-08-19,61.06999969482422,61.2599983215332,60.95000076293945,61.2400016784668,49.465484619140625,212100,0.0,False
2016-08-22,61.099998474121094,61.20000076293945,60.90999984741211,61.150001525878906,49.39278030395508,548500,0.0,False
2016-08-23,61.400001525878906,61.56999969482422,61.31999969482422,61.34000015258789,49.54624938964844,515800,0.0,False
2016-08-24,61.310001373291016,61.310001373291016,60.91999816894531,61.0099983215332,49.279693603515625,395100,0.0,False
2016-08-25,60.970001220703125,61.119998931884766,60.88999938964844,60.9900016784668,49.2635498046875,246100,0.0,False
2016-08-26,61.0,61.470001220703125,60.45000076293945,60.70000076293945,49.02930450439453,574700,0.0,False
2016-08-29,60.77000045776367,61.119998931884766,60.7599983215332,61.04999923706055,49.31200408935547,279200,0.0,False
2016-08-30,61.04999923706055,61.11000061035156,60.779998779296875,60.93000030517578,49.215087890625,297000,0.0,False
2016-08-31,60.84000015258789,60.86000061035156,60.45000076293945,60.689998626708984,49.02122497558594,293600,0.0,False
2016-09-01,60.79999923706055,60.91999816894531,60.54999923706055,60.900001525878906,49.19083786010742,601900,0.0,False
2016-09-02,61.27000045776367,61.52000045776367,61.2599983215332,61.45000076293945,49.63510513305664,464800,0.0,False
2016-09-06,61.54999923706055,61.84000015258789,61.5099983215332,61.83000183105469,49.94203186035156,302700,0.0,False
2016-09-07,61.880001068115234,61.9900016784668,61.709999084472656,61.91999816894531,50.014732360839844,727800,0.0,False
2016-09-08,61.81999969482422,61.880001068115234,61.630001068115234,61.65999984741211,49.804718017578125,747300,0.0,False
2016-09-09,61.189998626708984,61.189998626708984,60.15999984741211,60.15999984741211,48.59313201904297,559200,0.0,False
2016-09-12,59.88999938964844,60.939998626708984,59.709999084472656,60.869998931884766,49.16661834716797,906700,0.0,False
2016-09-13,60.02000045776367,60.02000045776367,59.189998626708984,59.41999816894531,48.241878509521484,757400,0.0,False
2016-09-14,59.41999816894531,59.84000015258789,59.279998779296875,59.400001525878906,48.225643157958984,637800,0.0,False
2016-09-15,59.4900016784668,60.18000030517578,59.369998931884766,60.09000015258789,48.78583908081055,378800,0.0,False
2016-09-16,59.7400016784668,59.7400016784668,59.41999816894531,59.599998474121094,48.38802719116211,358500,0.0,False
2016-09-19,60.0099983215332,60.189998626708984,59.709999084472656,59.810001373291016,48.55850601196289,306300,0.0,False
2016-09-20,60.20000076293945,60.25,59.91999816894531,59.959999084472656,48.68029022216797,451600,0.0,False
2016-09-21,60.33000183105469,60.91999816894531,60.119998931884766,60.86000061035156,49.41099166870117,626300,0.0,False
2016-09-22,61.290000915527344,61.529998779296875,61.150001525878906,61.27000045776367,49.743858337402344,930100,0.0,False
2016-09-23,61.040000915527344,61.060001373291016,60.790000915527344,60.81999969482422,49.378517150878906,334800,0.0,False
2016-09-26,60.5099983215332,60.529998779296875,60.25,60.27000045776367,48.93198013305664,499900,0.0,False
2016-09-27,60.220001220703125,60.68000030517578,60.13999938964844,60.650001525878906,49.24049758911133,844300,0.0,False
2016-09-28,60.68000030517578,61.06999969482422,60.400001525878906,61.04999923706055,49.565242767333984,316100,0.0,False
2016-09-29,61.0,61.09000015258789,60.22999954223633,60.43000030517578,49.061885833740234,388300,0.0,False
2016-09-30,60.529998779296875,61.02000045776367,60.4900016784668,60.849998474121094,49.402870178222656,410000,0.0,False
2016-10-03,60.689998626708984,60.79999923706055,60.540000915527344,60.75,49.32168960571289,350300,0.0,False
2016-10-04,60.86000061035156,60.91999816894531,60.290000915527344,60.5099983215332,49.126834869384766,1339500,0.0,False
2016-10-05,60.709999084472656,60.97999954223633,60.709999084472656,60.88999938964844,49.435340881347656,938800,0.0,False
2016-10-06,60.68000030517578,60.75,60.43000030517578,60.709999084472656,49.289215087890625,520400,0.0,False
2016-10-07,60.70000076293945,60.77000045776367,60.13999938964844,60.47999954223633,49.10248565673828,362300,0.0,False
2016-10-10,60.63999938964844,60.90999984741211,60.630001068115234,60.7400016784668,49.31356430053711,662100,0.0,False
2016-10-11,60.470001220703125,60.47999954223633,59.63999938964844,59.81999969482422,48.56663513183594,654500,0.0,False
2016-10-12,59.790000915527344,60.04999923706055,59.709999084472656,59.900001525878906,48.63158416748047,592500,0.0,False
2016-10-13,59.400001525878906,59.810001373291016,59.08000183105469,59.61000061035156,48.3961296081543,1295300,0.0,False
2016-10-14,60.02000045776367,60.11000061035156,59.63999938964844,59.650001525878906,48.428611755371094,558900,0.0,False
2016-10-17,59.619998931884766,59.66999816894531,59.400001525878906,59.470001220703125,48.2824821472168,283100,0.0,False
2016-10-18,60.099998474121094,60.119998931884766,59.869998931884766,59.9900016784668,48.704647064208984,321400,0.0,False
2016-10-19,60.150001525878906,60.33000183105469,60.029998779296875,60.25,48.915740966796875,847100,0.0,False
2016-10-20,60.209999084472656,60.349998474121094,59.9900016784668,60.220001220703125,48.891387939453125,583300,0.0,False
2016-10-21,59.90999984741211,60.150001525878906,59.779998779296875,60.09000015258789,48.78583908081055,320700,0.0,False
2016-10-24,60.380001068115234,60.45000076293945,60.13999938964844,60.290000915527344,48.94821548461914,908300,0.0,False
2016-10-25,60.290000915527344,60.290000915527344,60.029998779296875,60.130001068115234,48.81831359863281,273800,0.0,False
2016-10-26,59.880001068115234,60.08000183105469,59.72999954223633,59.869998931884766,48.60723114013672,697600,0.0,False
2016-10-27,60.08000183105469,60.13999938964844,59.72999954223633,59.7599983215332,48.517921447753906,319400,0.0,False
2016-10-28,59.68000030517578,59.880001068115234,59.41999816894531,59.58000183105469,48.371795654296875,426000,0.0,False
2016-10-31,59.720001220703125,59.77000045776367,59.540000915527344,59.650001525878906,48.428611755371094,631000,0.0,False
2016-11-01,59.77000045776367,59.849998474121094,58.959999084472656,59.290000915527344,48.1363410949707,526200,0.0,False
2016-11-02,59.22999954223633,59.279998779296875,58.7599983215332,58.880001068115234,47.8034553527832,978100,0.0,False
2016-11-03,58.959999084472656,59.040000915527344,58.599998474121094,58.720001220703125,47.6735725402832,425100,0.0,False
2016-11-04,58.58000183105469,58.779998779296875,58.400001525878906,58.40999984741211,47.42188262939453,871100,0.0,False
2016-11-07,59.22999954223633,59.58000183105469,59.220001220703125,59.58000183105469,48.371795654296875,486100,0.0,False
2016-11-08,59.5,59.9900016784668,59.33000183105469,59.84000015258789,48.5828742980957,916700,0.0,False
2016-11-09,59.2400016784668,60.18000030517578,59.18000030517578,59.959999084472656,48.68029022216797,897400,0.0,False
2016-11-10,60.08000183105469,60.279998779296875,59.45000076293945,59.790000915527344,48.54228210449219,773800,0.0,False
2016-11-11,59.5099983215332,59.790000915527344,59.15999984741211,59.459999084472656,48.274356842041016,834600,0.0,False
2016-11-14,59.45000076293945,59.5099983215332,59.209999084472656,59.439998626708984,48.258113861083984,380900,0.0,False
2016-11-15,59.5,60.0,59.5,60.0,48.712764739990234,590000,0.0,False
2016-11-16,59.58000183105469,59.7400016784668,59.540000915527344,59.68000030517578,48.45296859741211,528800,0.0,False
2016-11-17,59.84000015258789,60.09000015258789,59.790000915527344,60.0099983215332,48.720890045166016,348500,0.0,False
2016-11-18,59.880001068115234,59.9900016784668,59.63999938964844,59.709999084472656,48.477325439453125,510200,0.0,False
2016-11-21,59.88999938964844,60.2599983215332,59.88999938964844,60.2599983215332,48.92387390136719,590500,0.0,False
2016-11-22,60.349998474121094,60.439998626708984,60.15999984741211,60.400001525878906,49.037532806396484,675200,0.0,False
2016-11-23,59.959999084472656,60.36000061035156,59.959999084472656,60.349998474121094,48.99694061279297,335700,0.0,False
2016-11-25,60.43000030517578,60.56999969482422,60.43000030517578,60.56999969482422,49.17554473876953,175800,0.0,False
2016-11-28,60.45000076293945,60.540000915527344,60.279998779296875,60.33000183105469,48.980682373046875,673500,0.0,False
2016-11-29,60.22999954223633,60.59000015258789,60.16999816894531,60.45000076293945,49.078128814697266,794100,0.0,False
2016-11-30,60.689998626708984,60.709999084472656,60.36000061035156,60.36000061035156,49.00505828857422,1054500,0.0,False
2016-12-01,60.36000061035156,60.369998931884766,59.970001220703125,60.09000015258789,48.78583908081055,1138300,0.0,False
2016-12-02,60.13999938964844,60.349998474121094,60.040000915527344,60.220001220703125,48.891387939453125,855100,0.0,False
2016-12-05,60.47999954223633,60.689998626708984,60.400001525878906,60.65999984741211,49.24861526489258,807900,0.0,False
2016-12-06,60.75,60.9900016784668,60.63999938964844,60.959999084472656,49.4921760559082,543300,0.0,False
2016-12-07,60.9900016784668,61.869998931884766,60.9900016784668,61.79999923706055,50.174163818359375,681600,0.0,False
2016-12-08,61.75,62.04999923706055,61.68000030517578,61.970001220703125,50.31218338012695,909100,0.0,False
2016-12-09,62.0,62.150001525878906,61.95000076293945,62.150001525878906,50.458309173583984,1237800,0.0,False
2016-12-12,62.06999969482422,62.209999084472656,61.849998474121094,61.959999084472656,50.304054260253906,791700,0.0,False
2016-12-13,62.2400016784668,62.61000061035156,62.2400016784668,62.459999084472656,50.71000289916992,791800,0.0,False
2016-12-14,62.33000183105469,62.400001525878906,61.61000061035156,61.650001525878906,50.05237579345703,1121100,0.0,False
2016-12-15,61.66999816894531,61.90999984741211,61.540000915527344,61.7599983215332,50.14168167114258,1041400,0.0,False
2016-12-16,61.86000061035156,61.869998931884766,61.61000061035156,61.70000076293945,50.09297561645508,943000,0.0,False
2016-12-19,61.77000045776367,61.970001220703125,61.65999984741211,61.75,50.13356018066406,371300,0.0,False
2016-12-20,61.439998626708984,61.529998779296875,61.34000015258789,61.529998779296875,50.32741165161133,616100,0.0,False
2016-12-21,61.52000045776367,61.529998779296875,61.41999816894531,61.43000030517578,50.24563217163086,1806500,0.0,False
2016-12-22,61.310001373291016,61.34000015258789,61.09000015258789,61.189998626708984,50.04931640625,481800,0.0,False
2016-12-23,61.25,61.310001373291016,61.18000030517578,61.290000915527344,50.1311149597168,446800,0.0,False
2016-12-27,61.38999938964844,61.4900016784668,61.310001373291016,61.40999984741211,50.229270935058594,1314000,0.0,False
2016-12-28,61.5099983215332,61.5099983215332,61.02000045776367,61.04999923706055,49.9348030090332,518900,0.0,False
2016-12-29,61.13999938964844,61.27000045776367,61.0099983215332,61.119998931884766,49.99205780029297,6364800,0.0,False
2016-12-30,61.34000015258789,61.34000015258789,60.84000015258789,61.0,49.89390182495117,4117900,0.0,False
2017-01-03,61.45000076293945,61.61000061035156,61.2400016784668,61.5,50.30288314819336,911900,0.0,False
2017-01-04,61.709999084472656,62.060001373291016,61.68000030517578,62.060001373291016,50.760921478271484,735800,0.0,False
2017-01-05,62.130001068115234,62.310001373291016,62.099998474121094,62.2599983215332,50.924495697021484,485200,0.0,False
2017-01-06,62.27000045776367,62.380001068115234,62.08000183105469,62.27000045776367,50.93267822265625,657300,0.0,False
2017-01-09,62.209999084472656,62.209999084472656,62.0,62.099998474121094,50.793636322021484,528500,0.0,False
2017-01-10,62.099998474121094,62.34000015258789,62.099998474121094,62.15999984741211,50.84270095825195,330800,0.0,False
2017-01-11,62.18000030517578,62.5,62.02000045776367,62.5,51.12081527709961,485000,0.0,False
2017-01-12,62.5099983215332,62.5099983215332,62.04999923706055,62.380001068115234,51.02265548706055,541000,0.0,False
2017-01-13,62.47999954223633,62.61000061035156,62.41999816894531,62.59000015258789,51.194427490234375,386500,0.0,False
2017-01-17,62.470001220703125,62.5,62.279998779296875,62.400001525878906,51.03901672363281,646400,0.0,False
2017-01-18,62.349998474121094,62.41999816894531,62.220001220703125,62.33000183105469,50.98176574707031,533900,0.0,False
2017-01-19,62.349998474121094,62.38999938964844,62.0,62.18000030517578,50.859066009521484,545700,0.0,False
2017-01-20,62.31999969482422,62.439998626708984,62.18000030517578,62.38999938964844,51.03083801269531,414700,0.0,False
2017-01-23,62.40999984741211,62.45000076293945,62.150001525878906,62.38999938964844,51.03083801269531,526800,0.0,False
2017-01-24,62.4900016784668,62.880001068115234,62.45000076293945,62.81999969482422,51.38255310058594,502400,0.0,False
2017-01-25,63.04999923706055,63.380001068115234,63.04999923706055,63.380001068115234,51.84059143066406,486500,0.0,False
2017-01-26,63.380001068115234,63.38999938964844,63.220001220703125,63.25,51.734256744384766,437600,0.0,False
2017-01-27,63.25,63.310001373291016,63.09000015258789,63.16999816894531,51.668819427490234,470500,0.0,False
2017-01-30,62.81999969482422,62.83000183105469,62.470001220703125,62.720001220703125,51.30076217651367,2216000,0.0,False
2017-01-31,62.63999938964844,62.86000061035156,62.540000915527344,62.83000183105469,51.3907356262207,794000,0.0,False
2017-02-01,63.06999969482422,63.15999984741211,62.7400016784668,62.91999816894531,51.464351654052734,2460000,0.0,False
2017-02-02,62.939998626708984,63.09000015258789,62.869998931884766,63.040000915527344,51.5625,2033200,0.0,False
2017-02-03,63.2400016784668,63.43000030517578,63.130001068115234,63.36000061035156,51.824214935302734,747000,0.0,False
2017-02-06,63.099998474121094,63.16999816894531,62.97999954223633,63.13999938964844,51.644287109375,633000,0.0,False
2017-02-07,63.15999984741211,63.189998626708984,63.0,63.099998474121094,51.611572265625,345400,0.0,False
2017-02-08,63.04999923706055,63.209999084472656,62.90999984741211,63.18000030517578,51.6770133972168,1000800,0.0,False
2017-02-09,63.25,63.59000015258789,63.20000076293945,63.5,51.93873977661133,602000,0.0,False
2017-02-10,63.63999938964844,63.86000061035156,63.59000015258789,63.81999969482422,52.20048141479492,701500,0.0,False
2017-02-13,64.04000091552734,64.22000122070312,64.0199966430664,64.13999938964844,52.46222686767578,822400,0.0,False
2017-02-14,64.06999969482422,64.2699966430664,63.849998474121094,64.2699966430664,52.568546295166016,1023400,0.0,False
2017-02-15,64.19999694824219,64.6500015258789,64.16999816894531,64.63999938964844,52.87118911743164,2042400,0.0,False
2017-02-16,64.61000061035156,64.72000122070312,64.44999694824219,64.66000366210938,52.88754653930664,399100,0.0,False
2017-02-17,64.33000183105469,64.62999725341797,64.33000183105469,64.62999725341797,52.863006591796875,844600,0.0,False
2017-02-21,64.72000122070312,65.0,64.68000030517578,64.97000122070312,53.14111328125,482900,0.0,False
2017-02-22,64.88999938964844,64.98999786376953,64.7699966430664,64.95999908447266,53.13291931152344,565200,0.0,False
2017-02-23,65.05999755859375,65.19000244140625,64.80000305175781,64.95999908447266,53.13291931152344,861200,0.0,False
2017-02-24,64.5999984741211,64.81999969482422,64.4800033569336,64.81999969482422,53.01840591430664,393400,0.0,False
2017-02-27,64.73999786376953,64.81999969482422,64.5999984741211,64.7699966430664,52.97751235961914,4439500,0.0,False
2017-02-28,64.69999694824219,64.75,64.44000244140625,64.5199966430664,52.77302932739258,1435600,0.0,False
2017-03-01,65.04000091552734,65.44999694824219,64.94999694824219,65.30999755859375,53.419193267822266,757700,0.0,False
2017-03-02,65.19999694824219,65.19999694824219,64.81999969482422,64.83000183105469,53.02659225463867,843100,0.0,False
2017-03-03,64.80999755859375,65.11000061035156,64.75,65.06999969482422,53.222896575927734,944500,0.0,False
2017-03-06,64.8499984741211,64.94999694824219,64.70999908447266,64.88999938964844,53.0756721496582,347700,0.0,False
2017-03-07,64.77999877929688,64.83000183105469,64.62999725341797,64.68000030517578,52.90390396118164,553600,0.0,False
2017-03-08,64.7300033569336,64.77999877929688,64.44999694824219,64.48999786376953,52.74849319458008,3978700,0.0,False
2017-03-09,64.45999908447266,64.61000061035156,64.23999786376953,64.5199966430664,52.77302932739258,1562300,0.0,False
2017-03-10,64.88999938964844,64.93000030517578,64.62000274658203,64.87999725341797,53.067474365234375,1438000,0.0,False
2017-03-13,64.98999786376953,65.13999938964844,64.9800033569336,65.12999725341797,53.2719612121582,668800,0.0,False
2017-03-14,64.87999725341797,64.87999725341797,64.61000061035156,64.77999877929688,52.98569869995117,752200,0.0,False
2017-03-15,64.87999725341797,65.66999816894531,64.87999725341797,65.56999969482422,53.631866455078125,732500,0.0,False
2017-03-16,65.7699966430664,65.80999755859375,65.55000305175781,65.66999816894531,53.713653564453125,901100,0.0,False
2017-03-17,65.76000213623047,65.8499984741211,65.62000274658203,65.69000244140625,53.73000717163086,368300,0.0,False
2017-03-20,65.72000122070312,65.80000305175781,65.51000213623047,65.5999984741211,53.65640640258789,638500,0.0,False
2017-03-21,65.86000061035156,65.95999908447266,64.9000015258789,64.94999694824219,53.1247444152832,523200,0.0,False
2017-03-22,64.81999969482422,65.0999984741211,64.72000122070312,65.05000305175781,53.20654296875,1195700,0.0,False
2017-03-23,64.98999786376953,65.2699966430664,64.88999938964844,65.01000213623047,53.173828125,602300,0.0,False
2017-03-24,65.0999984741211,65.33000183105469,64.94999694824219,65.12999725341797,53.2719612121582,1583300,0.0,False
2017-03-27,64.88999938964844,65.26000213623047,64.63999938964844,65.19999694824219,53.329227447509766,2342700,0.0,False
2017-03-28,65.19000244140625,65.63999938964844,65.13999938964844,65.56999969482422,53.631866455078125,759600,0.0,False
2017-03-29,65.23999786376953,65.43000030517578,65.11000061035156,65.41000366210938,53.708229064941406,423800,0.0,False
2017-03-30,65.33999633789062,65.5199966430664,65.30000305175781,65.37999725341797,53.683597564697266,508100,0.0,False
2017-03-31,65.20999908447266,65.38999938964844,65.13999938964844,65.22000122070312,53.55221176147461,659300,0.0,False
2017-04-03,65.29000091552734,65.31999969482422,64.76000213623047,65.16000366210938,53.50294494628906,662000,0.0,False
2017-04-04,65.0199966430664,65.19999694824219,64.91000366210938,65.19999694824219,53.53578567504883,295600,0.0,False
2017-04-05,65.33000183105469,65.56999969482422,64.91000366210938,64.94999694824219,53.33052444458008,851400,0.0,False
2017-04-06,65.0,65.1500015258789,64.86000061035156,65.05000305175781,53.412628173828125,528800,0.0,False
2017-04-07,64.97000122070312,65.12999725341797,64.88999938964844,64.97000122070312,53.34695053100586,589600,0.0,False
2017-04-10,65.01000213623047,65.12999725341797,64.86000061035156,65.0,53.3715705871582,448000,0.0,False
2017-04-11,65.08000183105469,65.08000183105469,64.5999984741211,65.05999755859375,53.42082595825195,323700,0.0,False
2017-04-12,65.05000305175781,65.05000305175781,64.75,64.91000366210938,53.29767990112305,474200,0.0,False
2017-04-13,64.75,64.91000366210938,64.4800033569336,64.5,52.96102523803711,546300,0.0,False
2017-04-17,64.7699966430664,65.05000305175781,64.62000274658203,65.05000305175781,53.412628173828125,510300,0.0,False
2017-04-18,64.69000244140625,64.80999755859375,64.47000122070312,64.69999694824219,53.1252326965332,741400,0.0,False
2017-04-19,64.83000183105469,64.93000030517578,64.4800033569336,64.56999969482422,53.01851272583008,492100,0.0,False
2017-04-20,64.91999816894531,65.20999908447266,64.87000274658203,65.11000061035156,53.461891174316406,409300,0.0,False
2017-04-21,65.06999969482422,65.08000183105469,64.87000274658203,65.01000213623047,53.379791259765625,570600,0.0,False
2017-04-24,65.9800033569336,66.08999633789062,65.91000366210938,66.02999877929688,54.217308044433594,589600,0.0,False
2017-04-25,66.2699966430664,66.51000213623047,66.19000244140625,66.43000030517578,54.545745849609375,1547100,0.0,False
2017-04-26,66.4000015258789,66.62000274658203,66.36000061035156,66.38999938964844,54.512901306152344,1404000,0.0,False
2017-04-27,66.44999694824219,66.44999694824219,66.2300033569336,66.41999816894531,54.537532806396484,1460600,0.0,False
2017-04-28,66.45999908447266,66.45999908447266,66.23999786376953,66.27999877929688,54.422584533691406,583400,0.0,False
2017-05-01,66.47000122070312,66.5999984741211,66.36000061035156,66.41999816894531,54.537532806396484,508400,0.0,False
2017-05-02,66.6500015258789,66.68000030517578,66.5199966430664,66.68000030517578,54.75101852416992,444400,0.0,False
2017-05-03,66.44999694824219,66.48999786376953,66.29000091552734,66.44999694824219,54.56216812133789,491800,0.0,False
2017-05-04,66.55000305175781,66.5999984741211,66.36000061035156,66.5999984741211,54.68533706665039,493800,0.0,False
2017-05-05,66.66999816894531,67.08000183105469,66.63999938964844,67.08000183105469,55.07947540283203,489500,0.0,False
2017-05-08,66.91999816894531,66.94000244140625,66.75,66.83999633789062,54.88237762451172,702200,0.0,False
2017-05-09,66.94999694824219,67.0,66.7699966430664,66.88999938964844,54.92345428466797,649200,0.0,False
2017-05-10,66.88999938964844,67.0199966430664,66.83000183105469,67.01000213623047,55.021995544433594,557700,0.0,False
2017-05-11,66.8499984741211,66.91000366210938,66.58000183105469,66.91000366210938,54.93986511230469,582300,0.0,False
2017-05-12,66.86000061035156,66.94999694824219,66.79000091552734,66.87000274658203,54.907039642333984,306300,0.0,False
2017-05-15,67.08000183105469,67.3499984741211,67.08000183105469,67.31999969482422,55.27653121948242,525600,0.0,False
2017-05-16,67.5,67.51000213623047,67.33000183105469,67.44999694824219,55.38325500488281,424800,0.0,False
2017-05-17,67.19999694824219,67.19999694824219,66.38999938964844,66.41000366210938,54.52933120727539,1233500,0.0,False
2017-05-18,66.25,66.66999816894531,66.0999984741211,66.44999694824219,54.56216812133789,501100,0.0,False
2017-05-19,66.98999786376953,67.26000213623047,66.79000091552734,67.12000274658203,55.112308502197266,1340400,0.0,False
2017-05-22,67.25,67.4000015258789,67.2300033569336,67.38999938964844,55.333988189697266,806400,0.0,False
2017-05-23,67.5,67.5,67.33000183105469,67.37999725341797,55.32579803466797,822400,0.0,False
2017-05-24,67.44000244140625,67.55999755859375,67.33000183105469,67.51000213623047,55.432533264160156,662200,0.0,False
2017-05-25,67.70999908447266,67.8499984741211,67.66000366210938,67.73999786376953,55.62138366699219,719400,0.0,False
2017-05-26,67.62000274658203,67.68000030517578,67.56999969482422,67.66999816894531,55.56392288208008,756000,0.0,False
2017-05-30,67.55000305175781,67.6500015258789,67.4800033569336,67.5999984741211,55.50643539428711,2372100,0.0,False
2017-05-31,67.81999969482422,67.81999969482422,67.41000366210938,67.56999969482422,55.48179244995117,3181900,0.0,False
2017-06-01,67.58000183105469,68.06999969482422,67.58000183105469,68.06999969482422,55.892356872558594,704200,0.0,False
2017-06-02,68.3499984741211,68.5199966430664,68.18000030517578,68.4800033569336,56.229000091552734,647900,0.0,False
2017-06-05,68.4800033569336,68.4800033569336,68.26000213623047,68.33000183105469,56.1058349609375,595300,0.0,False
2017-06-06,68.11000061035156,68.27999877929688,68.08999633789062,68.18000030517578,55.98267364501953,814800,0.0,False
2017-06-07,68.2699966430664,68.33000183105469,67.95999908447266,68.18000030517578,55.98267364501953,712700,0.0,False
2017-06-08,68.18000030517578,68.22000122070312,67.98999786376953,68.16000366210938,55.96624755859375,996600,0.0,False
2017-06-09,68.19000244140625,68.41000366210938,67.72000122070312,68.04000091552734,55.867706298828125,1530200,0.0,False
2017-06-12,67.91999816894531,68.01000213623047,67.7300033569336,67.94000244140625,55.785621643066406,846300,0.0,False
2017-06-13,68.2699966430664,68.4000015258789,68.13999938964844,68.37999725341797,56.146888732910156,624900,0.0,False
2017-06-14,68.5999984741211,68.62000274658203,67.98999786376953,68.20999908447266,56.00730895996094,3131100,0.0,False
2017-06-15,67.5199966430664,67.83000183105469,67.5,67.79000091552734,55.662437438964844,3273000,0.0,False
2017-06-16,67.9800033569336,68.08999633789062,67.76000213623047,68.08999633789062,55.90877151489258,577300,0.0,False
2017-06-19,68.33000183105469,68.54000091552734,68.27999877929688,68.5199966430664,56.26184844970703,699900,0.0,False
2017-06-20,68.33999633789062,68.4000015258789,67.88999938964844,67.91999816894531,55.769195556640625,605500,0.0,False
2017-06-21,67.95999908447266,68.06999969482422,67.79000091552734,67.91999816894531,55.769195556640625,567800,0.0,False
2017-06-22,67.95999908447266,68.0999984741211,67.87000274658203,67.94999694824219,55.7938346862793,410900,0.0,False
2017-06-23,67.97000122070312,68.1500015258789,67.87999725341797,68.06999969482422,55.892356872558594,951300,0.0,False
2017-06-26,68.4000015258789,68.56999969482422,68.20999908447266,68.27999877929688,56.06477737426758,3075100,0.0,False
2017-06-27,68.26000213623047,68.31999969482422,67.91999816894531,67.91999816894531,55.769195556640625,615200,0.0,False
2017-06-28,67.66000366210938,68.08000183105469,67.6500015258789,68.0199966430664,56.237125396728516,421300,0.0,False
2017-06-29,67.9800033569336,67.9800033569336,67.0199966430664,67.37000274658203,55.69974136352539,1462400,0.0,False
2017-06-30,67.70999908447266,67.70999908447266,67.3499984741211,67.52999877929688,55.83201217651367,1128700,0.0,False
2017-07-03,67.7699966430664,67.86000061035156,67.62000274658203,67.63999938964844,55.922969818115234,813100,0.0,False
2017-07-05,67.61000061035156,67.66000366210938,67.30999755859375,67.63999938964844,55.922969818115234,677100,0.0,False
2017-07-06,67.37999725341797,67.41000366210938,67.0199966430664,67.06999969482422,55.45171356201172,1029700,0.0,False
2017-07-07,67.19999694824219,67.41999816894531,67.06999969482422,67.37000274658203,55.69974136352539,320200,0.0,False
2017-07-10,67.41999816894531,67.5999984741211,67.36000061035156,67.5199966430664,55.82374954223633,301400,0.0,False
2017-07-11,67.48999786376953,67.66999816894531,67.23999786376953,67.58000183105469,55.87336730957031,453600,0.0,False
2017-07-12,67.94999694824219,68.27999877929688,67.94999694824219,68.16999816894531,56.36115646362305,426200,0.0,False
2017-07-13,68.29000091552734,68.43000030517578,68.18000030517578,68.37000274658203,56.52651596069336,658500,0.0,False
2017-07-14,68.5199966430664,68.88999938964844,68.5,68.77999877929688,56.86549377441406,379200,0.0,False
2017-07-17,68.7699966430664,68.81999969482422,68.68000030517578,68.7300033569336,56.82415008544922,1120700,0.0,False
2017-07-18,68.69000244140625,68.79000091552734,68.55999755859375,68.79000091552734,56.873775482177734,471200,0.0,False
2017-07-19,68.91999816894531,69.16000366210938,68.91999816894531,69.16000366210938,57.179656982421875,400800,0.0,False
2017-07-20,69.25,69.3499984741211,69.12000274658203,69.27999877929688,57.27885818481445,475600,0.0,False
2017-07-21,69.11000061035156,69.19999694824219,68.9800033569336,69.16000366210938,57.179656982421875,516400,0.0,False
2017-07-24,69.12999725341797,69.18000030517578,68.95999908447266,69.16000366210938,57.179656982421875,352500,0.0,False
2017-07-25,69.37000274658203,69.43000030517578,69.2699966430664,69.30000305175781,57.29540252685547,714700,0.0,False
2017-07-26,69.44000244140625,69.54000091552734,69.31999969482422,69.51000213623047,57.46904373168945,606200,0.0,False
2017-07-27,69.58999633789062,69.61000061035156,68.98999786376953,69.33999633789062,57.32847213745117,442900,0.0,False
2017-07-28,69.12999725341797,69.33999633789062,69.0999984741211,69.30999755859375,57.30368423461914,592600,0.0,False
2017-07-31,69.41000366210938,69.43000030517578,69.20999908447266,69.31999969482422,57.31194305419922,724000,0.0,False
2017-08-01,69.68000030517578,69.68000030517578,69.51000213623047,69.62000274658203,57.55997848510742,639600,0.0,False
2017-08-02,69.6500015258789,69.6500015258789,69.31999969482422,69.55999755859375,57.5103645324707,460900,0.0,False
2017-08-03,69.55000305175781,69.56999969482422,69.38999938964844,69.47000122070312,57.435970306396484,1125100,0.0,False
2017-08-04,69.6500015258789,69.66000366210938,69.4000015258789,69.5999984741211,57.54344940185547,461500,0.0,False
2017-08-07,69.62999725341797,69.7699966430664,69.5999984741211,69.7699966430664,57.683982849121094,265700,0.0,False
2017-08-08,69.69000244140625,69.91000366210938,69.44999694824219,69.55000305175781,57.502098083496094,569100,0.0,False
2017-08-09,69.16000366210938,69.41000366210938,69.08000183105469,69.38999938964844,57.36981964111328,351800,0.0,False
2017-08-10,69.05000305175781,69.05000305175781,68.30999755859375,68.33000183105469,56.49343490600586,1008500,0.0,False
2017-08-11,68.37999725341797,68.52999877929688,68.2699966430664,68.36000061035156,56.518245697021484,480800,0.0,False
2017-08-14,68.7300033569336,69.11000061035156,68.7300033569336,68.98999786376953,57.03911209106445,436200,0.0,False
2017-08-15,69.04000091552734,69.04000091552734,68.79000091552734,68.91999816894531,56.98122787475586,911200,0.0,False
2017-08-16,69.18000030517578,69.30999755859375,69.13999938964844,69.26000213623047,57.262351989746094,513500,0.0,False
2017-08-17,69.02999877929688,69.08000183105469,68.26000213623047,68.27999877929688,56.45209884643555,767300,0.0,False
2017-08-18,68.33999633789062,68.62999725341797,68.16000366210938,68.36000061035156,56.518245697021484,671000,0.0,False
2017-08-21,68.4000015258789,68.4800033569336,68.18000030517578,68.41999816894531,56.567848205566406,500100,0.0,False
2017-08-22,68.61000061035156,69.0,68.61000061035156,68.97000122070312,57.02256774902344,397000,0.0,False
2017-08-23,68.73999786376953,68.95999908447266,68.66000366210938,68.88999938964844,56.95642852783203,337900,0.0,False
2017-08-24,69.01000213623047,69.04000091552734,68.76000213623047,68.77999877929688,56.86549377441406,717400,0.0,False
2017-08-25,69.02999877929688,69.2699966430664,69.0199966430664,69.05000305175781,57.08871841430664,2146000,0.0,False
2017-08-28,69.2300033569336,69.2300033569336,68.93000030517578,69.04000091552734,57.08045196533203,1760400,0.0,False
2017-08-29,68.58999633789062,69.04000091552734,68.56999969482422,68.9800033569336,57.030845642089844,821200,0.0,False
2017-08-30,68.9800033569336,69.23999786376953,68.91000366210938,69.18000030517578,57.19620895385742,821900,0.0,False
2017-08-31,69.3499984741211,69.69000244140625,69.3499984741211,69.61000061035156,57.55170440673828,813600,0.0,False
2017-09-01,69.83000183105469,69.9000015258789,69.7300033569336,69.81999969482422,57.725341796875,473700,0.0,False
2017-09-05,69.63999938964844,69.73999786376953,69.0199966430664,69.3499984741211,57.336761474609375,552800,0.0,False
2017-09-06,69.51000213623047,69.72000122070312,69.48999786376953,69.61000061035156,57.55170440673828,417500,0.0,False
2017-09-07,69.93000030517578,69.93000030517578,69.7300033569336,69.87999725341797,57.77494812011719,274900,0.0,False
2017-09-08,69.86000061035156,69.91000366210938,69.73999786376953,69.80000305175781,57.70880126953125,494500,0.0,False
2017-09-11,70.12000274658203,70.5,70.12000274658203,70.47000122070312,58.262725830078125,548600,0.0,False
2017-09-12,70.58999633789062,70.68000030517578,70.52999877929688,70.66000366210938,58.419822692871094,606600,0.0,False
2017-09-13,70.54000091552734,70.55999755859375,70.38999938964844,70.4800033569336,58.27101516723633,322000,0.0,False
2017-09-14,70.38999938964844,70.51000213623047,70.33999633789062,70.5,58.28754806518555,1801200,0.0,False
2017-09-15,70.55000305175781,70.6500015258789,70.51000213623047,70.62999725341797,58.395015716552734,1632600,0.0,False
2017-09-18,70.77999877929688,70.9800033569336,70.72000122070312,70.87000274658203,58.59345245361328,519000,0.0,False
2017-09-19,70.94999694824219,70.9800033569336,70.80999755859375,70.9800033569336,58.68439483642578,544400,0.0,False
2017-09-20,71.01000213623047,71.0999984741211,70.58999633789062,70.9800033569336,58.68439483642578,722000,0.0,False
2017-09-21,70.9000015258789,70.93000030517578,70.7300033569336,70.79000091552734,58.527286529541016,665900,0.0,False
2017-09-22,70.80000305175781,70.9000015258789,70.76000213623047,70.83999633789062,58.568634033203125,2034100,0.0,False
2017-09-25,70.68000030517578,70.7699966430664,70.33000183105469,70.52999877929688,58.31232452392578,1380500,0.0,False
2017-09-26,70.5999984741211,70.62000274658203,70.36000061035156,70.45999908447266,58.25446701049805,1186600,0.0,False
2017-09-27,70.12999725341797,70.3499984741211,69.98999786376953,70.23999786376953,58.365821838378906,744800,0.0,False
2017-09-28,70.19999694824219,70.36000061035156,70.08999633789062,70.33000183105469,58.440608978271484,851600,0.0,False
2017-09-29,70.5,70.76000213623047,70.41999816894531,70.72000122070312,58.76467514038086,594700,0.0,False
2017-10-02,70.70999908447266,70.88999938964844,70.6500015258789,70.87999725341797,58.89760971069336,1171000,0.0,False
2017-10-03,71.01000213623047,71.19000244140625,70.97000122070312,71.19000244140625,59.15523147583008,839000,0.0,False
2017-10-04,71.12000274658203,71.29000091552734,71.08999633789062,71.22000122070312,59.18014907836914,377500,0.0,False
2017-10-05,71.2300033569336,71.44999694824219,71.19999694824219,71.43000030517578,59.35464096069336,628400,0.0,False
2017-10-06,71.20999908447266,71.3499984741211,71.12999725341797,71.33999633789062,59.27985763549805,711800,0.0,False
2017-10-09,71.3499984741211,71.4000015258789,71.16000366210938,71.23999786376953,59.19675827026367,248400,0.0,False
2017-10-10,71.55000305175781,71.68000030517578,71.44999694824219,71.62999725341797,59.52082824707031,403000,0.0,False
2017-10-11,71.66999816894531,71.83000183105469,71.6500015258789,71.83000183105469,59.687034606933594,722500,0.0,False
2017-10-12,71.75,71.9000015258789,71.70999908447266,71.79000091552734,59.6537971496582,858900,0.0,False
2017-10-13,72.02999877929688,72.0999984741211,71.97000122070312,71.98999786376953,59.819984436035156,686400,0.0,False
2017-10-16,72.04000091552734,72.0999984741211,71.94000244140625,72.0199966430664,59.844905853271484,380400,0.0,False
2017-10-17,71.95999908447266,71.98999786376953,71.83000183105469,71.98999786376953,59.819984436035156,671300,0.0,False
2017-10-18,72.05000305175781,72.0999984741211,71.91999816894531,72.04000091552734,59.861534118652344,619300,0.0,False
2017-10-19,71.70999908447266,71.94999694824219,71.5999984741211,71.94999694824219,59.7867431640625,513500,0.0,False
2017-10-20,72.01000213623047,72.12999725341797,71.98999786376953,72.12000274658203,59.92801284790039,532300,0.0,False
2017-10-23,72.13999938964844,72.13999938964844,71.81999969482422,71.83999633789062,59.695335388183594,613600,0.0,False
2017-10-24,71.94999694824219,72.0199966430664,71.86000061035156,71.95999908447266,59.7950553894043,497500,0.0,False
2017-10-25,71.97000122070312,71.97000122070312,71.31999969482422,71.66999816894531,59.55409240722656,750800,0.0,False
2017-10-26,71.79000091552734,71.87999725341797,71.68000030517578,71.69000244140625,59.570701599121094,632200,0.0,False
2017-10-27,71.79000091552734,72.0999984741211,71.63999938964844,72.06999969482422,59.886451721191406,612200,0.0,False
2017-10-30,71.79000091552734,72.0999984741211,71.79000091552734,71.9800033569336,59.81166458129883,637800,0.0,False
2017-10-31,72.16000366210938,72.29000091552734,72.05999755859375,72.20999908447266,60.00278854370117,836100,0.0,False
2017-11-01,72.5,72.63999938964844,72.30000305175781,72.37000274658203,60.1357536315918,865300,0.0,False
2017-11-02,72.3499984741211,72.48999786376953,72.1500015258789,72.44999694824219,60.20221710205078,555400,0.0,False
2017-11-03,72.45999908447266,72.51000213623047,72.23999786376953,72.51000213623047,60.25209426879883,716500,0.0,False
2017-11-06,72.45999908447266,72.72000122070312,72.44000244140625,72.69999694824219,60.409950256347656,498800,0.0,False
2017-11-07,72.70999908447266,72.76000213623047,72.38999938964844,72.55000305175781,60.285301208496094,2142600,0.0,False
2017-11-08,72.55000305175781,72.72000122070312,72.43000030517578,72.70999908447266,60.41825866699219,354300,0.0,False
2017-11-09,72.22000122070312,72.33999633789062,71.8499984741211,72.30999755859375,60.085872650146484,1046200,0.0,False
2017-11-10,72.2300033569336,72.29000091552734,72.11000061035156,72.25,60.0360221862793,378300,0.0,False
2017-11-13,71.87000274658203,72.19000244140625,71.80000305175781,72.13999938964844,59.94460678100586,598200,0.0,False
2017-11-14,71.97000122070312,72.02999877929688,71.7699966430664,72.02999877929688,59.85321807861328,340300,0.0,False
2017-11-15,71.5,71.73999786376953,71.33000183105469,71.61000061035156,59.50419998168945,1192000,0.0,False
2017-11-16,71.9800033569336,72.4000015258789,71.9800033569336,72.30000305175781,60.07755661010742,415700,0.0,False
2017-11-17,72.18000030517578,72.29000091552734,72.12999725341797,72.19999694824219,59.99446105957031,334700,0.0,False
2017-11-20,72.30000305175781,72.4000015258789,72.23999786376953,72.30999755859375,60.085872650146484,501200,0.0,False
2017-11-21,72.75,72.94000244140625,72.7300033569336,72.87999725341797,60.55952072143555,369200,0.0,False
2017-11-22,73.04000091552734,73.0999984741211,72.83999633789062,72.9800033569336,60.642608642578125,505100,0.0,False
2017-11-24,73.19000244140625,73.27999877929688,73.19000244140625,73.25,60.866981506347656,266700,0.0,False
2017-11-27,73.19999694824219,73.19999694824219,72.95999908447266,72.95999908447266,60.62599563598633,600600,0.0,False
2017-11-28,73.18000030517578,73.55999755859375,73.06999969482422,73.5199966430664,61.091304779052734,1300800,0.0,False
2017-11-29,73.52999877929688,73.62000274658203,73.16999816894531,73.29000091552734,60.90021896362305,1300100,0.0,False
2017-11-30,73.51000213623047,73.83000183105469,73.51000213623047,73.58000183105469,61.141204833984375,818300,0.0,False
2017-12-01,73.5,73.5999984741211,72.66999816894531,73.41999816894531,61.00824737548828,1276900,0.0,False
2017-12-04,73.80999755859375,73.91999816894531,73.29000091552734,73.29000091552734,60.90021896362305,2396100,0.0,False
2017-12-05,73.33999633789062,73.5,73.04000091552734,73.05999755859375,60.7091064453125,1357700,0.0,False
2017-12-06,72.80000305175781,72.95999908447266,72.7300033569336,72.83000183105469,60.51798629760742,484600,0.0,False
2017-12-07,72.77999877929688,73.1500015258789,72.72000122070312,73.05999755859375,60.7091064453125,766600,0.0,False
2017-12-08,73.41000366210938,73.5,73.2699966430664,73.48999786376953,61.066402435302734,745400,0.0,False
2017-12-11,73.62999725341797,73.68000030517578,73.5199966430664,73.66999816894531,61.21598434448242,805600,0.0,False
2017-12-12,73.63999938964844,73.76000213623047,73.55000305175781,73.69000244140625,61.232601165771484,477300,0.0,False
2017-12-13,73.86000061035156,74.05999755859375,73.80999755859375,73.8499984741211,61.36555862426758,849000,0.0,False
2017-12-14,73.93000030517578,73.94000244140625,73.52999877929688,73.52999877929688,61.09962463378906,1207500,0.0,False
2017-12-15,73.72000122070312,73.98999786376953,73.62999725341797,73.87000274658203,61.38216018676758,886200,0.0,False
2017-12-18,74.38999938964844,74.69999694824219,74.38999938964844,74.55999755859375,61.955528259277344,642500,0.0,False
2017-12-19,74.11000061035156,74.4000015258789,73.80000305175781,73.80999755859375,61.73970031738281,947000,0.0,False
2017-12-20,74.02999877929688,74.02999877929688,73.69000244140625,73.76000213623047,61.69789505004883,579500,0.0,False
2017-12-21,73.88999938964844,74.12999725341797,73.86000061035156,73.97000122070312,61.87352752685547,846600,0.0,False
2017-12-22,74.0199966430664,74.0999984741211,73.9000015258789,74.0999984741211,61.9822883605957,781100,0.0,False
2017-12-26,74.08000183105469,74.13999938964844,74.0199966430664,74.11000061035156,61.99064636230469,866500,0.0,False
2017-12-27,74.16999816894531,74.23999786376953,74.0999984741211,74.16000366210938,62.032474517822266,599100,0.0,False
2017-12-28,74.41999816894531,74.44000244140625,74.27999877929688,74.37999725341797,62.21648406982422,515900,0.0,False
2017-12-29,74.6500015258789,74.66000366210938,74.23999786376953,74.26000213623047,62.116127014160156,1031100,0.0,False
2018-01-02,74.55000305175781,74.91000366210938,74.51000213623047,74.91000366210938,62.659820556640625,1267700,0.0,False
2018-01-03,75.0,75.44000244140625,75.0,75.41999816894531,63.086429595947266,768500,0.0,False
2018-01-04,75.7699966430664,75.97000122070312,75.75,75.87000274658203,63.46283721923828,819400,0.0,False
2018-01-05,76.08999633789062,76.33000183105469,75.95999908447266,76.30999755859375,63.83089065551758,925100,0.0,False
2018-01-08,76.23999786376953,76.41000366210938,76.16999816894531,76.38999938964844,63.89780807495117,723200,0.0,False
2018-01-09,76.48999786376953,76.58999633789062,76.31999969482422,76.5199966430664,64.00650787353516,871700,0.0,False
2018-01-10,76.31999969482422,76.36000061035156,76.08999633789062,76.2699966430664,63.79741287231445,862900,0.0,False
2018-01-11,76.45999908447266,76.83000183105469,76.4000015258789,76.83000183105469,64.26582336425781,777600,0.0,False
2018-01-12,77.01000213623047,77.45999908447266,76.94999694824219,77.44000244140625,64.7761001586914,747600,0.0,False
2018-01-16,77.77999877929688,77.94000244140625,77.11000061035156,77.26000213623047,64.62552642822266,1433900,0.0,False
2018-01-17,77.5,78.0199966430664,77.33999633789062,77.87000274658203,65.13578033447266,2392900,0.0,False
2018-01-18,77.75,77.86000061035156,77.56999969482422,77.70999908447266,65.00193786621094,1275200,0.0,False
2018-01-19,78.0,78.12000274658203,77.83000183105469,78.12000274658203,65.34490203857422,910500,0.0,False
2018-01-22,78.12000274658203,78.69000244140625,78.11000061035156,78.69000244140625,65.82169342041016,964200,0.0,False
2018-01-23,78.72000122070312,78.94000244140625,78.5999984741211,78.91000366210938,66.00568389892578,813100,0.0,False
2018-01-24,79.22000122070312,79.37999725341797,78.69000244140625,79.04000091552734,66.11442565917969,1131300,0.0,False
2018-01-25,79.31999969482422,79.31999969482422,78.76000213623047,78.91999816894531,66.0140380859375,2001700,0.0,False
2018-01-26,79.23999786376953,79.73999786376953,79.13999938964844,79.7300033569336,66.69159698486328,1938500,0.0,False
2018-01-29,79.33999633789062,79.4000015258789,79.0,79.06999969482422,66.13954162597656,3850500,0.0,False
2018-01-30,78.58999633789062,78.6500015258789,78.16999816894531,78.26000213623047,65.46197509765625,1254400,0.0,False
2018-01-31,78.66999816894531,78.69999694824219,78.0,78.33000183105469,65.52054595947266,1408900,0.0,False
2018-02-01,78.08000183105469,78.55000305175781,77.9000015258789,78.2699966430664,65.47034454345703,1380600,0.0,False
2018-02-02,77.6500015258789,77.66999816894531,76.55000305175781,76.55999755859375,64.04000091552734,1170000,0.0,False
2018-02-05,75.95999908447266,76.5,73.55000305175781,73.62000274658203,61.58079528808594,2453600,0.0,False
2018-02-06,72.91000366210938,75.29000091552734,72.58999633789062,75.16000366210938,62.86893844604492,9365600,0.0,False
2018-02-07,74.58999633789062,75.37999725341797,74.19000244140625,74.19999694824219,62.0659294128418,5577000,0.0,False
2018-02-08,74.31999969482422,74.31999969482422,71.83000183105469,71.8499984741211,60.100250244140625,8214100,0.0,False
2018-02-09,72.68000030517578,73.12999725341797,70.55999755859375,72.61000061035156,60.735939025878906,5756300,0.0,False
2018-02-12,73.30000305175781,74.02999877929688,72.83999633789062,73.69000244140625,61.639347076416016,2352500,0.0,False
2018-02-13,73.33999633789062,73.86000061035156,73.18000030517578,73.73999786376953,61.6811637878418,1280500,0.0,False
2018-02-14,73.29000091552734,74.97000122070312,73.2699966430664,74.91000366210938,62.659820556640625,1913600,0.0,False
2018-02-15,75.47000122070312,75.75,74.79000091552734,75.73999786376953,63.354103088378906,1547000,0.0,False
2018-02-16,75.58000183105469,76.30999755859375,75.52999877929688,75.80000305175781,63.40427780151367,1019900,0.0,False
2018-02-20,75.31999969482422,75.72000122070312,74.98999786376953,75.2300033569336,62.9275016784668,1143000,0.0,False
2018-02-21,75.51000213623047,76.1500015258789,74.94000244140625,74.94999694824219,62.69325637817383,909400,0.0,False
2018-02-22,75.18000030517578,75.69000244140625,74.91000366210938,75.08000183105469,62.80203628540039,1569900,0.0,False
2018-02-23,75.5,76.08999633789062,75.3499984741211,76.08999633789062,63.646846771240234,1521500,0.0,False
2018-02-26,76.37999725341797,76.81999969482422,76.0999984741211,76.80000305175781,64.24075317382812,1194200,0.0,False
2018-02-27,76.6500015258789,76.73999786376953,75.7300033569336,75.7300033569336,63.3457145690918,3953600,0.0,False
2018-02-28,75.80999755859375,76.0,74.83999633789062,74.8499984741211,62.6096305847168,919900,0.0,False
2018-03-01,74.83000183105469,75.13999938964844,73.45999908447266,73.95999908447266,61.865169525146484,1471400,0.0,False
2018-03-02,73.4800033569336,74.41999816894531,73.22000122070312,74.30999755859375,62.15792465209961,985800,0.0,False
2018-03-05,73.83999633789062,75.04000091552734,73.73999786376953,74.91000366210938,62.659820556640625,861800,0.0,False
2018-03-06,75.41999816894531,75.43000030517578,74.94000244140625,75.3499984741211,63.02787399291992,772600,0.0,False
2018-03-07,74.79000091552734,75.3499984741211,74.6500015258789,75.26000213623047,62.95258712768555,869300,0.0,False
2018-03-08,75.47000122070312,75.5999984741211,75.18000030517578,75.55000305175781,63.19517135620117,1198800,0.0,False
2018-03-09,75.81999969482422,76.51000213623047,75.75,76.5,63.98978805541992,1349600,0.0,False
2018-03-12,76.62000274658203,76.8499984741211,76.43000030517578,76.58000183105469,64.05672454833984,1698100,0.0,False
2018-03-13,76.83000183105469,76.9800033569336,75.87999725341797,76.05000305175781,63.613407135009766,939700,0.0,False
2018-03-14,76.51000213623047,76.55000305175781,75.79000091552734,75.97000122070312,63.54648208618164,1131600,0.0,False
2018-03-15,76.08000183105469,76.25,75.70999908447266,75.8499984741211,63.446109771728516,844900,0.0,False
2018-03-16,75.87000274658203,76.08999633789062,75.81999969482422,75.86000061035156,63.454463958740234,480300,0.0,False
2018-03-19,75.62999725341797,75.62999725341797,74.62000274658203,75.05999755859375,62.78528594970703,791100,0.0,False
2018-03-20,75.16000366210938,75.37000274658203,75.08000183105469,75.23999786376953,62.93584442138672,1402600,0.0,False
2018-03-21,75.18000030517578,75.80000305175781,75.08999633789062,75.30000305175781,62.986045837402344,1276700,0.0,False
2018-03-22,74.51000213623047,74.70999908447266,73.51000213623047,73.54000091552734,61.51387023925781,1352300,0.0,False
2018-03-23,73.68000030517578,73.79000091552734,72.25,72.30000305175781,60.47663497924805,1765100,0.0,False
2018-03-26,73.19000244140625,73.77999877929688,72.44999694824219,73.73999786376953,61.90119171142578,1628500,0.0,False
2018-03-27,74.0,74.12999725341797,72.44000244140625,72.76000213623047,61.078521728515625,1693600,0.0,False
2018-03-28,72.87999725341797,73.33000183105469,72.43000030517578,72.7300033569336,61.05333709716797,1169200,0.0,False
2018-03-29,73.0999984741211,73.98999786376953,72.95999908447266,73.62999725341797,61.808841705322266,1384400,0.0,False
2018-04-02,73.38999938964844,73.48999786376953,71.5999984741211,72.16999816894531,60.583251953125,967800,0.0,False
2018-04-03,72.66000366210938,73.05000305175781,72.19000244140625,72.93000030517578,61.22123718261719,998200,0.0,False
2018-04-04,71.9000015258789,73.58999633789062,71.77999877929688,73.51000213623047,61.70812225341797,2300100,0.0,False
2018-04-05,73.9000015258789,74.18000030517578,73.73999786376953,73.9000015258789,62.03550338745117,3805100,0.0,False
2018-04-06,73.5,73.86000061035156,72.33000183105469,72.70999908447266,61.036556243896484,1041200,0.0,False
2018-04-09,73.2699966430664,73.9800033569336,73.0999984741211,73.1500015258789,61.40590286254883,768800,0.0,False
2018-04-10,73.97000122070312,74.41999816894531,73.79000091552734,74.2300033569336,62.31251907348633,1007800,0.0,False
2018-04-11,73.8499984741211,74.36000061035156,73.79000091552734,73.88999938964844,62.02709197998047,1704400,0.0,False
2018-04-12,74.23999786376953,74.54000091552734,74.12000274658203,74.33000183105469,62.396461486816406,883200,0.0,False
2018-04-13,74.61000061035156,74.69000244140625,73.87000274658203,74.12999725341797,62.22856521606445,567300,0.0,False
2018-04-16,74.5199966430664,74.80000305175781,74.2699966430664,74.51000213623047,62.547569274902344,589100,0.0,False
2018-04-17,74.83999633789062,75.26000213623047,74.73999786376953,75.11000061035156,63.051246643066406,382900,0.0,False
2018-04-18,75.3499984741211,75.55000305175781,75.19999694824219,75.4000015258789,63.29468536376953,1300900,0.0,False
2018-04-19,75.25,75.2699966430664,74.68000030517578,74.91000366210938,62.88337326049805,1406100,0.0,False
2018-04-20,74.79000091552734,74.9000015258789,74.22000122070312,74.41999816894531,62.47201919555664,409700,0.0,False
2018-04-23,74.5,74.61000061035156,74.05999755859375,74.33000183105469,62.396461486816406,733400,0.0,False
2018-04-24,74.62999725341797,74.69000244140625,73.3499984741211,73.72000122070312,61.88441467285156,1062200,0.0,False
2018-04-25,73.55000305175781,73.77999877929688,73.11000061035156,73.69000244140625,61.85923767089844,722300,0.0,False
2018-04-26,74.01000213623047,74.44999694824219,73.91999816894531,74.30999755859375,62.37965393066406,398500,0.0,False
2018-04-27,74.43000030517578,74.5199966430664,74.12999725341797,74.44000244140625,62.48881149291992,572400,0.0,False
2018-04-30,74.48999786376953,74.62999725341797,73.94000244140625,73.94000244140625,62.06907653808594,1020800,0.0,False
2018-05-01,73.88999938964844,73.93000030517578,73.30000305175781,73.9000015258789,62.03550338745117,382400,0.0,False
2018-05-02,74.0199966430664,74.19000244140625,73.52999877929688,73.62000274658203,61.80045700073242,685100,0.0,False
2018-05-03,73.51000213623047,73.73999786376953,72.73999786376953,73.58999633789062,61.7752799987793,1272200,0.0,False
2018-05-04,73.18000030517578,74.4000015258789,73.12999725341797,74.22000122070312,62.30412292480469,472800,0.0,False
2018-05-07,74.33999633789062,74.52999877929688,74.1500015258789,74.33000183105469,62.396461486816406,1104800,0.0,False
2018-05-08,74.2300033569336,74.3499984741211,74.01000213623047,74.33999633789062,62.40485382080078,1030000,0.0,False
2018-05-09,74.51000213623047,74.87000274658203,74.36000061035156,74.79000091552734,62.782615661621094,851800,0.0,False
2018-05-10,75.06999969482422,75.56999969482422,75.06999969482422,75.4800033569336,63.3618278503418,421800,0.0,False
2018-05-11,75.62999725341797,75.80000305175781,75.45999908447266,75.63999938964844,63.49613952636719,1183100,0.0,False
2018-05-14,75.86000061035156,76.05999755859375,75.66999816894531,75.75,63.588497161865234,363100,0.0,False
2018-05-15,75.12000274658203,75.19000244140625,74.81999969482422,75.06999969482422,63.017662048339844,1254400,0.0,False
2018-05-16,75.2300033569336,75.55000305175781,75.19999694824219,75.44999694824219,63.3366584777832,2033000,0.0,False
2018-05-17,75.43000030517578,75.69000244140625,75.2300033569336,75.43000030517578,63.31987380981445,737600,0.0,False
2018-05-18,75.2699966430664,75.29000091552734,75.06999969482422,75.18000030517578,63.11000442504883,918500,0.0,False
2018-05-21,75.5999984741211,75.69000244140625,75.44000244140625,75.61000061035156,63.47096252441406,414000,0.0,False
2018-05-22,75.80999755859375,75.91999816894531,75.47000122070312,75.54000091552734,63.41218566894531,463000,0.0,False
2018-05-23,74.94999694824219,75.33999633789062,74.79000091552734,75.31999969482422,63.227542877197266,1098800,0.0,False
2018-05-24,75.19999694824219,75.27999877929688,74.66000366210938,75.19000244140625,63.1183967590332,612300,0.0,False
2018-05-25,74.95999908447266,75.05000305175781,74.80000305175781,74.94000244140625,62.90853500366211,559200,0.0,False
2018-05-29,74.2300033569336,74.33999633789062,73.48999786376953,73.77999877929688,61.934783935546875,1379500,0.0,False
2018-05-30,74.18000030517578,74.81999969482422,74.12000274658203,74.73999786376953,62.740631103515625,506100,0.0,False
2018-05-31,74.6500015258789,74.68000030517578,74.19000244140625,74.36000061035156,62.421627044677734,642100,0.0,False
2018-06-01,74.8499984741211,75.12999725341797,74.80000305175781,75.08000183105469,63.02605438232422,459000,0.0,False
2018-06-04,75.43000030517578,75.58000183105469,75.31999969482422,75.45999908447266,63.34503936767578,387400,0.0,False
2018-06-05,75.48999786376953,75.55000305175781,75.22000122070312,75.44000244140625,63.32826614379883,288600,0.0,False
2018-06-06,75.68000030517578,76.0999984741211,75.5199966430664,76.0999984741211,63.882301330566406,446500,0.0,False
2018-06-07,76.1500015258789,76.2699966430664,75.5999984741211,75.83999633789062,63.66402053833008,607400,0.0,False
2018-06-08,75.73999786376953,76.02999877929688,75.56999969482422,76.01000213623047,63.806758880615234,1229600,0.0,False
2018-06-11,76.11000061035156,76.36000061035156,76.05000305175781,76.19999694824219,63.966251373291016,1797400,0.0,False
2018-06-12,76.19999694824219,76.29000091552734,75.93000030517578,76.12000274658203,63.89908981323242,1631800,0.0,False
2018-06-13,76.26000213623047,76.27999877929688,75.7699966430664,75.88999938964844,63.70601272583008,582800,0.0,False
2018-06-14,76.06999969482422,76.18000030517578,75.87000274658203,75.97000122070312,63.77317810058594,1306300,0.0,False
2018-06-15,75.61000061035156,75.69000244140625,75.27999877929688,75.6500015258789,63.504554748535156,573400,0.0,False
2018-06-18,75.02999877929688,75.33000183105469,74.91000366210938,75.29000091552734,63.20233917236328,880500,0.0,False
2018-06-19,74.43000030517578,74.87999725341797,74.25,74.77999877929688,62.774208068847656,6193700,0.0,False
2018-06-20,75.12999725341797,75.20999908447266,74.86000061035156,75.04000091552734,62.99248123168945,1204000,0.0,False
2018-06-21,74.94999694824219,74.94999694824219,74.33999633789062,74.41999816894531,62.47201919555664,584600,0.0,False
2018-06-22,74.5,74.54000091552734,74.22000122070312,74.30999755859375,62.84495544433594,553500,0.0,False
2018-06-25,73.88999938964844,73.9000015258789,72.91000366210938,73.25,61.94852828979492,1421600,0.0,False
2018-06-26,73.41999816894531,73.55999755859375,73.12000274658203,73.33000183105469,62.01618194580078,1586400,0.0,False
2018-06-27,73.51000213623047,73.76000213623047,72.62000274658203,72.63999938964844,61.432647705078125,1274600,0.0,False
2018-06-28,72.62999725341797,73.13999938964844,72.38999938964844,73.01000213623047,61.74555206298828,1088700,0.0,False
2018-06-29,73.47000122070312,73.81999969482422,73.36000061035156,73.37000274658203,62.050010681152344,853100,0.0,False
2018-07-02,72.6500015258789,73.12999725341797,72.55000305175781,73.11000061035156,61.830108642578125,672300,0.0,False
2018-07-03,73.48999786376953,73.51000213623047,72.9800033569336,73.02999877929688,61.76247024536133,552600,0.0,False
2018-07-05,73.54000091552734,73.63999938964844,73.16999816894531,73.61000061035156,62.252994537353516,1056600,0.0,False
2018-07-06,73.62000274658203,74.22000122070312,73.54000091552734,74.08000183105469,62.65046691894531,2287800,0.0,False
2018-07-09,74.54000091552734,74.86000061035156,74.48999786376953,74.81999969482422,63.27629089355469,642400,0.0,False
2018-07-10,74.87999725341797,74.98999786376953,74.73999786376953,74.94999694824219,63.38620376586914,679500,0.0,False
2018-07-11,74.37999725341797,74.55000305175781,73.95999908447266,74.12000274658203,62.68430709838867,552200,0.0,False
2018-07-12,74.5199966430664,74.7300033569336,74.30999755859375,74.69999694824219,63.17479705810547,672600,0.0,False
2018-07-13,74.69999694824219,74.87000274658203,74.55000305175781,74.79000091552734,63.25090789794922,347200,0.0,False
2018-07-16,74.83000183105469,74.83999633789062,74.56999969482422,74.69000244140625,63.166358947753906,457700,0.0,False
2018-07-17,74.5,75.05000305175781,74.43000030517578,74.9800033569336,63.4116096496582,791600,0.0,False
2018-07-18,74.94999694824219,75.05000305175781,74.75,75.02999877929688,63.45387268066406,380700,0.0,False
2018-07-19,74.66000366210938,74.9000015258789,74.4800033569336,74.75,63.21711730957031,653400,0.0,False
2018-07-20,74.86000061035156,75.06999969482422,74.80000305175781,74.88999938964844,63.33548355102539,3056200,0.0,False
2018-07-23,74.87000274658203,74.91999816894531,74.66000366210938,74.88999938964844,63.33548355102539,485300,0.0,False
2018-07-24,75.37000274658203,75.58000183105469,75.05999755859375,75.22000122070312,63.614566802978516,1965900,0.0,False
2018-07-25,75.27999877929688,76.05000305175781,75.2300033569336,76.0,64.27424621582031,1224500,0.0,False
2018-07-26,75.68000030517578,75.87999725341797,75.63999938964844,75.68000030517578,64.00360107421875,593400,0.0,False
2018-07-27,75.8499984741211,75.91999816894531,75.2300033569336,75.44999694824219,63.809078216552734,949200,0.0,False
2018-07-30,75.55999755859375,75.62999725341797,75.08999633789062,75.19000244140625,63.58920669555664,591600,0.0,False
2018-07-31,75.4000015258789,75.6500015258789,75.27999877929688,75.4800033569336,63.834442138671875,558600,0.0,False
2018-08-01,75.43000030517578,75.51000213623047,75.06999969482422,75.20999908447266,63.60612106323242,743900,0.0,False
2018-08-02,74.63999938964844,75.25,74.55000305175781,75.22000122070312,63.614566802978516,481400,0.0,False
2018-08-03,75.20999908447266,75.4800033569336,75.13999938964844,75.4800033569336,63.834442138671875,432700,0.0,False
2018-08-06,75.19999694824219,75.55000305175781,75.12999725341797,75.4800033569336,63.834442138671875,1084900,0.0,False
2018-08-07,75.19999694824219,75.93000030517578,75.19999694824219,75.7699966430664,64.0797119140625,1200500,0.0,False
2018-08-08,75.75,75.81999969482422,75.56999969482422,75.72000122070312,64.03743743896484,1449900,0.0,False
2018-08-09,75.72000122070312,75.87000274658203,75.52999877929688,75.55000305175781,63.89369201660156,2344300,0.0,False
2018-08-10,74.81999969482422,74.87999725341797,74.52999877929688,74.69999694824219,63.17479705810547,1607900,0.0,False
2018-08-13,74.6500015258789,74.79000091552734,74.16999816894531,74.30000305175781,62.83652114868164,4443700,0.0,False
2018-08-14,74.48999786376953,74.70999908447266,74.3499984741211,74.6500015258789,63.13252639770508,523700,0.0,False
2018-08-15,73.94999694824219,73.97000122070312,73.29000091552734,73.81999969482422,62.43059539794922,5321300,0.0,False
2018-08-16,74.23999786376953,74.6500015258789,74.23999786376953,74.37999725341797,62.9041862487793,3981500,0.0,False
2018-08-17,74.27999877929688,74.87999725341797,74.19999694824219,74.70999908447266,63.18326187133789,868000,0.0,False
2018-08-20,74.93000030517578,75.04000091552734,74.80000305175781,75.0,63.428497314453125,562200,0.0,False
2018-08-21,75.22000122070312,75.52999877929688,75.20999908447266,75.30000305175781,63.68223571777344,2397900,0.0,False
2018-08-22,75.3499984741211,75.62999725341797,75.3499984741211,75.5,63.851375579833984,980600,0.0,False
2018-08-23,75.29000091552734,75.5199966430664,75.08999633789062,75.1500015258789,63.55537033081055,892400,0.0,False
2018-08-24,75.5,75.77999877929688,75.44999694824219,75.69000244140625,64.0120620727539,907500,0.0,False
2018-08-27,76.16000366210938,76.52999877929688,76.06999969482422,76.48999786376953,64.6886215209961,1572300,0.0,False
2018-08-28,76.58999633789062,76.66000366210938,76.36000061035156,76.43000030517578,64.63788604736328,480900,0.0,False
2018-08-29,76.44000244140625,76.83000183105469,76.33000183105469,76.79000091552734,64.94235229492188,427100,0.0,False
2018-08-30,76.38999938964844,76.44000244140625,75.97000122070312,76.1500015258789,64.40108489990234,1676100,0.0,False
2018-08-31,76.05000305175781,76.29000091552734,75.79000091552734,76.12999725341797,64.38416290283203,1095100,0.0,False
2018-09-04,75.6500015258789,75.66999816894531,75.30999755859375,75.6500015258789,63.97823715209961,1106000,0.0,False
2018-09-05,75.27999877929688,75.33999633789062,74.87999725341797,75.1500015258789,63.55537033081055,770300,0.0,False
2018-09-06,75.1500015258789,75.29000091552734,74.68000030517578,74.98999786376953,63.4200553894043,2861100,0.0,False
2018-09-07,74.58000183105469,74.9000015258789,74.44000244140625,74.6500015258789,63.13252639770508,1308400,0.0,False
2018-09-10,74.95999908447266,75.02999877929688,74.76000213623047,74.83000183105469,63.284759521484375,1501400,0.0,False
2018-09-11,74.52999877929688,75.01000213623047,74.36000061035156,74.9800033569336,63.4116096496582,1023600,0.0,False
2018-09-12,74.91000366210938,75.2300033569336,74.7300033569336,75.12000274658203,63.53000259399414,1282900,0.0,False
2018-09-13,75.6500015258789,75.75,75.4000015258789,75.58999633789062,63.927486419677734,1026700,0.0,False
2018-09-14,75.72000122070312,75.77999877929688,75.43000030517578,75.63999938964844,63.96977615356445,1346500,0.0,False
2018-09-17,75.7699966430664,75.7699966430664,75.30000305175781,75.37000274658203,63.7414436340332,1616900,0.0,False
2018-09-18,75.5999984741211,76.0199966430664,75.58000183105469,75.9000015258789,64.18963623046875,2291100,0.0,False
2018-09-19,75.91999816894531,76.19000244140625,75.91999816894531,76.08999633789062,64.35032653808594,844500,0.0,False
2018-09-20,76.5999984741211,76.86000061035156,76.47000122070312,76.80000305175781,64.95079803466797,781800,0.0,False
2018-09-21,76.88999938964844,76.97000122070312,76.73999786376953,76.77999877929688,64.93388366699219,1614400,0.0,False
2018-09-24,76.62000274658203,76.6500015258789,76.33000183105469,76.44000244140625,64.64633178710938,1491200,0.0,False
2018-09-25,76.75,76.75,76.5,76.54000091552734,64.73091888427734,786900,0.0,False
2018-09-26,76.20999908447266,76.61000061035156,76.0,76.05000305175781,64.62216186523438,489800,0.0,False
2018-09-27,76.05999755859375,76.4000015258789,76.05000305175781,76.11000061035156,64.67314147949219,3203500,0.0,False
2018-09-28,75.76000213623047,76.02999877929688,75.66999816894531,75.83000183105469,64.43522644042969,3139600,0.0,False
2018-10-01,76.26000213623047,76.31999969482422,75.9000015258789,76.06999969482422,64.63914489746094,1335600,0.0,False
2018-10-02,75.72000122070312,75.88999938964844,75.56999969482422,75.70999908447266,64.33323669433594,908100,0.0,False
2018-10-03,76.0,76.08000183105469,75.58000183105469,75.70999908447266,64.33323669433594,733500,0.0,False
2018-10-04,75.41999816894531,75.41999816894531,74.48999786376953,74.87999725341797,63.62796401977539,7408800,0.0,False
2018-10-05,74.83999633789062,74.95999908447266,74.04000091552734,74.43000030517578,63.24558639526367,1482800,0.0,False
2018-10-08,74.02999877929688,74.33999633789062,73.66000366210938,74.2699966430664,63.109642028808594,937200,0.0,False
2018-10-09,73.94000244140625,74.33999633789062,73.7699966430664,74.08999633789062,62.9566535949707,8102900,0.0,False
2018-10-10,73.88999938964844,73.91999816894531,71.87999725341797,71.98999786376953,61.1722297668457,2131600,0.0,False
2018-10-11,71.66999816894531,72.12000274658203,70.30000305175781,70.7300033569336,60.101566314697266,4100600,0.0,False
2018-10-12,71.77999877929688,71.80000305175781,70.66000366210938,71.52999877929688,60.7813835144043,2400400,0.0,False
2018-10-15,71.36000061035156,71.70999908447266,71.05999755859375,71.2300033569336,60.526451110839844,1724000,0.0,False
2018-10-16,71.81999969482422,72.7300033569336,71.75,72.63999938964844,61.724571228027344,2057100,0.0,False
2018-10-17,72.54000091552734,72.55999755859375,71.79000091552734,72.3499984741211,61.4781608581543,1384500,0.0,False
2018-10-18,72.04000091552734,72.1500015258789,70.91999816894531,71.2300033569336,60.526451110839844,1319500,0.0,False
2018-10-19,71.55999755859375,72.05000305175781,71.20999908447266,71.30000305175781,60.58594512939453,817600,0.0,False
2018-10-22,71.55000305175781,71.6500015258789,70.94000244140625,71.0999984741211,60.415977478027344,1248800,0.0,False
2018-10-23,70.01000213623047,70.91000366210938,69.44000244140625,70.61000061035156,59.99961471557617,2163700,0.0,False
2018-10-24,70.37000274658203,70.43000030517578,68.36000061035156,68.44999694824219,58.16419982910156,2745400,0.0,False
2018-10-25,69.01000213623047,69.94999694824219,68.7699966430664,69.58999633789062,59.13287353515625,1506200,0.0,False
2018-10-26,68.58999633789062,69.41000366210938,67.80000305175781,68.73999786376953,58.410587310791016,6324900,0.0,False
2018-10-29,69.4000015258789,69.76000213623047,67.4800033569336,68.2699966430664,58.0112419128418,3846700,0.0,False
2018-10-30,68.3499984741211,69.30999755859375,68.23999786376953,69.2699966430664,58.860965728759766,2275700,0.0,False
2018-10-31,69.9000015258789,70.41000366210938,69.83000183105469,69.9000015258789,59.396305084228516,2022600,0.0,False
2018-11-01,70.41000366210938,71.0199966430664,70.11000061035156,71.0,60.330997467041016,1574700,0.0,False
2018-11-02,71.41000366210938,71.56999969482422,70.30000305175781,70.8499984741211,60.203556060791016,1379400,0.0,False
2018-11-05,70.9800033569336,71.16000366210938,70.69000244140625,71.04000091552734,60.364986419677734,1388000,0.0,False
2018-11-06,71.05000305175781,71.44999694824219,71.02999877929688,71.4000015258789,60.670902252197266,1134200,0.0,False
2018-11-07,71.98999786376953,72.6500015258789,71.80999755859375,72.62999725341797,61.716068267822266,663700,0.0,False
2018-11-08,72.37999725341797,72.51000213623047,71.91000366210938,72.05000305175781,61.22323226928711,2301700,0.0,False
2018-11-09,71.63999938964844,71.69999694824219,71.06999969482422,71.4800033569336,60.7388801574707,8658700,0.0,False
2018-11-12,71.25,71.25,70.11000061035156,70.22000122070312,59.668212890625,1997300,0.0,False
2018-11-13,70.41999816894531,71.01000213623047,70.13999938964844,70.33000183105469,59.761688232421875,2990600,0.0,False
2018-11-14,70.75,70.94000244140625,69.66000366210938,70.08999633789062,59.557743072509766,2821200,0.0,False
2018-11-15,69.76000213623047,70.83999633789062,69.41000366210938,70.70999908447266,60.08457565307617,3535600,0.0,False
2018-11-16,70.33000183105469,71.02999877929688,70.22000122070312,70.8499984741211,60.203556060791016,1069300,0.0,False
2018-11-19,70.69999694824219,70.72000122070312,69.63999938964844,69.87999725341797,59.37931442260742,1191400,0.0,False
2018-11-20,68.93000030517578,69.25,68.37999725341797,68.5999984741211,58.291648864746094,2534400,0.0,False
2018-11-21,69.23999786376953,69.68000030517578,69.13999938964844,69.23999786376953,58.83546447753906,1527200,0.0,False
2018-11-23,68.79000091552734,69.12999725341797,68.75,68.80000305175781,58.46160125732422,708300,0.0,False
2018-11-26,69.4800033569336,69.8499984741211,69.41999816894531,69.80000305175781,59.31132125854492,1846400,0.0,False
2018-11-27,69.48999786376953,69.80999755859375,69.29000091552734,69.80999755859375,59.31981658935547,1696100,0.0,False
2018-11-28,70.0199966430664,71.18000030517578,69.75,71.1500015258789,60.458465576171875,6203200,0.0,False
2018-11-29,70.94000244140625,71.30999755859375,70.61000061035156,70.97000122070312,60.30550003051758,1799300,0.0,False
2018-11-30,70.77999877929688,71.18000030517578,70.66000366210938,71.11000061035156,60.424468994140625,1663800,0.0,False
2018-12-03,72.36000061035156,72.37999725341797,71.72000122070312,72.08000183105469,61.24872589111328,2607100,0.0,False
2018-12-04,71.80000305175781,71.9000015258789,69.9000015258789,69.95999908447266,59.4472541809082,2166000,0.0,False
2018-12-06,68.8499984741211,69.68000030517578,68.0199966430664,69.5999984741211,59.14137268066406,4867600,0.0,False
2018-12-07,69.62999725341797,69.9800033569336,68.13999938964844,68.31999969482422,58.0537223815918,2638600,0.0,False
2018-12-10,68.2300033569336,68.38999938964844,67.11000061035156,68.16999816894531,57.9262580871582,4363400,0.0,False
2018-12-11,68.87000274658203,69.02999877929688,67.80000305175781,68.19999694824219,57.95175552368164,3221100,0.0,False
2018-12-12,69.08999633789062,69.5999984741211,68.9000015258789,68.94000244140625,58.58055877685547,4430000,0.0,False
2018-12-13,69.08000183105469,69.30000305175781,68.5999984741211,68.80999755859375,58.470096588134766,5085600,0.0,False
2018-12-14,68.0999984741211,68.4000015258789,67.62000274658203,67.7300033569336,57.55238342285156,3496400,0.0,False
2018-12-17,67.51000213623047,67.76000213623047,66.29000091552734,66.61000061035156,56.60067367553711,4734800,0.0,False
2018-12-18,67.02999877929688,67.30999755859375,66.36000061035156,66.69999694824219,56.67716598510742,6226200,0.0,False
2018-12-19,66.88999938964844,67.56999969482422,65.44999694824219,65.83999633789062,55.94638442993164,4827600,0.0,False
2018-12-20,65.73999786376953,66.05999755859375,64.6500015258789,65.13999938964844,55.3515739440918,7203700,0.0,False
2018-12-21,65.08000183105469,65.72000122070312,63.84000015258789,64.01000213623047,54.39138412475586,8540700,0.0,False
2018-12-24,63.400001525878906,63.689998626708984,62.31999969482422,62.33000183105469,53.371559143066406,4146800,0.0,False
2018-12-26,62.65999984741211,64.6500015258789,62.13999938964844,64.6500015258789,55.35811233520508,11454600,0.0,False
2018-12-27,63.7400016784668,65.01000213623047,63.119998931884766,65.01000213623047,55.6663703918457,8538700,0.0,False
2018-12-28,65.4000015258789,65.69999694824219,64.77999877929688,65.08000183105469,55.726314544677734,8670500,0.0,False
2018-12-31,65.5,65.62000274658203,65.01000213623047,65.45999908447266,56.051692962646484,7320500,0.0,False
2019-01-02,64.5199966430664,65.54000091552734,64.41000366210938,65.37999725341797,55.98318099975586,2531200,0.0,False
2019-01-03,65.11000061035156,65.11000061035156,64.19999694824219,64.36000061035156,55.10979080200195,2947000,0.0,False
2019-01-04,65.29000091552734,66.62000274658203,65.19000244140625,66.44999694824219,56.89938735961914,2777900,0.0,False
2019-01-07,66.48999786376953,67.19000244140625,66.27999877929688,66.86000061035156,57.25047302246094,2345600,0.0,False
2019-01-08,67.33000183105469,67.5,66.83000183105469,67.4000015258789,57.71286392211914,1405400,0.0,False
2019-01-09,67.87000274658203,68.25,67.62000274658203,68.02999877929688,58.25230407714844,3081300,0.0,False
2019-01-10,67.61000061035156,68.33999633789062,67.52999877929688,68.33999633789062,58.51776885986328,1817200,0.0,False
2019-01-11,67.8499984741211,68.19999694824219,67.75,68.08000183105469,58.295135498046875,5274500,0.0,False
2019-01-14,67.58999633789062,67.93000030517578,67.5,67.70999908447266,57.97830581665039,2259900,0.0,False
2019-01-15,67.87999725341797,68.33000183105469,67.87000274658203,68.31999969482422,58.500633239746094,2395100,0.0,False
2019-01-16,68.41999816894531,68.69000244140625,68.38999938964844,68.55000305175781,58.69757080078125,3137600,0.0,False
2019-01-17,68.26000213623047,69.18000030517578,68.22000122070312,68.94000244140625,59.03152084350586,2908600,0.0,False
2019-01-18,69.41000366210938,69.83999633789062,69.2699966430664,69.69000244140625,59.67373275756836,7013800,0.0,False
2019-01-22,69.13999938964844,69.16999816894531,68.36000061035156,68.69999694824219,58.826019287109375,4551800,0.0,False
2019-01-23,69.0999984741211,69.19999694824219,68.36000061035156,68.86000061035156,58.963016510009766,2361800,0.0,False
2019-01-24,68.94000244140625,69.19000244140625,68.76000213623047,69.06999969482422,59.14284133911133,2315600,0.0,False
2019-01-25,69.63999938964844,69.94000244140625,69.58999633789062,69.7699966430664,59.742218017578125,1552000,0.0,False
2019-01-28,69.16999816894531,69.33999633789062,68.88999938964844,69.31999969482422,59.356895446777344,4018600,0.0,False
2019-01-29,69.5199966430664,69.62999725341797,69.22000122070312,69.36000061035156,59.39115905761719,2179000,0.0,False
2019-01-30,69.75,70.56999969482422,69.5,70.33999633789062,60.23029327392578,2841500,0.0,False
2019-01-31,70.30999755859375,70.87000274658203,70.2300033569336,70.69000244140625,60.529972076416016,4554800,0.0,False
2019-02-01,70.7699966430664,70.88999938964844,70.5199966430664,70.69999694824219,60.53855514526367,2453500,0.0,False
2019-02-04,70.63999938964844,71.08000183105469,70.47000122070312,71.06999969482422,60.85537338256836,1979500,0.0,False
2019-02-05,71.30999755859375,71.58999633789062,71.29000091552734,71.55999755859375,61.27495574951172,2158300,0.0,False
2019-02-06,71.44999694824219,71.5,71.16000366210938,71.26000213623047,61.01808547973633,1363500,0.0,False
2019-02-07,70.80999755859375,70.93000030517578,70.1500015258789,70.56999969482422,60.42726516723633,2867600,0.0,False
2019-02-08,70.16000366210938,70.44000244140625,69.88999938964844,70.44000244140625,60.3159294128418,2493900,0.0,False
2019-02-11,70.56999969482422,70.62999725341797,70.29000091552734,70.44000244140625,60.3159294128418,1177700,0.0,False
2019-02-12,70.94000244140625,71.37999725341797,70.94000244140625,71.30000305175781,61.05232620239258,888300,0.0,False
2019-02-13,71.5,71.66000366210938,71.29000091552734,71.33000183105469,61.07802200317383,1181800,0.0,False
2019-02-14,71.12999725341797,71.5999984741211,71.0,71.31999969482422,61.069461822509766,1617500,0.0,False
2019-02-15,71.79000091552734,72.0999984741211,71.76000213623047,72.0999984741211,61.73736572265625,1658900,0.0,False
2019-02-19,71.9000015258789,72.43000030517578,71.87999725341797,72.27999877929688,61.891456604003906,3320900,0.0,False
2019-02-20,72.38999938964844,72.69000244140625,72.30999755859375,72.55000305175781,62.122676849365234,3021800,0.0,False
2019-02-21,72.44999694824219,72.44999694824219,72.05999755859375,72.27999877929688,61.891456604003906,817200,0.0,False
2019-02-22,72.52999877929688,72.83000183105469,72.48999786376953,72.73999786376953,62.28536605834961,7442800,0.0,False
2019-02-25,73.18000030517578,73.31999969482422,72.91000366210938,72.93000030517578,62.448036193847656,5360400,0.0,False
2019-02-26,72.8499984741211,73.22000122070312,72.8499984741211,73.01000213623047,62.51655578613281,2517700,0.0,False
2019-02-27,72.86000061035156,73.04000091552734,72.55999755859375,72.91999816894531,62.43947982788086,6202200,0.0,False
2019-02-28,72.83999633789062,72.88999938964844,72.61000061035156,72.68000030517578,62.23399353027344,4534700,0.0,False
2019-03-01,73.0999984741211,73.23999786376953,72.7300033569336,73.05000305175781,62.550811767578125,3100700,0.0,False
2019-03-04,73.3499984741211,73.36000061035156,72.30000305175781,72.83000183105469,62.3624382019043,1990600,0.0,False
2019-03-05,72.87000274658203,73.06999969482422,72.72000122070312,72.93000030517578,62.448036193847656,5713500,0.0,False
2019-03-06,72.91999816894531,72.93000030517578,72.44000244140625,72.48999786376953,62.071285247802734,2981800,0.0,False
2019-03-07,72.31999969482422,72.37999725341797,71.55999755859375,71.72000122070312,61.411983489990234,2713300,0.0,False
2019-03-08,71.23999786376953,71.58000183105469,71.08000183105469,71.52999877929688,61.249271392822266,1890300,0.0,False
2019-03-11,71.7699966430664,72.51000213623047,71.75,72.48999786376953,62.071285247802734,1327200,0.0,False
2019-03-12,72.62000274658203,72.77999877929688,72.56999969482422,72.66999816894531,62.22541809082031,7052700,0.0,False
2019-03-13,72.91999816894531,73.2699966430664,72.8499984741211,73.08999633789062,62.585044860839844,2184900,0.0,False
2019-03-14,73.08000183105469,73.12000274658203,72.87999725341797,73.0,62.50800323486328,1487800,0.0,False
2019-03-15,73.30999755859375,73.66000366210938,73.27999877929688,73.56999969482422,62.996089935302734,5173200,0.0,False
2019-03-18,73.69999694824219,73.94000244140625,73.61000061035156,73.9000015258789,63.27863311767578,1979900,0.0,False
2019-03-19,74.1500015258789,74.30999755859375,73.72000122070312,73.91000366210938,63.2872200012207,2505000,0.0,False
2019-03-20,73.7699966430664,74.2300033569336,73.31999969482422,73.79000091552734,63.184444427490234,5408600,0.0,False
2019-03-21,73.41999816894531,74.30000305175781,73.41999816894531,74.2300033569336,63.56120300292969,1791000,0.0,False
2019-03-22,73.6500015258789,73.73999786376953,72.69000244140625,72.72000122070312,62.26823806762695,2787700,0.0,False
2019-03-25,72.37000274658203,72.6500015258789,72.08000183105469,72.41999816894531,62.251888275146484,1830600,0.0,False
2019-03-26,72.87000274658203,73.11000061035156,72.55999755859375,72.8499984741211,62.62152099609375,1246600,0.0,False
2019-03-27,72.88999938964844,73.05999755859375,72.18000030517578,72.58000183105469,62.389434814453125,4485800,0.0,False
2019-03-28,72.66999816894531,72.8499984741211,72.37999725341797,72.77999877929688,62.56135559082031,2197800,0.0,False
2019-03-29,73.16000366210938,73.20999908447266,72.87000274658203,73.16999816894531,62.896583557128906,5722400,0.0,False
2019-04-01,73.76000213623047,74.16999816894531,73.76000213623047,74.11000061035156,63.704627990722656,1496000,0.0,False
2019-04-02,74.11000061035156,74.1500015258789,73.86000061035156,74.0999984741211,63.696022033691406,2192600,0.0,False
2019-04-03,74.55000305175781,74.72000122070312,74.26000213623047,74.41000366210938,63.96250915527344,1667600,0.0,False
2019-04-04,74.41999816894531,74.54000091552734,74.2699966430664,74.51000213623047,64.04845428466797,924800,0.0,False
2019-04-05,74.66999816894531,74.83999633789062,74.58000183105469,74.80999755859375,64.30632019042969,4255100,0.0,False
2019-04-08,74.76000213623047,74.91000366210938,74.55000305175781,74.9000015258789,64.38370513916016,2056000,0.0,False
2019-04-09,74.69999694824219,74.69999694824219,74.41000366210938,74.5,64.03987121582031,1918400,0.0,False
2019-04-10,74.66000366210938,74.83999633789062,74.54000091552734,74.80999755859375,64.30632019042969,547400,0.0,False
2019-04-11,74.87000274658203,74.87000274658203,74.52999877929688,74.68000030517578,64.19458770751953,4428800,0.0,False
2019-04-12,75.16000366210938,75.27999877929688,75.02999877929688,75.20999908447266,64.65017700195312,1231300,0.0,False
2019-04-15,75.20999908447266,75.20999908447266,74.91999816894531,75.08999633789062,64.5470199584961,1106200,0.0,False
2019-04-16,75.44000244140625,75.44000244140625,75.1500015258789,75.26000213623047,64.69316101074219,2298400,0.0,False
2019-04-17,75.54000091552734,75.58000183105469,75.05999755859375,75.16999816894531,64.61579132080078,2417400,0.0,False
2019-04-18,75.2300033569336,75.27999877929688,74.9000015258789,75.2300033569336,64.66736602783203,1334200,0.0,False
2019-04-22,75.01000213623047,75.18000030517578,74.97000122070312,75.16000366210938,64.60720825195312,940900,0.0,False
2019-04-23,75.19999694824219,75.66999816894531,75.11000061035156,75.63999938964844,65.01979064941406,828700,0.0,False
2019-04-24,75.44000244140625,75.45999908447266,75.1500015258789,75.2300033569336,64.66736602783203,1478500,0.0,False
2019-04-25,75.16999816894531,75.2699966430664,74.83000183105469,75.18000030517578,64.62438201904297,1323200,0.0,False
2019-04-26,75.29000091552734,75.54000091552734,75.08000183105469,75.54000091552734,64.933837890625,860800,0.0,False
2019-04-29,75.58000183105469,75.7699966430664,75.5,75.63999938964844,65.01979064941406,661300,0.0,False
2019-04-30,75.61000061035156,75.76000213623047,75.26000213623047,75.70999908447266,65.07998657226562,2146700,0.0,False
2019-05-01,75.91000366210938,75.98999786376953,75.19000244140625,75.22000122070312,64.65875244140625,1759900,0.0,False
2019-05-02,75.2300033569336,75.41000366210938,74.75,75.11000061035156,64.56420135498047,1587700,0.0,False
2019-05-03,75.4800033569336,75.86000061035156,75.41999816894531,75.83000183105469,65.1831283569336,946600,0.0,False
2019-05-06,74.48999786376953,75.37000274658203,74.3499984741211,75.30000305175781,64.72754669189453,2121800,0.0,False
2019-05-07,74.63999938964844,74.69000244140625,73.61000061035156,74.05000305175781,63.653053283691406,2874100,0.0,False
2019-05-08,74.0,74.41000366210938,73.83000183105469,74.04000091552734,63.64443588256836,3207800,0.0,False
2019-05-09,73.23999786376953,73.75,72.77999877929688,73.61000061035156,63.27482986450195,2215500,0.0,False
2019-05-10,73.43000030517578,74.12999725341797,72.73999786376953,73.97000122070312,63.58428192138672,4345900,0.0,False
2019-05-13,72.56999969482422,72.70999908447266,71.88999938964844,72.11000061035156,61.98543167114258,2660400,0.0,False
2019-05-14,72.52999877929688,73.1500015258789,72.47000122070312,72.86000061035156,62.63011932373047,2339900,0.0,False
2019-05-15,72.37999725341797,73.30999755859375,72.30999755859375,73.19999694824219,62.922386169433594,2164600,0.0,False
2019-05-16,73.37999725341797,74.08000183105469,73.37000274658203,73.73999786376953,63.38656234741211,1075100,0.0,False
2019-05-17,73.0999984741211,73.70999908447266,73.05999755859375,73.1500015258789,62.879425048828125,1197600,0.0,False
2019-05-20,72.80000305175781,73.0199966430664,72.5199966430664,72.73999786376953,62.5269775390625,1432800,0.0,False
2019-05-21,73.16000366210938,73.41999816894531,73.05999755859375,73.37999725341797,63.07712173461914,858100,0.0,False
2019-05-22,73.11000061035156,73.30000305175781,72.98999786376953,73.05000305175781,62.79345703125,1143600,0.0,False
2019-05-23,72.41999816894531,72.41999816894531,71.87999725341797,72.2300033569336,62.08857727050781,1797600,0.0,False
2019-05-24,72.63999938964844,72.80000305175781,72.36000061035156,72.55999755859375,62.372257232666016,1167000,0.0,False
2019-05-28,72.66000366210938,72.88999938964844,71.9800033569336,71.98999786376953,61.88228225708008,7004400,0.0,False
2019-05-29,71.69000244140625,71.75,71.22000122070312,71.62999725341797,61.57280731201172,2104700,0.0,False
2019-05-30,71.80999755859375,72.02999877929688,71.5999984741211,71.87999725341797,61.78772735595703,1950500,0.0,False
2019-05-31,71.12999725341797,71.43000030517578,70.91999816894531,71.19000244140625,61.194610595703125,5620600,0.0,False
2019-06-03,71.33999633789062,71.61000061035156,71.01000213623047,71.30000305175781,61.2891731262207,6752800,0.0,False
2019-06-04,71.83000183105469,72.55999755859375,71.5999984741211,72.5199966430664,62.33785629272461,5617700,0.0,False
2019-06-05,72.9000015258789,72.9000015258789,72.33999633789062,72.7699966430664,62.55276107788086,1297700,0.0,False
2019-06-06,72.95999908447266,73.30000305175781,72.69999694824219,73.11000061035156,62.84502410888672,1528600,0.0,False
2019-06-07,73.5,74.12999725341797,73.45999908447266,73.8499984741211,63.48112869262695,1492300,0.0,False
2019-06-10,74.22000122070312,74.55000305175781,74.16000366210938,74.16000366210938,63.747623443603516,1249700,0.0,False
2019-06-11,74.77999877929688,74.8499984741211,74.19999694824219,74.37000274658203,63.92813491821289,1165600,0.0,False
2019-06-12,74.19999694824219,74.2699966430664,73.94999694824219,74.01000213623047,63.61865234375,1197000,0.0,False
2019-06-13,74.27999877929688,74.37000274658203,74.0199966430664,74.22000122070312,63.79917907714844,863400,0.0,False
2019-06-14,74.01000213623047,74.0199966430664,73.79000091552734,73.87000274658203,63.498313903808594,920100,0.0,False
2019-06-17,73.4000015258789,73.61000061035156,73.33999633789062,73.41999816894531,63.585784912109375,712300,0.0,False
2019-06-18,73.9000015258789,74.5199966430664,73.9000015258789,74.31999969482422,64.365234375,2964600,0.0,False
2019-06-19,74.48999786376953,74.76000213623047,74.20999908447266,74.66999816894531,64.6683578491211,2419000,0.0,False
2019-06-20,75.4800033569336,75.56999969482422,74.97000122070312,75.4000015258789,65.30058288574219,1185300,0.0,False
2019-06-21,75.19000244140625,75.38999938964844,75.06999969482422,75.12999725341797,65.06675720214844,1372300,0.0,False
2019-06-24,75.16000366210938,75.27999877929688,75.04000091552734,75.0999984741211,65.040771484375,1266800,0.0,False
2019-06-25,75.11000061035156,75.16000366210938,74.41000366210938,74.44999694824219,64.47782897949219,1174700,0.0,False
2019-06-26,74.79000091552734,74.8499984741211,74.45999908447266,74.48999786376953,64.51248168945312,2807300,0.0,False
2019-06-27,74.70999908447266,74.88999938964844,74.6500015258789,74.81999969482422,64.79824829101562,1396200,0.0,False
2019-06-28,75.08999633789062,75.25,74.98999786376953,75.16000366210938,65.0927505493164,2162300,0.0,False
2019-07-01,76.0199966430664,76.16000366210938,75.54000091552734,75.80999755859375,65.6556625366211,1929100,0.0,False
2019-07-02,75.75,75.91999816894531,75.6500015258789,75.91999816894531,65.75092315673828,1356800,0.0,False
2019-07-03,76.12000274658203,76.43000030517578,76.08999633789062,76.41000366210938,66.17529296875,614900,0.0,False
2019-07-05,75.94999694824219,76.16000366210938,75.55999755859375,76.11000061035156,65.91548156738281,1645700,0.0,False
2019-07-08,75.72000122070312,75.83999633789062,75.62000274658203,75.75,65.60370635986328,1202700,0.0,False
2019-07-09,75.33999633789062,75.69999694824219,75.26000213623047,75.62999725341797,65.49976348876953,1009700,0.0,False
2019-07-10,75.97000122070312,76.23999786376953,75.80999755859375,76.0,65.8202133178711,830700,0.0,False
2019-07-11,76.16999816894531,76.19000244140625,75.80999755859375,76.04000091552734,65.85485076904297,1243600,0.0,False
2019-07-12,76.19000244140625,76.30000305175781,76.02999877929688,76.30000305175781,66.08002471923828,1012300,0.0,False
2019-07-15,76.38999938964844,76.4000015258789,76.22000122070312,76.31999969482422,66.09734344482422,922900,0.0,False
2019-07-16,76.27999877929688,76.33000183105469,75.9800033569336,76.05999755859375,65.87214660644531,1135800,0.0,False
2019-07-17,76.0999984741211,76.13999938964844,75.69999694824219,75.69999694824219,65.56039428710938,844000,0.0,False
2019-07-18,75.61000061035156,76.05999755859375,75.45999908447266,76.01000213623047,65.82887268066406,2275700,0.0,False
2019-07-19,76.16000366210938,76.20999908447266,75.66999816894531,75.70999908447266,65.56904602050781,1258500,0.0,False
2019-07-22,75.80000305175781,75.9000015258789,75.66000366210938,75.79000091552734,65.63835906982422,837400,0.0,False
2019-07-23,76.16000366210938,76.30999755859375,75.94999694824219,76.27999877929688,66.06269836425781,2255100,0.0,False
2019-07-24,76.04000091552734,76.54000091552734,76.04000091552734,76.52999877929688,66.27923583984375,917500,0.0,False
2019-07-25,76.44999694824219,76.44999694824219,75.86000061035156,75.9800033569336,65.80287170410156,1666700,0.0,False
2019-07-26,76.18000030517578,76.41999816894531,76.18000030517578,76.36000061035156,66.13199615478516,3182700,0.0,False
2019-07-29,76.4000015258789,76.44999694824219,76.12999725341797,76.29000091552734,66.07137298583984,1470100,0.0,False
2019-07-30,75.76000213623047,75.94000244140625,75.5999984741211,75.8499984741211,65.6902847290039,1640900,0.0,False
2019-07-31,75.91000366210938,75.98999786376953,74.58000183105469,75.16000366210938,65.0927505493164,2355500,0.0,False
2019-08-01,75.30000305175781,75.91000366210938,74.31999969482422,74.55999755859375,64.57310485839844,2228300,0.0,False
2019-08-02,74.30000305175781,74.30000305175781,73.51000213623047,73.87000274658203,63.97551345825195,4096800,0.0,False
2019-08-05,72.76000213623047,72.7699966430664,71.30999755859375,71.80999755859375,62.191444396972656,3968800,0.0,False
2019-08-06,72.33999633789062,72.62999725341797,71.9000015258789,72.61000061035156,62.8842887878418,5379400,0.0,False
2019-08-07,72.05999755859375,72.94000244140625,71.55000305175781,72.81999969482422,63.0661506652832,2830100,0.0,False
2019-08-08,73.19999694824219,73.97000122070312,73.04000091552734,73.94999694824219,64.04479217529297,1530300,0.0,False
2019-08-09,73.72000122070312,73.80000305175781,73.05999755859375,73.37999725341797,63.55115509033203,2156600,0.0,False
2019-08-12,73.0,73.08999633789062,72.38999938964844,72.61000061035156,62.8842887878418,1542000,0.0,False
2019-08-13,72.48999786376953,73.87000274658203,72.36000061035156,73.52999877929688,63.68104934692383,1021700,0.0,False
2019-08-14,72.2699966430664,72.41999816894531,71.33999633789062,71.37999725341797,61.81904220581055,2370900,0.0,False
2019-08-15,71.72000122070312,71.83999633789062,71.19000244140625,71.63999938964844,62.044227600097656,2286200,0.0,False
2019-08-16,72.1500015258789,72.70999908447266,72.0999984741211,72.62999725341797,62.90159606933594,559500,0.0,False
2019-08-19,73.41999816894531,73.43000030517578,73.18000030517578,73.25,63.438560485839844,1595700,0.0,False
2019-08-20,73.16999816894531,73.26000213623047,72.81999969482422,72.8499984741211,63.09212875366211,1418500,0.0,False
2019-08-21,73.5,73.5999984741211,73.30000305175781,73.45999908447266,63.62043762207031,803500,0.0,False
2019-08-22,73.56999969482422,73.6500015258789,72.94000244140625,73.30999755859375,63.490509033203125,1239000,0.0,False
2019-08-23,73.0199966430664,73.51000213623047,71.62000274658203,71.80000305175781,62.18278884887695,2166600,0.0,False
2019-08-26,72.43000030517578,72.56999969482422,72.0999984741211,72.5,62.78899002075195,1345400,0.0,False
2019-08-27,72.87000274658203,72.94999694824219,72.13999938964844,72.2699966430664,62.58981704711914,2222300,0.0,False
2019-08-28,72.1500015258789,72.69000244140625,71.93000030517578,72.63999938964844,62.910282135009766,2509600,0.0,False
2019-08-29,73.30999755859375,73.55999755859375,73.04000091552734,73.44999694824219,63.61176300048828,1025900,0.0,False
2019-08-30,73.83999633789062,73.87000274658203,73.2699966430664,73.58000183105469,63.724334716796875,1302300,0.0,False
2019-09-03,73.05999755859375,73.26000213623047,72.81999969482422,73.19000244140625,63.386592864990234,2041200,0.0,False
2019-09-04,73.87000274658203,74.11000061035156,73.75,74.08999633789062,64.16603088378906,712200,0.0,False
2019-09-05,74.70999908447266,75.1500015258789,74.70999908447266,74.93000030517578,64.89351654052734,1038700,0.0,False
2019-09-06,75.04000091552734,75.19999694824219,74.94999694824219,75.05999755859375,65.00611877441406,1003700,0.0,False
2019-09-09,75.27999877929688,75.27999877929688,74.88999938964844,75.12000274658203,65.05809020996094,981200,0.0,False
2019-09-10,74.9800033569336,75.1500015258789,74.66000366210938,75.1500015258789,65.08406829833984,1245000,0.0,False
2019-09-11,75.38999938964844,75.69999694824219,75.20999908447266,75.68000030517578,65.5430908203125,896100,0.0,False
2019-09-12,75.94999694824219,76.2300033569336,75.70999908447266,76.0199966430664,65.8375244140625,1226400,0.0,False
2019-09-13,76.26000213623047,76.44000244140625,76.0999984741211,76.16999816894531,65.9674301147461,1006300,0.0,False
2019-09-16,75.83000183105469,76.0199966430664,75.76000213623047,75.88999938964844,65.72494506835938,2051300,0.0,False
2019-09-17,75.7300033569336,76.05999755859375,75.63999938964844,76.04000091552734,65.85485076904297,651400,0.0,False
2019-09-18,75.95999908447266,76.01000213623047,75.36000061035156,75.9800033569336,65.80287170410156,638200,0.0,False
2019-09-19,76.13999938964844,76.4000015258789,75.98999786376953,76.02999877929688,65.8461685180664,4272100,0.0,False
2019-09-20,76.22000122070312,76.30999755859375,75.62999725341797,75.77999877929688,65.62968444824219,1045300,0.0,False
2019-09-23,75.58999633789062,75.87999725341797,75.5,75.76000213623047,65.61236572265625,1033200,0.0,False
2019-09-24,75.58999633789062,75.58999633789062,74.66000366210938,74.83000183105469,65.18119812011719,3594000,0.0,False
2019-09-25,74.69000244140625,75.12000274658203,74.33000183105469,74.98999786376953,65.32054901123047,1501300,0.0,False
2019-09-26,75.1500015258789,75.1500015258789,74.70999908447266,75.0199966430664,65.34671020507812,4895900,0.0,False
2019-09-27,75.1500015258789,75.1500015258789,74.2300033569336,74.55000305175781,64.93729400634766,1898200,0.0,False
2019-09-30,74.61000061035156,74.9800033569336,74.61000061035156,74.81999969482422,65.1724624633789,943100,0.0,False
2019-10-01,74.94000244140625,75.0,73.95999908447266,74.0199966430664,64.47563171386719,3799800,0.0,False
2019-10-02,73.43000030517578,73.52999877929688,72.5,72.80000305175781,63.41294860839844,2382600,0.0,False
2019-10-03,72.83000183105469,73.37000274658203,72.25,73.36000061035156,63.90073776245117,2867100,0.0,False
2019-10-04,73.55000305175781,74.18000030517578,73.47000122070312,74.13999938964844,64.5801773071289,3743000,0.0,False
2019-10-07,74.0,74.31999969482422,73.8499984741211,73.9000015258789,64.37109375,2932500,0.0,False
2019-10-08,73.44000244140625,73.54000091552734,72.9000015258789,72.93000030517578,63.52616500854492,1967800,0.0,False
2019-10-09,73.52999877929688,73.7300033569336,73.31999969482422,73.54000091552734,64.0575180053711,4600900,0.0,False
2019-10-10,73.55999755859375,74.2300033569336,73.5,74.05000305175781,64.50175476074219,2487000,0.0,False
2019-10-11,74.94000244140625,75.52999877929688,74.91000366210938,75.04000091552734,65.36412048339844,2290900,0.0,False
2019-10-14,74.87000274658203,74.98999786376953,74.77999877929688,74.8499984741211,65.19860076904297,751400,0.0,False
2019-10-15,75.13999938964844,75.80000305175781,75.06999969482422,75.62999725341797,65.8780288696289,1263700,0.0,False
2019-10-16,75.55999755859375,75.72000122070312,75.41999816894531,75.58999633789062,65.84317779541016,1224100,0.0,False
2019-10-17,75.88999938964844,76.05999755859375,75.63999938964844,75.80000305175781,66.02610778808594,1265200,0.0,False
2019-10-18,75.72000122070312,75.8499984741211,75.31999969482422,75.56999969482422,65.82576751708984,2231000,0.0,False
2019-10-21,75.98999786376953,76.0999984741211,75.91000366210938,76.0999984741211,66.28742218017578,853800,0.0,False
2019-10-22,76.2300033569336,76.30000305175781,75.87000274658203,75.88999938964844,66.10452270507812,1015800,0.0,False
2019-10-23,75.88999938964844,76.12999725341797,75.77999877929688,76.11000061035156,66.296142578125,877400,0.0,False
2019-10-24,76.43000030517578,76.44999694824219,76.08000183105469,76.2699966430664,66.43549346923828,1254100,0.0,False
2019-10-25,76.16000366210938,76.62000274658203,76.11000061035156,76.55999755859375,66.68810272216797,1559200,0.0,False
2019-10-28,76.83999633789062,77.04000091552734,76.81999969482422,76.97000122070312,67.04524993896484,1248500,0.0,False
2019-10-29,76.79000091552734,77.05999755859375,76.7699966430664,76.9000015258789,66.9842758178711,1058300,0.0,False
2019-10-30,76.91999816894531,77.22000122070312,76.5199966430664,77.13999938964844,67.19332885742188,1530300,0.0,False
2019-10-31,77.06999969482422,77.06999969482422,76.52999877929688,76.91000366210938,66.99300384521484,2494800,0.0,False
2019-11-01,77.33000183105469,77.68000030517578,77.33000183105469,77.66999816894531,67.6550064086914,595200,0.0,False
2019-11-04,78.19000244140625,78.25,77.97000122070312,78.04000091552734,67.97727966308594,1222400,0.0,False
2019-11-05,78.16999816894531,78.22000122070312,77.91999816894531,78.05000305175781,67.9859848022461,1460800,0.0,False
2019-11-06,77.98999786376953,78.12999725341797,77.81999969482422,78.04000091552734,67.97727966308594,995500,0.0,False
2019-11-07,78.41000366210938,78.54000091552734,78.19999694824219,78.29000091552734,68.19503784179688,1312000,0.0,False
2019-11-08,78.08000183105469,78.3499984741211,77.9000015258789,78.3499984741211,68.2472915649414,898400,0.0,False
2019-11-11,77.91999816894531,78.16999816894531,77.80000305175781,78.1500015258789,68.07308197021484,777400,0.0,False
2019-11-12,78.1500015258789,78.41999816894531,78.04000091552734,78.20999908447266,68.12535095214844,1553600,0.0,False
2019-11-13,77.80000305175781,78.1500015258789,77.6500015258789,78.06999969482422,68.0033950805664,1057900,0.0,False
2019-11-14,77.93000030517578,78.08999633789062,77.7699966430664,78.08999633789062,68.02082824707031,923100,0.0,False
2019-11-15,78.43000030517578,78.63999938964844,78.30999755859375,78.63999938964844,68.4999008178711,649000,0.0,False
2019-11-18,78.58999633789062,78.72000122070312,78.37000274658203,78.66999816894531,68.52604675292969,1002500,0.0,False
2019-11-19,78.91999816894531,78.91999816894531,78.51000213623047,78.69000244140625,68.54346466064453,981000,0.0,False
2019-11-20,78.45999908447266,78.58000183105469,77.95999908447266,78.30000305175781,68.20376586914062,3309700,0.0,False
2019-11-21,78.33000183105469,78.33000183105469,77.95999908447266,78.20999908447266,68.12535095214844,780800,0.0,False
2019-11-22,78.45999908447266,78.45999908447266,78.12000274658203,78.37999725341797,68.2734146118164,1035600,0.0,False
2019-11-25,78.69000244140625,79.0,78.62999725341797,78.9800033569336,68.79606628417969,1387100,0.0,False
2019-11-26,78.97000122070312,79.0999984741211,78.83000183105469,79.05000305175781,68.85704803466797,1275500,0.0,False
2019-11-27,79.23999786376953,79.38999938964844,79.13999938964844,79.37000274658203,69.13578796386719,4083700,0.0,False
2019-11-29,79.01000213623047,79.05999755859375,78.83999633789062,78.87999725341797,68.70897674560547,698500,0.0,False
2019-12-02,78.9000015258789,78.93000030517578,78.16999816894531,78.31999969482422,68.22119140625,1349300,0.0,False
2019-12-03,77.66999816894531,77.91999816894531,77.30999755859375,77.91000366210938,67.86402893066406,3234400,0.0,False
2019-12-04,78.33999633789062,78.5999984741211,78.26000213623047,78.5,68.37796020507812,1299600,0.0,False
2019-12-05,78.66000366210938,78.68000030517578,78.30000305175781,78.56999969482422,68.43895721435547,1227500,0.0,False
2019-12-06,79.16000366210938,79.3499984741211,79.0999984741211,79.2699966430664,69.04866790771484,1497500,0.0,False
2019-12-09,79.16999816894531,79.30999755859375,78.97000122070312,79.0,68.81349182128906,1074900,0.0,False
2019-12-10,78.97000122070312,79.12999725341797,78.76000213623047,78.93000030517578,68.75251770019531,1684500,0.0,False
2019-12-11,79.05000305175781,79.37000274658203,79.0199966430664,79.2699966430664,69.04866790771484,1081300,0.0,False
2019-12-12,79.33000183105469,80.12000274658203,79.23999786376953,80.0,69.6845474243164,2525600,0.0,False
2019-12-13,80.08999633789062,80.58999633789062,79.87000274658203,80.13999938964844,69.80650329589844,2941100,0.0,False
2019-12-16,80.77999877929688,80.94999694824219,80.68000030517578,80.81999969482422,70.39881134033203,2190200,0.0,False
2019-12-17,80.81999969482422,80.87999725341797,80.72000122070312,80.79000091552734,70.3726806640625,5313900,0.0,False
2019-12-18,80.91000366210938,80.91000366210938,80.76000213623047,80.81999969482422,70.39881134033203,1062400,0.0,False
2019-12-19,80.7699966430664,81.02999877929688,80.73999786376953,81.02999877929688,70.58173370361328,866900,0.0,False
2019-12-20,81.30999755859375,81.37000274658203,81.19000244140625,81.2699966430664,70.79078674316406,1877600,0.0,False
2019-12-23,80.80999755859375,80.80999755859375,80.68000030517578,80.7699966430664,70.8882064819336,3628500,0.0,False
2019-12-24,80.80000305175781,80.91999816894531,80.6500015258789,80.73999786376953,70.86187744140625,1185700,0.0,False
2019-12-26,80.91000366210938,81.12000274658203,80.86000061035156,81.11000061035156,71.1866226196289,750100,0.0,False
2019-12-27,81.4000015258789,81.41000366210938,81.05999755859375,81.20999908447266,71.27437591552734,1034800,0.0,False
2019-12-30,81.30999755859375,81.36000061035156,80.6500015258789,80.7300033569336,70.85311889648438,1041500,0.0,False
2019-12-31,80.73999786376953,81.02999877929688,80.61000061035156,80.98999786376953,71.081298828125,1034700,0.0,False
2020-01-02,81.43000030517578,81.80999755859375,81.31999969482422,81.80999755859375,71.80094909667969,946100,0.0,False
2020-01-03,80.9000015258789,81.4000015258789,80.80000305175781,81.06999969482422,71.15150451660156,2310500,0.0,False
2020-01-06,80.66999816894531,81.37000274658203,80.66000366210938,81.37000274658203,71.41478729248047,2641500,0.0,False
2020-01-07,81.29000091552734,81.29000091552734,80.98999786376953,81.12000274658203,71.19539642333984,1339100,0.0,False
2020-01-08,81.08999633789062,81.7300033569336,81.08000183105469,81.44999694824219,71.48501586914062,3532800,0.0,False
2020-01-09,81.81999969482422,81.86000061035156,81.5999984741211,81.8499984741211,71.8360824584961,2239700,0.0,False
2020-01-10,82.0,82.04000091552734,81.56999969482422,81.68000030517578,71.68688201904297,2477100,0.0,False
2020-01-13,81.83999633789062,82.26000213623047,81.69999694824219,82.26000213623047,72.1959228515625,1698100,0.0,False
2020-01-14,82.11000061035156,82.41000366210938,82.01000213623047,82.2300033569336,72.16960906982422,1731100,0.0,False
2020-01-15,82.0999984741211,82.43000030517578,82.06999969482422,82.23999786376953,72.17835235595703,1667500,0.0,False
2020-01-16,82.5999984741211,82.83000183105469,82.51000213623047,82.83000183105469,72.69618225097656,2916400,0.0,False
2020-01-17,83.06999969482422,83.08000183105469,82.83999633789062,83.08000183105469,72.91559600830078,3340500,0.0,False
2020-01-21,82.61000061035156,82.77999877929688,82.48999786376953,82.55000305175781,72.450439453125,1517600,0.0,False
2020-01-22,82.83999633789062,83.02999877929688,82.58999633789062,82.66000366210938,72.54698944091797,1433800,0.0,False
2020-01-23,82.37000274658203,82.62000274658203,82.02999877929688,82.56999969482422,72.46798706054688,3729800,0.0,False
2020-01-24,82.80000305175781,82.80000305175781,81.62999725341797,81.91999816894531,71.89752197265625,1141800,0.0,False
2020-01-27,80.36000061035156,80.76000213623047,80.1500015258789,80.4000015258789,70.56346893310547,1518300,0.0,False
2020-01-28,80.76000213623047,81.30000305175781,80.61000061035156,81.19000244140625,71.25682067871094,909600,0.0,False
2020-01-29,81.45999908447266,81.4800033569336,81.02999877929688,81.11000061035156,71.1866226196289,2018100,0.0,False
2020-01-30,80.45999908447266,81.16000366210938,80.20999908447266,81.11000061035156,71.1866226196289,2065300,0.0,False
2020-01-31,80.62000274658203,80.68000030517578,79.41000366210938,79.7300033569336,69.97544860839844,3320800,0.0,False
2020-02-03,80.0,80.56999969482422,80.0,80.16999816894531,70.36161804199219,5620700,0.0,False
2020-02-04,81.30999755859375,81.6500015258789,81.20999908447266,81.48999786376953,71.5201187133789,2612700,0.0,False
2020-02-05,82.31999969482422,82.33999633789062,81.87999725341797,82.2300033569336,72.16960906982422,1321100,0.0,False
2020-02-06,82.56999969482422,82.56999969482422,82.29000091552734,82.48999786376953,72.39777374267578,1473100,0.0,False
2020-02-07,82.06999969482422,82.13999938964844,81.72000122070312,81.81999969482422,71.80974578857422,1224200,0.0,False
2020-02-10,81.68000030517578,82.25,81.5999984741211,82.25,72.18714904785156,1236700,0.0,False
2020-02-11,82.7300033569336,82.97000122070312,82.51000213623047,82.66000366210938,72.54698944091797,863100,0.0,False
2020-02-12,83.06999969482422,83.2300033569336,82.94999694824219,83.16999816894531,72.9946060180664,1581500,0.0,False
2020-02-13,82.68000030517578,83.08999633789062,82.52999877929688,82.87000274658203,72.7313003540039,1397200,0.0,False
2020-02-14,82.98999786376953,82.98999786376953,82.62999725341797,82.93000030517578,72.783935546875,1184300,0.0,False
2020-02-18,82.55999755859375,82.69999694824219,82.30999755859375,82.56999969482422,72.46798706054688,838200,0.0,False
2020-02-19,82.8499984741211,83.12999725341797,82.83999633789062,83.01000213623047,72.85415649414062,933200,0.0,False
2020-02-20,82.76000213623047,82.94999694824219,81.91999816894531,82.55000305175781,72.450439453125,1752800,0.0,False
2020-02-21,82.2699966430664,82.29000091552734,81.70999908447266,81.87999725341797,71.86241912841797,1559700,0.0,False
2020-02-24,79.12000274658203,79.69999694824219,78.87000274658203,79.06999969482422,69.39620208740234,4228900,0.0,False
2020-02-25,79.4800033569336,79.5999984741211,77.01000213623047,77.19000244140625,67.74623107910156,4673800,0.0,False
2020-02-26,77.66999816894531,78.41999816894531,76.9000015258789,77.05999755859375,67.63211059570312,3064200,0.0,False
2020-02-27,75.6500015258789,76.58000183105469,74.20999908447266,74.20999908447266,65.13078308105469,3975100,0.0,False
2020-02-28,72.18000030517578,73.97000122070312,71.48999786376953,73.97000122070312,64.92015075683594,5141500,0.0,False
2020-03-02,74.05999755859375,76.0,73.2699966430664,76.0,66.70179748535156,5925800,0.0,False
2020-03-03,76.30999755859375,77.18000030517578,73.94999694824219,74.52999877929688,65.41165161132812,3966100,0.0,False
2020-03-04,75.94000244140625,77.08999633789062,75.25,77.0199966430664,67.59700775146484,2844800,0.0,False
2020-03-05,75.3499984741211,76.0199966430664,74.33000183105469,74.81999969482422,65.66615295410156,3932900,0.0,False
2020-03-06,72.91999816894531,73.80000305175781,72.22000122070312,73.5,64.50767517089844,4001100,0.0,False
2020-03-09,68.5,69.83999633789062,67.52999877929688,67.69999694824219,59.41726303100586,6982500,0.0,False
2020-03-10,70.37000274658203,70.83000183105469,67.79000091552734,70.7699966430664,62.111656188964844,4453900,0.0,False
2020-03-11,68.81999969482422,69.11000061035156,66.58000183105469,67.2699966430664,59.03985595703125,8103600,0.0,False
2020-03-12,63.119998931884766,63.849998474121094,60.38999938964844,60.38999938964844,53.00160598754883,8389500,0.0,False
2020-03-13,64.69000244140625,65.19999694824219,60.599998474121094,65.19999694824219,57.22312927246094,4975000,0.0,False
2020-03-16,58.0,60.9900016784668,57.369998931884766,57.61000061035156,50.56171417236328,5240200,0.0,False
2020-03-17,58.790000915527344,61.040000915527344,57.13999938964844,60.91999816894531,53.46675491333008,6849400,0.0,False
2020-03-18,56.66999816894531,58.47999954223633,54.720001220703125,57.040000915527344,50.06145477294922,6248500,0.0,False
2020-03-19,56.61000061035156,58.79999923706055,55.45000076293945,57.599998474121094,50.552940368652344,4913100,0.0,False
2020-03-20,58.869998931884766,59.34000015258789,55.900001525878906,56.029998779296875,49.175025939941406,6390600,0.0,False
2020-03-23,55.630001068115234,56.0,53.70000076293945,54.47999954223633,48.003990173339844,5791400,0.0,False
2020-03-24,58.0,59.5,57.599998474121094,59.459999084472656,52.39203643798828,5687800,0.0,False
2020-03-25,60.0,62.47999954223633,58.88999938964844,60.81999969482422,53.590354919433594,5777600,0.0,False
2020-03-26,61.40999984741211,64.0999984741211,61.27000045776367,63.900001525878906,56.30424880981445,3795000,0.0,False
2020-03-27,61.7599983215332,63.290000915527344,61.220001220703125,61.77000045776367,54.42744445800781,4055400,0.0,False
2020-03-30,62.189998626708984,63.4900016784668,61.66999816894531,63.40999984741211,55.87249755859375,4027900,0.0,False
2020-03-31,63.0099983215332,63.79999923706055,62.2400016784668,62.79999923706055,55.33500289916992,5273400,0.0,False
2020-04-01,60.70000076293945,61.279998779296875,59.689998626708984,60.029998779296875,52.89426803588867,3587000,0.0,False
2020-04-02,60.04999923706055,61.59000015258789,59.84000015258789,61.2599983215332,53.97807693481445,2834800,0.0,False
2020-04-03,60.79999923706055,61.25,59.630001068115234,60.189998626708984,53.035247802734375,1618400,0.0,False
2020-04-06,62.540000915527344,64.25,62.290000915527344,63.880001068115234,56.2866325378418,2734700,0.0,False
2020-04-07,66.1500015258789,66.2300033569336,64.06999969482422,64.12000274658203,56.49810028076172,6051000,0.0,False
2020-04-08,64.6500015258789,65.9000015258789,64.08999633789062,65.66000366210938,57.85504913330078,2127600,0.0,False
2020-04-09,66.61000061035156,67.41999816894531,66.2300033569336,66.87999725341797,58.93000411987305,2124300,0.0,False
2020-04-13,66.73999786376953,66.75,65.41999816894531,66.27999877929688,58.40134048461914,1975800,0.0,False
2020-04-14,67.55000305175781,68.0999984741211,67.29000091552734,67.87000274658203,59.80232620239258,2635700,0.0,False
2020-04-15,66.26000213623047,66.54000091552734,65.75,66.0999984741211,58.242733001708984,2544600,0.0,False
2020-04-16,66.44000244140625,66.61000061035156,65.70999908447266,66.36000061035156,58.47184753417969,1694700,0.0,False
2020-04-17,67.91999816894531,68.25,67.27999877929688,68.11000061035156,60.013816833496094,2116700,0.0,False
2020-04-20,67.1500015258789,68.11000061035156,67.0199966430664,67.08999633789062,59.11505126953125,1943400,0.0,False
2020-04-21,65.91000366210938,66.30000305175781,65.0199966430664,65.19000244140625,57.440914154052734,2132200,0.0,False
2020-04-22,66.5,66.88999938964844,66.20999908447266,66.62000274658203,58.7009391784668,3702300,0.0,False
2020-04-23,66.9800033569336,67.75,66.4800033569336,66.56999969482422,58.65686798095703,2181800,0.0,False
2020-04-24,66.95999908447266,67.44000244140625,66.43000030517578,67.30000305175781,59.30009841918945,5313200,0.0,False
2020-04-27,67.88999938964844,68.62000274658203,67.7699966430664,68.44000244140625,60.3045768737793,1913700,0.0,False
2020-04-28,69.44000244140625,69.58000183105469,68.4000015258789,68.44000244140625,60.3045768737793,1752700,0.0,False
2020-04-29,69.8499984741211,70.66000366210938,69.69000244140625,70.38999938964844,62.02278518676758,3462200,0.0,False
2020-04-30,69.87000274658203,69.91999816894531,68.97000122070312,69.30999755859375,61.0711784362793,2688700,0.0,False
2020-05-01,68.06999969482422,68.20999908447266,67.19000244140625,67.51000213623047,59.485137939453125,2026500,0.0,False
2020-05-04,67.05999755859375,67.76000213623047,66.77999877929688,67.70999908447266,59.661354064941406,1491800,0.0,False
2020-05-05,68.36000061035156,68.81999969482422,68.05999755859375,68.19000244140625,60.084312438964844,1702000,0.0,False
2020-05-06,68.6500015258789,68.7300033569336,67.76000213623047,67.79000091552734,59.73183822631836,1449400,0.0,False
2020-05-07,68.62999725341797,69.08999633789062,68.5,68.70999908447266,60.54249954223633,1956200,0.0,False
2020-05-08,69.4800033569336,69.98999786376953,69.31999969482422,69.91999816894531,61.6086540222168,2241500,0.0,False
2020-05-11,69.4000015258789,70.20999908447266,69.37000274658203,69.91000366210938,61.59983825683594,1860100,0.0,False
2020-05-12,70.13999938964844,70.30999755859375,68.70999908447266,68.70999908447266,60.54249954223633,1998300,0.0,False
2020-05-13,68.7699966430664,68.94999694824219,67.19999694824219,67.75,59.69661331176758,4021400,0.0,False
2020-05-14,66.75,68.05999755859375,66.16000366210938,68.05999755859375,59.96974182128906,2938000,0.0,False
2020-05-15,67.52999877929688,68.19000244140625,67.36000061035156,68.19000244140625,60.084312438964844,2069600,0.0,False
2020-05-18,69.9000015258789,70.88999938964844,69.9000015258789,70.58999633789062,62.19900131225586,2254800,0.0,False
2020-05-19,70.5199966430664,70.77999877929688,69.87000274658203,69.87999725341797,61.57340621948242,2272400,0.0,False
2020-05-20,70.87999725341797,71.37999725341797,70.8499984741211,71.08999633789062,62.639564514160156,1865500,0.0,False
2020-05-21,70.9000015258789,71.16000366210938,70.19000244140625,70.4800033569336,62.10211181640625,2811900,0.0,False
2020-05-22,70.25,70.43000030517578,69.93000030517578,70.41000366210938,62.04041290283203,1387900,0.0,False
2020-05-26,72.27999877929688,72.36000061035156,71.68000030517578,71.75,63.221107482910156,2384400,0.0,False
2020-05-27,72.58999633789062,72.76000213623047,71.38999938964844,72.72000122070312,64.07581329345703,3038100,0.0,False
2020-05-28,73.20999908447266,73.63999938964844,72.63999938964844,72.76000213623047,64.11106872558594,2453300,0.0,False
2020-05-29,72.66999816894531,73.04000091552734,71.93000030517578,72.91999816894531,64.25203704833984,3597400,0.0,False
2020-06-01,73.13999938964844,73.93000030517578,73.0199966430664,73.86000061035156,65.080322265625,1849700,0.0,False
2020-06-02,74.22000122070312,74.70999908447266,74.0999984741211,74.68000030517578,65.80282592773438,1445300,0.0,False
2020-06-03,75.37999725341797,76.26000213623047,75.31999969482422,76.01000213623047,66.97473907470703,2180000,0.0,False
2020-06-04,75.6500015258789,76.0999984741211,75.26000213623047,75.63999938964844,66.64871978759766,2087900,0.0,False
2020-06-05,77.20999908447266,77.97000122070312,77.20999908447266,77.45999908447266,68.25238800048828,3076700,0.0,False
2020-06-08,77.72000122070312,78.44000244140625,77.47000122070312,78.43000030517578,69.10709381103516,2550400,0.0,False
2020-06-09,77.5,77.91999816894531,77.27999877929688,77.61000061035156,68.38455963134766,3963700,0.0,False
2020-06-10,77.83000183105469,78.05999755859375,77.13999938964844,77.37999725341797,68.18189239501953,2512800,0.0,False
2020-06-11,75.37000274658203,75.44999694824219,72.8499984741211,72.97000122070312,64.29609680175781,2674200,0.0,False
2020-06-12,74.91000366210938,75.08000183105469,72.80999755859375,74.06999969482422,65.26534271240234,2519800,0.0,False
2020-06-15,72.51000213623047,74.80999755859375,72.2699966430664,74.5199966430664,65.66187286376953,1668800,0.0,False
2020-06-16,76.51000213623047,76.5199966430664,74.70999908447266,75.79000091552734,66.7809066772461,1642000,0.0,False
2020-06-17,76.1500015258789,76.20999908447266,75.5199966430664,75.68000030517578,66.68397521972656,1784300,0.0,False
2020-06-18,75.2699966430664,75.7699966430664,75.16999816894531,75.61000061035156,66.62230682373047,1032100,0.0,False
2020-06-19,76.44999694824219,76.47000122070312,75.01000213623047,75.26000213623047,66.31390380859375,5600000,0.0,False
2020-06-22,75.0,75.62000274658203,74.7300033569336,75.55999755859375,66.89824676513672,1910300,0.0,False
2020-06-23,76.29000091552734,76.41999816894531,75.83000183105469,75.87000274658203,67.1727066040039,1509600,0.0,False
2020-06-24,75.25,75.43000030517578,73.62999725341797,74.05000305175781,65.56134033203125,2140700,0.0,False
2020-06-25,74.0,74.93000030517578,73.52999877929688,74.87999725341797,66.29618072509766,3250300,0.0,False
2020-06-26,74.66000366210938,74.66000366210938,73.33000183105469,73.44000244140625,65.02127075195312,2432400,0.0,False
2020-06-29,73.72000122070312,74.31999969482422,73.20999908447266,74.31999969482422,65.80038452148438,1407100,0.0,False
2020-06-30,74.08000183105469,75.1500015258789,74.0,74.80000305175781,66.22537231445312,1530800,0.0,False
2020-07-01,75.02999877929688,75.52999877929688,74.91999816894531,75.30000305175781,66.66805267333984,2043200,0.0,False
2020-07-02,76.31999969482422,76.7300033569336,75.87000274658203,75.9800033569336,67.27008819580078,2156400,0.0,False
2020-07-06,77.2300033569336,77.52999877929688,77.04000091552734,77.37999725341797,68.50959777832031,1159200,0.0,False
2020-07-07,76.87999725341797,77.30999755859375,76.41000366210938,76.47000122070312,67.70391845703125,984900,0.0,False
2020-07-08,76.69999694824219,77.25,76.41999816894531,77.2300033569336,68.37679290771484,1029300,0.0,False
2020-07-09,77.41000366210938,77.44000244140625,75.94999694824219,76.73999786376953,67.9429702758789,1400500,0.0,False
2020-07-10,76.7300033569336,77.37000274658203,76.41000366210938,77.36000061035156,68.49190521240234,1143700,0.0,False
2020-07-13,77.88999938964844,78.44999694824219,76.58999633789062,76.73999786376953,67.9429702758789,1939000,0.0,False
2020-07-14,76.4800033569336,77.70999908447266,76.26000213623047,77.63999938964844,68.73979949951172,2276100,0.0,False
2020-07-15,78.5,78.76000213623047,77.94999694824219,78.45999908447266,69.46578979492188,1977000,0.0,False
2020-07-16,77.80999755859375,78.11000061035156,77.68000030517578,78.0199966430664,69.07622528076172,1258800,0.0,False
2020-07-17,78.30000305175781,78.44000244140625,77.87000274658203,78.30000305175781,69.32414245605469,872400,0.0,False
2020-07-20,78.36000061035156,79.06999969482422,78.19000244140625,78.93000030517578,69.88192749023438,1103800,0.0,False
2020-07-21,79.5199966430664,79.69999694824219,79.05000305175781,79.2300033569336,70.14752197265625,1923300,0.0,False
2020-07-22,79.19000244140625,79.61000061035156,79.06999969482422,79.55000305175781,70.43087005615234,4607500,0.0,False
2020-07-23,79.38999938964844,79.69000244140625,78.38999938964844,78.70999908447266,69.68714141845703,2197400,0.0,False
2020-07-24,78.20999908447266,78.5,77.91000366210938,78.29000091552734,69.3153076171875,987300,0.0,False
2020-07-27,78.69000244140625,79.16000366210938,78.5199966430664,79.12999725341797,70.05900573730469,1042800,0.0,False
2020-07-28,78.9000015258789,79.12000274658203,78.54000091552734,78.58999633789062,69.58090209960938,1152700,0.0,False
2020-07-29,78.97000122070312,79.7300033569336,78.91999816894531,79.58999633789062,70.46624755859375,1215200,0.0,False
2020-07-30,78.48999786376953,79.13999938964844,77.94000244140625,79.06999969482422,70.00586700439453,1177300,0.0,False
2020-07-31,79.13999938964844,79.19999694824219,77.83999633789062,78.76000213623047,69.73139953613281,1005300,0.0,False
2020-08-03,79.29000091552734,79.7699966430664,79.18000030517578,79.68000030517578,70.54594421386719,759500,0.0,False
2020-08-04,79.5,80.08000183105469,79.44999694824219,80.08000183105469,70.90010070800781,908400,0.0,False
2020-08-05,80.5999984741211,80.81999969482422,80.45999908447266,80.62000274658203,71.37818145751953,817000,0.0,False
2020-08-06,80.5,81.0,80.29000091552734,80.97000122070312,71.68807983398438,937800,0.0,False
2020-08-07,80.45999908447266,80.69999694824219,80.16000366210938,80.69000244140625,71.4401626586914,1119200,0.0,False
2020-08-10,80.81999969482422,80.95999908447266,80.38999938964844,80.91000366210938,71.63494873046875,809900,0.0,False
2020-08-11,81.55999755859375,81.63999938964844,80.5,80.66000366210938,71.4135971069336,1119400,0.0,False
2020-08-12,81.55999755859375,82.02999877929688,81.52999877929688,81.87000274658203,72.48487854003906,756400,0.0,False
2020-08-13,81.69999694824219,81.9800033569336,81.41000366210938,81.6500015258789,72.29010772705078,618300,0.0,False
2020-08-14,81.37999725341797,81.62000274658203,81.2699966430664,81.5,72.15728759765625,645900,0.0,False
2020-08-17,81.87000274658203,82.04000091552734,81.81999969482422,82.0,72.5999984741211,1953700,0.0,False
2020-08-18,82.19999694824219,82.30999755859375,81.66999816894531,82.06999969482422,72.6619873046875,1114300,0.0,False
2020-08-19,82.2300033569336,82.27999877929688,81.55000305175781,81.66000366210938,72.29898071289062,795100,0.0,False
2020-08-20,81.0199966430664,81.80000305175781,80.91999816894531,81.68000030517578,72.3166732788086,1014900,0.0,False
2020-08-21,81.33000183105469,81.79000091552734,81.29000091552734,81.76000213623047,72.38750457763672,747900,0.0,False
2020-08-24,82.62999725341797,82.66000366210938,82.25,82.61000061035156,73.14007568359375,1014900,0.0,False
2020-08-25,82.88999938964844,82.93000030517578,82.44000244140625,82.9000015258789,73.39683532714844,902900,0.0,False
2020-08-26,83.04000091552734,83.61000061035156,82.91999816894531,83.55000305175781,73.9723129272461,1137600,0.0,False
2020-08-27,83.77999877929688,83.77999877929688,82.95999908447266,83.36000061035156,73.8041000366211,1193800,0.0,False
2020-08-28,83.72000122070312,83.98999786376953,83.48999786376953,83.97000122070312,74.34415435791016,670600,0.0,False
2020-08-31,83.7699966430664,83.8499984741211,83.36000061035156,83.48999786376953,73.919189453125,703500,0.0,False
2020-09-01,83.68000030517578,84.12999725341797,83.47000122070312,84.12000274658203,74.4769515991211,788300,0.0,False
2020-09-02,84.61000061035156,85.19000244140625,84.1500015258789,85.06999969482422,75.31806945800781,975100,0.0,False
2020-09-03,84.5999984741211,84.6500015258789,82.02999877929688,82.5199966430664,73.06038665771484,1936100,0.0,False
2020-09-04,82.7699966430664,83.08999633789062,80.48999786376953,82.20999908447266,72.78593444824219,1680800,0.0,False
2020-09-08,80.77999877929688,81.22000122070312,80.2300033569336,80.30999755859375,71.10370635986328,5736900,0.0,False
2020-09-09,81.37999725341797,82.25,81.20999908447266,81.77999877929688,72.40519714355469,1165400,0.0,False
2020-09-10,82.19000244140625,82.38999938964844,80.45999908447266,80.62999725341797,71.38705444335938,1690800,0.0,False
2020-09-11,81.23999786376953,81.45999908447266,80.33000183105469,80.94999694824219,71.67034912109375,1383700,0.0,False
2020-09-14,81.7300033569336,82.22000122070312,81.63999938964844,81.97000122070312,72.57343292236328,964300,0.0,False
2020-09-15,82.70999908447266,82.83000183105469,82.25,82.44999694824219,72.9983901977539,1527100,0.0,False
2020-09-16,82.80999755859375,83.1500015258789,82.26000213623047,82.30999755859375,72.87445831298828,850200,0.0,False
2020-09-17,81.27999877929688,82.12000274658203,81.18000030517578,81.87000274658203,72.48487854003906,1495100,0.0,False
2020-09-18,82.0,82.04000091552734,80.63999938964844,81.1500015258789,71.84744262695312,1102200,0.0,False
2020-09-21,79.37999725341797,79.56999969482422,78.37999725341797,79.56999969482422,70.8001480102539,1526500,0.0,False
2020-09-22,79.68000030517578,79.98999786376953,79.0199966430664,79.94000244140625,71.12938690185547,782500,0.0,False
2020-09-23,80.05999755859375,80.11000061035156,78.33000183105469,78.4000015258789,69.75910186767578,1298000,0.0,False
2020-09-24,78.0,79.12000274658203,77.63999938964844,78.44000244140625,69.79470825195312,2157300,0.0,False
2020-09-25,78.05000305175781,79.37000274658203,77.83000183105469,79.30000305175781,70.5599136352539,1632200,0.0,False
2020-09-28,80.38999938964844,80.63999938964844,80.16999816894531,80.55000305175781,71.6721420288086,853200,0.0,False
2020-09-29,80.47000122070312,80.66000366210938,80.05999755859375,80.26000213623047,71.41411590576172,653800,0.0,False
2020-09-30,80.30999755859375,81.26000213623047,80.27999877929688,80.63999938964844,71.7522201538086,2826100,0.0,False
2020-10-01,81.26000213623047,81.41000366210938,80.83000183105469,81.29000091552734,72.33058166503906,1120000,0.0,False
2020-10-02,80.08000183105469,81.13999938964844,80.04000091552734,80.7699966430664,71.8678970336914,1544400,0.0,False
2020-10-05,81.30999755859375,82.13999938964844,81.30999755859375,82.0999984741211,73.05131530761719,671000,0.0,False
2020-10-06,82.23999786376953,82.63999938964844,81.12999725341797,81.26000213623047,72.30390167236328,1662700,0.0,False
2020-10-07,82.0199966430664,82.56999969482422,81.98999786376953,82.41000366210938,73.32713317871094,1301300,0.0,False
2020-10-08,82.87000274658203,83.0999984741211,82.68000030517578,83.08999633789062,73.93221282958984,771200,0.0,False
2020-10-09,83.54000091552734,83.80999755859375,83.37000274658203,83.72000122070312,74.4927749633789,1570100,0.0,False
2020-10-12,84.18000030517578,84.88999938964844,84.0999984741211,84.63999938964844,75.3113784790039,1123400,0.0,False
2020-10-13,84.38999938964844,84.41000366210938,83.87000274658203,84.08999633789062,74.82198333740234,1542600,0.0,False
2020-10-14,84.2699966430664,84.4800033569336,83.5999984741211,83.72000122070312,74.4927749633789,1262200,0.0,False
2020-10-15,82.4800033569336,83.41000366210938,82.33000183105469,83.31999969482422,74.13684844970703,1095000,0.0,False
2020-10-16,83.66000366210938,83.95999908447266,83.36000061035156,83.36000061035156,74.17245483398438,808500,0.0,False
2020-10-19,83.75,83.91000366210938,82.41999816894531,82.56999969482422,73.46949768066406,1024900,0.0,False
2020-10-20,82.98999786376953,83.62000274658203,82.8499984741211,82.95999908447266,73.81653594970703,724200,0.0,False
2020-10-21,82.94999694824219,83.44000244140625,82.72000122070312,82.75,73.6296615600586,1557000,0.0,False
2020-10-22,82.80000305175781,83.18000030517578,82.2699966430664,83.06999969482422,73.91439056396484,813700,0.0,False
2020-10-23,83.44999694824219,83.44999694824219,82.8499984741211,83.44999694824219,74.25253295898438,629900,0.0,False
2020-10-26,82.48999786376953,82.68000030517578,81.19000244140625,81.97000122070312,72.93563079833984,1766400,0.0,False
2020-10-27,82.01000213623047,82.06999969482422,81.55999755859375,81.62000274658203,72.62421417236328,1093100,0.0,False
2020-10-28,80.0999984741211,80.23999786376953,79.01000213623047,79.08999633789062,70.37305450439453,3092300,0.0,False
2020-10-29,79.16000366210938,80.30999755859375,78.80999755859375,79.77999877929688,70.98702239990234,2031400,0.0,False
2020-10-30,79.33000183105469,79.52999877929688,78.27999877929688,78.98999786376953,70.28408813476562,2499300,0.0,False
2020-11-02,79.86000061035156,80.19000244140625,79.2699966430664,79.97000122070312,71.15607452392578,1582000,0.0,False
2020-11-03,80.93000030517578,81.81999969482422,80.79000091552734,81.4800033569336,72.49964904785156,1643400,0.0,False
2020-11-04,82.31999969482422,83.80999755859375,82.04000091552734,83.01000213623047,73.86102294921875,2079700,0.0,False
2020-11-05,84.5199966430664,85.02999877929688,84.3499984741211,84.7699966430664,75.4270248413086,1110600,0.0,False
2020-11-06,84.83999633789062,85.12999725341797,84.41000366210938,84.87000274658203,75.51602935791016,1452200,0.0,False
2020-11-09,88.70999908447266,88.7300033569336,86.13999938964844,86.2300033569336,76.72611999511719,2239200,0.0,False
2020-11-10,86.27999877929688,86.56999969482422,85.56999969482422,86.29000091552734,76.7795181274414,1293400,0.0,False
2020-11-11,86.7300033569336,86.98999786376953,86.48999786376953,86.83999633789062,77.26888275146484,2748100,0.0,False
2020-11-12,86.54000091552734,86.7699966430664,85.5999984741211,85.91999816894531,76.45028686523438,1582600,0.0,False
2020-11-13,86.52999877929688,87.2300033569336,86.44000244140625,87.12999725341797,77.52692413330078,813400,0.0,False
2020-11-16,88.02999877929688,88.25,87.6500015258789,88.23999786376953,78.51459503173828,916500,0.0,False
2020-11-17,87.81999969482422,88.33000183105469,87.5,88.05999755859375,78.35443115234375,1684700,0.0,False
2020-11-18,88.19000244140625,88.3499984741211,87.30000305175781,87.30000305175781,77.67819213867188,1112100,0.0,False
2020-11-19,87.22000122070312,87.87000274658203,86.93000030517578,87.83999633789062,78.15867614746094,1064700,0.0,False
2020-11-20,87.86000061035156,88.0199966430664,87.66000366210938,87.69999694824219,78.0340805053711,1330900,0.0,False
2020-11-23,88.22000122070312,88.45999908447266,87.66000366210938,88.12999725341797,78.4167251586914,684900,0.0,False
2020-11-24,88.83999633789062,89.51000213623047,88.62000274658203,89.47000122070312,79.6090087890625,1575200,0.0,False
2020-11-25,89.18000030517578,89.43000030517578,88.8499984741211,89.33000183105469,79.48445129394531,1076700,0.0,False
2020-11-27,89.58999633789062,89.86000061035156,89.58000183105469,89.7699966430664,79.87596130371094,530300,0.0,False
2020-11-30,89.5,89.5199966430664,88.51000213623047,88.76000213623047,78.9772720336914,1392400,0.0,False
2020-12-01,89.9000015258789,90.30999755859375,89.72000122070312,90.08000183105469,80.15179443359375,1401800,0.0,False
2020-12-02,89.6500015258789,90.22000122070312,89.52999877929688,90.13999938964844,80.20518493652344,1337900,0.0,False
2020-12-03,90.43000030517578,90.7699966430664,90.23999786376953,90.44000244140625,80.47209930419922,1197200,0.0,False
2020-12-04,90.80999755859375,91.30999755859375,90.7699966430664,91.30999755859375,81.24622344970703,938800,0.0,False
2020-12-07,91.0199966430664,91.19999694824219,90.7699966430664,91.0199966430664,80.98818969726562,896500,0.0,False
2020-12-08,90.75,91.41999816894531,90.70999908447266,91.30999755859375,81.24622344970703,1458700,0.0,False
2020-12-09,91.68000030517578,91.68000030517578,90.37000274658203,90.75,80.74794006347656,795800,0.0,False
2020-12-10,90.36000061035156,91.16000366210938,90.22000122070312,91.01000213623047,80.97930908203125,765000,0.0,False
2020-12-11,90.52999877929688,90.83000183105469,90.18000030517578,90.7699966430664,80.76573944091797,1008600,0.0,False
2020-12-14,91.36000061035156,91.55000305175781,90.55000305175781,90.56999969482422,80.5877914428711,1032200,0.0,False
2020-12-15,91.19000244140625,91.75,91.0,91.73999786376953,81.62882995605469,1446700,0.0,False
2020-12-16,91.86000061035156,92.13999938964844,91.5999984741211,91.95999908447266,81.82460021972656,1264800,0.0,False
2020-12-17,92.43000030517578,92.58999633789062,92.33999633789062,92.55000305175781,82.34957885742188,1117100,0.0,False
2020-12-18,92.58000183105469,92.62999725341797,91.83000183105469,92.26000213623047,82.09152221679688,1537200,0.0,False
2020-12-21,90.0999984741211,91.2300033569336,89.73999786376953,91.05000305175781,81.50252532958984,3064100,0.0,False
2020-12-22,90.9800033569336,91.0999984741211,90.62000274658203,90.95999908447266,81.42195129394531,940900,0.0,False
2020-12-23,91.41999816894531,91.68000030517578,91.3499984741211,91.37999725341797,81.79792022705078,898800,0.0,False
2020-12-24,91.45999908447266,91.62000274658203,91.26000213623047,91.58999633789062,81.98590087890625,769300,0.0,False
2020-12-28,92.16999816894531,92.33000183105469,91.95999908447266,92.01000213623047,82.36186218261719,1175300,0.0,False
2020-12-29,92.69999694824219,92.76000213623047,92.01000213623047,92.19000244140625,82.52297973632812,849800,0.0,False
2020-12-30,92.58000183105469,92.9000015258789,92.48999786376953,92.51000213623047,82.8094253540039,1304000,0.0,False
2020-12-31,92.58000183105469,92.68000030517578,92.20999908447266,92.58000183105469,82.87210083007812,3220900,0.0,False
2021-01-04,93.44000244140625,93.51000213623047,91.27999877929688,92.05000305175781,82.39765167236328,6892800,0.0,False
2021-01-05,92.13999938964844,93.23999786376953,92.13999938964844,93.05999755859375,83.30176544189453,1267400,0.0,False
2021-01-06,92.87000274658203,94.47000122070312,92.7699966430664,93.72000122070312,83.89253997802734,1569100,0.0,False
2021-01-07,94.08999633789062,94.83000183105469,94.05999755859375,94.66999816894531,84.74292755126953,1538600,0.0,False
2021-01-08,95.4000015258789,95.52999877929688,94.51000213623047,95.52999877929688,85.51274108886719,3344100,0.0,False
2021-01-11,94.36000061035156,95.05999755859375,94.30000305175781,94.66999816894531,84.74292755126953,1083300,0.0,False
2021-01-12,94.70999908447266,95.12000274658203,94.37999725341797,95.02999877929688,85.065185546875,1844300,0.0,False
2021-01-13,95.02999877929688,95.36000061035156,94.76000213623047,95.11000061035156,85.13678741455078,785600,0.0,False
2021-01-14,95.43000030517578,95.75,95.19999694824219,95.2699966430664,85.28002166748047,1882400,0.0,False
2021-01-15,94.55999755859375,94.76000213623047,93.7699966430664,94.27999877929688,84.39381408691406,1439500,0.0,False
2021-01-19,95.1500015258789,95.25,94.7699966430664,95.0999984741211,85.12783813476562,5679400,0.0,False
2021-01-20,95.69999694824219,96.33000183105469,95.5999984741211,96.25,86.15721893310547,1916800,0.0,False
2021-01-21,96.38999938964844,96.41999816894531,95.91000366210938,96.27999877929688,86.18409729003906,1099200,0.0,False
2021-01-22,95.54000091552734,96.01000213623047,95.48999786376953,95.83000183105469,85.78131103515625,1246700,0.0,False
2021-01-25,95.83000183105469,96.12000274658203,94.72000122070312,96.04000091552734,85.96927642822266,1162500,0.0,False
2021-01-26,96.1500015258789,96.23999786376953,95.58000183105469,95.76000213623047,85.7186279296875,1649200,0.0,False
2021-01-27,94.4800033569336,94.58999633789062,93.02999877929688,93.45999908447266,83.6598129272461,3260300,0.0,False
2021-01-28,93.8499984741211,94.9800033569336,93.69000244140625,94.22000122070312,84.3401107788086,5314400,0.0,False
2021-01-29,93.38999938964844,93.69000244140625,91.86000061035156,92.37000274658203,82.68412017822266,3117200,0.0,False
2021-02-01,93.41999816894531,94.08000183105469,92.94999694824219,93.94999694824219,84.0984115600586,2581600,0.0,False
2021-02-02,94.77999877929688,95.4000015258789,94.77999877929688,95.25,85.2621078491211,1328100,0.0,False
2021-02-03,95.41000366210938,95.66999816894531,94.9800033569336,95.4000015258789,85.39636993408203,1290900,0.0,False
2021-02-04,95.4800033569336,96.05999755859375,95.38999938964844,96.05999755859375,85.98716735839844,957000,0.0,False
2021-02-05,96.54000091552734,96.69000244140625,96.18000030517578,96.6500015258789,86.51531219482422,975700,0.0,False
2021-02-08,97.05000305175781,97.36000061035156,96.91999816894531,97.31999969482422,87.11507415771484,1048700,0.0,False
2021-02-09,97.2699966430664,97.7699966430664,97.19999694824219,97.62000274658203,87.38359069824219,847600,0.0,False
2021-02-10,98.13999938964844,98.22000122070312,97.05999755859375,97.61000061035156,87.3746337890625,1397000,0.0,False
2021-02-11,98.0999984741211,98.22000122070312,97.47000122070312,98.11000061035156,87.82220458984375,856400,0.0,False
2021-02-12,97.83999633789062,98.58000183105469,97.80999755859375,98.58000183105469,88.24295043945312,1006100,0.0,False
2021-02-16,99.06999969482422,99.19000244140625,98.47000122070312,98.70999908447266,88.35929870605469,1096400,0.0,False
2021-02-17,98.1500015258789,98.5,97.7300033569336,98.38999938964844,88.0728530883789,763800,0.0,False
2021-02-18,97.69000244140625,97.98999786376953,97.08000183105469,97.86000061035156,87.59844970703125,1212700,0.0,False
2021-02-19,98.23999786376953,98.55000305175781,97.97000122070312,98.11000061035156,87.82220458984375,1006300,0.0,False
2021-02-22,97.25,97.7699966430664,97.05000305175781,97.05999755859375,86.88231658935547,812700,0.0,False
2021-02-23,96.58999633789062,97.51000213623047,95.37000274658203,97.23999786376953,87.04344177246094,2447600,0.0,False
2021-02-24,96.66000366210938,97.93000030517578,96.37000274658203,97.86000061035156,87.59844970703125,1553900,0.0,False
2021-02-25,97.69999694824219,98.01000213623047,95.31999969482422,95.62999725341797,85.60225677490234,2147600,0.0,False
2021-02-26,95.70999908447266,95.80999755859375,94.31999969482422,94.83999633789062,84.89510345458984,3535500,0.0,False
2021-03-01,96.13999938964844,97.33000183105469,96.11000061035156,97.08999633789062,86.9091567993164,5662400,0.0,False
2021-03-02,97.02999877929688,97.08000183105469,96.33999633789062,96.45999908447266,86.34522247314453,1937400,0.0,False
2021-03-03,96.3499984741211,96.58999633789062,95.4000015258789,95.44000244140625,85.43218231201172,2358900,0.0,False
2021-03-04,95.3499984741211,95.86000061035156,93.11000061035156,94.05000305175781,84.18793487548828,3340100,0.0,False
2021-03-05,94.94000244140625,95.55999755859375,92.94999694824219,95.33999633789062,85.3426742553711,5813600,0.0,False
2021-03-08,95.19000244140625,95.8499984741211,94.58999633789062,94.66000366210938,84.73399353027344,2303200,0.0,False
2021-03-09,95.79000091552734,96.62999725341797,95.5999984741211,96.12999725341797,86.0498275756836,3154600,0.0,False
2021-03-10,96.66999816894531,96.88999938964844,96.18000030517578,96.58000183105469,86.45263671875,2126700,0.0,False
2021-03-11,97.29000091552734,98.11000061035156,97.20999908447266,97.81999969482422,87.56261444091797,1134300,0.0,False
2021-03-12,97.23999786376953,97.83999633789062,97.0199966430664,97.83000183105469,87.57157135009766,1809700,0.0,False
2021-03-15,97.76000213623047,98.30999755859375,97.23999786376953,98.23999786376953,87.9385757446289,1152100,0.0,False
2021-03-16,98.48999786376953,98.55000305175781,97.91999816894531,98.16000366210938,87.86695861816406,2499700,0.0,False
2021-03-17,97.6500015258789,98.77999877929688,97.4000015258789,98.58000183105469,88.24295043945312,1325900,0.0,False
2021-03-18,97.91000366210938,98.41999816894531,97.01000213623047,97.13999938964844,86.95391845703125,1429200,0.0,False
2021-03-19,97.0999984741211,97.58999633789062,96.51000213623047,97.23999786376953,87.04344177246094,1042500,0.0,False
2021-03-22,97.0,97.72000122070312,96.9800033569336,97.41999816894531,87.43205261230469,1902500,0.0,False
2021-03-23,96.9800033569336,97.13999938964844,96.0,96.20999908447266,86.34611511230469,2397200,0.0,False
2021-03-24,96.29000091552734,96.58000183105469,95.41000366210938,95.44000244140625,85.655029296875,2231200,0.0,False
2021-03-25,95.13999938964844,96.11000061035156,94.63999938964844,95.98999786376953,86.14865112304688,5577300,0.0,False
2021-03-26,96.33999633789062,97.55000305175781,96.12999725341797,97.48999786376953,87.49488067626953,2400000,0.0,False
2021-03-29,97.01000213623047,97.31999969482422,96.5199966430664,97.12000274658203,87.16281127929688,2314400,0.0,False
2021-03-30,96.80999755859375,97.16000366210938,96.52999877929688,97.0999984741211,87.14483642578125,2491800,0.0,False
2021-03-31,97.04000091552734,97.69000244140625,97.04000091552734,97.29000091552734,87.31536865234375,3108400,0.0,False
2021-04-01,97.93000030517578,98.58999633789062,97.91000366210938,98.56999969482422,88.46414184570312,2552200,0.0,False
2021-04-05,99.19000244140625,99.7699966430664,99.16999816894531,99.69999694824219,89.4782943725586,2396300,0.0,False
2021-04-06,99.2300033569336,99.73999786376953,99.20999908447266,99.48999786376953,89.28983306884766,1418300,0.0,False
2021-04-07,99.30000305175781,99.4800033569336,99.08000183105469,99.33999633789062,89.1551742553711,1481400,0.0,False
2021-04-08,99.80999755859375,99.98999786376953,99.56999969482422,99.97000122070312,89.7206039428711,1327600,0.0,False
2021-04-09,99.77999877929688,100.33999633789062,99.69999694824219,100.33999633789062,90.05267333984375,851200,0.0,False
2021-04-12,100.0999984741211,100.22000122070312,99.83999633789062,100.12999725341797,89.86420440673828,1347000,0.0,False
2021-04-13,100.18000030517578,100.6500015258789,100.08999633789062,100.51000213623047,90.20525360107422,1460700,0.0,False
2021-04-14,100.61000061035156,100.95999908447266,100.31999969482422,100.47000122070312,90.16934204101562,1588300,0.0,False
2021-04-15,101.0999984741211,101.47000122070312,101.02999877929688,101.44000244140625,91.03988647460938,1537700,0.0,False
2021-04-16,101.77999877929688,101.88999938964844,101.4000015258789,101.83000183105469,91.38992309570312,1856200,0.0,False
2021-04-19,101.69000244140625,101.7699966430664,101.0199966430664,101.37000274658203,90.97706604003906,1489000,0.0,False
2021-04-20,100.83999633789062,100.97000122070312,99.87999725341797,100.2300033569336,89.9539566040039,2455600,0.0,False
2021-04-21,100.05000305175781,101.2699966430664,99.93000030517578,101.25,90.86937713623047,1256300,0.0,False
2021-04-22,101.25,101.5199966430664,100.3499984741211,100.61000061035156,90.29499816894531,1949100,0.0,False
2021-04-23,100.95999908447266,102.04000091552734,100.94999694824219,101.77999877929688,91.34503173828125,1260500,0.0,False
2021-04-26,101.88999938964844,102.16999816894531,101.81999969482422,102.08000183105469,91.61428833007812,1371700,0.0,False
2021-04-27,101.9000015258789,102.04000091552734,101.7300033569336,101.97000122070312,91.51554870605469,1776700,0.0,False
2021-04-28,102.05999755859375,102.45999908447266,101.87999725341797,102.16000366210938,91.68608093261719,1102200,0.0,False
2021-04-29,102.7699966430664,102.77999877929688,101.61000061035156,102.38999938964844,91.89249420166016,1835400,0.0,False
2021-04-30,101.72000122070312,101.88999938964844,101.08000183105469,101.30999755859375,90.92322540283203,1458400,0.0,False
2021-05-03,101.94999694824219,102.0199966430664,101.68000030517578,101.77999877929688,91.34503173828125,2103400,0.0,False
2021-05-04,101.05000305175781,101.16000366210938,99.95999908447266,100.79000091552734,90.45655822753906,2336800,0.0,False
2021-05-05,101.41999816894531,101.58000183105469,100.91999816894531,101.23999786376953,90.86039733886719,2042100,0.0,False
2021-05-06,101.30000305175781,101.91999816894531,100.72000122070312,101.91000366210938,91.4616928100586,1754900,0.0,False
2021-05-07,102.18000030517578,102.98999786376953,102.0199966430664,102.87000274658203,92.32329559326172,1461800,0.0,False
2021-05-10,102.91000366210938,102.94999694824219,101.77999877929688,101.83000183105469,91.38992309570312,1627700,0.0,False
2021-05-11,100.37999725341797,101.11000061035156,99.91999816894531,100.94000244140625,90.5911865234375,2563200,0.0,False
2021-05-12,100.04000091552734,100.4000015258789,98.56999969482422,98.76000213623047,88.63465118408203,3037200,0.0,False
2021-05-13,99.04000091552734,100.0,98.97000122070312,99.68000030517578,89.46034240722656,2045500,0.0,False
2021-05-14,100.45999908447266,101.44999694824219,100.45999908447266,101.29000091552734,90.9052734375,2134200,0.0,False
2021-05-17,100.86000061035156,101.08999633789062,100.55999755859375,101.08999633789062,90.72578430175781,1834700,0.0,False
2021-05-18,101.54000091552734,101.66000366210938,100.83999633789062,100.91000366210938,90.56423950195312,1608100,0.0,False
2021-05-19,99.62000274658203,100.41999816894531,99.20999908447266,100.37999725341797,90.08856201171875,2229100,0.0,False
2021-05-20,100.7300033569336,101.73999786376953,100.7300033569336,101.52999877929688,91.12066650390625,1684000,0.0,False
2021-05-21,101.83000183105469,102.0,101.1500015258789,101.38999938964844,90.99501037597656,1424800,0.0,False
2021-05-24,101.87999725341797,102.41999816894531,101.76000213623047,102.19999694824219,91.72198486328125,820700,0.0,False
2021-05-25,102.66999816894531,102.7300033569336,102.05000305175781,102.22000122070312,91.73993682861328,1441400,0.0,False
2021-05-26,102.25,102.5199966430664,102.1500015258789,102.47000122070312,91.96429443359375,1037400,0.0,False
2021-05-27,102.68000030517578,102.8499984741211,102.54000091552734,102.62000274658203,92.09892272949219,3351900,0.0,False
2021-05-28,102.94999694824219,103.18000030517578,102.80000305175781,102.91000366210938,92.35919952392578,2042200,0.0,False
2021-06-01,103.81999969482422,103.8499984741211,103.1500015258789,103.30000305175781,92.70919799804688,1777700,0.0,False
2021-06-02,103.4000015258789,103.58999633789062,103.19000244140625,103.44999694824219,92.84382629394531,1945500,0.0,False
2021-06-03,102.79000091552734,103.12000274658203,102.4000015258789,102.87999725341797,92.3322525024414,1320100,0.0,False
2021-06-04,103.41000366210938,103.88999938964844,103.41000366210938,103.86000061035156,93.21180725097656,1089300,0.0,False
2021-06-07,103.8499984741211,103.94000244140625,103.61000061035156,103.93000030517578,93.27461242675781,2347800,0.0,False
2021-06-08,104.05999755859375,104.11000061035156,103.51000213623047,103.9000015258789,93.24768829345703,1691000,0.0,False
2021-06-09,104.02999877929688,104.04000091552734,103.5999984741211,103.62999725341797,93.0053482055664,1159100,0.0,False
2021-06-10,103.94999694824219,104.2699966430664,103.66999816894531,104.13999938964844,93.46308135986328,1129800,0.0,False
2021-06-11,104.20999908447266,104.33000183105469,103.94000244140625,104.33000183105469,93.63360595703125,682500,0.0,False
2021-06-14,104.30000305175781,104.51000213623047,104.06999969482422,104.51000213623047,93.79515838623047,776300,0.0,False
2021-06-15,104.5,104.5,104.02999877929688,104.30000305175781,93.606689453125,808400,0.0,False
2021-06-16,104.33000183105469,104.33999633789062,103.12000274658203,103.62000274658203,92.99639129638672,1342800,0.0,False
2021-06-17,103.38999938964844,103.62000274658203,102.72000122070312,103.3499984741211,92.75407409667969,2006200,0.0,False
2021-06-18,102.23999786376953,102.4000015258789,101.77999877929688,101.81999969482422,91.38091278076172,1880300,0.0,False
2021-06-21,101.7699966430664,102.7300033569336,101.55999755859375,102.70999908447266,92.63916778564453,1690300,0.0,False
2021-06-22,102.5,103.16999816894531,102.26000213623047,102.97000122070312,92.87364959716797,1175200,0.0,False
2021-06-23,103.06999969482422,103.27999877929688,102.7699966430664,102.81999969482422,92.73836517333984,1217400,0.0,False
2021-06-24,103.47000122070312,103.6500015258789,103.41999816894531,103.56999969482422,93.41484069824219,1791200,0.0,False
2021-06-25,103.87999725341797,104.04000091552734,103.76000213623047,103.9800033569336,93.78462219238281,1420700,0.0,False
2021-06-28,103.9800033569336,103.98999786376953,103.56999969482422,103.87000274658203,93.68541717529297,1475400,0.0,False
2021-06-29,103.94000244140625,104.0,103.72000122070312,103.88999938964844,93.70345306396484,2118200,0.0,False
2021-06-30,103.5199966430664,103.69999694824219,103.41999816894531,103.61000061035156,93.45089721679688,1358200,0.0,False
2021-07-01,103.73999786376953,103.98999786376953,103.54000091552734,103.98999786376953,93.79364776611328,1770500,0.0,False
2021-07-02,104.08000183105469,104.44000244140625,103.9000015258789,104.43000030517578,94.19052124023438,1671300,0.0,False
2021-07-06,104.38999938964844,104.38999938964844,103.3499984741211,103.9000015258789,93.71247100830078,2211600,0.0,False
2021-07-07,104.19999694824219,104.31999969482422,103.54000091552734,104.16000366210938,93.94698333740234,1579000,0.0,False
2021-07-08,102.61000061035156,103.19999694824219,102.26000213623047,102.97000122070312,92.87364959716797,1888700,0.0,False
2021-07-09,103.7300033569336,104.5,103.62000274658203,104.48999786376953,94.24462890625,19201700,0.0,False
2021-07-12,104.30999755859375,104.75,104.23999786376953,104.73999786376953,94.47012329101562,5587400,0.0,False
2021-07-13,104.54000091552734,104.76000213623047,104.18000030517578,104.25,94.02816009521484,2079100,0.0,False
2021-07-14,104.77999877929688,104.83000183105469,104.12000274658203,104.33000183105469,94.10032653808594,2474300,0.0,False
2021-07-15,103.93000030517578,104.12999725341797,103.38999938964844,103.87999725341797,93.69444274902344,2629900,0.0,False
2021-07-16,104.05000305175781,104.08000183105469,102.93000030517578,103.08000183105469,92.972900390625,1249700,0.0,False
2021-07-19,101.75,101.76000213623047,100.87999725341797,101.5199966430664,91.56584167480469,2989100,0.0,False
2021-07-20,101.4800033569336,102.98999786376953,101.29000091552734,102.73999786376953,92.66619873046875,4600700,0.0,False
2021-07-21,103.02999877929688,103.80000305175781,102.97000122070312,103.79000091552734,93.61327362060547,2103300,0.0,False
2021-07-22,104.0,104.0,103.51000213623047,103.9000015258789,93.71247100830078,1329400,0.0,False
2021-07-23,104.27999877929688,104.62999725341797,103.98999786376953,104.58000183105469,94.32581329345703,1372900,0.0,False
2021-07-26,104.16000366210938,104.45999908447266,104.12999725341797,104.45999908447266,94.21755981445312,1308800,0.0,False
2021-07-27,103.94999694824219,103.94999694824219,103.01000213623047,103.77999877929688,93.60424041748047,7796300,0.0,False
2021-07-28,104.0,104.58999633789062,103.79000091552734,104.33000183105469,94.10032653808594,945800,0.0,False
2021-07-29,104.80000305175781,105.0999984741211,104.75,104.83999633789062,94.56029510498047,1013200,0.0,False
2021-07-30,104.20999908447266,104.69999694824219,104.0199966430664,104.25,94.02816009521484,1685000,0.0,False
2021-08-02,104.8499984741211,104.98999786376953,104.23999786376953,104.33000183105469,94.10032653808594,1941400,0.0,False
2021-08-03,104.61000061035156,105.0999984741211,104.05000305175781,105.0999984741211,94.79481506347656,1381900,0.0,False
2021-08-04,104.9800033569336,105.12999725341797,104.68000030517578,104.76000213623047,94.4881591796875,1415100,0.0,False
2021-08-05,105.04000091552734,105.33000183105469,104.94999694824219,105.27999877929688,94.95716857910156,2093800,0.0,False
2021-08-06,105.2699966430664,105.4000015258789,105.02999877929688,105.19000244140625,94.87598419189453,1431500,0.0,False
2021-08-09,105.20999908447266,105.30999755859375,104.93000030517578,105.13999938964844,94.83089447021484,819100,0.0,False
2021-08-10,105.25,105.38999938964844,105.08999633789062,105.22000122070312,94.90303802490234,4168900,0.0,False
2021-08-11,105.63999938964844,105.63999938964844,105.25,105.63999938964844,95.28186798095703,918100,0.0,False
2021-08-12,105.45999908447266,105.63999938964844,105.18000030517578,105.63999938964844,95.28186798095703,872400,0.0,False
2021-08-13,105.75,105.87999725341797,105.56999969482422,105.87999725341797,95.49832916259766,1706000,0.0,False
2021-08-16,105.31999969482422,105.63999938964844,104.87999725341797,105.63999938964844,95.28186798095703,938100,0.0,False
2021-08-17,104.75,104.87999725341797,103.98999786376953,104.6500015258789,94.38895416259766,1048900,0.0,False
2021-08-18,104.5999984741211,104.94000244140625,103.87999725341797,103.94999694824219,93.757568359375,1076600,0.0,False
2021-08-19,102.91999816894531,103.69999694824219,102.83000183105469,103.41000366210938,93.2705307006836,1493200,0.0,False
2021-08-20,103.22000122070312,104.06999969482422,103.12000274658203,104.04000091552734,93.8387451171875,983600,0.0,False
2021-08-23,104.56999969482422,105.23999786376953,104.56999969482422,105.12999725341797,94.82188415527344,817800,0.0,False
2021-08-24,105.43000030517578,105.80999755859375,105.37999725341797,105.69999694824219,95.33599090576172,849600,0.0,False
2021-08-25,105.6500015258789,105.97000122070312,105.52999877929688,105.88999938964844,95.50736236572266,1210200,0.0,False
2021-08-26,105.61000061035156,105.70999908447266,105.11000061035156,105.19000244140625,94.87598419189453,1956000,0.0,False
2021-08-27,105.44999694824219,106.37000274658203,105.41999816894531,106.30999755859375,95.88618469238281,1229500,0.0,False
2021-08-30,106.41999816894531,106.72000122070312,106.25,106.55999755859375,96.11165618896484,1968200,0.0,False
2021-08-31,106.72000122070312,106.77999877929688,106.51000213623047,106.61000061035156,96.15675354003906,973700,0.0,False
2021-09-01,107.06999969482422,107.38999938964844,106.97000122070312,107.12999725341797,96.62577819824219,2074400,0.0,False
2021-09-02,107.38999938964844,107.62000274658203,107.22000122070312,107.45999908447266,96.92340850830078,1171900,0.0,False
2021-09-03,107.37999725341797,107.73999786376953,107.30999755859375,107.6500015258789,97.09477996826172,1002600,0.0,False
2021-09-07,107.62000274658203,107.6500015258789,107.29000091552734,107.36000061035156,96.83322143554688,1865800,0.0,False
2021-09-08,107.06999969482422,107.1500015258789,106.41999816894531,106.81999969482422,96.34616088867188,1694600,0.0,False
2021-09-09,106.72000122070312,107.1500015258789,106.44000244140625,106.54000091552734,96.09362030029297,2416000,0.0,False
2021-09-10,107.12000274658203,107.22000122070312,105.94000244140625,106.0,95.60655212402344,4446400,0.0,False
2021-09-13,106.75,106.75,105.91999816894531,106.37999725341797,95.94931030273438,2947900,0.0,False
2021-09-14,106.68000030517578,106.68000030517578,105.58000183105469,105.75,95.38108825683594,1213900,0.0,False
2021-09-15,105.77999877929688,106.4800033569336,105.55999755859375,106.38999938964844,95.95832824707031,1187400,0.0,False
2021-09-16,106.02999877929688,106.3499984741211,105.55000305175781,106.1500015258789,95.74187469482422,1328200,0.0,False
2021-09-17,105.8499984741211,105.9800033569336,104.91999816894531,105.0999984741211,94.79481506347656,2404300,0.0,False
2021-09-20,102.87000274658203,103.20999908447266,101.69000244140625,102.80000305175781,93.0852279663086,2573100,0.0,False
2021-09-21,103.5999984741211,103.83999633789062,102.87999725341797,103.12000274658203,93.3750228881836,2169400,0.0,False
2021-09-22,103.72000122070312,104.69000244140625,103.66000366210938,104.11000061035156,94.27143859863281,2765200,0.0,False
2021-09-23,104.66000366210938,105.58000183105469,104.5999984741211,105.27999877929688,95.33087921142578,1641000,0.0,False
2021-09-24,104.55000305175781,105.01000213623047,104.48999786376953,104.9000015258789,94.98676300048828,1506400,0.0,False
2021-09-27,104.70999908447266,105.01000213623047,104.4800033569336,104.83000183105469,94.92338562011719,1803100,0.0,False
2021-09-28,103.8499984741211,103.88999938964844,102.47000122070312,102.6500015258789,92.94940948486328,2896900,0.0,False
2021-09-29,102.93000030517578,103.18000030517578,102.4000015258789,102.52999877929688,92.84074401855469,2192500,0.0,False
2021-09-30,102.9000015258789,103.06999969482422,101.76000213623047,101.83000183105469,92.2069091796875,2984100,0.0,False
2021-10-01,102.08000183105469,102.97000122070312,101.30000305175781,102.6500015258789,92.94940948486328,4217900,0.0,False
2021-10-04,102.33000183105469,102.4000015258789,100.9000015258789,101.44999694824219,91.86280059814453,2211800,0.0,False
2021-10-05,101.69000244140625,102.66999816894531,101.51000213623047,102.23999786376953,92.57816314697266,1784800,0.0,False
2021-10-06,101.06999969482422,102.2699966430664,100.69999694824219,102.23999786376953,92.57816314697266,2895800,0.0,False
2021-10-07,103.05000305175781,103.80999755859375,103.01000213623047,103.25,93.49271392822266,1723500,0.0,False
2021-10-08,103.51000213623047,103.5999984741211,103.02999877929688,103.1500015258789,93.40217590332031,1050600,0.0,False
2021-10-11,103.19999694824219,103.72000122070312,102.5999984741211,102.61000061035156,92.9131851196289,1126600,0.0,False
2021-10-12,102.83000183105469,103.0,102.37000274658203,102.52999877929688,92.84074401855469,2157800,0.0,False
2021-10-13,102.94000244140625,103.41000366210938,102.41999816894531,103.26000213623047,93.50176239013672,2559800,0.0,False
2021-10-14,104.18000030517578,104.72000122070312,104.05000305175781,104.69000244140625,94.79662322998047,2171600,0.0,False
2021-10-15,105.22000122070312,105.5199966430664,105.11000061035156,105.43000030517578,95.46669006347656,1207600,0.0,False
2021-10-18,104.88999938964844,105.55000305175781,104.76000213623047,105.52999877929688,95.55723571777344,2182500,0.0,False
2021-10-19,105.9800033569336,106.33999633789062,105.87999725341797,106.29000091552734,96.24542999267578,1219100,0.0,False
2021-10-20,106.4000015258789,106.76000213623047,106.37000274658203,106.68000030517578,96.59856414794922,867100,0.0,False
2021-10-21,106.30000305175781,106.6500015258789,106.20999908447266,106.62999725341797,96.55329132080078,1136700,0.0,False
2021-10-22,106.75,107.08999633789062,106.22000122070312,106.69000244140625,96.60762786865234,917400,0.0,False
2021-10-25,106.76000213623047,107.1500015258789,106.41999816894531,107.04000091552734,96.92456817626953,1475300,0.0,False
2021-10-26,107.44999694824219,107.62999725341797,106.87999725341797,106.98999786376953,96.87928009033203,1441300,0.0,False
2021-10-27,106.9800033569336,107.13999938964844,106.33999633789062,106.36000061035156,96.30880737304688,891800,0.0,False
2021-10-28,106.6500015258789,107.33999633789062,106.62000274658203,107.31999969482422,97.1780776977539,1574000,0.0,False
2021-10-29,106.62999725341797,107.12999725341797,106.51000213623047,107.06999969482422,96.95170593261719,1216100,0.0,False
2021-11-01,107.41999816894531,107.7699966430664,107.19000244140625,107.7300033569336,97.54933166503906,856100,0.0,False
2021-11-02,107.56999969482422,107.83000183105469,107.48999786376953,107.75,97.56745910644531,1453400,0.0,False
2021-11-03,107.62000274658203,108.52999877929688,107.5,108.47000122070312,98.21940612792969,1325100,0.0,False
2021-11-04,108.52999877929688,108.79000091552734,108.27999877929688,108.6500015258789,98.38241577148438,1453100,0.0,False
2021-11-05,109.12999725341797,109.30999755859375,108.58999633789062,109.0,98.69931030273438,1287600,0.0,False
2021-11-08,109.2300033569336,109.38999938964844,109.11000061035156,109.2300033569336,98.90760040283203,1950000,0.0,False
2021-11-09,109.25,109.33999633789062,108.58000183105469,108.93000030517578,98.63593292236328,1157000,0.0,False
2021-11-10,108.61000061035156,108.91000366210938,107.55999755859375,107.87999725341797,97.68516540527344,1606700,0.0,False
2021-11-11,108.33000183105469,108.48999786376953,108.19000244140625,108.22000122070312,97.9930419921875,2232300,0.0,False
2021-11-12,108.48999786376953,108.98999786376953,108.33999633789062,108.94000244140625,98.64500427246094,1331300,0.0,False
2021-11-15,109.22000122070312,109.25,108.72000122070312,108.87999725341797,98.59066009521484,1201200,0.0,False
2021-11-16,108.83999633789062,109.30999755859375,108.77999877929688,109.06999969482422,98.76271057128906,2741000,0.0,False
2021-11-17,108.94000244140625,108.94000244140625,108.47000122070312,108.66999816894531,98.4005126953125,2227400,0.0,False
2021-11-18,108.72000122070312,108.77999877929688,108.01000213623047,108.70999908447266,98.43673706054688,1547600,0.0,False
2021-11-19,108.47000122070312,108.66999816894531,108.1500015258789,108.22000122070312,97.9930419921875,1379800,0.0,False
2021-11-22,108.44000244140625,108.80999755859375,107.58999633789062,107.5999984741211,97.43162536621094,2155500,0.0,False
2021-11-23,107.4800033569336,107.93000030517578,106.8499984741211,107.58000183105469,97.41351318359375,1823800,0.0,False
2021-11-24,106.83000183105469,107.63999938964844,106.63999938964844,107.63999938964844,97.46786499023438,2264400,0.0,False
2021-11-26,105.75,105.9000015258789,104.62000274658203,104.93000030517578,95.01395416259766,2741300,0.0,False
2021-11-29,106.04000091552734,106.26000213623047,105.25,105.86000061035156,95.85604858398438,2551500,0.0,False
2021-11-30,105.33999633789062,105.73999786376953,103.8499984741211,104.2699966430664,94.41632080078125,4756700,0.0,False
2021-12-01,105.5999984741211,106.20999908447266,103.12000274658203,103.16999816894531,93.4202880859375,5115600,0.0,False
2021-12-02,103.54000091552734,105.11000061035156,103.47000122070312,104.76000213623047,94.8600082397461,3838000,0.0,False
2021-12-03,105.06999969482422,105.22000122070312,102.93000030517578,103.79000091552734,93.98169708251953,3064700,0.0,False
2021-12-06,104.29000091552734,105.25,103.73999786376953,104.93000030517578,95.01395416259766,4751200,0.0,False
2021-12-07,106.33000183105469,107.20999908447266,106.29000091552734,107.0999984741211,96.97886657714844,2283100,0.0,False
2021-12-08,107.18000030517578,107.56999969482422,106.91000366210938,107.5,97.34107971191406,1987900,0.0,False
2021-12-09,107.0199966430664,107.19000244140625,106.48999786376953,106.54000091552734,96.47179412841797,3240900,0.0,False
2021-12-10,106.98999786376953,107.16000366210938,106.38999938964844,107.08000183105469,96.96077728271484,1997800,0.0,False
2021-12-13,106.7699966430664,106.83000183105469,105.93000030517578,106.0,95.98284149169922,1996400,0.0,False
2021-12-14,105.31999969482422,105.80999755859375,104.77999877929688,105.33999633789062,95.38520050048828,3442300,0.0,False
2021-12-15,105.38999938964844,106.69999694824219,104.69000244140625,106.66999816894531,96.58953094482422,2172200,0.0,False
2021-12-16,107.19000244140625,107.33000183105469,105.69999694824219,106.06999969482422,96.04621124267578,3196000,0.0,False
2021-12-17,105.2699966430664,106.0,104.73999786376953,105.0999984741211,95.16787719726562,3214700,0.0,False
2021-12-20,103.23999786376953,103.43000030517578,102.55999755859375,103.36000061035156,94.29661560058594,5029900,0.0,False
2021-12-21,104.05000305175781,105.13999938964844,103.8499984741211,105.11000061035156,95.89315795898438,3430800,0.0,False
2021-12-22,105.0,106.08999633789062,104.94999694824219,106.08000183105469,96.77812194824219,3575600,0.0,False
2021-12-23,106.29000091552734,107.0199966430664,106.23999786376953,106.76000213623047,97.39848327636719,2463700,0.0,False
2021-12-27,107.0,107.88999938964844,106.91999816894531,107.88999938964844,98.42939758300781,1446500,0.0,False
2021-12-28,107.97000122070312,108.18000030517578,107.6500015258789,107.7699966430664,98.31993865966797,4291800,0.0,False
2021-12-29,107.73999786376953,107.94999694824219,107.41999816894531,107.80999755859375,98.35640716552734,2018900,0.0,False
2021-12-30,107.91000366210938,108.16999816894531,107.62000274658203,107.72000122070312,98.27429962158203,2003100,0.0,False
2021-12-31,107.68000030517578,107.97000122070312,107.43000030517578,107.43000030517578,98.0097427368164,1916200,0.0,False
2022-01-03,107.91000366210938,108.08999633789062,107.30999755859375,108.05000305175781,98.57537841796875,2673100,0.0,False
2022-01-04,108.52999877929688,108.58000183105469,107.69000244140625,108.08999633789062,98.61186218261719,2012100,0.0,False
2022-01-05,108.08999633789062,108.25,106.2300033569336,106.25,96.9332046508789,2950400,0.0,False
2022-01-06,106.08999633789062,106.73999786376953,105.52999877929688,106.1500015258789,96.84197998046875,4125800,0.0,False
2022-01-07,106.16999816894531,106.48999786376953,105.48999786376953,106.0,96.70513153076172,2552000,0.0,False
2022-01-10,105.22000122070312,105.6500015258789,104.0,105.6500015258789,96.38581085205078,4144400,0.0,False
2022-01-11,105.72000122070312,106.91000366210938,105.26000213623047,106.87000274658203,97.49884033203125,2876400,0.0,False
2022-01-12,107.44999694824219,107.75,106.94000244140625,107.45999908447266,98.03710174560547,2019700,0.0,False
2022-01-13,107.68000030517578,107.80000305175781,105.97000122070312,106.12999725341797,96.82373809814453,1416900,0.0,False
2022-01-14,105.56999969482422,106.16999816894531,105.12999725341797,106.12000274658203,96.81460571289062,2047900,0.0,False
2022-01-18,104.91999816894531,105.02999877929688,104.0999984741211,104.30000305175781,95.1541976928711,3048900,0.0,False
2022-01-19,104.75,105.05000305175781,103.62000274658203,103.70999908447266,94.61593627929688,2741700,0.0,False
2022-01-20,104.2300033569336,105.19999694824219,102.73999786376953,102.86000061035156,93.8404541015625,3274500,0.0,False
2022-01-21,102.56999969482422,102.94000244140625,101.0199966430664,101.11000061035156,92.2439193725586,4396700,0.0,False
2022-01-24,99.51000213623047,101.05000305175781,97.19999694824219,100.9800033569336,92.12532043457031,8305400,0.0,False
2022-01-25,99.62000274658203,100.97000122070312,98.45999908447266,99.9800033569336,91.2129898071289,6116800,0.0,False
2022-01-26,101.19999694824219,101.83999633789062,98.72000122070312,99.52999877929688,90.80245971679688,3391100,0.0,False
2022-01-27,100.22000122070312,100.77999877929688,98.5199966430664,98.77999877929688,90.11823272705078,4984000,0.0,False
2022-01-28,98.87999725341797,100.45999908447266,97.91000366210938,100.41000366210938,91.6053237915039,4595000,0.0,False
2022-01-31,100.5,102.54000091552734,100.3499984741211,102.51000213623047,93.52115631103516,3353600,0.0,False
2022-02-01,102.86000061035156,103.4000015258789,102.0,103.31999969482422,94.2601318359375,3514300,0.0,False
2022-02-02,103.87999725341797,104.11000061035156,103.16999816894531,103.93000030517578,94.816650390625,2607700,0.0,False
2022-02-03,102.69999694824219,103.08999633789062,101.76000213623047,101.91999816894531,92.9828872680664,2906600,0.0,False
2022-02-04,101.7699966430664,103.05999755859375,101.37000274658203,102.37000274658203,93.39341735839844,3111900,0.0,False
2022-02-07,102.44999694824219,102.94999694824219,102.04000091552734,102.25,93.28395080566406,3123500,0.0,False
2022-02-08,102.13999938964844,103.19999694824219,101.87000274658203,103.02999877929688,93.99555206298828,2120100,0.0,False
2022-02-09,104.0999984741211,104.72000122070312,104.0999984741211,104.70999908447266,95.52824401855469,4037800,0.0,False
2022-02-10,103.30999755859375,104.94999694824219,102.7699966430664,103.19999694824219,94.15065002441406,5798800,0.0,False
2022-02-11,103.19999694824219,103.6500015258789,101.04000091552734,101.41000366210938,92.51761627197266,3682300,0.0,False
2022-02-14,101.13999938964844,101.4000015258789,100.12999725341797,100.9000015258789,92.05233764648438,4316400,0.0,False
2022-02-15,102.0,102.7699966430664,101.98999786376953,102.66999816894531,93.66712188720703,3022100,0.0,False
2022-02-16,102.27999877929688,103.20999908447266,102.02999877929688,102.9800033569336,93.94992065429688,9601400,0.0,False
2022-02-17,102.2300033569336,102.30999755859375,100.87000274658203,100.98999786376953,92.13443756103516,5645400,0.0,False
2022-02-18,101.0199966430664,101.27999877929688,99.87999725341797,100.27999877929688,91.48672485351562,8950900,0.0,False
2022-02-22,99.58999633789062,100.2699966430664,98.33000183105469,99.08999633789062,90.40103149414062,7864100,0.0,False
2022-02-23,99.83000183105469,99.91999816894531,97.52999877929688,97.70999908447266,89.1420669555664,6629800,0.0,False
2022-02-24,94.80000305175781,98.18000030517578,94.5199966430664,98.12000274658203,89.51610565185547,7176400,0.0,False
2022-02-25,98.6500015258789,100.31999969482422,98.23999786376953,100.29000091552734,91.49583435058594,6323800,0.0,False
2022-02-28,98.8499984741211,100.18000030517578,98.58000183105469,99.66999816894531,90.93019104003906,4139900,0.0,False
2022-03-01,99.37999725341797,99.70999908447266,97.44999694824219,98.01000213623047,89.41575622558594,5798900,0.0,False
2022-03-02,98.5,99.72000122070312,98.2300033569336,99.47000122070312,90.74774169921875,4138800,0.0,False
2022-03-03,99.68000030517578,99.7300033569336,98.05999755859375,98.43000030517578,89.7989273071289,5791200,0.0,False
2022-03-04,97.0,97.18000030517578,96.08999633789062,96.98999786376953,88.48517608642578,6832800,0.0,False
2022-03-07,96.62000274658203,96.72000122070312,93.81999969482422,93.9000015258789,85.66615295410156,3412800,0.0,False
2022-03-08,94.2300033569336,95.81999969482422,93.19000244140625,93.80000305175781,85.57490539550781,6877300,0.0,False
2022-03-09,96.06999969482422,97.0199966430664,95.4800033569336,96.62999725341797,88.15675354003906,4848000,0.0,False
2022-03-10,95.5199966430664,96.0999984741211,95.01000213623047,95.87999725341797,87.4725112915039,2413500,0.0,False
2022-03-11,96.61000061035156,96.69000244140625,94.58000183105469,94.66000366210938,86.35952758789062,3038700,0.0,False
2022-03-14,95.06999969482422,95.6500015258789,93.8499984741211,94.06999969482422,85.82123565673828,2549800,0.0,False
2022-03-15,94.43000030517578,95.68000030517578,94.08000183105469,95.55999755859375,87.18058776855469,2482200,0.0,False
2022-03-16,96.97000122070312,98.63999938964844,96.16000366210938,98.58999633789062,89.94490051269531,2872800,0.0,False
2022-03-17,98.1500015258789,99.6500015258789,97.98999786376953,99.62000274658203,90.88456726074219,2959900,0.0,False
2022-03-18,99.06999969482422,100.81999969482422,98.97000122070312,100.68000030517578,91.85163879394531,1901300,0.0,False
2022-03-21,100.31999969482422,100.61000061035156,99.41999816894531,100.16999816894531,91.62020874023438,2027400,0.0,False
2022-03-22,100.63999938964844,101.47000122070312,100.62999725341797,101.30999755859375,92.66291046142578,1196600,0.0,False
2022-03-23,100.56999969482422,101.02999877929688,100.05999755859375,100.06999969482422,91.52875518798828,2022600,0.0,False
2022-03-24,100.55000305175781,101.2300033569336,100.20999908447266,101.19999694824219,92.56230163574219,1814900,0.0,False
2022-03-25,101.2699966430664,101.48999786376953,100.56999969482422,101.43000030517578,92.77267456054688,1184200,0.0,False
2022-03-28,101.19999694824219,101.79000091552734,100.66999816894531,101.76000213623047,93.07450103759766,1671000,0.0,False
2022-03-29,103.0999984741211,103.4800033569336,102.55000305175781,103.41000366210938,94.58367919921875,2112000,0.0,False
2022-03-30,103.19999694824219,103.3499984741211,102.4000015258789,102.83999633789062,94.06232452392578,2530600,0.0,False
2022-03-31,102.48999786376953,102.70999908447266,101.2300033569336,101.29000091552734,92.64462280273438,1777100,0.0,False
2022-04-01,101.91999816894531,102.0,101.13999938964844,101.94000244140625,93.23914337158203,2991200,0.0,False
2022-04-04,102.08000183105469,102.80000305175781,101.91999816894531,102.7699966430664,93.998291015625,3128100,0.0,False
2022-04-05,102.36000061035156,102.7300033569336,101.08000183105469,101.29000091552734,92.64462280273438,4085000,0.0,False
2022-04-06,100.38999938964844,100.66000366210938,99.5199966430664,100.16000366210938,91.61106872558594,3349800,0.0,False
2022-04-07,100.0199966430664,100.73999786376953,99.3499984741211,100.38999938964844,91.82145690917969,2232500,0.0,False
2022-04-08,100.12999725341797,100.75,99.7699966430664,100.1500015258789,91.60193634033203,1625600,0.0,False
2022-04-11,99.51000213623047,99.66999816894531,98.66000366210938,98.75,90.32141876220703,2063700,0.0,False
2022-04-12,99.33999633789062,99.83000183105469,98.05000305175781,98.33999633789062,89.9464111328125,3146800,0.0,False
2022-04-13,98.43000030517578,99.68000030517578,98.4000015258789,99.55000305175781,91.05314636230469,2380600,0.0,False
2022-04-14,99.55000305175781,99.80999755859375,98.55000305175781,98.5999984741211,90.1842269897461,1673700,0.0,False
2022-04-18,98.2699966430664,98.80000305175781,97.94999694824219,98.31999969482422,89.9281234741211,2241400,0.0,False
2022-04-19,98.0999984741211,99.52999877929688,98.02999877929688,99.44000244140625,90.9525146484375,2125600,0.0,False
2022-04-20,100.0,100.0,99.2699966430664,99.5199966430664,91.02570343017578,2254400,0.0,False
2022-04-21,100.31999969482422,100.54000091552734,97.77999877929688,98.0,89.63542175292969,2220000,0.0,False
2022-04-22,97.83999633789062,97.83999633789062,95.69999694824219,95.77999877929688,87.60492706298828,3355800,0.0,False
2022-04-25,95.01000213623047,95.97000122070312,94.11000061035156,95.88999938964844,87.70552062988281,4484800,0.0,False
2022-04-26,95.27999877929688,95.41000366210938,93.26000213623047,93.2699966430664,85.30915069580078,5045800,0.0,False
2022-04-27,93.56999969482422,94.55000305175781,93.08000183105469,93.62000274658203,85.6292953491211,4433000,0.0,False
2022-04-28,94.52999877929688,95.88999938964844,93.51000213623047,95.55999755859375,87.40369415283203,2143700,0.0,False
2022-04-29,95.2300033569336,95.83999633789062,92.98999786376953,93.08999633789062,85.14450073242188,3356400,0.0,False
2022-05-02,92.97000122070312,93.72000122070312,91.58999633789062,93.38999938964844,85.41890716552734,12751600,0.0,False
2022-05-03,93.6500015258789,94.25,93.29000091552734,93.88999938964844,85.87622833251953,2985000,0.0,False
2022-05-04,93.9000015258789,96.2699966430664,93.0,96.13999938964844,87.93419647216797,2831500,0.0,False
2022-05-05,94.94000244140625,94.97000122070312,91.91000366210938,92.86000061035156,84.93413543701172,10992400,0.0,False
2022-05-06,92.20999908447266,92.63999938964844,90.95999908447266,91.94000244140625,84.09265899658203,7149300,0.0,False
2022-05-09,90.54000091552734,90.68000030517578,88.5999984741211,88.88999938964844,81.3030014038086,4630200,0.0,False
2022-05-10,90.41000366210938,90.62999725341797,88.30000305175781,89.19999694824219,81.58654022216797,3956400,0.0,False
2022-05-11,89.25,90.44999694824219,87.94000244140625,88.05999755859375,80.54383087158203,6832400,0.0,False
2022-05-12,87.47000122070312,88.75,86.63999938964844,87.93000030517578,80.42493438720703,8348900,0.0,False
2022-05-13,89.0199966430664,90.52999877929688,88.94999694824219,90.36000061035156,82.64752960205078,8078100,0.0,False
2022-05-16,89.94999694824219,90.72000122070312,89.5,90.06999969482422,82.38227081298828,5884900,0.0,False
2022-05-17,91.6500015258789,91.94999694824219,90.83000183105469,91.93000030517578,84.08353424072266,2364300,0.0,False
2022-05-18,91.0199966430664,91.1500015258789,88.62999725341797,88.87000274658203,81.28469848632812,2656500,0.0,False
2022-05-19,88.45999908447266,89.9000015258789,88.30999755859375,89.0999984741211,81.49506378173828,2181700,0.0,False
2022-05-20,90.02999877929688,90.16999816894531,87.5999984741211,89.3499984741211,81.72371673583984,5711300,0.0,False
2022-05-23,90.12000274658203,90.93000030517578,89.55999755859375,90.75,83.0042495727539,2737100,0.0,False
2022-05-24,89.9000015258789,90.2300033569336,88.7699966430664,89.9800033569336,82.29997253417969,2387000,0.0,False
2022-05-25,89.55999755859375,91.01000213623047,89.55999755859375,90.62000274658203,82.88534545898438,1486400,0.0,False
2022-05-26,90.87000274658203,92.47000122070312,90.7699966430664,92.1500015258789,84.28475189208984,2216400,0.0,False
2022-05-27,92.7699966430664,94.01000213623047,92.73999786376953,94.01000213623047,85.98599243164062,2749400,0.0,False
2022-05-31,93.97000122070312,94.27999877929688,93.16000366210938,93.55000305175781,85.56525421142578,2848000,0.0,False
2022-06-01,94.1500015258789,94.30000305175781,92.30999755859375,92.8499984741211,84.92498779296875,2453600,0.0,False
2022-06-02,93.05000305175781,94.7300033569336,92.72000122070312,94.7300033569336,86.64453125,1599300,0.0,False
2022-06-03,93.62000274658203,93.86000061035156,93.02999877929688,93.20999908447266,85.25428009033203,1837700,0.0,False
2022-06-06,94.3499984741211,94.55000305175781,93.33000183105469,93.56999969482422,85.58353424072266,1749300,0.0,False
2022-06-07,92.77999877929688,94.33999633789062,92.6500015258789,94.26000213623047,86.21465301513672,1357600,0.0,False
2022-06-08,93.83999633789062,94.16999816894531,93.16999816894531,93.33000183105469,85.3640365600586,1966000,0.0,False
2022-06-09,92.88999938964844,93.16999816894531,91.22000122070312,91.22000122070312,83.43412780761719,3874400,0.0,False
2022-06-10,89.87999725341797,89.94000244140625,88.7300033569336,88.83000183105469,81.24810028076172,4031100,0.0,False
2022-06-13,86.61000061035156,86.93000030517578,85.20999908447266,85.5199966430664,78.22064971923828,4235500,0.0,False
2022-06-14,85.87999725341797,86.12999725341797,84.55999755859375,85.25,77.97367858886719,3667400,0.0,False
2022-06-15,86.0,87.4800033569336,85.0,86.5999984741211,79.20845794677734,4300400,0.0,False
2022-06-16,84.6500015258789,84.6500015258789,83.41000366210938,83.87999725341797,76.72061157226562,3180300,0.0,False
2022-06-17,84.02999877929688,84.70999908447266,83.23999786376953,83.97000122070312,76.80292510986328,2705500,0.0,False
2022-06-21,84.73999786376953,85.52999877929688,84.73999786376953,85.12000274658203,78.41321563720703,3180600,0.0,False
2022-06-22,84.06999969482422,85.45999908447266,83.88999938964844,84.63999938964844,77.97101593017578,4948900,0.0,False
2022-06-23,84.97000122070312,85.25,84.0999984741211,85.1500015258789,78.44084167480469,2457100,0.0,False
2022-06-24,85.94000244140625,87.7300033569336,85.94000244140625,87.70999908447266,80.79912567138672,2559700,0.0,False
2022-06-27,87.9000015258789,88.0199966430664,87.22000122070312,87.48999786376953,80.5964584350586,2551600,0.0,False
2022-06-28,87.9800033569336,88.5,86.22000122070312,86.25,79.45416259765625,1914900,0.0,False
2022-06-29,86.2699966430664,86.41999816894531,85.6500015258789,85.98999786376953,79.21463775634766,2355600,0.0,False
2022-06-30,84.91000366210938,85.83999633789062,84.13999938964844,85.33999633789062,78.61587524414062,2315000,0.0,False
2022-07-01,84.83999633789062,85.94999694824219,84.31999969482422,85.87000274658203,79.10411071777344,2439400,0.0,False
2022-07-05,84.25,85.44000244140625,83.69999694824219,85.41999816894531,78.68955993652344,2940800,0.0,False
2022-07-06,85.38999938964844,85.87999725341797,84.70999908447266,85.47000122070312,78.7356185913086,5767900,0.0,False
2022-07-07,86.0199966430664,86.94000244140625,86.0199966430664,86.83000183105469,79.98846435546875,3005500,0.0,False
2022-07-08,86.48999786376953,87.19999694824219,86.11000061035156,86.80000305175781,79.96086120605469,1277800,0.0,False
2022-07-11,86.0199966430664,86.08999633789062,85.37999725341797,85.51000213623047,78.77246856689453,4303400,0.0,False
2022-07-12,85.41000366210938,85.81999969482422,84.6500015258789,85.0199966430664,78.32107543945312,2733600,0.0,False
2022-07-13,83.81999969482422,85.19000244140625,83.68000030517578,84.72000122070312,78.04473114013672,1885700,0.0,False
2022-07-14,83.45999908447266,84.19999694824219,82.75,84.06999969482422,77.4459228515625,2355100,0.0,False
2022-07-15,84.97000122070312,85.5,84.37999725341797,85.4800033569336,78.74482727050781,2465100,0.0,False
2022-07-18,86.44999694824219,86.6500015258789,85.11000061035156,85.33000183105469,78.60665130615234,1336500,0.0,False
2022-07-19,86.38999938964844,87.61000061035156,86.30000305175781,87.51000213623047,80.6148910522461,2123900,0.0,False
2022-07-20,87.56999969482422,88.0999984741211,87.18000030517578,87.80000305175781,80.88204956054688,2523200,0.0,False
2022-07-21,87.70999908447266,88.7300033569336,87.3499984741211,88.7300033569336,81.73876190185547,1853900,0.0,False
2022-07-22,88.8499984741211,89.13999938964844,87.54000091552734,87.97000122070312,81.03864288330078,1526500,0.0,False
2022-07-25,88.31999969482422,88.43000030517578,87.87000274658203,88.30000305175781,81.34263610839844,2375200,0.0,False
2022-07-26,87.88999938964844,87.91000366210938,87.0999984741211,87.2300033569336,80.35694122314453,2244200,0.0,False
2022-07-27,88.04000091552734,89.62000274658203,87.95999908447266,89.33999633789062,82.30068969726562,1881000,0.0,False
2022-07-28,89.47000122070312,90.30999755859375,88.66999816894531,90.20999908447266,83.10215759277344,2164800,0.0,False
2022-07-29,90.36000061035156,91.36000061035156,90.12000274658203,91.30000305175781,84.10626983642578,2078200,0.0,False
2022-08-01,90.94999694824219,91.58999633789062,90.5199966430664,91.08000183105469,83.9035873413086,1371100,0.0,False
2022-08-02,90.62000274658203,91.3499984741211,90.16999816894531,90.37000274658203,83.2495346069336,1933500,0.0,False
2022-08-03,90.79000091552734,91.63999938964844,90.56999969482422,91.44000244140625,84.2352294921875,1435500,0.0,False
2022-08-04,91.56999969482422,91.79000091552734,91.25,91.58999633789062,84.3734130859375,1233100,0.0,False
2022-08-05,90.66000366210938,91.51000213623047,90.54000091552734,91.37999725341797,84.1799545288086,1555300,0.0,False
2022-08-08,91.97000122070312,92.41000366210938,91.30999755859375,91.51000213623047,84.29972839355469,1989600,0.0,False
2022-08-09,91.43000030517578,91.5,90.83000183105469,91.0199966430664,83.84832763671875,585600,0.0,False
2022-08-10,92.69000244140625,93.08999633789062,92.37999725341797,93.02999877929688,85.69994354248047,1291900,0.0,False
2022-08-11,93.69999694824219,94.13999938964844,92.94000244140625,93.08999633789062,85.75523376464844,1755200,0.0,False
2022-08-12,93.41999816894531,94.3499984741211,93.19000244140625,94.3499984741211,86.91594696044922,1168700,0.0,False
2022-08-15,93.73999786376953,94.44000244140625,93.66999816894531,94.37000274658203,86.93437957763672,2013900,0.0,False
2022-08-16,94.02999877929688,94.80000305175781,93.91999816894531,94.4800033569336,87.03570556640625,1019800,0.0,False
2022-08-17,93.69000244140625,94.2699966430664,93.25,93.7300033569336,86.34480285644531,1748500,0.0,False
2022-08-18,93.73999786376953,93.87000274658203,93.37000274658203,93.73999786376953,86.35401916503906,921100,0.0,False
2022-08-19,93.05999755859375,93.08999633789062,92.22000122070312,92.43000030517578,85.14723205566406,882100,0.0,False
2022-08-22,91.4000015258789,91.4000015258789,90.52999877929688,90.72000122070312,83.57196044921875,1092600,0.0,False
2022-08-23,90.6500015258789,91.33999633789062,90.55999755859375,90.68000030517578,83.53511047363281,922100,0.0,False
2022-08-24,90.5199966430664,91.2699966430664,90.4000015258789,90.9800033569336,83.81147766113281,1027300,0.0,False
2022-08-25,91.41000366210938,92.33999633789062,91.20999908447266,92.30000305175781,85.02748107910156,993500,0.0,False
2022-08-26,92.38999938964844,92.38999938964844,89.54000091552734,89.55999755859375,82.50335693359375,1455100,0.0,False
2022-08-29,89.0,89.66999816894531,88.83000183105469,89.06999969482422,82.05196380615234,1711400,0.0,False
2022-08-30,89.45999908447266,89.47000122070312,87.7699966430664,88.16999816894531,81.22289276123047,1357900,0.0,False
2022-08-31,88.44999694824219,88.76000213623047,87.58000183105469,87.5999984741211,80.69779968261719,1327600,0.0,False
2022-09-01,86.94000244140625,87.33000183105469,86.06999969482422,87.27999877929688,80.40299987792969,1704700,0.0,False
2022-09-02,87.9800033569336,88.3499984741211,86.19999694824219,86.54000091552734,79.72132110595703,2090200,0.0,False
2022-09-06,86.69000244140625,86.87999725341797,85.7300033569336,86.12000274658203,79.33441925048828,1739300,0.0,False
2022-09-07,85.83999633789062,87.4800033569336,85.79000091552734,87.37000274658203,80.48591613769531,1672000,0.0,False
2022-09-08,86.73999786376953,87.8499984741211,86.5,87.77999877929688,80.86360168457031,1853800,0.0,False
2022-09-09,88.5999984741211,89.58000183105469,88.5999984741211,89.44999694824219,82.40200805664062,1434700,0.0,False
2022-09-12,90.11000061035156,90.69999694824219,90.04000091552734,90.51000213623047,83.37850189208984,1137200,0.0,False
2022-09-13,88.58999633789062,88.83000183105469,86.73999786376953,86.95999908447266,80.10822296142578,1888700,0.0,False
2022-09-14,87.26000213623047,87.62999725341797,86.6500015258789,87.31999969482422,80.4398422241211,1737400,0.0,False
2022-09-15,86.86000061035156,87.54000091552734,86.18000030517578,86.43000030517578,79.61997985839844,2277800,0.0,False
2022-09-16,85.5,85.86000061035156,85.04000091552734,85.70999908447266,78.95671081542969,1604700,0.0,False
2022-09-19,84.5199966430664,85.83999633789062,84.5,85.83000183105469,79.4407730102539,1398200,0.0,False
2022-09-20,85.01000213623047,85.13999938964844,84.16000366210938,84.70999908447266,78.4041519165039,1462700,0.0,False
2022-09-21,84.95999908447266,85.61000061035156,83.3499984741211,83.37000274658203,77.16390991210938,2100600,0.0,False
2022-09-22,83.37999725341797,83.55000305175781,82.51000213623047,82.72000122070312,76.56230163574219,2794100,0.0,False
2022-09-23,81.5999984741211,81.5999984741211,80.0,80.83000183105469,74.81297302246094,3769800,0.0,False
2022-09-26,80.44999694824219,81.12000274658203,79.58000183105469,79.86000061035156,73.91519927978516,2990000,0.0,False
2022-09-27,80.56999969482422,81.0,79.12000274658203,79.58999633789062,73.66529083251953,2181100,0.0,False
2022-09-28,79.7699966430664,81.56999969482422,79.41999816894531,81.25,75.20172119140625,2461000,0.0,False
2022-09-29,80.26000213623047,80.55999755859375,79.02999877929688,79.72000122070312,73.7856216430664,3127200,0.0,False
2022-09-30,79.54000091552734,80.43000030517578,78.87000274658203,78.87999725341797,73.00812530517578,2909600,0.0,False
2022-10-03,79.80999755859375,81.19999694824219,79.36000061035156,80.83000183105469,74.81297302246094,2982400,0.0,False
2022-10-04,82.37000274658203,83.58000183105469,82.2699966430664,83.56999969482422,77.34901428222656,3802400,0.0,False
2022-10-05,82.58999633789062,83.6500015258789,81.95999908447266,83.16999816894531,76.97879028320312,2027200,0.0,False
2022-10-06,82.72000122070312,83.27999877929688,82.12000274658203,82.23999786376953,76.11802673339844,2150600,0.0,False
2022-10-07,81.47000122070312,81.5199966430664,79.91000366210938,80.25,74.27615356445312,2295800,0.0,False
2022-10-10,80.37999725341797,80.4800033569336,79.11000061035156,79.56999969482422,73.64678192138672,3247900,0.0,False
2022-10-11,79.12000274658203,80.04000091552734,78.47000122070312,78.87000274658203,72.99888610839844,3635300,0.0,False
2022-10-12,78.76000213623047,79.18000030517578,78.48999786376953,78.66999816894531,72.81377410888672,1546300,0.0,False
2022-10-13,77.12000274658203,80.69000244140625,76.80000305175781,80.36000061035156,74.37799072265625,4345500,0.0,False
2022-10-14,80.91999816894531,81.19000244140625,78.58999633789062,78.68000030517578,72.82303619384766,4493700,0.0,False
2022-10-17,80.26000213623047,81.01000213623047,80.19999694824219,80.75,74.73893737792969,2812000,0.0,False
2022-10-18,82.33000183105469,82.4000015258789,80.83000183105469,81.52999877929688,75.46086120605469,3304400,0.0,False
2022-10-19,80.91000366210938,81.37999725341797,80.0999984741211,80.66999816894531,74.66490173339844,2876700,0.0,False
2022-10-20,80.76000213623047,81.7300033569336,80.08000183105469,80.29000091552734,74.31317901611328,2741600,0.0,False
2022-10-21,80.0,82.0199966430664,79.66000366210938,81.95999908447266,75.8588638305664,2900400,0.0,False
2022-10-24,81.80999755859375,82.36000061035156,81.06999969482422,82.12000274658203,76.0069580078125,2528600,0.0,False
2022-10-25,82.2699966430664,83.69000244140625,82.2699966430664,83.62999725341797,77.40455627441406,2033000,0.0,False
2022-10-26,83.29000091552734,84.62000274658203,83.20999908447266,83.6500015258789,77.42305755615234,2176900,0.0,False
2022-10-27,83.70999908447266,84.23999786376953,83.06999969482422,83.18000030517578,76.98805236816406,3830400,0.0,False
2022-10-28,83.02999877929688,84.55999755859375,82.97000122070312,84.51000213623047,78.21906280517578,2605300,0.0,False
2022-10-31,83.79000091552734,84.27999877929688,83.66000366210938,83.91000366210938,77.66370391845703,2317600,0.0,False
2022-11-01,85.12999725341797,85.18000030517578,83.81999969482422,84.08000183105469,77.82105255126953,2126400,0.0,False
2022-11-02,84.05999755859375,85.04000091552734,82.30000305175781,82.30999755859375,76.18280792236328,1957600,0.0,False
2022-11-03,81.48999786376953,82.20999908447266,81.08000183105469,81.68000030517578,75.59971618652344,2439600,0.0,False
2022-11-04,83.47000122070312,83.9800033569336,82.3499984741211,83.58999633789062,77.36752319335938,3300700,0.0,False
2022-11-07,83.91999816894531,84.30999755859375,83.44000244140625,84.13999938964844,77.87657928466797,1861000,0.0,False
2022-11-08,84.45999908447266,85.37000274658203,83.91999816894531,84.73999786376953,78.4319076538086,1609200,0.0,False
2022-11-09,84.19999694824219,84.5,83.02999877929688,83.11000061035156,76.92325592041016,2153300,0.0,False
2022-11-10,86.02999877929688,87.6500015258789,85.80999755859375,87.61000061035156,81.0882797241211,2400300,0.0,False
2022-11-11,88.04000091552734,89.06999969482422,87.79000091552734,88.88999938964844,82.27300262451172,2377600,0.0,False
2022-11-14,88.47000122070312,88.97000122070312,88.0,88.02999877929688,81.47700500488281,3559200,0.0,False
2022-11-15,89.5,89.75,88.16000366210938,88.91999816894531,82.3007583618164,2212400,0.0,False
2022-11-16,88.52999877929688,88.72000122070312,88.02999877929688,88.16999816894531,81.60659790039062,1663600,0.0,False
2022-11-17,87.02999877929688,88.02999877929688,86.94999694824219,87.95999908447266,81.41221618652344,1479900,0.0,False
2022-11-18,88.38999938964844,88.52999877929688,87.63999938964844,88.16999816894531,81.60659790039062,2106800,0.0,False
2022-11-21,87.69000244140625,87.83000183105469,87.20999908447266,87.6500015258789,81.12530517578125,2224400,0.0,False
2022-11-22,88.1500015258789,88.79000091552734,87.81999969482422,88.77999877929688,82.17118835449219,2080100,0.0,False
2022-11-23,88.77999877929688,89.55999755859375,88.76000213623047,89.45999908447266,82.8005599975586,1824900,0.0,False
2022-11-25,89.48999786376953,89.68000030517578,89.33000183105469,89.55999755859375,82.89311218261719,2003900,0.0,False
2022-11-28,88.95999908447266,89.30999755859375,88.12999725341797,88.2699966430664,81.69915008544922,2998900,0.0,False
2022-11-29,88.54000091552734,88.94000244140625,88.1500015258789,88.44999694824219,81.86573791503906,1688800,0.0,False
2022-11-30,88.91999816894531,90.87000274658203,88.30000305175781,90.86000061035156,84.09635162353516,2422800,0.0,False
2022-12-01,91.2699966430664,91.5999984741211,90.56999969482422,91.06999969482422,84.29071807861328,3522900,0.0,False
2022-12-02,90.0,91.23999786376953,90.0,91.0199966430664,84.24443054199219,3153200,0.0,False
2022-12-05,90.56999969482422,90.68000030517578,89.16999816894531,89.44999694824219,82.79130554199219,3027000,0.0,False
2022-12-06,89.5,89.58000183105469,88.05999755859375,88.5,81.91202545166016,2238900,0.0,False
2022-12-07,88.36000061035156,88.80000305175781,88.12999725341797,88.3499984741211,81.77317810058594,2577300,0.0,False
2022-12-08,88.66999816894531,89.19999694824219,88.41000366210938,89.0199966430664,82.393310546875,4675000,0.0,False
2022-12-09,88.98999786376953,89.44999694824219,88.55999755859375,88.55999755859375,81.96755981445312,3572200,0.0,False
2022-12-12,88.72000122070312,89.37999725341797,88.44000244140625,89.37999725341797,82.72650909423828,3013400,0.0,False
2022-12-13,91.87999725341797,91.88999938964844,89.70999908447266,90.20999908447266,83.4947280883789,3391500,0.0,False
2022-12-14,90.19000244140625,91.0,89.12000274658203,89.83999633789062,83.15225982666016,2987500,0.0,False
2022-12-15,88.81999969482422,88.93000030517578,87.30999755859375,87.62000274658203,81.09754180908203,4212600,0.0,False
2022-12-16,87.08000183105469,87.4000015258789,86.4000015258789,86.80000305175781,80.33858489990234,3897900,0.0,False
2022-12-19,86.30000305175781,86.41999816894531,85.33999633789062,85.63999938964844,79.85185241699219,2675800,0.0,False
2022-12-20,85.58999633789062,86.19999694824219,85.37000274658203,85.83999633789062,80.03831481933594,3481700,0.0,False
2022-12-21,86.37999725341797,87.18000030517578,86.2300033569336,86.95999908447266,81.08262634277344,3473200,0.0,False
2022-12-22,86.44000244140625,86.44000244140625,84.81999969482422,85.91000366210938,80.10362243652344,3193100,0.0,False
2022-12-23,85.7699966430664,86.31999969482422,85.43000030517578,86.30999755859375,80.4765625,3026900,0.0,False
2022-12-27,86.37999725341797,86.62000274658203,85.94000244140625,86.30000305175781,80.46723937988281,7572000,0.0,False
2022-12-28,86.20999908447266,86.6500015258789,85.18000030517578,85.22000122070312,79.4602279663086,3893800,0.0,False
2022-12-29,86.01000213623047,86.86000061035156,85.87000274658203,86.69000244140625,80.83090209960938,3993200,0.0,False
2022-12-30,86.02999877929688,86.3499984741211,85.62000274658203,86.19000244140625,80.36468505859375,3547900,0.0,False
2023-01-03,86.87999725341797,87.37999725341797,85.70999908447266,86.23999786376953,80.41130065917969,3647800,0.0,False
2023-01-04,87.0199966430664,87.62000274658203,86.44999694824219,87.30000305175781,81.399658203125,2534400,0.0,False
2023-01-05,86.72000122070312,86.79000091552734,86.19999694824219,86.4000015258789,80.56050109863281,2486400,0.0,False
2023-01-06,87.01000213623047,88.55000305175781,86.41000366210938,88.37999725341797,82.40665435791016,1828000,0.0,False
2023-01-09,89.0,89.6500015258789,88.55000305175781,88.58999633789062,82.60247039794922,4752300,0.0,False
2023-01-10,88.51000213623047,89.06999969482422,88.22000122070312,89.06999969482422,83.0500259399414,4671700,0.0,False
2023-01-11,89.44000244140625,89.9800033569336,89.23999786376953,89.97000122070312,83.88922119140625,2731900,0.0,False
2023-01-12,90.31999969482422,90.87000274658203,89.44999694824219,90.61000061035156,84.48594665527344,2880000,0.0,False
2023-01-13,90.05000305175781,91.1500015258789,90.0,91.08000183105469,84.92417907714844,1711900,0.0,False
2023-01-17,91.04000091552734,91.4800033569336,90.86000061035156,91.05999755859375,84.90552520751953,2714800,0.0,False
2023-01-18,91.62999725341797,91.73999786376953,90.05000305175781,90.08000183105469,83.99176025390625,4146400,0.0,False
2023-01-19,89.68000030517578,90.08000183105469,89.27999877929688,89.68000030517578,83.6187973022461,4035100,0.0,False
2023-01-20,89.94000244140625,91.08999633789062,89.61000061035156,91.06999969482422,84.91485595703125,2333300,0.0,False
2023-01-23,91.05000305175781,92.25,90.97000122070312,91.93000030517578,85.71674346923828,4305300,0.0,False
2023-01-24,91.58000183105469,92.0199966430664,91.27999877929688,91.83999633789062,85.63280487060547,1460700,0.0,False
2023-01-25,91.16000366210938,92.06999969482422,90.69999694824219,92.01000213623047,85.79132080078125,1616400,0.0,False
2023-01-26,92.58000183105469,92.81999969482422,91.87999725341797,92.79000091552734,86.51860809326172,1645800,0.0,False
2023-01-27,92.44000244140625,93.23999786376953,92.33999633789062,92.8499984741211,86.57455444335938,1597900,0.0,False
2023-01-30,92.22000122070312,92.62999725341797,91.69000244140625,91.72000122070312,85.52092742919922,2152500,0.0,False
2023-01-31,91.7300033569336,92.79000091552734,91.58999633789062,92.77999877929688,86.50928497314453,1352900,0.0,False
2023-02-01,92.68000030517578,94.30000305175781,91.98999786376953,93.79000091552734,87.4510269165039,1830600,0.0,False
2023-02-02,94.45999908447266,94.87000274658203,93.8499984741211,94.55000305175781,88.15965270996094,2264700,0.0,False
2023-02-03,93.43000030517578,94.4000015258789,93.25,93.5,87.18062591552734,2661400,0.0,False
2023-02-06,92.72000122070312,92.9000015258789,92.25,92.66000366210938,86.39739227294922,2325800,0.0,False
2023-02-07,92.45999908447266,93.83999633789062,92.16999816894531,93.6500015258789,87.32049560546875,1681200,0.0,False
2023-02-08,93.23999786376953,93.58000183105469,92.72000122070312,92.87999725341797,86.6025161743164,1799500,0.0,False
2023-02-09,93.87000274658203,93.91999816894531,92.1500015258789,92.41999816894531,86.1736068725586,1382400,0.0,False
2023-02-10,92.08999633789062,92.37000274658203,91.7699966430664,92.25,86.01509857177734,2240200,0.0,False
2023-02-13,92.43000030517578,93.30999755859375,92.33000183105469,93.2699966430664,86.96617126464844,4380300,0.0,False
2023-02-14,92.87000274658203,93.80000305175781,92.44999694824219,93.33000183105469,87.02210998535156,1670500,0.0,False
2023-02-15,92.56999969482422,93.4000015258789,92.44999694824219,93.37999725341797,87.0687255859375,1488400,0.0,False
2023-02-16,92.41000366210938,93.33999633789062,92.29000091552734,92.48999786376953,86.2388916015625,1981300,0.0,False
2023-02-17,91.97000122070312,92.30999755859375,91.58999633789062,92.27999877929688,86.0430679321289,1873200,0.0,False
2023-02-21,91.5199966430664,91.70999908447266,90.6500015258789,90.72000122070312,84.5885238647461,2738200,0.0,False
2023-02-22,90.70999908447266,90.94999694824219,90.1500015258789,90.41999816894531,84.30878448486328,2321000,0.0,False
2023-02-23,91.06999969482422,91.19000244140625,90.0,90.9000015258789,84.75635528564453,1295000,0.0,False
2023-02-24,89.55999755859375,89.83000183105469,89.19000244140625,89.72000122070312,83.6561050415039,1595300,0.0,False
2023-02-27,90.44000244140625,90.80000305175781,90.05000305175781,90.22000122070312,84.12230682373047,1872900,0.0,False
2023-02-28,90.08000183105469,90.38999938964844,89.79000091552734,89.83000183105469,83.75867462158203,1831400,0.0,False
2023-03-01,90.16999816894531,90.41999816894531,89.72000122070312,90.01000213623047,83.92649841308594,1859500,0.0,False
2023-03-02,89.52999877929688,90.66000366210938,89.41999816894531,90.4800033569336,84.36474609375,1962700,0.0,False
2023-03-03,90.9000015258789,91.87999725341797,90.72000122070312,91.77999877929688,85.5768814086914,2100900,0.0,False
2023-03-06,91.87000274658203,92.25,91.54000091552734,91.63999938964844,85.44631958007812,2046400,0.0,False
2023-03-07,91.5999984741211,91.5999984741211,90.08999633789062,90.23999786376953,84.14095306396484,2838800,0.0,False
2023-03-08,90.30999755859375,90.72000122070312,90.04000091552734,90.4800033569336,84.36474609375,1344300,0.0,False
2023-03-09,90.56999969482422,90.8499984741211,88.81999969482422,88.98999786376953,82.97543334960938,1623400,0.0,False
2023-03-10,88.91000366210938,89.22000122070312,87.48999786376953,87.76000213623047,81.82855987548828,5013800,0.0,False
2023-03-13,86.93000030517578,88.37000274658203,86.58999633789062,87.4800033569336,81.56748962402344,5639200,0.0,False
2023-03-14,88.47000122070312,88.95999908447266,87.77999877929688,88.63999938964844,82.64909362792969,3097800,0.0,False
2023-03-15,86.70999908447266,87.33999633789062,86.12999725341797,87.27999877929688,81.38099670410156,4639700,0.0,False
2023-03-16,86.87999725341797,88.75,86.72000122070312,88.7300033569336,82.73302459716797,2350800,0.0,False
2023-03-17,88.31999969482422,88.47000122070312,87.33999633789062,87.68000030517578,81.75395965576172,1881500,0.0,False
2023-03-20,87.80000305175781,88.47000122070312,87.61000061035156,88.33999633789062,82.63797760009766,1584200,0.0,False
2023-03-21,89.22000122070312,89.61000061035156,88.88999938964844,89.5,83.72310638427734,1361200,0.0,False
2023-03-22,89.62999725341797,90.48999786376953,88.44999694824219,88.47000122070312,82.75959014892578,2729600,0.0,False
2023-03-23,89.29000091552734,90.02999877929688,88.1500015258789,88.68000030517578,82.95602416992188,1875600,0.0,False
2023-03-24,88.2300033569336,88.94000244140625,87.7300033569336,88.9000015258789,83.16183471679688,2086500,0.0,False
2023-03-27,89.41000366210938,89.5199966430664,88.91000366210938,89.23999786376953,83.4798812866211,2146800,0.0,False
2023-03-28,89.20999908447266,89.43000030517578,88.94000244140625,89.33000183105469,83.56407928466797,1051300,0.0,False
2023-03-29,90.11000061035156,90.47000122070312,89.93000030517578,90.43000030517578,84.59308624267578,1488100,0.0,False
2023-03-30,91.12999725341797,91.29000091552734,90.80000305175781,91.12999725341797,85.24789428710938,1246700,0.0,False
2023-03-31,91.33999633789062,92.12000274658203,91.33000183105469,92.08999633789062,86.14593505859375,1232300,0.0,False
2023-04-03,92.0999984741211,92.55000305175781,91.91999816894531,92.5199966430664,86.54817962646484,1769900,0.0,False
2023-04-04,92.63999938964844,92.68000030517578,91.80000305175781,92.12999725341797,86.1833267211914,1881200,0.0,False
2023-04-05,91.88999938964844,91.9800033569336,91.31999969482422,91.68000030517578,85.76239013671875,1166200,0.0,False
2023-04-06,91.54000091552734,92.0999984741211,91.30000305175781,91.9800033569336,86.04303741455078,924200,0.0,False
2023-04-10,91.5,92.0999984741211,91.30999755859375,92.08999633789062,86.14593505859375,1189200,0.0,False
2023-04-11,92.31999969482422,92.58999633789062,92.18000030517578,92.30999755859375,86.35173797607422,1155500,0.0,False
2023-04-12,92.9000015258789,92.98999786376953,92.08999633789062,92.18000030517578,86.2301254272461,1877300,0.0,False
2023-04-13,92.69999694824219,93.4800033569336,92.62000274658203,93.38999938964844,87.36203002929688,964500,0.0,False
2023-04-14,93.30000305175781,93.69000244140625,92.62999725341797,93.0999984741211,87.09075164794922,2387100,0.0,False
2023-04-17,93.05999755859375,93.33999633789062,92.77999877929688,93.31999969482422,87.29653930664062,1028800,0.0,False
2023-04-18,93.69999694824219,93.77999877929688,93.20999908447266,93.4800033569336,87.44620513916016,1249900,0.0,False
2023-04-19,92.98999786376953,93.43000030517578,92.93000030517578,93.26000213623047,87.24043273925781,1263100,0.0,False
2023-04-20,92.83999633789062,93.2699966430664,92.62999725341797,92.91999816894531,86.92236328125,943300,0.0,False
2023-04-21,92.91999816894531,93.02999877929688,92.47000122070312,92.94999694824219,86.95043182373047,1003900,0.0,False
2023-04-24,92.9000015258789,93.13999938964844,92.69000244140625,93.05000305175781,87.0439682006836,1969200,0.0,False
2023-04-25,92.55999755859375,92.55999755859375,91.52999877929688,91.52999877929688,85.62206268310547,972900,0.0,False
2023-04-26,91.88999938964844,92.0199966430664,91.2300033569336,91.33000183105469,85.43496704101562,990600,0.0,False
2023-04-27,91.87000274658203,92.9000015258789,91.77999877929688,92.8499984741211,86.85688781738281,1184600,0.0,False
2023-04-28,92.55000305175781,93.41000366210938,92.5199966430664,93.4000015258789,87.37136840820312,1692600,0.0,False
2023-05-01,93.30000305175781,93.66000366210938,93.2300033569336,93.29000091552734,87.26847076416016,924500,0.0,False
2023-05-02,92.9000015258789,92.9000015258789,91.58000183105469,92.23999786376953,86.2862548828125,1226800,0.0,False
2023-05-03,92.37999725341797,93.0199966430664,91.88999938964844,91.91999816894531,85.98690032958984,1462200,0.0,False
2023-05-04,91.8499984741211,91.9800033569336,91.3499984741211,91.5999984741211,85.68756866455078,1409900,0.0,False
2023-05-05,92.3499984741211,93.37000274658203,92.30000305175781,93.16000366210938,87.1468734741211,972200,0.0,False
2023-05-08,93.30000305175781,93.33999633789062,92.95999908447266,93.20999908447266,87.19363403320312,1048000,0.0,False
2023-05-09,92.7300033569336,93.0199966430664,92.61000061035156,92.83000183105469,86.83817291259766,785000,0.0,False
2023-05-10,93.33000183105469,93.37999725341797,92.29000091552734,93.0199966430664,87.0158920288086,4078400,0.0,False
2023-05-11,92.68000030517578,92.80000305175781,92.25,92.80000305175781,86.81010437011719,1016100,0.0,False
2023-05-12,92.97000122070312,92.97000122070312,92.08000183105469,92.54000091552734,86.56687927246094,1531500,0.0,False
2023-05-15,92.83000183105469,93.25,92.55000305175781,93.16999816894531,87.1562271118164,1307300,0.0,False
2023-05-16,92.83999633789062,92.97000122070312,92.37000274658203,92.37000274658203,86.40787506103516,772600,0.0,False
2023-05-17,92.76000213623047,93.37000274658203,92.36000061035156,93.23999786376953,87.22171020507812,1301300,0.0,False
2023-05-18,93.12999725341797,93.79000091552734,92.98999786376953,93.73999786376953,87.6894302368164,1607500,0.0,False
2023-05-19,93.91000366210938,94.04000091552734,93.48999786376953,93.75,87.69879150390625,1290100,0.0,False
2023-05-22,93.77999877929688,94.16999816894531,93.66999816894531,93.9000015258789,87.839111328125,1281700,0.0,False
2023-05-23,93.38999938964844,93.56999969482422,92.69999694824219,92.72000122070312,86.73526763916016,897700,0.0,False
2023-05-24,92.2699966430664,92.2699966430664,91.69999694824219,91.88999938964844,85.95884704589844,1324700,0.0,False
2023-05-25,92.31999969482422,92.44000244140625,91.76000213623047,92.16999816894531,86.22076416015625,1442200,0.0,False
2023-05-26,92.48999786376953,93.44999694824219,92.45999908447266,93.29000091552734,87.26847076416016,1419600,0.0,False
2023-05-30,93.51000213623047,93.56999969482422,92.6500015258789,92.95999908447266,86.95979309082031,1797100,0.0,False
2023-05-31,92.4000015258789,92.51000213623047,91.77999877929688,92.2699966430664,86.3143081665039,1351800,0.0,False
2023-06-01,92.55000305175781,93.62000274658203,92.33999633789062,93.41999816894531,87.39009094238281,1499700,0.0,False
2023-06-02,94.30000305175781,95.04000091552734,94.22000122070312,94.87999725341797,88.75584411621094,1462200,0.0,False
2023-06-05,94.87999725341797,95.0199966430664,94.44999694824219,94.55999755859375,88.45648193359375,1162900,0.0,False
2023-06-06,94.5199966430664,95.19000244140625,94.44999694824219,95.12000274658203,88.98035430908203,1371900,0.0,False
2023-06-07,95.11000061035156,95.38999938964844,94.61000061035156,94.70999908447266,88.5968246459961,1567700,0.0,False
2023-06-08,94.81999969482422,95.37999725341797,94.62999725341797,95.29000091552734,89.13938903808594,995700,0.0,False
2023-06-09,95.4800033569336,95.77999877929688,95.20999908447266,95.4000015258789,89.24227142333984,961700,0.0,False
2023-06-12,95.61000061035156,96.05999755859375,95.44999694824219,96.04000091552734,89.84095764160156,902300,0.0,False
2023-06-13,96.5999984741211,96.95999908447266,96.51000213623047,96.79000091552734,90.54256439208984,1824500,0.0,False
2023-06-14,97.0,97.37999725341797,96.27999877929688,96.94000244140625,90.68289184570312,1505700,0.0,False
2023-06-15,96.9000015258789,98.23999786376953,96.83000183105469,98.05999755859375,91.73059844970703,997100,0.0,False
2023-06-16,98.4800033569336,98.48999786376953,97.68000030517578,97.77999877929688,91.46866607666016,935000,0.0,False
2023-06-20,96.52999877929688,96.54000091552734,95.83999633789062,96.16999816894531,90.56462097167969,3171800,0.0,False
2023-06-21,96.0,96.25,95.70999908447266,95.87000274658203,90.28211212158203,1024800,0.0,False
2023-06-22,95.54000091552734,95.87000274658203,95.37999725341797,95.83000183105469,90.24445343017578,915500,0.0,False
2023-06-23,94.80000305175781,95.12999725341797,94.66000366210938,94.77999877929688,89.25563049316406,1602800,0.0,False
2023-06-26,94.79000091552734,95.19999694824219,94.68000030517578,94.72000122070312,89.19913482666016,1251600,0.0,False
2023-06-27,94.9800033569336,95.81999969482422,94.83999633789062,95.69000244140625,90.11259460449219,931800,0.0,False
2023-06-28,95.47000122070312,95.91000366210938,95.30999755859375,95.73999786376953,90.15968322753906,1138900,0.0,False
2023-06-29,95.48999786376953,95.91999816894531,95.41000366210938,95.91999816894531,90.32918548583984,775200,0.0,False
2023-06-30,96.66000366210938,97.12999725341797,96.6500015258789,96.9800033569336,91.3274154663086,1184100,0.0,False
2023-07-03,97.05999755859375,97.29000091552734,97.0,97.29000091552734,91.61934661865234,971700,0.0,False
2023-07-05,96.79000091552734,96.91000366210938,96.58999633789062,96.73999786376953,91.10139465332031,793200,0.0,False
2023-07-06,95.70999908447266,95.70999908447266,94.97000122070312,95.55000305175781,89.98076629638672,995700,0.0,False
2023-07-07,95.44999694824219,96.51000213623047,95.44999694824219,95.80000305175781,90.2161865234375,1168000,0.0,False
2023-07-10,95.63999938964844,96.0999984741211,95.58999633789062,96.0999984741211,90.49869537353516,975500,0.0,False
2023-07-11,96.4000015258789,96.98999786376953,96.2300033569336,96.93000030517578,91.28031158447266,883100,0.0,False
2023-07-12,97.91000366210938,98.25,97.81999969482422,98.05999755859375,92.34445190429688,996000,0.0,False
2023-07-13,98.72000122070312,99.30999755859375,98.66999816894531,99.19000244140625,93.40861511230469,1457500,0.0,False
2023-07-14,99.23999786376953,99.27999877929688,98.7300033569336,98.83000183105469,93.06956481933594,1127900,0.0,False
2023-07-17,98.69000244140625,99.27999877929688,98.61000061035156,99.11000061035156,93.33325958251953,1168200,0.0,False
2023-07-18,99.0199966430664,99.77999877929688,98.95999908447266,99.70999908447266,93.89827728271484,901300,0.0,False
2023-07-19,99.83999633789062,100.08000183105469,99.66000366210938,99.80000305175781,93.9830322265625,927200,0.0,False
2023-07-20,99.62999725341797,99.7300033569336,99.0,99.12000274658203,93.34268188476562,1294300,0.0,False
2023-07-21,99.4800033569336,99.5199966430664,99.11000061035156,99.16000366210938,93.38033294677734,1073300,0.0,False
2023-07-24,99.29000091552734,99.66000366210938,99.13999938964844,99.5199966430664,93.7193603515625,633200,0.0,False
2023-07-25,99.55999755859375,100.02999877929688,99.55000305175781,99.81999969482422,94.00186920166016,1126400,0.0,False
2023-07-26,99.5,100.26000213623047,99.48999786376953,100.0,94.17137908935547,895600,0.0,False
2023-07-27,100.69000244140625,100.69000244140625,99.16000366210938,99.33999633789062,93.54984283447266,1179300,0.0,False
2023-07-28,100.19999694824219,100.54000091552734,100.02999877929688,100.37000274658203,94.51980590820312,869900,0.0,False
2023-07-31,100.5,100.7300033569336,100.36000061035156,100.58999633789062,94.72698974609375,3081800,0.0,False
2023-08-01,100.08000183105469,100.20999908447266,99.73999786376953,99.9800033569336,94.15254211425781,1442000,0.0,False
2023-08-02,99.04000091552734,99.08000183105469,98.1500015258789,98.30999755859375,92.57988739013672,1514000,0.0,False
2023-08-03,97.83999633789062,98.44000244140625,97.70999908447266,98.0999984741211,92.38211822509766,1065200,0.0,False
2023-08-04,98.56999969482422,99.08999633789062,97.83000183105469,97.91999816894531,92.21260833740234,1384000,0.0,False
2023-08-07,98.4000015258789,98.6500015258789,98.02999877929688,98.63999938964844,92.89065551757812,1102100,0.0,False
2023-08-08,97.7300033569336,98.08000183105469,97.26000213623047,98.02999877929688,92.31619262695312,1376900,0.0,False
2023-08-09,98.08000183105469,98.16999816894531,97.44000244140625,97.62999725341797,91.93951416015625,928100,0.0,False
2023-08-10,98.30000305175781,98.9800033569336,97.54000091552734,97.77999877929688,92.0807876586914,1107400,0.0,False
2023-08-11,97.20999908447266,97.66000366210938,97.06999969482422,97.43000030517578,91.75118255615234,1153200,0.0,False
2023-08-14,96.95999908447266,97.5199966430664,96.72000122070312,97.51000213623047,91.82652282714844,926400,0.0,False
2023-08-15,97.08000183105469,97.0999984741211,96.22000122070312,96.36000061035156,90.7435531616211,1750800,0.0,False
2023-08-16,96.18000030517578,96.52999877929688,95.61000061035156,95.62999725341797,90.05608367919922,1272800,0.0,False
2023-08-17,96.01000213623047,96.05999755859375,94.87000274658203,95.0,89.46282196044922,930000,0.0,False
2023-08-18,94.30000305175781,95.1500015258789,94.2300033569336,94.94000244140625,89.40632629394531,1858300,0.0,False
2023-08-21,95.13999938964844,95.55000305175781,94.69000244140625,95.41000366210938,89.84892272949219,1138900,0.0,False
2023-08-22,95.79000091552734,95.83000183105469,95.11000061035156,95.20999908447266,89.66056823730469,1653200,0.0,False
2023-08-23,95.5199966430664,96.44999694824219,95.51000213623047,96.30000305175781,90.68704986572266,1423600,0.0,False
2023-08-24,96.44999694824219,96.55999755859375,95.05999755859375,95.0999984741211,89.5569839477539,1294400,0.0,False
2023-08-25,95.47000122070312,95.93000030517578,94.68000030517578,95.6500015258789,90.07493591308594,1979800,0.0,False
2023-08-28,96.22000122070312,96.52999877929688,96.08999633789062,96.44000244140625,90.81889343261719,1336900,0.0,False
2023-08-29,96.33999633789062,97.80000305175781,96.29000091552734,97.73999786376953,92.04310607910156,1683900,0.0,False
2023-08-30,97.81999969482422,98.18000030517578,97.63999938964844,97.9800033569336,92.26913452148438,1273400,0.0,False
2023-08-31,98.06999969482422,98.20999908447266,97.66000366210938,97.7300033569336,92.03369903564453,988600,0.0,False
2023-09-01,98.52999877929688,98.63999938964844,97.79000091552734,98.06999969482422,92.3538818359375,2062000,0.0,False
2023-09-05,97.9000015258789,97.9000015258789,97.4000015258789,97.44999694824219,91.77000427246094,1512600,0.0,False
2023-09-06,97.27999877929688,97.4000015258789,96.4800033569336,96.88999938964844,91.24266052246094,1659600,0.0,False
2023-09-07,96.30999755859375,96.5999984741211,96.11000061035156,96.48999786376953,90.865966796875,895400,0.0,False
2023-09-08,96.51000213623047,96.83999633789062,96.38999938964844,96.52999877929688,90.90364074707031,1840400,0.0,False
2023-09-11,97.2300033569336,97.3499984741211,96.97000122070312,97.30999755859375,91.63818359375,1027800,0.0,False
2023-09-12,96.94999694824219,97.3499984741211,96.81999969482422,96.9000015258789,91.25206756591797,973700,0.0,False
2023-09-13,96.86000061035156,97.05000305175781,96.55999755859375,96.79000091552734,91.14848327636719,1335100,0.0,False
2023-09-14,97.41000366210938,97.87000274658203,97.19999694824219,97.7699966430664,92.07136535644531,1228900,0.0,False
2023-09-15,97.58000183105469,97.63999938964844,96.88999938964844,96.95999908447266,91.3085708618164,3056000,0.0,False
2023-09-18,96.41999816894531,96.6500015258789,96.19000244140625,96.44000244140625,91.20076751708984,902200,0.0,False
2023-09-19,96.31999969482422,96.44999694824219,95.81999969482422,96.26000213623047,91.0305404663086,1238100,0.0,False
2023-09-20,96.51000213623047,96.7699966430664,95.56999969482422,95.5999984741211,90.40637969970703,1155700,0.0,False
2023-09-21,94.86000061035156,94.88999938964844,93.94999694824219,94.02999877929688,88.92168426513672,1579700,0.0,False
2023-09-22,94.41999816894531,94.69000244140625,93.94999694824219,94.01000213623047,88.90278625488281,1231300,0.0,False
2023-09-25,93.58999633789062,94.12000274658203,93.47000122070312,94.11000061035156,88.99735260009766,1341200,0.0,False
2023-09-26,93.43000030517578,93.62000274658203,92.66000366210938,92.79000091552734,87.74906158447266,1608800,0.0,False
2023-09-27,93.12999725341797,93.22000122070312,92.12999725341797,92.80000305175781,87.75852966308594,1206200,0.0,False
2023-09-28,92.76000213623047,93.73999786376953,92.62000274658203,93.44000244140625,88.3637466430664,1443300,0.0,False
2023-09-29,94.19999694824219,94.22000122070312,92.94000244140625,93.18000030517578,88.11787414550781,3009700,0.0,False
2023-10-02,92.98999786376953,93.0999984741211,92.25,92.68000030517578,87.64501953125,4101600,0.0,False
2023-10-03,92.06999969482422,92.31999969482422,91.12000274658203,91.41999816894531,86.45348358154297,1386000,0.0,False
2023-10-04,91.44999694824219,91.91000366210938,90.9800033569336,91.80000305175781,86.81285095214844,1378300,0.0,False
2023-10-05,91.91000366210938,92.18000030517578,91.36000061035156,92.0199966430664,87.02088928222656,2353200,0.0,False
2023-10-06,91.61000061035156,93.38999938964844,91.30999755859375,93.04000091552734,87.98546600341797,5399400,0.0,False
2023-10-09,92.41999816894531,93.45999908447266,92.3499984741211,93.31999969482422,88.25025939941406,3441700,0.0,False
2023-10-10,93.76000213623047,94.58999633789062,93.69999694824219,94.1500015258789,89.0351791381836,2297000,0.0,False
2023-10-11,94.55000305175781,94.69999694824219,93.97000122070312,94.58000183105469,89.44180297851562,2578700,0.0,False
2023-10-12,94.70999908447266,94.70999908447266,93.29000091552734,93.73999786376953,88.64744567871094,1729700,0.0,False
2023-10-13,93.91000366210938,94.12000274658203,92.83999633789062,93.12000274658203,88.06114196777344,2543700,0.0,False
2023-10-16,93.55000305175781,94.18000030517578,93.43000030517578,94.06999969482422,88.95952606201172,2152000,0.0,False
2023-10-17,93.33999633789062,94.51000213623047,93.33000183105469,94.06999969482422,88.95952606201172,2157700,0.0,False
2023-10-18,93.56999969482422,93.66999816894531,92.45999908447266,92.63999938964844,87.60722351074219,1916800,0.0,False
2023-10-19,92.62999725341797,93.04000091552734,91.69000244140625,91.83999633789062,86.85066986083984,3510200,0.0,False
2023-10-20,91.61000061035156,91.7300033569336,90.76000213623047,90.79000091552734,85.85770416259766,2854300,0.0,False
2023-10-23,90.37999725341797,91.37000274658203,90.01000213623047,90.62000274658203,85.69695281982422,3476000,0.0,False
2023-10-24,90.98999786376953,91.5199966430664,90.7699966430664,91.30999755859375,86.34945678710938,2110300,0.0,False
2023-10-25,90.87999725341797,90.88999938964844,90.02999877929688,90.12000274658203,85.22411346435547,1711000,0.0,False
2023-10-26,89.87999725341797,90.08000183105469,89.06999969482422,89.36000061035156,84.50538635253906,2204100,0.0,False
2023-10-27,89.87000274658203,89.91000366210938,88.73999786376953,88.97000122070312,84.1365966796875,1840200,0.0,False
2023-10-30,89.7300033569336,90.19999694824219,89.41000366210938,90.0199966430664,85.12953186035156,2087300,0.0,False
2023-10-31,90.0999984741211,90.48999786376953,89.69999694824219,90.45999908447266,85.5456314086914,3000700,0.0,False
2023-11-01,90.6500015258789,91.44999694824219,90.5199966430664,91.3499984741211,86.38727569580078,2539700,0.0,False
2023-11-02,92.5,93.25,92.44000244140625,93.20999908447266,88.146240234375,2402200,0.0,False
2023-11-03,93.9800033569336,94.66999816894531,93.94999694824219,94.3499984741211,89.22429656982422,2401700,0.0,False
2023-11-06,94.5199966430664,94.66999816894531,94.01000213623047,94.33999633789062,89.21483612060547,1818400,0.0,False
2023-11-07,94.0999984741211,94.44000244140625,93.80999755859375,94.27999877929688,89.15811157226562,935700,0.0,False
2023-11-08,94.36000061035156,94.5,93.80999755859375,94.22000122070312,89.10137176513672,1358400,0.0,False
2023-11-09,94.55000305175781,94.63999938964844,93.55999755859375,93.62000274658203,88.53396606445312,2179300,0.0,False
2023-11-10,93.91999816894531,94.7300033569336,93.4800033569336,94.72000122070312,89.57421875,1700600,0.0,False
2023-11-13,94.37000274658203,94.91000366210938,94.22000122070312,94.70999908447266,89.56475830078125,1527100,0.0,False
2023-11-14,96.06999969482422,97.0999984741211,96.06999969482422,96.9000015258789,91.63577270507812,1550900,0.0,False
2023-11-15,97.18000030517578,97.55000305175781,96.97000122070312,97.08999633789062,91.81546020507812,3912500,0.0,False
2023-11-16,96.88999938964844,97.12000274658203,96.55000305175781,96.91000366210938,91.6452407836914,1471800,0.0,False
2023-11-17,97.19999694824219,97.5199966430664,97.0999984741211,97.44999694824219,92.1558837890625,966400,0.0,False
2023-11-20,97.43000030517578,98.27999877929688,97.38999938964844,98.08999633789062,92.7611312866211,1103300,0.0,False
2023-11-21,97.9000015258789,98.05999755859375,97.69000244140625,97.83000183105469,92.51524353027344,1564100,0.0,False
2023-11-22,98.01000213623047,98.25,97.73999786376953,98.06999969482422,92.74221801757812,1036900,0.0,False
2023-11-24,98.08999633789062,98.36000061035156,98.08000183105469,98.33000183105469,92.98809051513672,789600,0.0,False
2023-11-27,98.19999694824219,98.27999877929688,98.04000091552734,98.13999938964844,92.80840301513672,1820700,0.0,False
2023-11-28,98.06999969482422,98.56999969482422,97.94000244140625,98.30000305175781,92.95972442626953,1134400,0.0,False
2023-11-29,98.66999816894531,98.9000015258789,98.2699966430664,98.31999969482422,92.97862243652344,1342100,0.0,False
2023-11-30,98.5,98.68000030517578,98.13999938964844,98.61000061035156,93.25286865234375,1614900,0.0,False
2023-12-01,98.45999908447266,99.5199966430664,98.37999725341797,99.45999908447266,94.05669403076172,2776100,0.0,False
2023-12-04,98.54000091552734,99.0,98.41999816894531,98.8499984741211,93.4798355102539,1918000,0.0,False
2023-12-05,98.54000091552734,98.83000183105469,98.33000183105469,98.62999725341797,93.27178192138672,1347200,0.0,False
2023-12-06,99.2300033569336,99.30999755859375,98.41000366210938,98.44999694824219,93.10157012939453,1159900,0.0,False
2023-12-07,98.83000183105469,99.20999908447266,98.62999725341797,99.11000061035156,93.7257080078125,1189800,0.0,False
2023-12-08,98.86000061035156,99.5,98.80999755859375,99.38999938964844,93.99050903320312,1528200,0.0,False
2023-12-11,99.31999969482422,99.7699966430664,99.26000213623047,99.76000213623047,94.34040832519531,1875300,0.0,False
2023-12-12,99.62000274658203,100.05000305175781,99.33999633789062,100.01000213623047,94.57682800292969,1149200,0.0,False
2023-12-13,100.05999755859375,101.52999877929688,99.79000091552734,101.48999786376953,95.9764175415039,1670000,0.0,False
2023-12-14,102.05000305175781,102.56999969482422,101.77999877929688,102.27999877929688,96.72350311279297,1897600,0.0,False
2023-12-15,102.05999755859375,102.23999786376953,101.70999908447266,101.80999755859375,96.27903747558594,2783100,0.0,False
2023-12-18,101.36000061035156,101.54000091552734,101.13999938964844,101.41000366210938,96.66126251220703,2144600,0.0,False
2023-12-19,101.66999816894531,102.19000244140625,101.66999816894531,102.16999816894531,97.38565826416016,1991900,0.0,False
2023-12-20,102.04000091552734,102.3499984741211,100.73999786376953,100.7699966430664,96.05123138427734,2707600,0.0,False
2023-12-21,101.66000366210938,102.08999633789062,101.30000305175781,102.06999969482422,97.29035186767578,1732600,0.0,False
2023-12-22,102.25,102.51000213623047,101.8499984741211,102.22000122070312,97.43331909179688,1975400,0.0,False
2023-12-26,102.36000061035156,102.91999816894531,102.33999633789062,102.7300033569336,97.91944885253906,1221900,0.0,False
2023-12-27,102.80000305175781,103.11000061035156,102.76000213623047,103.02999877929688,98.20539855957031,1414500,0.0,False
2023-12-28,103.18000030517578,103.4000015258789,103.02999877929688,103.0999984741211,98.27212524414062,2707800,0.0,False
2023-12-29,103.1500015258789,103.29000091552734,102.62999725341797,102.87999725341797,98.06240844726562,2336200,0.0,False
2024-01-02,102.08999633789062,102.33000183105469,101.69000244140625,102.01000213623047,97.23316192626953,4661400,0.0,False
2024-01-03,101.4000015258789,101.58999633789062,100.94999694824219,101.12999725341797,96.39435577392578,1802200,0.0,False
2024-01-04,101.02999877929688,101.6500015258789,100.94999694824219,101.01000213623047,96.27998352050781,2845100,0.0,False
2024-01-05,101.0,101.79000091552734,100.91999816894531,101.12999725341797,96.39435577392578,1830100,0.0,False
2024-01-08,101.05999755859375,102.37000274658203,101.05999755859375,102.3499984741211,97.55724334716797,3880100,0.0,False
2024-01-09,101.62000274658203,102.0999984741211,101.47000122070312,101.8499984741211,97.08064270019531,2271000,0.0,False
2024-01-10,101.95999908447266,102.51000213623047,101.86000061035156,102.3499984741211,97.55724334716797,2166200,0.0,False
2024-01-11,102.5199966430664,102.63999938964844,101.44000244140625,102.30999755859375,97.51909637451172,2938900,0.0,False
2024-01-12,102.7699966430664,103.0199966430664,102.27999877929688,102.47000122070312,97.67162322998047,1635500,0.0,False
2024-01-16,101.79000091552734,101.94999694824219,101.18000030517578,101.4800033569336,96.72798156738281,2729500,0.0,False
2024-01-17,100.5,100.69000244140625,100.13999938964844,100.68000030517578,95.96544647216797,1998300,0.0,False
2024-01-18,101.06999969482422,101.61000061035156,100.7699966430664,101.54000091552734,96.78517150878906,2753800,0.0,False
2024-01-19,101.66999816894531,102.5199966430664,101.37999725341797,102.45999908447266,97.6620864868164,2425400,0.0,False
2024-01-22,102.58999633789062,103.0,102.52999877929688,102.69999694824219,97.89085388183594,1953700,0.0,False
2024-01-23,102.69000244140625,102.91000366210938,102.43000030517578,102.86000061035156,98.04335021972656,1194700,0.0,False
2024-01-24,103.75,103.8499984741211,103.11000061035156,103.12999725341797,98.30071258544922,1687000,0.0,False
2024-01-25,103.56999969482422,103.62999725341797,103.12999725341797,103.58000183105469,98.72965240478516,1418400,0.0,False
2024-01-26,103.66000366210938,103.95999908447266,103.51000213623047,103.6500015258789,98.7963638305664,1327400,0.0,False
2024-01-29,103.66000366210938,104.4000015258789,103.55000305175781,104.38999938964844,99.501708984375,2771600,0.0,False
2024-01-30,104.12000274658203,104.29000091552734,103.94999694824219,104.1500015258789,99.27294921875,2215100,0.0,False
2024-01-31,103.97000122070312,104.16999816894531,102.83999633789062,102.87999725341797,98.06240844726562,3121100,0.0,False
2024-02-01,103.26000213623047,104.0999984741211,103.02999877929688,104.08000183105469,99.20622253417969,6569300,0.0,False
2024-02-02,103.87000274658203,104.68000030517578,103.68000030517578,104.47000122070312,99.5779800415039,1901300,0.0,False
2024-02-05,104.11000061035156,104.23999786376953,103.44000244140625,103.97000122070312,99.10138702392578,2035100,0.0,False
2024-02-06,104.23999786376953,104.56999969482422,104.11000061035156,104.55000305175781,99.65421295166016,2627000,0.0,False
2024-02-07,104.8499984741211,105.20999908447266,104.70999908447266,105.08000183105469,100.1594009399414,1599300,0.0,False
2024-02-08,105.04000091552734,105.16000366210938,104.83999633789062,105.12000274658203,100.19752502441406,882500,0.0,False
2024-02-09,105.25,105.7699966430664,105.18000030517578,105.69999694824219,100.7503662109375,1119300,0.0,False
2024-02-12,105.69999694824219,106.33000183105469,105.69999694824219,105.83999633789062,100.88380432128906,1407900,0.0,False
2024-02-13,104.55999755859375,104.62999725341797,103.5999984741211,104.16999816894531,99.2919921875,2514800,0.0,False
2024-02-14,104.8499984741211,105.37999725341797,104.55000305175781,105.33000183105469,100.39768981933594,1541600,0.0,False
2024-02-15,105.58999633789062,106.2699966430664,105.58999633789062,106.2300033569336,101.25553894042969,1470300,0.0,False
2024-02-16,106.29000091552734,106.58999633789062,105.79000091552734,105.9800033569336,101.01725769042969,1279500,0.0,False
2024-02-20,105.9800033569336,106.06999969482422,105.30000305175781,105.69000244140625,100.74085235595703,1831900,0.0,False
2024-02-21,105.43000030517578,105.73999786376953,105.0999984741211,105.72000122070312,100.7694320678711,1121300,0.0,False
2024-02-22,106.91999816894531,107.58999633789062,106.79000091552734,107.44000244140625,102.40889739990234,1266900,0.0,False
2024-02-23,107.68000030517578,107.79000091552734,107.30000305175781,107.5199966430664,102.4851303100586,1053600,0.0,False
2024-02-26,107.52999877929688,107.5999984741211,107.13999938964844,107.23999786376953,102.21825408935547,1057000,0.0,False
2024-02-27,107.37000274658203,107.5,107.16000366210938,107.47000122070312,102.43749237060547,1109700,0.0,False
2024-02-28,107.01000213623047,107.20999908447266,106.88999938964844,107.05999755859375,102.04668426513672,1042600,0.0,False
2024-02-29,107.55999755859375,107.66999816894531,106.91999816894531,107.5,102.4660873413086,1678800,0.0,False
2024-03-01,107.77999877929688,108.55000305175781,107.5199966430664,108.45999908447266,103.38111877441406,3584600,0.0,False
2024-03-04,108.31999969482422,108.62000274658203,108.2300033569336,108.29000091552734,103.21907806396484,1721800,0.0,False
2024-03-05,108.01000213623047,108.19000244140625,107.08000183105469,107.45999908447266,102.42794799804688,1369600,0.0,False
2024-03-06,108.45999908447266,108.76000213623047,108.06999969482422,108.31999969482422,103.24766540527344,2003400,0.0,False
2024-03-07,109.0,109.56999969482422,108.83999633789062,109.43000030517578,104.30570220947266,1322100,0.0,False
2024-03-08,109.58999633789062,110.0199966430664,108.73999786376953,108.91000366210938,103.81005859375,1541100,0.0,False
2024-03-11,108.58000183105469,108.77999877929688,108.16999816894531,108.66000366210938,103.57176208496094,1825100,0.0,False
2024-03-12,109.0999984741211,109.77999877929688,108.5999984741211,109.70999908447266,104.57258605957031,1568300,0.0,False
2024-03-13,109.66999816894531,109.77999877929688,109.2699966430664,109.52999877929688,104.40101623535156,1537700,0.0,False
2024-03-14,109.66999816894531,109.66999816894531,108.4800033569336,109.04000091552734,103.93395233154297,2614900,0.0,False
2024-03-15,108.30000305175781,108.5199966430664,107.88999938964844,108.13999938964844,103.47562408447266,1822500,0.0,False
2024-03-18,108.83999633789062,108.94000244140625,108.4800033569336,108.54000091552734,103.85836029052734,1242300,0.0,False
2024-03-19,108.37000274658203,108.95999908447266,108.1500015258789,108.91999816894531,104.22198486328125,1720200,0.0,False
2024-03-20,108.9800033569336,110.05999755859375,108.81999969482422,110.0,105.25538635253906,2196400,0.0,False
2024-03-21,110.47000122070312,110.68000030517578,110.30000305175781,110.33000183105469,105.5711669921875,2301700,0.0,False
2024-03-22,110.25,110.2699966430664,109.91000366210938,109.98999786376953,105.24583435058594,1649300,0.0,False
2024-03-25,109.68000030517578,109.98999786376953,109.66999816894531,109.7699966430664,105.0353012084961,2037100,0.0,False
2024-03-26,110.12000274658203,110.16000366210938,109.61000061035156,109.63999938964844,104.9109115600586,1369700,0.0,False
2024-03-27,110.1500015258789,110.4800033569336,109.81999969482422,110.45999908447266,105.695556640625,1884700,0.0,False
2024-03-28,110.4800033569336,110.69999694824219,110.43000030517578,110.5,105.73382568359375,1294800,0.0,False
2024-04-01,110.63999938964844,110.7300033569336,109.98999786376953,110.20999908447266,105.45632934570312,3399000,0.0,False
2024-04-02,109.54000091552734,109.58999633789062,109.20999908447266,109.56999969482422,104.84393310546875,1929900,0.0,False
2024-04-03,109.33000183105469,110.08999633789062,109.31999969482422,109.8499984741211,105.11186218261719,1207600,0.0,False
2024-04-04,110.63999938964844,110.73999786376953,108.66999816894531,108.72000122070312,104.03059387207031,3486100,0.0,False
2024-04-05,108.91000366210938,109.94000244140625,108.77999877929688,109.61000061035156,104.88221740722656,1544200,0.0,False
2024-04-08,109.94999694824219,110.08999633789062,109.7300033569336,109.8499984741211,105.11186218261719,1005800,0.0,False
2024-04-09,110.29000091552734,110.38999938964844,109.22000122070312,110.0199966430664,105.27452087402344,1802900,0.0,False
2024-04-10,108.7699966430664,109.18000030517578,108.33000183105469,108.76000213623047,104.06887817382812,1517100,0.0,False
2024-04-11,109.0999984741211,109.58999633789062,108.26000213623047,109.37999725341797,104.66212463378906,2141000,0.0,False
2024-04-12,108.4800033569336,108.76000213623047,107.36000061035156,107.61000061035156,102.96847534179688,2353000,0.0,False
2024-04-15,108.58999633789062,108.61000061035156,106.37000274658203,106.5999984741211,102.0020523071289,2497400,0.0,False
2024-04-16,106.2300033569336,106.54000091552734,105.69000244140625,105.98999786376953,101.4183578491211,2299300,0.0,False
2024-04-17,106.45999908447266,106.54000091552734,105.2300033569336,105.58999633789062,101.03560638427734,3519300,0.0,False
2024-04-18,105.86000061035156,106.30000305175781,105.2300033569336,105.43000030517578,100.88251495361328,1587600,0.0,False
2024-04-19,105.44999694824219,105.68000030517578,104.63999938964844,104.94000244140625,100.41364288330078,2264500,0.0,False
2024-04-22,105.47000122070312,106.38999938964844,105.12000274658203,105.91999816894531,101.35136413574219,1847400,0.0,False
2024-04-23,106.29000091552734,107.30000305175781,106.19000244140625,107.12999725341797,102.50918579101562,1763900,0.0,False
2024-04-24,107.4000015258789,107.5,106.62999725341797,107.0999984741211,102.48048400878906,1737400,0.0,False
2024-04-25,105.80000305175781,106.91000366210938,105.4800033569336,106.76000213623047,102.15514373779297,1332800,0.0,False
2024-04-26,107.36000061035156,107.91999816894531,107.20999908447266,107.72000122070312,103.07373046875,1168900,0.0,False
2024-04-29,108.0999984741211,108.30000305175781,107.72000122070312,108.19000244140625,103.52346801757812,920300,0.0,False
2024-04-30,107.7699966430664,107.98999786376953,106.5,106.54000091552734,101.94463348388672,3625900,0.0,False
2024-05-01,106.41999816894531,107.80999755859375,106.0999984741211,106.33999633789062,101.75326538085938,1521300,0.0,False
2024-05-02,107.25,107.8499984741211,106.4800033569336,107.63999938964844,102.9971923828125,1100100,0.0,False
2024-05-03,108.83000183105469,109.05999755859375,108.27999877929688,108.79000091552734,104.09758758544922,1376100,0.0,False
2024-05-06,109.30000305175781,109.7699966430664,109.23999786376953,109.76000213623047,105.02574920654297,744900,0.0,False
2024-05-07,109.94999694824219,110.06999969482422,109.66000366210938,109.79000091552734,105.05445861816406,1336300,0.0,False
2024-05-08,109.37000274658203,109.7699966430664,109.30000305175781,109.72000122070312,104.98748016357422,868400,0.0,False
2024-05-09,109.77999877929688,110.41000366210938,109.6500015258789,110.4000015258789,105.63814544677734,1275000,0.0,False
2024-05-10,110.81999969482422,110.91999816894531,110.3499984741211,110.58000183105469,105.81037902832031,1168900,0.0,False
2024-05-13,110.77999877929688,110.87999725341797,110.37999725341797,110.55999755859375,105.79125213623047,708900,0.0,False
2024-05-14,110.80000305175781,111.2699966430664,110.58000183105469,111.23999786376953,106.44190216064453,716000,0.0,False
2024-05-15,111.86000061035156,112.55999755859375,111.62999725341797,112.52999877929688,107.67626190185547,1322800,0.0,False
2024-05-16,112.51000213623047,112.63999938964844,112.12000274658203,112.16999816894531,107.331787109375,1547800,0.0,False
2024-05-17,112.2300033569336,112.48999786376953,112.12999725341797,112.4800033569336,107.62842559814453,1779100,0.0,False
2024-05-20,112.5,112.83000183105469,112.41000366210938,112.55000305175781,107.6954116821289,961500,0.0,False
2024-05-21,112.30999755859375,112.56999969482422,112.20999908447266,112.54000091552734,107.68582916259766,879900,0.0,False
2024-05-22,112.30000305175781,112.37000274658203,111.62000274658203,111.97000122070312,107.14041900634766,1763500,0.0,False
2024-05-23,112.77999877929688,112.91999816894531,110.94999694824219,111.16999816894531,106.37491607666016,716500,0.0,False
2024-05-24,111.61000061035156,112.0999984741211,111.44999694824219,111.98999786376953,107.15955352783203,1187300,0.0,False
2024-05-28,112.22000122070312,112.38999938964844,111.44999694824219,111.9000015258789,107.07342529296875,1612200,0.0,False
2024-05-29,110.81999969482422,111.0199966430664,110.6500015258789,110.68000030517578,105.90606689453125,821000,0.0,False
2024-05-30,110.68000030517578,111.0199966430664,110.33000183105469,110.61000061035156,105.8390884399414,1088000,0.0,False
2024-05-31,110.88999938964844,111.44000244140625,109.87999725341797,111.44000244140625,106.6332778930664,1604700,0.0,False
2024-06-03,111.91000366210938,111.91000366210938,110.72000122070312,111.55000305175781,106.73854064941406,1738400,0.0,False
2024-06-04,111.20999908447266,111.45999908447266,110.72000122070312,111.33000183105469,106.52802276611328,1039000,0.0,False
2024-06-05,111.88999938964844,112.5,111.44999694824219,112.4800033569336,107.62842559814453,1506300,0.0,False
2024-06-06,112.66999816894531,112.66999816894531,112.26000213623047,112.55999755859375,107.70497131347656,929200,0.0,False
2024-06-07,112.30000305175781,112.56999969482422,111.91000366210938,112.01000213623047,107.17869567871094,820800,0.0,False
2024-06-10,111.86000061035156,112.38999938964844,111.58000183105469,112.2699966430664,107.4274673461914,737500,0.0,False
2024-06-11,111.86000061035156,112.0999984741211,111.2300033569336,112.08000183105469,107.24567413330078,2672800,0.0,False
2024-06-12,113.30000305175781,113.81999969482422,112.95999908447266,113.16999816894531,108.28866577148438,1069600,0.0,False
2024-06-13,113.19000244140625,113.20999908447266,112.2300033569336,112.7699966430664,107.9059066772461,838300,0.0,False
2024-06-14,112.20999908447266,112.43000030517578,111.81999969482422,112.41000366210938,107.56145477294922,1380300,0.0,False
2024-06-17,112.26000213623047,113.31999969482422,112.13999938964844,113.13999938964844,108.25995635986328,893600,0.0,False
2024-06-18,113.13999938964844,113.58999633789062,113.13999938964844,113.51000213623047,108.61400604248047,965500,0.0,False
2024-06-20,113.66000366210938,113.7699966430664,112.94999694824219,113.30999755859375,108.4226303100586,1390900,0.0,False
2024-06-21,112.44000244140625,112.5999984741211,112.12000274658203,112.43000030517578,108.13217163085938,1059500,0.0,False
2024-06-24,112.7300033569336,113.2699966430664,112.55000305175781,112.55000305175781,108.2475814819336,951700,0.0,False
2024-06-25,112.7300033569336,112.83000183105469,112.3499984741211,112.7699966430664,108.45915985107422,1968600,0.0,False
2024-06-26,112.36000061035156,112.69999694824219,112.18000030517578,112.5999984741211,108.2956771850586,846500,0.0,False
2024-06-27,112.69999694824219,112.94999694824219,112.5,112.80999755859375,108.49763488769531,1094600,0.0,False
2024-06-28,113.01000213623047,113.4800033569336,112.29000091552734,112.62999725341797,108.32451629638672,1192500,0.0,False
2024-07-01,113.0999984741211,113.12999725341797,112.37000274658203,112.77999877929688,108.46878051757812,2528300,0.0,False
2024-07-02,112.51000213623047,113.33999633789062,112.5,113.30999755859375,108.978515625,1245300,0.0,False
2024-07-03,113.52999877929688,114.20999908447266,113.52999877929688,114.18000030517578,109.81526947021484,1510200,0.0,False
2024-07-05,114.48999786376953,114.76000213623047,113.98999786376953,114.70999908447266,110.32500457763672,1308500,0.0,False
2024-07-08,114.9000015258789,115.01000213623047,114.54000091552734,114.68000030517578,110.29615020751953,1283700,0.0,False
2024-07-09,114.86000061035156,114.93000030517578,114.54000091552734,114.66000366210938,110.27693176269531,885400,0.0,False
2024-07-10,115.05000305175781,115.9000015258789,115.01000213623047,115.87000274658203,111.44068145751953,1064400,0.0,False
2024-07-11,116.0999984741211,116.51000213623047,115.5,115.63999938964844,111.2194595336914,1379900,0.0,False
2024-07-12,116.0999984741211,117.08999633789062,116.02999877929688,116.41999816894531,111.96965026855469,1007900,0.0,False
2024-07-15,116.6500015258789,117.0199966430664,116.12999725341797,116.38999938964844,111.94078063964844,1740800,0.0,False
2024-07-16,116.5999984741211,117.26000213623047,116.51000213623047,117.25,112.7679214477539,853800,0.0,False
2024-07-17,116.20999908447266,116.55999755859375,115.75,115.80000305175781,111.37335968017578,2856300,0.0,False
2024-07-18,116.13999938964844,116.27999877929688,114.44000244140625,114.81999969482422,110.43080139160156,1007600,0.0,False
2024-07-19,114.5999984741211,114.83999633789062,113.9000015258789,114.05999755859375,109.69985961914062,1043000,0.0,False
2024-07-22,114.8499984741211,115.2699966430664,114.4800033569336,115.19999694824219,110.79627227783203,1057700,0.0,False
2024-07-23,115.0,115.30999755859375,114.77999877929688,114.83999633789062,110.45004272460938,1038200,0.0,False
2024-07-24,114.16000366210938,114.2300033569336,112.55000305175781,112.62999725341797,108.32451629638672,1035100,0.0,False
2024-07-25,112.48999786376953,113.75,111.86000061035156,112.25,107.95904541015625,1196000,0.0,False
2024-07-26,113.0999984741211,113.94000244140625,112.95999908447266,113.54000091552734,109.1997299194336,730200,0.0,False
2024-07-29,113.70999908447266,114.0,113.02999877929688,113.38999938964844,109.05546569824219,761000,0.0,False
2024-07-30,113.69999694824219,113.9000015258789,112.5,113.0999984741211,108.77655029296875,1087500,0.0,False
2024-07-31,114.63999938964844,115.45999908447266,114.41999816894531,114.86000061035156,110.46928405761719,1307700,0.0,False
2024-08-01,114.73999786376953,115.08999633789062,112.16000366210938,112.77999877929688,108.46878051757812,2407600,0.0,False
2024-08-02,111.3499984741211,111.3499984741211,109.8499984741211,110.70999908447266,106.47791290283203,1864700,0.0,False
2024-08-05,106.37000274658203,108.80999755859375,105.9000015258789,107.72000122070312,103.60221099853516,3283700,0.0,False
2024-08-06,107.76000213623047,109.73999786376953,107.52999877929688,108.52999877929688,104.38125610351562,1539600,0.0,False
2024-08-07,110.16000366210938,110.55999755859375,108.16000366210938,108.25,104.11194610595703,1847900,0.0,False
2024-08-08,109.37000274658203,110.66999816894531,108.94000244140625,110.55999755859375,106.33364868164062,668500,0.0,False
2024-08-09,110.45999908447266,111.20999908447266,110.1500015258789,111.0199966430664,106.77606201171875,1519500,0.0,False
2024-08-12,111.19000244140625,111.48999786376953,110.6500015258789,111.04000091552734,106.79530334472656,852600,0.0,False
2024-08-13,111.66000366210938,112.80000305175781,111.62999725341797,112.7699966430664,108.45915985107422,761900,0.0,False
2024-08-14,112.87000274658203,113.16999816894531,112.4000015258789,113.05000305175781,108.72846221923828,587600,0.0,False
2024-08-15,114.02999877929688,114.80999755859375,114.01000213623047,114.72000122070312,110.33463287353516,762400,0.0,False
2024-08-16,114.58000183105469,115.27999877929688,114.58000183105469,115.16999816894531,110.76742553710938,548200,0.0,False
2024-08-19,115.44000244140625,116.37999725341797,115.36000061035156,116.3499984741211,111.90231323242188,693400,0.0,False
2024-08-20,116.33000183105469,116.4800033569336,115.75,116.02999877929688,111.59454345703125,721800,0.0,False
2024-08-21,116.41999816894531,116.83999633789062,116.1500015258789,116.69999694824219,112.23893737792969,794200,0.0,False
2024-08-22,116.94999694824219,117.01000213623047,115.54000091552734,115.72000122070312,111.29640197753906,828300,0.0,False
2024-08-23,116.5,117.44999694824219,116.44000244140625,117.4000015258789,112.91218566894531,1114400,0.0,False
2024-08-26,117.43000030517578,117.52999877929688,116.73999786376953,116.86000061035156,112.39282989501953,985000,0.0,False
2024-08-27,116.87000274658203,117.31999969482422,116.6500015258789,117.19999694824219,112.7198257446289,1046400,0.0,False
2024-08-28,117.08000183105469,117.13999938964844,115.9800033569336,116.5199966430664,112.06581115722656,1126900,0.0,False
2024-08-29,117.02999877929688,117.5999984741211,116.54000091552734,116.69000244140625,112.22932434082031,1026600,0.0,False
2024-08-30,117.20999908447266,117.58999633789062,116.41000366210938,117.54000091552734,113.04682159423828,548000,0.0,False
2024-09-03,116.91000366210938,116.94999694824219,114.77999877929688,115.2300033569336,110.82513427734375,1386400,0.0,False
2024-09-04,114.75,115.5999984741211,114.6500015258789,114.9800033569336,110.5846939086914,1048900,0.0,False
2024-09-05,115.08000183105469,115.45999908447266,114.3499984741211,114.77999877929688,110.39234161376953,1570100,0.0,False
2024-09-06,114.86000061035156,115.1500015258789,112.66999816894531,112.83000183105469,108.51687622070312,1151000,0.0,False
2024-09-09,113.75,114.31999969482422,113.41999816894531,113.98999786376953,109.63253784179688,1132400,0.0,False
2024-09-10,114.1500015258789,114.27999877929688,113.04000091552734,114.11000061035156,109.74795532226562,2004300,0.0,False
2024-09-11,114.06999969482422,115.19999694824219,112.48999786376953,115.04000091552734,110.64238739013672,1010400,0.0,False
2024-09-12,115.18000030517578,116.08000183105469,114.73999786376953,116.02999877929688,111.59454345703125,1140900,0.0,False
2024-09-13,116.2300033569336,116.8499984741211,116.2300033569336,116.63999938964844,112.18123626708984,1053100,0.0,False
2024-09-16,116.86000061035156,117.11000061035156,116.45999908447266,117.08999633789062,112.61402130126953,1080700,0.0,False
2024-09-17,117.41999816894531,117.63999938964844,116.58999633789062,117.0199966430664,112.54669952392578,498600,0.0,False
2024-09-18,117.1500015258789,118.12999725341797,116.58999633789062,116.69000244140625,112.22932434082031,1042100,0.0,False
2024-09-19,118.70999908447266,119.08999633789062,118.08000183105469,118.76000213623047,114.2201919555664,780100,0.0,False
2024-09-20,117.95999908447266,118.18000030517578,117.37000274658203,117.9000015258789,113.79263305664062,1072900,0.0,False
2024-09-23,118.20999908447266,118.45999908447266,118.02999877929688,118.27999877929688,114.15939331054688,1003800,0.0,False
2024-09-24,118.81999969482422,119.08999633789062,118.33000183105469,119.08000183105469,114.93152618408203,1018400,0.0,False
2024-09-25,119.05000305175781,119.12999725341797,118.41000366210938,118.48999786376953,114.36206817626953,1654400,0.0,False
2024-09-26,120.12999725341797,120.18000030517578,119.44999694824219,119.95999908447266,115.7808609008789,1672600,0.0,False
2024-09-27,120.43000030517578,120.43000030517578,119.37999725341797,119.61000061035156,115.44305419921875,1873800,0.0,False
2024-09-30,119.51000213623047,119.75,118.70999908447266,119.69999694824219,115.52992248535156,891300,0.0,False
2024-10-01,119.72000122070312,119.7300033569336,118.27999877929688,118.94000244140625,114.79638671875,1128000,0.0,False
2024-10-02,118.97000122070312,119.26000213623047,118.37000274658203,119.12000274658203,114.97013092041016,4538800,0.0,False
2024-10-03,118.41999816894531,118.8499984741211,118.12000274658203,118.45999908447266,114.33311462402344,2657900,0.0,False
2024-10-04,119.25,119.55000305175781,118.62000274658203,119.51000213623047,115.3465347290039,1791600,0.0,False
2024-10-07,119.31999969482422,119.37999725341797,118.43000030517578,118.79000091552734,114.65161895751953,1825700,0.0,False
2024-10-08,118.7300033569336,119.05999755859375,118.4800033569336,118.98999786376953,114.84465789794922,1076300,0.0,False
2024-10-09,118.72000122070312,119.54000091552734,118.54000091552734,119.45999908447266,115.29827880859375,1305600,0.0,False
2024-10-10,119.2300033569336,119.45999908447266,118.79000091552734,119.2699966430664,115.11488342285156,877800,0.0,False
2024-10-11,119.25,120.22000122070312,119.16000366210938,120.08999633789062,115.90632629394531,1081600,0.0,False
2024-10-14,120.16000366210938,120.81999969482422,120.0199966430664,120.69000244140625,116.48542785644531,775200,0.0,False
2024-10-15,120.51000213623047,120.54000091552734,119.26000213623047,119.44999694824219,115.28863525390625,985000,0.0,False
2024-10-16,119.73999786376953,120.13999938964844,119.58000183105469,120.04000091552734,115.85807800292969,984000,0.0,False
2024-10-17,120.55999755859375,120.5999984741211,119.97000122070312,119.9800033569336,115.80015563964844,1100800,0.0,False
2024-10-18,120.55000305175781,120.72000122070312,120.29000091552734,120.56999969482422,116.36961364746094,737800,0.0,False
2024-10-21,120.23999786376953,120.4000015258789,119.5,119.94999694824219,115.77119445800781,877600,0.0,False
2024-10-22,119.3499984741211,119.88999938964844,119.27999877929688,119.66000366210938,115.49132537841797,825300,0.0,False
2024-10-23,119.31999969482422,119.31999969482422,117.95999908447266,118.62000274658203,114.48754119873047,1073200,0.0,False
2024-10-24,119.08999633789062,119.08999633789062,118.4000015258789,118.93000030517578,114.7867431640625,760700,0.0,False
2024-10-25,119.30000305175781,119.73999786376953,118.54000091552734,118.7300033569336,114.59371948242188,1119900,0.0,False
2024-10-28,119.37999725341797,119.58000183105469,119.23999786376953,119.3499984741211,115.19210815429688,1504600,0.0,False
2024-10-29,119.08999633789062,119.47000122070312,118.80999755859375,119.25,115.09559631347656,763900,0.0,False
2024-10-30,118.88999938964844,119.43000030517578,118.62999725341797,118.80999755859375,114.6709213256836,966200,0.0,False
2024-10-31,118.13999938964844,118.13999938964844,117.02999877929688,117.08999633789062,113.01084899902344,976100,0.0,False
2024-11-01,117.76000213623047,118.33999633789062,117.44999694824219,117.55999755859375,113.46446990966797,1508700,0.0,False
2024-11-04,117.81999969482422,118.12999725341797,117.25,117.5,113.40657043457031,1424400,0.0,False
2024-11-05,117.8499984741211,118.91999816894531,117.80000305175781,118.91999816894531,114.777099609375,782800,0.0,False
2024-11-06,120.06999969482422,120.58999633789062,119.30000305175781,120.4800033569336,116.28274536132812,1850600,0.0,False
2024-11-07,121.27999877929688,121.97000122070312,121.2300033569336,121.75,117.50849151611328,2380800,0.0,False
2024-11-08,121.30000305175781,121.55999755859375,121.08999633789062,121.41000366210938,117.18035125732422,2177400,0.0,False
2024-11-11,121.55999755859375,121.79000091552734,121.29000091552734,121.55000305175781,117.31547546386719,1076700,0.0,False
2024-11-12,121.08000183105469,121.22000122070312,120.04000091552734,120.58000183105469,116.37926483154297,1352600,0.0,False
2024-11-13,120.51000213623047,120.7300033569336,119.94999694824219,120.33000183105469,116.13796997070312,1305900,0.0,False
2024-11-14,120.47000122070312,120.62000274658203,119.58999633789062,119.70999908447266,115.53956604003906,1021200,0.0,False
2024-11-15,119.27999877929688,119.33000183105469,118.2699966430664,118.5199966430664,114.3910140991211,1803700,0.0,False
2024-11-18,118.7699966430664,119.43000030517578,118.56999969482422,119.22000122070312,115.066650390625,1916000,0.0,False
2024-11-19,118.4800033569336,119.66999816894531,118.43000030517578,119.52999877929688,115.36583709716797,1369100,0.0,False
2024-11-20,119.41000366210938,119.55000305175781,118.48999786376953,119.5,115.3368911743164,1529200,0.0,False
2024-11-21,119.88999938964844,120.29000091552734,119.1500015258789,120.06999969482422,115.88703155517578,996100,0.0,False
2024-11-22,120.05000305175781,120.68000030517578,119.95999908447266,120.58999633789062,116.38890838623047,1168700,0.0,False
2024-11-25,121.43000030517578,121.66000366210938,120.68000030517578,121.0999984741211,116.88114166259766,1214400,0.0,False
2024-11-26,121.13999938964844,121.30000305175781,120.75,121.18000030517578,116.95836639404297,1368900,0.0,False
2024-11-27,121.33000183105469,121.5,120.80999755859375,121.02999877929688,116.8135757446289,1715500,0.0,False
2024-11-29,121.2300033569336,122.06999969482422,121.16999816894531,121.94000244140625,117.69188690185547,616500,0.0,False
2024-12-02,122.0999984741211,122.33999633789062,121.79000091552734,122.19999694824219,117.94283294677734,1477900,0.0,False
2024-12-03,122.33000183105469,122.47000122070312,122.05000305175781,122.4000015258789,118.13585662841797,985900,0.0,False
2024-12-04,122.68000030517578,122.95999908447266,122.52999877929688,122.9000015258789,118.61843872070312,2169000,0.0,False
2024-12-05,123.12999725341797,123.27999877929688,122.88999938964844,122.91999816894531,118.63773345947266,1037200,0.0,False
2024-12-06,123.19999694824219,123.36000061035156,122.91000366210938,123.06999969482422,118.78250885009766,1037500,0.0,False
2024-12-09,123.5199966430664,123.63999938964844,122.76000213623047,122.81999969482422,118.54122924804688,1629000,0.0,False
2024-12-10,122.75,122.75,121.98999786376953,122.04000091552734,117.78840637207031,1122400,0.0,False
2024-12-11,122.70999908447266,123.0999984741211,122.56999969482422,122.97000122070312,118.6860122680664,1061700,0.0,False
2024-12-12,122.63999938964844,122.69999694824219,122.12999725341797,122.13999938964844,117.88491821289062,1173400,0.0,False
2024-12-13,122.44000244140625,122.4800033569336,121.70999908447266,122.0,117.74979400634766,1158600,0.0,False
2024-12-16,122.08000183105469,122.41999816894531,121.95999908447266,122.16000366210938,117.90422058105469,1635000,0.0,False
2024-12-17,121.8499984741211,121.8499984741211,121.43000030517578,121.6500015258789,117.41199493408203,1776400,0.0,False
2024-12-18,121.5999984741211,121.91000366210938,118.0199966430664,118.05999755859375,113.94706726074219,1985500,0.0,False
2024-12-19,119.05000305175781,119.30999755859375,118.02999877929688,118.04000091552734,113.92774963378906,2015800,0.0,False
2024-12-20,116.55999755859375,118.97000122070312,116.38999938964844,118.11000061035156,114.84860229492188,2673700,0.0,False
2024-12-23,118.0999984741211,118.8499984741211,117.52999877929688,118.76000213623047,115.48065185546875,1931500,0.0,False
2024-12-24,118.94000244140625,119.7300033569336,118.80999755859375,119.69999694824219,116.39469146728516,1222600,0.0,False
2024-12-26,119.55000305175781,120.04000091552734,119.29000091552734,119.83999633789062,116.53083038330078,944000,0.0,False
2024-12-27,119.2300033569336,119.37000274658203,118.23999786376953,118.9000015258789,115.61679077148438,1588000,0.0,False
2024-12-30,117.7699966430664,118.33000183105469,117.11000061035156,117.75,114.49853515625,2054500,0.0,False
2024-12-31,118.13999938964844,118.26000213623047,117.20999908447266,117.4800033569336,114.23599243164062,1821400,0.0,False
2025-01-02,117.9800033569336,118.31999969482422,116.62000274658203,117.23999786376953,114.00262451171875,2520300,0.0,False
2025-01-03,117.81999969482422,118.56999969482422,117.5,118.44999694824219,115.17920684814453,1595800,0.0,False
2025-01-06,119.06999969482422,120.0,118.93000030517578,119.18000030517578,115.88905334472656,1640800,0.0,False
2025-01-07,119.70999908447266,119.76000213623047,117.83000183105469,118.01000213623047,114.75135803222656,6187500,0.0,False
2025-01-08,117.9000015258789,118.25,117.31999969482422,118.05000305175781,114.7902603149414,5568500,0.0,False
2025-01-10,117.29000091552734,117.29000091552734,115.87999725341797,116.16000366210938,112.95244598388672,5313800,0.0,False
2025-01-13,115.2300033569336,116.23999786376953,115.13999938964844,116.19999694824219,112.9913330078125,4232900,0.0,False
2025-01-14,116.83999633789062,116.98999786376953,115.94999694824219,116.5999984741211,113.38029479980469,1523000,0.0,False
2025-01-15,118.26000213623047,118.66999816894531,117.93000030517578,118.37999725341797,115.11114501953125,4747500,0.0,False
2025-01-16,118.68000030517578,118.9000015258789,118.22000122070312,118.48999786376953,115.21809387207031,4770300,0.0,False
2025-01-17,119.38999938964844,119.80000305175781,119.26000213623047,119.4800033569336,116.18077087402344,1390800,0.0,False
2025-01-21,120.4000015258789,120.95999908447266,120.05999755859375,120.93000030517578,117.59072875976562,2170800,0.0,False
2025-01-22,121.37999725341797,121.55000305175781,121.20999908447266,121.23999786376953,117.89215850830078,1517000,0.0,False
2025-01-23,121.22000122070312,121.91000366210938,121.12000274658203,121.88999938964844,118.52421569824219,1362900,0.0,False
2025-01-24,122.0999984741211,122.3499984741211,121.73999786376953,121.9000015258789,118.53394317626953,1365700,0.0,False
2025-01-27,119.9800033569336,120.66999816894531,119.83000183105469,120.51000213623047,117.18232727050781,2418600,0.0,False
2025-01-28,120.73999786376953,121.44000244140625,120.16999816894531,121.29000091552734,117.9407958984375,1776400,0.0,False
2025-01-29,121.23999786376953,121.4000015258789,120.4800033569336,120.91999816894531,117.58099365234375,1473400,0.0,False
2025-01-30,121.58000183105469,122.37000274658203,121.38999938964844,121.94000244140625,118.57283782958984,1476500,0.0,False
2025-01-31,122.23999786376953,122.66000366210938,120.9800033569336,121.06999969482422,117.72686004638672,6053000,0.0,False
2025-02-03,119.22000122070312,120.56999969482422,118.81999969482422,120.12000274658203,116.8031005859375,2300300,0.0,False
2025-02-04,120.44999694824219,121.33999633789062,120.36000061035156,121.23999786376953,117.89215850830078,2286000,0.0,False
2025-02-05,121.33999633789062,121.88999938964844,120.91999816894531,121.87999725341797,118.51449584960938,3403700,0.0,False
2025-02-06,122.23999786376953,122.30000305175781,121.66999816894531,122.27999877929688,118.9034423828125,1263200,0.0,False
2025-02-07,122.5,122.70999908447266,121.19000244140625,121.29000091552734,117.9407958984375,1671300,0.0,False
2025-02-10,122.0,122.22000122070312,121.7699966430664,122.08999633789062,118.71869659423828,1750600,0.0,False
2025-02-11,121.69999694824219,122.30000305175781,121.68000030517578,122.16000366210938,118.7867660522461,1484700,0.0,False
2025-02-12,121.18000030517578,122.29000091552734,120.97000122070312,122.04000091552734,118.67008972167969,1819600,0.0,False
2025-02-13,122.27999877929688,123.37999725341797,122.1500015258789,123.36000061035156,119.95362854003906,1604800,0.0,False
2025-02-14,123.58000183105469,123.73999786376953,123.33000183105469,123.48999786376953,120.08003234863281,1448800,0.0,False
2025-02-18,123.83999633789062,123.9800033569336,123.5199966430664,123.97000122070312,120.54678344726562,2276400,0.0,False
2025-02-19,123.51000213623047,123.87999725341797,123.33000183105469,123.81999969482422,120.40092468261719,1587700,0.0,False
2025-02-20,123.80000305175781,123.8499984741211,123.02999877929688,123.6500015258789,120.2356185913086,1296300,0.0,False
2025-02-21,123.70999908447266,123.7300033569336,121.72000122070312,121.91000366210938,118.54367065429688,1779300,0.0,False
2025-02-24,122.19000244140625,122.30000305175781,121.08999633789062,121.30999755859375,117.96023559570312,1688600,0.0,False
2025-02-25,121.66999816894531,121.8499984741211,120.33000183105469,121.16999816894531,117.82410430908203,1682200,0.0,False
2025-02-26,121.44000244140625,122.33000183105469,120.94000244140625,121.3499984741211,117.99913024902344,1445600,0.0,False
2025-02-27,121.44000244140625,121.55999755859375,119.4800033569336,119.5199966430664,116.21965789794922,2786500,0.0,False
2025-02-28,119.31999969482422,120.63999938964844,118.75,120.56999969482422,117.24066925048828,2975200,0.0,False
2025-03-03,121.48999786376953,121.73999786376953,118.58000183105469,119.29000091552734,115.99600982666016,3613000,0.0,False
2025-03-04,118.5999984741211,120.01000213623047,117.1500015258789,118.41999816894531,115.15003967285156,2562300,0.0,False
2025-03-05,119.05000305175781,120.66999816894531,118.62999725341797,120.37999725341797,117.05591583251953,3412400,0.0,False
2025-03-06,119.19999694824219,120.05999755859375,118.20999908447266,118.58999633789062,115.31534576416016,1798900,0.0,False
2025-03-07,118.41999816894531,119.58000183105469,117.5,119.33999633789062,116.04463195800781,2314700,0.0,False
2025-03-10,117.44999694824219,117.95999908447266,115.38999938964844,116.30000305175781,113.08857727050781,2893800,0.0,False
2025-03-11,116.29000091552734,116.87000274658203,114.93000030517578,115.83000183105469,112.63155364990234,2010900,0.0,False
2025-03-12,116.83999633789062,117.05000305175781,115.47000122070312,116.45999908447266,113.24414825439453,1426300,0.0,False
2025-03-13,116.08999633789062,116.30999755859375,114.77999877929688,115.08000183105469,111.90227508544922,1691000,0.0,False
2025-03-14,116.18000030517578,117.62000274658203,116.0999984741211,117.47000122070312,114.22627258300781,2054900,0.0,False
2025-03-17,117.5199966430664,119.05999755859375,117.5199966430664,118.63999938964844,115.36396026611328,1370800,0.0,False
2025-03-18,118.29000091552734,118.37999725341797,117.4000015258789,117.79000091552734,114.53742980957031,1689900,0.0,False
2025-03-19,118.02999877929688,119.44000244140625,117.76000213623047,118.76000213623047,115.48065185546875,1170400,0.0,False
2025-03-20,117.68000030517578,118.8499984741211,117.54000091552734,118.25,114.98473358154297,1589300,0.0,False
2025-03-21,116.94000244140625,117.70999908447266,116.66000366210938,117.5999984741211,114.72621154785156,905300,0.0,False
2025-03-24,118.2699966430664,119.19999694824219,118.2699966430664,119.08999633789062,116.1797866821289,1425800,0.0,False
2025-03-25,119.4000015258789,119.55000305175781,119.08000183105469,119.31999969482422,116.4041748046875,1325100,0.0,False
2025-03-26,119.08999633789062,119.33000183105469,117.72000122070312,118.0199966430664,115.13594055175781,1208200,0.0,False
2025-03-27,117.80000305175781,118.44999694824219,117.37999725341797,117.88999938964844,115.00912475585938,1073900,0.0,False
2025-03-28,117.44000244140625,117.4800033569336,115.66000366210938,115.81999969482422,112.98970031738281,2363400,0.0,False
2025-03-31,114.5,116.2300033569336,113.83000183105469,115.94999694824219,113.11652374267578,3541500,0.0,False
2025-04-01,115.55999755859375,116.62999725341797,114.98999786376953,116.33000183105469,113.48722839355469,1659100,0.0,False
2025-04-02,115.2699966430664,117.37000274658203,115.23999786376953,117.0199966430664,114.16038513183594,1239200,0.0,False
2025-04-03,113.87000274658203,114.29000091552734,112.29000091552734,112.4000015258789,109.65327453613281,4738200,0.0,False
2025-04-04,109.01000213623047,109.30999755859375,105.58999633789062,105.69999694824219,103.11700439453125,6540300,0.0,False
2025-04-07,102.08999633789062,108.3499984741211,100.88999938964844,104.43000030517578,101.87803649902344,5704300,0.0,False
2025-04-08,108.04000091552734,108.30000305175781,101.81999969482422,103.16000366210938,100.63907623291016,4175700,0.0,False
2025-04-09,102.91999816894531,112.63999938964844,102.47000122070312,111.9800033569336,109.24354553222656,5328500,0.0,False
2025-04-10,110.0,110.25,106.05999755859375,108.86000061035156,106.19979095458984,3325400,0.0,False
2025-04-11,109.0199966430664,111.31999969482422,108.38999938964844,111.11000061035156,108.39480590820312,3186900,0.0,False
2025-04-14,112.63999938964844,112.97000122070312,111.16000366210938,112.16000366210938,109.41914367675781,4323200,0.0,False
2025-04-15,112.51000213623047,113.16000366210938,112.08999633789062,112.2699966430664,109.52645111083984,1895400,0.0,False
2025-04-16,111.43000030517578,112.12000274658203,109.70999908447266,110.5999984741211,107.89726257324219,2762100,0.0,False
2025-04-17,111.2300033569336,111.9800033569336,110.70999908447266,111.18000030517578,108.46308898925781,1728700,0.0,False
2025-04-21,110.70999908447266,110.91000366210938,108.41999816894531,109.45999908447266,106.78511810302734,1751700,0.0,False
2025-04-22,110.56999969482422,112.38999938964844,110.54000091552734,111.8499984741211,109.11670684814453,1868700,0.0,False
2025-04-23,114.16000366210938,114.91999816894531,112.91999816894531,113.27999877929688,110.51177215576172,3889200,0.0,False
2025-04-24,113.26000213623047,115.33999633789062,113.26000213623047,115.25,112.43363189697266,3142600,0.0,False
2025-04-25,115.06999969482422,115.87000274658203,114.62000274658203,115.80000305175781,112.9701919555664,2300000,0.0,False
2025-04-28,116.0,116.3499984741211,115.05999755859375,116.12999725341797,113.2921142578125,5356400,0.0,False
2025-04-29,115.87000274658203,116.87999725341797,115.81999969482422,116.66000366210938,113.80917358398438,2407600,0.0,False
2025-04-30,115.52999877929688,116.97000122070312,114.4800033569336,116.5999984741211,113.75064849853516,2252900,0.0,False
2025-05-01,117.66999816894531,117.95999908447266,116.87000274658203,117.0199966430664,114.16038513183594,1487600,0.0,False
2025-05-02,118.62000274658203,119.2300033569336,118.33999633789062,119.05999755859375,116.15052795410156,1592700,0.0,False
2025-05-05,118.76000213623047,119.30999755859375,118.58000183105469,118.80000305175781,115.89688110351562,1761900,0.0,False
2025-05-06,117.9800033569336,118.8499984741211,117.7699966430664,118.12999725341797,115.24324035644531,5454600,0.0,False
2025-05-07,118.13999938964844,118.61000061035156,117.44000244140625,118.20999908447266,115.32129669189453,2984500,0.0,False
2025-05-08,118.88999938964844,119.55000305175781,118.22000122070312,118.62000274658203,115.72127532958984,1578200,0.0,False
2025-05-09,119.25,119.41000366210938,118.52999877929688,118.79000091552734,115.88712310791016,3546500,0.0,False
2025-05-12,121.5,121.7300033569336,120.63999938964844,121.7300033569336,118.75528717041016,2741900,0.0,False
2025-05-13,121.69000244140625,122.7300033569336,121.55000305175781,122.33000183105469,119.34062194824219,2485200,0.0,False
2025-05-14,122.6500015258789,122.73999786376953,122.04000091552734,122.33000183105469,119.34062194824219,1765700,0.0,False
2025-05-15,122.33999633789062,123.05000305175781,122.05999755859375,123.0199966430664,120.01375579833984,1986500,0.0,False
2025-05-16,123.0199966430664,123.63999938964844,122.7300033569336,123.62000274658203,120.5990982055664,1314200,0.0,False
2025-05-19,122.72000122070312,124.0,122.69000244140625,123.95999908447266,120.9307861328125,2304000,0.0,False
2025-05-20,123.7699966430664,123.97000122070312,123.31999969482422,123.83000183105469,120.8039779663086,1891100,0.0,False
2025-05-21,123.37999725341797,123.94999694824219,122.0999984741211,122.27999877929688,119.29183197021484,1696600,0.0,False
2025-05-22,122.25,122.77999877929688,121.83000183105469,122.19000244140625,119.20404052734375,1431200,0.0,False
2025-05-23,121.1500015258789,122.29000091552734,121.0,121.91000366210938,118.93087768554688,1955900,0.0,False
2025-05-27,123.26000213623047,123.93000030517578,122.88999938964844,123.88999938964844,120.86248779296875,2606700,0.0,False
2025-05-28,123.91000366210938,123.91000366210938,122.91000366210938,123.04000091552734,120.03327178955078,1893800,0.0,False
2025-05-29,124.0999984741211,124.0999984741211,122.80000305175781,123.54000091552734,120.52104949951172,1700100,0.0,False
2025-05-30,123.25,123.62999725341797,122.19999694824219,123.37000274658203,120.3552017211914,1695200,0.0,False
2025-06-02,123.20999908447266,124.22000122070312,122.69999694824219,124.19000244140625,121.15516662597656,1822900,0.0,False
2025-06-03,123.93000030517578,124.68000030517578,123.68000030517578,124.51000213623047,121.46735382080078,1556700,0.0,False
2025-06-04,124.86000061035156,125.16000366210938,124.69999694824219,124.80000305175781,121.7502670288086,1517300,0.0,False
2025-06-05,125.33000183105469,125.38999938964844,124.12999725341797,124.45999908447266,121.41856384277344,1882400,0.0,False
2025-06-06,125.33000183105469,125.6500015258789,125.05999755859375,125.43000030517578,122.36486053466797,2745700,0.0,False
2025-06-09,125.70999908447266,126.0,125.37999725341797,125.63999938964844,122.56973266601562,2784400,0.0,False
2025-06-10,125.93000030517578,126.2699966430664,125.5999984741211,126.23999786376953,123.15505981445312,1676100,0.0,False
2025-06-11,126.61000061035156,126.72000122070312,125.75,126.0,122.92094421386719,1978300,0.0,False
2025-06-12,126.11000061035156,126.58000183105469,125.87999725341797,126.54000091552734,123.4477310180664,1527800,0.0,False
2025-06-13,125.37999725341797,125.91999816894531,124.69999694824219,124.94999694824219,121.89659118652344,3691800,0.0,False
2025-06-16,125.9800033569336,126.6500015258789,125.80000305175781,126.04000091552734,122.95995330810547,2468200,0.0,False
2025-06-17,125.56999969482422,125.73999786376953,124.63999938964844,124.80999755859375,121.76001739501953,2368400,0.0,False
2025-06-18,125.12999725341797,125.56999969482422,124.69999694824219,124.87999725341797,121.82830047607422,2208700,0.0,False
2025-06-20,125.05000305175781,125.05000305175781,123.61000061035156,123.73999786376953,121.2940673828125,2992100,0.0,False
2025-06-23,123.58000183105469,124.91999816894531,123.19000244140625,124.91999816894531,122.45074462890625,3919800,0.0,False
2025-06-24,125.87999725341797,126.68000030517578,125.7699966430664,126.48999786376953,123.98971557617188,4473800,0.0,False
2025-06-25,126.48999786376953,126.69000244140625,126.0199966430664,126.2699966430664,123.77406311035156,3086100,0.0,False
2025-06-26,126.88999938964844,127.5199966430664,126.73999786376953,127.44999694824219,124.93074035644531,2036700,0.0,False
2025-06-27,127.80000305175781,128.3800048828125,127.31999969482422,128.0,125.4698715209961,2292900,0.0,False
2025-06-30,128.24000549316406,128.67999267578125,127.98999786376953,128.52000427246094,125.97959899902344,4038900,0.0,False
2025-07-01,128.27999877929688,128.75,128.1199951171875,128.52999877929688,125.98938751220703,2137600,0.0,False
2025-07-02,128.32000732421875,129.11000061035156,128.22000122070312,129.11000061035156,126.55793762207031,2313700,0.0,False
2025-07-03,129.36000061035156,129.9499969482422,129.36000061035156,129.7899932861328,127.22447967529297,1389800,0.0,False
2025-07-07,129.19000244140625,129.44000244140625,128.16000366210938,128.61000061035156,126.06780242919922,2520500,0.0,False
2025-07-08,128.88999938964844,129.1699981689453,128.64999389648438,128.8800048828125,126.33248138427734,4461700,0.0,False
2025-07-09,129.3800048828125,129.64999389648438,128.97000122070312,129.64999389648438,127.08724212646484,3199200,0.0,False
2025-07-10,129.6199951171875,130.0500030517578,129.32000732421875,129.88999938964844,127.32250213623047,2039700,0.0,False
2025-07-11,129.2100067138672,129.4499969482422,129.02000427246094,129.24000549316406,126.68535614013672,2440700,0.0,False
2025-07-14,129.08999633789062,129.5399932861328,128.94000244140625,129.47000122070312,126.91082763671875,1767300,0.0,False
2025-07-15,129.99000549316406,130.0500030517578,128.77999877929688,128.80999755859375,126.26386260986328,1771300,0.0,False
2025-07-16,129.27999877929688,129.38999938964844,128.1999969482422,129.32000732421875,126.7637939453125,3184000,0.0,False
2025-07-17,129.30999755859375,130.07000732421875,129.25,129.97999572753906,127.41073608398438,1775700,0.0,False
2025-07-18,130.49000549316406,130.49000549316406,129.7100067138672,129.8699951171875,127.30290985107422,2014300,0.0,False
2025-07-21,130.27000427246094,130.83999633789062,130.16000366210938,130.19000244140625,127.61659240722656,3618100,0.0,False
2025-07-22,130.2899932861328,130.6199951171875,129.77999877929688,130.5500030517578,127.9694595336914,2568300,0.0,False
2025-07-23,131.4499969482422,132.0500030517578,131.11000061035156,132.0500030517578,129.43980407714844,2981300,0.0,False
2025-07-24,131.9600067138672,132.07000732421875,131.6699981689453,131.6999969482422,129.09674072265625,2582000,0.0,False
2025-07-25,131.49000549316406,132.0399932861328,131.39999389648438,131.97999572753906,129.37120056152344,1400400,0.0,False
2025-07-28,131.6699981689453,131.6999969482422,131.08999633789062,131.32000732421875,128.72425842285156,1876800,0.0,False
2025-07-29,131.6300048828125,131.69000244140625,130.9199981689453,131.0800018310547,128.48898315429688,2040400,0.0,False
2025-07-30,131.0800018310547,131.3800048828125,130.1199951171875,130.6199951171875,128.0380859375,2920000,0.0,False
2025-07-31,131.3000030517578,131.3000030517578,129.72999572753906,129.92999267578125,127.36170196533203,3032900,0.0,False
2025-08-01,129.0800018310547,129.0800018310547,127.79000091552734,128.41000366210938,125.87176513671875,7426700,0.0,False
2025-08-04,129.5,130.22999572753906,129.35000610351562,130.2100067138672,127.63619232177734,2642400,0.0,False
2025-08-05,130.52000427246094,130.6300048828125,129.61000061035156,129.9499969482422,127.3813247680664,1751900,0.0,False
2025-08-06,130.36000061035156,130.9199981689453,130.05999755859375,130.8000030517578,128.2145233154297,2104900,0.0,False
2025-08-07,131.77000427246094,131.8800048828125,130.47999572753906,131.0399932861328,128.44976806640625,2398700,0.0,False
2025-08-08,131.41000366210938,131.9499969482422,131.3699951171875,131.80999755859375,129.20455932617188,1731200,0.0,False
2025-08-11,131.91000366210938,131.97999572753906,131.25999450683594,131.4600067138672,128.86148071289062,2595000,0.0,False
2025-08-12,132.0,133.02999877929688,131.8000030517578,133.02999877929688,130.4004364013672,1918900,0.0,False
2025-08-13,133.55999755859375,133.75,133.27000427246094,133.6999969482422,131.05718994140625,3866700,0.0,False
2025-08-14,133.08999633789062,133.47999572753906,132.89999389648438,133.3800048828125,130.7435302734375,2047500,0.0,False
2025-08-15,133.8699951171875,133.8699951171875,133.1999969482422,133.3800048828125,130.7435302734375,1812000,0.0,False
2025-08-18,133.3699951171875,133.50999450683594,133.17999267578125,133.4499969482422,130.81214904785156,3237800,0.0,False
2025-08-19,133.3800048828125,133.6699981689453,132.6300048828125,132.83999633789062,130.21417236328125,2295900,0.0,False
2025-08-20,132.91000366210938,132.9199981689453,131.86000061035156,132.6699981689453,130.0475616455078,3283300,0.0,False
2025-08-21,132.25999450683594,132.58999633789062,131.9199981689453,132.19000244140625,129.57704162597656,1920300,0.0,False
2025-08-22,132.74000549316406,134.66000366210938,132.66000366210938,134.4499969482422,131.79237365722656,2948400,0.0,False
2025-08-25,134.0800018310547,134.25999450683594,133.5500030517578,133.57000732421875,130.9297637939453,1977600,0.0,False
2025-08-26,133.3699951171875,133.9600067138672,133.33999633789062,133.9199981689453,131.27285766601562,2130600,0.0,False
2025-08-27,133.4499969482422,134.0800018310547,133.3800048828125,133.97999572753906,131.3316650390625,1827600,0.0,False
2025-08-28,134.1999969482422,134.58999633789062,133.94000244140625,134.50999450683594,131.85118103027344,2474300,0.0,False
2025-08-29,134.02999877929688,134.10000610351562,133.42999267578125,133.77000427246094,131.12582397460938,4013100,0.0,False
2025-09-02,132.30999755859375,132.86000061035156,131.88999938964844,132.80999755859375,130.18478393554688,2749600,0.0,False
2025-09-03,133.1699981689453,133.42999267578125,132.77000427246094,133.3000030517578,130.6651153564453,4118400,0.0,False
2025-09-04,133.44000244140625,134.25999450683594,133.2100067138672,134.25,131.59632873535156,2359400,0.0,False
2025-09-05,135.05999755859375,135.3000030517578,133.66000366210938,134.3800048828125,131.7237548828125,9392700,0.0,False
2025-09-08,134.88999938964844,135.2100067138672,134.6999969482422,135.11000061035156,132.4393310546875,1983600,0.0,False
2025-09-09,135.08999633789062,135.32000732421875,134.75,135.24000549316406,132.56675720214844,2166800,0.0,False
2025-09-10,135.86000061035156,136.0399932861328,135.25,135.52999877929688,132.8510284423828,2100300,0.0,False
2025-09-11,136.02000427246094,136.9499969482422,135.9199981689453,136.8699951171875,134.16452026367188,2223400,0.0,False
2025-09-12,136.77000427246094,136.91000366210938,136.50999450683594,136.60000610351562,133.89987182617188,1549200,0.0,False
2025-09-15,137.16000366210938,137.38999938964844,137.05999755859375,137.3699951171875,134.65464782714844,2017000,0.0,False
2025-09-16,137.61000061035156,137.61000061035156,137.02000427246094,137.32000732421875,134.6056365966797,2512200,0.0,False
2025-09-17,137.3800048828125,137.91000366210938,136.30999755859375,137.1199951171875,134.40957641601562,4474400,0.0,False
2025-09-18,137.5399932861328,138.11000061035156,137.1999969482422,137.75999450683594,135.0369415283203,2821500,0.0,False
2025-09-19,137.49000549316406,137.61000061035156,136.9499969482422,137.47000122070312,135.22186279296875,2449500,0.0,False
2025-09-22,137.36000061035156,138.10000610351562,137.24000549316406,138.02999877929688,135.772705078125,2562800,0.0,False
2025-09-23,138.2100067138672,138.35000610351562,137.3300018310547,137.50999450683594,135.26121520996094,3087500,0.0,False
2025-09-24,137.50999450683594,137.5800018310547,136.69000244140625,136.88999938964844,134.65135192871094,2253500,0.0,False
2025-09-25,136.2100067138672,136.36000061035156,135.47999572753906,136.1199951171875,133.89395141601562,2857200,0.0,False
2025-09-26,136.27999877929688,136.8800048828125,136.1300048828125,136.86000061035156,134.62185668945312,2719700,0.0,False
2025-09-29,137.44000244140625,137.60000610351562,137.10000610351562,137.3800048828125,135.1333465576172,2553600,0.0,False
2025-09-30,137.24000549316406,137.9199981689453,137.00999450683594,137.8000030517578,135.54647827148438,2948900,0.0,False
2025-10-01,137.66000366210938,138.60000610351562,137.66000366210938,138.50999450683594,136.24485778808594,2029800,0.0,False
2025-10-02,138.97000122070312,139.0399932861328,138.1199951171875,138.7100067138672,136.4416046142578,2271200,0.0,False
2025-10-03,139.1300048828125,139.64999389648438,138.80999755859375,139.0800018310547,136.8055419921875,1941100,0.0,False
2025-10-06,139.6199951171875,139.8000030517578,139.22000122070312,139.5800018310547,137.29736328125,2161800,0.0,False
2025-10-07,139.5800018310547,139.67999267578125,138.5399932861328,138.72000122070312,136.45143127441406,2614700,0.0,False
2025-10-08,139.0,139.5,138.86000061035156,139.47000122070312,137.1891632080078,1640000,0.0,False
2025-10-09,139.60000610351562,139.6300048828125,138.39999389648438,138.74000549316406,136.47109985351562,2443800,0.0,False
2025-10-10,138.8300018310547,139.07000732421875,135.11000061035156,135.16000366210938,132.9496612548828,3920700,0.0,False
2025-10-13,136.8300018310547,137.57000732421875,136.60000610351562,137.32000732421875,135.07432556152344,2499800,0.0,False
2025-10-14,136.07000732421875,137.91000366210938,135.47999572753906,137.25,135.00547790527344,3824500,0.0,False
2025-10-15,138.33999633789062,138.8800048828125,136.94000244140625,138.02000427246094,135.7628936767578,4691400,0.0,False
2025-10-16,138.66000366210938,138.94000244140625,137.02000427246094,137.64999389648438,135.39894104003906,3535600,0.0,False
2025-10-17,137.3000030517578,138.2899932861328,136.9499969482422,138.0800018310547,135.8218994140625,7243900,0.0,False
2025-10-20,138.7899932861328,139.6300048828125,138.6699981689453,139.4499969482422,137.1694793701172,2800400,0.0,False
2025-10-21,139.27000427246094,139.44000244140625,138.8300018310547,139.08999633789062,136.81536865234375,1680700,0.0,False
2025-10-22,139.17999267578125,139.27000427246094,137.69000244140625,138.49000549316406,136.22520446777344,2137400,0.0,False
2025-10-23,138.6300048828125,139.6300048828125,138.6300048828125,139.39999389648438,137.1203155517578,1688100,0.0,False
2025-10-24,140.1699981689453,140.55999755859375,140.10000610351562,140.27999877929688,137.98593139648438,1490100,0.0,False
2025-10-27,141.27000427246094,141.74000549316406,141.24000549316406,141.67999267578125,139.36302185058594,2165600,0.0,False
2025-10-28,141.8000030517578,142.08999633789062,141.4199981689453,141.77999877929688,139.46139526367188,2213600,0.0,False
2025-10-29,142.1699981689453,142.2100067138672,140.83999633789062,141.58999633789062,139.2744903564453,3234400,0.0,False
2025-10-30,140.8000030517578,141.27999877929688,140.32000732421875,140.33999633789062,138.04493713378906,5374300,0.0,False
2025-10-31,140.99000549316406,140.99000549316406,139.97000122070312,140.58999633789062,138.2908477783203,2426700,0.0,False
2025-11-03,141.10000610351562,141.17999267578125,140.08999633789062,140.75999450683594,138.45806884765625,2903100,0.0,False
2025-11-04,139.25,139.9199981689453,138.89999389648438,138.99000549316406,136.71702575683594,2352300,0.0,False
2025-11-05,139.0399932861328,140.25,138.9600067138672,139.75,137.46458435058594,2283500,0.0,False
2025-11-06,139.60000610351562,139.77999877929688,138.17999267578125,138.5,136.2350311279297,3046900,0.0,False
2025-11-07,138.11000061035156,138.86000061035156,136.89999389648438,138.8300018310547,136.55963134765625,2999400,0.0,False
2025-11-10,140.0399932861328,140.91000366210938,139.60000610351562,140.77000427246094,138.4678955078125,4168700,0.0,False
2025-11-11,140.66000366210938,141.3300018310547,140.5,141.14999389648438,138.84169006347656,2296900,0.0,False
2025-11-12,141.5500030517578,141.6300048828125,141.11000061035156,141.49000549316406,139.1761474609375,2500000,0.0,False
2025-11-13,141.0800018310547,141.16000366210938,139.05999755859375,139.2899932861328,137.01211547851562,3749900,0.0,False
2025-11-14,138.13999938964844,139.9600067138672,137.72999572753906,139.24000549316406,136.96292114257812,3513600,0.0,False
2025-11-17,138.64999389648438,139.3000030517578,137.07000732421875,137.7100067138672,135.4579620361328,5049700,0.0,False
2025-11-18,136.75,137.44000244140625,135.7100067138672,136.67999267578125,134.44479370117188,6751900,0.0,False
2025-11-19,136.63999938964844,137.6999969482422,136.07000732421875,136.82000732421875,134.58250427246094,3084100,0.0,False
2025-11-20,138.50999450683594,138.8800048828125,134.6699981689453,134.72999572753906,132.52667236328125,8104200,0.0,False
2025-11-21,135.27999877929688,137.00999450683594,134.47999572753906,136.14999389648438,133.9234619140625,4733900,0.0,False
2025-11-24,136.60000610351562,137.89999389648438,136.39999389648438,137.8000030517578,135.54647827148438,4783000,0.0,False
2025-11-25,137.85000610351562,139.24000549316406,137.11000061035156,139.0800018310547,136.8055419921875,2834700,0.0,False
2025-11-26,139.63999938964844,140.52999877929688,139.5,140.22000122070312,137.92691040039062,4283700,0.0,False
2025-11-28,140.3300018310547,140.94000244140625,140.27000427246094,140.88999938964844,138.5859375,1657600,0.0,False
2025-12-01,140.1699981689453,140.85000610351562,140.07000732421875,140.22000122070312,137.92691040039062,2803700,0.0,False
2025-12-02,140.66000366210938,140.8000030517578,140.0500030517578,140.47999572753906,138.18264770507812,1996100,0.0,False
2025-12-03,140.35000610351562,141.1999969482422,140.24000549316406,141.05999755859375,138.75315856933594,2790200,0.0,False
2025-12-04,141.5,141.5500030517578,140.83999633789062,141.27999877929688,138.96954345703125,3958100,0.0,False
2025-12-05,141.6999969482422,142.16000366210938,141.38999938964844,141.55999755859375,139.24497985839844,3904200,0.0,False
2025-12-08,141.77999877929688,141.77999877929688,140.80999755859375,141.1300048828125,138.822021484375,3191700,0.0,False
2025-12-09,141.02000427246094,141.47000122070312,140.9199981689453,140.97000122070312,138.66464233398438,2519300,0.0,False
2025-12-10,141.00999450683594,142.47999572753906,140.82000732421875,142.1699981689453,139.84500122070312,4262300,0.0,False
2025-12-11,141.91000366210938,142.66000366210938,141.41000366210938,142.55999755859375,140.22862243652344,3182500,0.0,False
2025-12-12,142.6199951171875,142.63999938964844,140.6999969482422,141.22000122070312,138.91053771972656,3720700,0.0,False
2025-12-15,142.1199951171875,142.1999969482422,141.0,141.22000122070312,138.91053771972656,3988200,0.0,False
2025-12-16,140.91000366210938,141.1699981689453,140.0399932861328,140.67999267578125,138.37937927246094,3710000,0.0,False
2025-12-17,140.85000610351562,141.0,139.3300018310547,139.38999938964844,137.11045837402344,2635000,0.0,False
2025-12-18,140.61000061035156,141.27000427246094,140.17999267578125,140.44000244140625,138.14329528808594,2186900,0.0,False
2025-12-19,139.89999389648438,140.75999450683594,139.86000061035156,140.5,139.30833435058594,3108300,0.0,False
2025-12-22,141.22999572753906,141.47999572753906,140.97000122070312,141.33999633789062,140.14120483398438,3065500,0.0,False
2025-12-23,141.4499969482422,142.0500030517578,141.3800048828125,142.00999450683594,140.80552673339844,2762600,0.0,False
2025-12-24,142.0399932861328,142.4600067138672,142.00999450683594,142.36000061035156,141.15255737304688,1430100,0.0,False
2025-12-26,142.5500030517578,142.61000061035156,142.22999572753906,142.5,141.29136657714844,1699000,0.0,False
2025-12-29,142.1199951171875,142.3000030517578,141.6699981689453,142.00999450683594,140.80552673339844,2760400,0.0,False
2025-12-30,142.14999389648438,142.35000610351562,141.9499969482422,141.97999572753906,140.77578735351562,2538600,0.0,False
2025-12-31,141.97000122070312,142.0500030517578,141.02999877929688,141.05999755859375,139.86358642578125,3672600,0.0,False
2026-01-02,142.25999450683594,142.47000122070312,141.3800048828125,142.10000610351562,140.89476013183594,4387700,0.0,False
2026-01-05,142.72999572753906,143.5,142.67999267578125,143.3000030517578,142.0845947265625,7382400,0.0,False
2026-01-06,143.5500030517578,144.22000122070312,143.49000549316406,144.13999938964844,142.91746520996094,4700600,0.0,False
2026-01-07,144.1199951171875,144.27000427246094,143.4600067138672,143.5399932861328,142.32254028320312,7542300,0.0,False
2026-01-08,143.32000732421875,143.72000122070312,143.1199951171875,143.63999938964844,142.4217071533203,3070000,0.0,False
2026-01-09,143.9199981689453,144.75999450683594,143.72000122070312,144.58999633789062,143.3636474609375,3998700,0.0,False
2026-01-12,144.3800048828125,145.32000732421875,144.3699951171875,145.24000549316406,144.0081329345703,3400800,0.0,False
2026-01-13,145.17999267578125,145.25999450683594,144.3800048828125,144.6999969482422,143.4727020263672,4232100,0.0,False
2026-01-14,144.49000549316406,144.67999267578125,143.83999633789062,144.60000610351562,143.37356567382812,4545100,0.0,False
2026-01-15,145.33999633789062,145.5500030517578,144.8300018310547,144.92999267578125,143.7007598876953,4058600,0.0,False
2026-01-16,145.22999572753906,145.24000549316406,144.47999572753906,144.92999267578125,143.7007598876953,3127300,0.0,False
2026-01-20,143.16000366210938,143.74000549316406,142.27999877929688,142.4499969482422,141.24179077148438,7591400,0.0,False
2026-01-21,143.10000610351562,144.75,142.72999572753906,144.1199951171875,142.8976287841797,6825900,0.0,False
2026-01-22,145.0,145.3300018310547,144.55999755859375,144.9199981689453,143.6908416748047,5293000,0.0,False
2026-01-23,144.74000549316406,145.32000732421875,144.50999450683594,145.1999969482422,143.96847534179688,3791700,0.0,False
2026-01-26,145.6699981689453,146.14999389648438,145.52999877929688,145.83999633789062,144.60304260253906,4678600,0.0,False
2026-01-27,146.50999450683594,147.14999389648438,146.47999572753906,147.0500030517578,145.8027801513672,4936900,0.0,False
2026-01-28,147.14999389648438,147.25999450683594,146.32000732421875,146.8000030517578,145.55490112304688,4430300,0.0,False
2026-01-29,147.47999572753906,147.47999572753906,144.85000610351562,146.72000122070312,145.4755859375,8850000,0.0,False
2026-01-30,146.10000610351562,146.39999389648438,144.60000610351562,145.4499969482422,144.2163543701172,13316000,0.0,False
2026-02-02,145.17999267578125,146.42999267578125,145.07000732421875,146.14999389648438,144.910400390625,4177400,0.0,False
2026-02-03,146.4499969482422,146.55999755859375,144.38999938964844,145.61000061035156,144.37498474121094,5718700,0.0,False
2026-02-04,146.27000427246094,146.39999389648438,144.30999755859375,145.1300048828125,143.89906311035156,7009800,0.0,False
2026-02-05,144.00999450683594,144.7100067138672,143.1199951171875,143.3699951171875,142.1539764404297,8561300,0.0,False
2026-02-06,144.63999938964844,146.66000366210938,144.6199951171875,146.4600067138672,145.21778869628906,2636500,0.0,False
2026-02-09,146.47000122070312,147.92999267578125,146.32000732421875,147.6699981689453,146.4175262451172,3890200,0.0,False
2026-02-10,148.22000122070312,148.3000030517578,147.5399932861328,147.5800018310547,146.3282928466797,3727000,0.0,False
2026-02-11,148.52999877929688,148.72000122070312,147.1199951171875,147.97999572753906,146.7248992919922,4919800,0.0,False
2026-02-12,148.50999450683594,148.6699981689453,145.7899932861328,145.9600067138672,144.72203063964844,6120400,0.0,False
2026-02-13,145.8800048828125,147.0,145.08999633789062,146.33999633789062,145.0988006591797,5372200,0.0,False
2026-02-17,145.6300048828125,146.69000244140625,144.75999450683594,146.2899932861328,145.04922485351562,5586700,0.0,False
2026-02-18,146.6199951171875,147.66000366210938,146.35000610351562,147.00999450683594,145.76312255859375,3300900,0.0,False
2026-02-19,146.32000732421875,146.75999450683594,146.02000427246094,146.67999267578125,145.4359130859375,3861100,0.0,False
2026-02-20,146.3300018310547,148.0399932861328,146.25999450683594,147.9499969482422,146.69515991210938,5087100,0.0,False
2026-02-23,147.64999389648438,148.10000610351562,146.1999969482422,146.64999389648438,145.4061737060547,6073200,0.0,False
2026-02-24,146.60000610351562,147.8800048828125,146.33999633789062,147.6999969482422,146.44725036621094,6002800,0.0,False
2026-02-25,148.49000549316406,149.00999450683594,148.22000122070312,148.91000366210938,147.64700317382812,5340100,0.0,False
2026-02-26,149.07000732421875,149.07000732421875,147.25,148.39999389648438,147.14134216308594,6394100,0.0,False
2026-02-27,147.58999633789062,148.02999877929688,147.11000061035156,147.83999633789062,146.58607482910156,5198300,0.0,False
2026-03-02,145.47000122070312,147.4600067138672,145.3000030517578,146.9499969482422,145.70362854003906,7713300,0.0,False
2026-03-03,142.8800048828125,144.61000061035156,141.27000427246094,144.0399932861328,142.81829833984375,13870600,0.0,False
2026-03-04,144.47999572753906,145.58999633789062,143.9199981689453,145.25999450683594,144.02796936035156,5318000,0.0,False
2026-03-05,144.00999450683594,144.86000061035156,142.3000030517578,143.57000732421875,142.352294921875,10527800,0.0,False
2026-03-06,141.69000244140625,142.6300048828125,141.02999877929688,141.92999267578125,140.7261962890625,7498700,0.0,False
2026-03-09,140.30999755859375,143.6199951171875,139.35000610351562,143.24000549316406,142.0251007080078,9180700,0.0,False
2026-03-10,143.33999633789062,145.00999450683594,142.77000427246094,143.22000122070312,142.00526428222656,8055000,0.0,False
2026-03-11,143.11000061035156,143.72999572753906,142.27999877929688,143.0399932861328,141.8267822265625,8392100,0.0,False
2026-03-12,141.77000427246094,141.9600067138672,140.4600067138672,140.5500030517578,139.35791015625,9415600,0.0,False
2026-03-13,141.25,141.8800048828125,139.33999633789062,139.52000427246094,138.33665466308594,8763500,0.0,False
2026-03-16,141.25,142.07000732421875,140.89999389648438,141.49000549316406,140.28994750976562,4340800,0.0,False
2026-03-17,142.27000427246094,142.72999572753906,141.8000030517578,142.02000427246094,140.81544494628906,2818300,0.0,False
2026-03-18,141.3000030517578,141.67999267578125,139.8000030517578,139.82000732421875,138.6341094970703,3503300,0.0,False
2026-03-19,138.25,140.19000244140625,137.89999389648438,139.5500030517578,138.3664093017578,5703700,0.0,False
2026-03-20,138.6699981689453,138.82000732421875,135.5800018310547,136.32000732421875,135.48126220703125,5287200,0.0,False
2026-03-23,138.60000610351562,140.11000061035156,137.8699951171875,138.60000610351562,137.74722290039062,6783800,0.0,False
2026-03-24,137.3000030517578,138.6999969482422,136.9499969482422,137.89999389648438,137.05152893066406,4429000,0.0,False
2026-03-25,139.64999389648438,139.92999267578125,138.52000427246094,139.1699981689453,138.313720703125,4334000,0.0,False
2026-03-26,137.83999633789062,138.63999938964844,136.33999633789062,136.44000244140625,135.60052490234375,4334400,0.0,False
2026-03-27,135.8699951171875,136.11000061035156,134.2899932861328,134.6199951171875,133.7917022705078,5289200,0.0,False
2026-03-30,135.83999633789062,135.94000244140625,133.64999389648438,134.19000244140625,133.36436462402344,4883100,0.0,False
2026-03-31,135.74000549316406,138.47999572753906,135.42999267578125,138.32000732421875,137.46896362304688,8261900,0.0,False
2026-04-01,139.33999633789062,140.49000549316406,139.22999572753906,139.69000244140625,138.8305206298828,3990700,0.0,False
2026-04-02,137.24000549316406,139.91000366210938,136.97999572753906,139.3699951171875,138.51248168945312,2973800,0.0,False
2026-04-06,139.86000061035156,140.30999755859375,139.42999267578125,140.07000732421875,139.20819091796875,2548900,0.0,False
2026-04-07,139.52000427246094,140.25999450683594,138.2899932861328,140.1300048828125,139.267822265625,3542000,0.0,False
2026-04-08,144.7100067138672,145.2899932861328,143.72999572753906,144.5800018310547,143.69044494628906,6111500,0.0,False
2026-04-09,143.85000610351562,145.35000610351562,143.57000732421875,144.9499969482422,144.05816650390625,3965000,0.0,False
2026-04-10,145.3800048828125,145.66000366210938,144.72000122070312,144.97999572753906,144.0879669189453,2317400,0.0,False
2026-04-13,144.42999267578125,146.4600067138672,144.1699981689453,146.39999389648438,145.4992218017578,4455900,0.0,False
2026-04-14,146.94000244140625,148.17999267578125,146.94000244140625,148.08999633789062,147.1788330078125,3059500,0.0,False
2026-04-15,147.88999938964844,148.7100067138672,147.72999572753906,148.6199951171875,147.70558166503906,2622700,0.0,False
2026-04-16,148.92999267578125,149.10000610351562,148.35000610351562,148.7899932861328,147.87452697753906,2329000,0.0,False
2026-04-17,150.25999450683594,151.44000244140625,150.1300048828125,150.83999633789062,149.9119110107422,3111100,0.0,False
2026-04-20,150.25,150.5800018310547,149.77000427246094,150.47999572753906,149.5541229248047,3183300,0.0,False
2026-04-21,150.52000427246094,150.69000244140625,148.52000427246094,148.75999450683594,147.84471130371094,2473100,0.0,False
2026-04-22,149.86000061035156,150.1300048828125,149.66000366210938,150.10000610351562,149.17648315429688,1863900,0.0,False
2026-04-23,149.7100067138672,150.14999389648438,147.6999969482422,149.14999389648438,148.23231506347656,3382900,0.0,False
2026-04-24,149.72000122070312,150.4199981689453,149.27999877929688,150.33999633789062,149.4149932861328,4861300,0.0,False
2026-04-27,150.35000610351562,150.5500030517578,149.9199981689453,150.32000732421875,149.39512634277344,2892900,0.0,False
2026-04-28,149.61000061035156,149.83999633789062,148.88999938964844,149.4600067138672,148.54042053222656,1857100,0.0,False
2026-04-29,149.50999450683594,149.50999450683594,148.3000030517578,148.94000244140625,148.0236053466797,2203600,0.0,False
2026-04-30,149.83999633789062,151.3800048828125,149.39999389648438,151.1999969482422,150.2696990966797,4025100,0.0,False
2026-05-01,151.60000610351562,152.39999389648438,151.3300018310547,151.44000244140625,150.50823974609375,2817700,0.0,False
2026-05-04,151.2899932861328,151.72000122070312,150.00999450683594,150.55999755859375,149.63363647460938,2609800,0.0,False
2026-05-05,151.6699981689453,152.42999267578125,151.5500030517578,152.1199951171875,151.1840362548828,2451800,0.0,False
2026-05-06,154.1300048828125,155.1699981689453,153.91000366210938,155.05999755859375,154.10595703125,2151100,0.0,False
2026-05-07,155.27000427246094,155.30999755859375,153.4499969482422,153.72000122070312,152.77420043945312,2744800,0.0,False
2026-05-08,154.94000244140625,155.27000427246094,154.6999969482422,155.17999267578125,154.22520446777344,2360700,0.0,False
2026-05-11,155.3300018310547,155.6300048828125,155.0,155.32000732421875,154.36434936523438,2164600,0.0,False
2026-05-12,154.24000549316406,154.50999450683594,152.97999572753906,154.35000610351562,153.40032958984375,2307800,0.0,False
2026-05-13,154.4199981689453,155.57000732421875,154.00999450683594,155.39999389648438,154.44384765625,1550500,0.0,False
2026-05-14,155.55999755859375,156.4199981689453,155.35000610351562,156.02000427246094,155.06004333496094,2520100,0.0,False
2026-05-15,154.19000244140625,154.3000030517578,153.22000122070312,153.52000427246094,152.575439453125,3071500,0.0,False
2026-05-18,154.02000427246094,154.41000366210938,152.61000061035156,153.7100067138672,152.76426696777344,2650000,0.0,False
2026-05-19,152.72000122070312,153.5,152.02999877929688,152.6300048828125,151.69091796875,2543900,0.0,False
2026-05-20,152.94000244140625,154.77000427246094,152.72000122070312,154.6300048828125,153.67860412597656,2038400,0.0,False
2026-05-21,154.11000061035156,155.7100067138672,153.72000122070312,155.2100067138672,154.25503540039062,2375200,0.0,False
2026-05-22,155.6999969482422,156.2899932861328,155.32000732421875,155.57000732421875,154.61282348632812,2565600,0.0,False
2026-05-26,157.3800048828125,157.6300048828125,156.89999389648438,157.3800048828125,156.41168212890625,2407900,0.0,False
2026-05-27,157.5,157.58999633789062,156.72999572753906,157.16000366210938,156.1930389404297,4252100,0.0,False
2026-05-28,156.72000122070312,158.00999450683594,156.47000122070312,157.8699951171875,156.89866638183594,3263200,0.0,False
2026-05-29,158.13999938964844,158.52999877929688,157.8000030517578,158.1199951171875,157.14712524414062,5118100,0.0,False
2026-06-01,158.0399932861328,159.1699981689453,157.5,158.60000610351562,157.6241912841797,3407100,0.0,False
2026-06-02,158.64999389648438,159.41000366210938,158.4199981689453,159.35000610351562,158.36956787109375,2967600,0.0,False
2026-06-03,159.0,159.0,157.80999755859375,157.9499969482422,156.97816467285156,3336600,0.0,False
2026-06-04,157.57000732421875,158.75,157.4600067138672,158.5399932861328,157.56454467773438,2216100,0.0,False
2026-06-05,157.08999633789062,157.08999633789062,153.22999572753906,153.67999267578125,152.73443603515625,3986400,0.0,False
2026-06-08,155.16000366210938,155.60000610351562,154.2100067138672,154.47999572753906,153.52951049804688,5059000,0.0,False
2026-06-09,155.74000549316406,156.55999755859375,151.1999969482422,154.3000030517578,153.3506317138672,5115600,0.0,False
2026-06-10,153.3699951171875,154.57000732421875,151.8800048828125,151.9199981689453,150.98526000976562,5763500,0.0,False
2026-06-11,152.9199981689453,155.8800048828125,152.24000549316406,155.61000061035156,154.65257263183594,4852900,0.0,False
2026-06-12,155.89999389648438,156.83999633789062,154.9199981689453,156.2899932861328,155.328369140625,8980200,0.0,False
2026-06-15,158.75999450683594,159.1999969482422,158.5,158.72000122070312,157.74343872070312,4689200,0.0,False
2026-06-16,158.88999938964844,159.1699981689453,157.9199981689453,157.99000549316406,157.01792907714844,6737700,0.0,False
2026-06-17,158.4600067138672,158.86000061035156,156.1300048828125,156.41000366210938,155.44764709472656,3620600,0.0,False
2026-06-18,157.7899932861328,157.9499969482422,157.1199951171875,157.66000366210938,157.25601196289062,1976600,0.0,False
2026-06-22,157.88999938964844,158.42999267578125,157.27000427246094,157.55999755859375,157.15625,2718900,0.0,False
2026-06-23,154.4199981689453,155.60000610351562,154.2100067138672,154.3300018310547,153.93453979492188,3432200,0.0,False
2026-06-24,154.5800018310547,155.33999633789062,153.6699981689453,154.25999450683594,153.86471557617188,3436800,0.0,False
2026-06-25,155.83999633789062,156.69000244140625,154.0,154.85000610351562,154.4532012939453,3836700,0.0,False
2026-06-26,153.6199951171875,155.13999938964844,153.25999450683594,153.9499969482422,153.55551147460938,4824200,0.0,False
2026-06-29,155.16000366210938,155.91000366210938,153.8800048828125,155.8300018310547,155.43069458007812,2903400,0.0,False
2026-06-30,155.99000549316406,157.1999969482422,155.86000061035156,156.9499969482422,156.54782104492188,3835400,0.0,False
2026-07-01,156.19000244140625,156.99000549316406,155.6999969482422,156.1199951171875,155.71994018554688,3083300,0.0,False
2026-07-02,156.77999877929688,157.7899932861328,154.97999572753906,156.1699981689453,155.7698211669922,2264400,0.0,False
2026-07-06,157.25999450683594,158.0399932861328,157.05999755859375,157.80999755859375,157.40560913085938,2578500,0.0,False
2026-07-07,157.27999877929688,157.44000244140625,155.9499969482422,156.33999633789062,155.9393768310547,1929500,0.0,False
2026-07-08,155.14999389648438,155.9199981689453,154.25999450683594,155.80999755859375,155.41073608398438,1900400,0.0,False
2026-07-09,156.3300018310547,157.24000549316406,156.0500030517578,157.0,156.59768676757812,1660600,0.0,False
2026-07-10,157.2100067138672,157.72999572753906,156.2899932861328,157.6300048828125,157.22608947753906,1760500,0.0,False
2026-07-13,156.7100067138672,156.94000244140625,155.57000732421875,155.80999755859375,155.41073608398438,2388400,0.0,False
2026-07-14,156.63999938964844,157.25999450683594,156.3300018310547,156.77999877929688,156.3782501220703,1744200,0.0,False
2026-07-15,157.25,157.50999450683594,156.2100067138672,157.2899932861328,156.88694763183594,1960600,0.0,False
2026-07-16,156.4499969482422,156.9499969482422,155.66000366210938,156.1300048828125,155.7299346923828,1890000,0.0,False
2026-07-17,154.24000549316406,155.42999267578125,153.85000610351562,154.77999877929688,154.3833770751953,2361300,0.0,False
2026-07-20,155.38999938964844,155.69000244140625,154.17999267578125,154.2899932861328,153.89463806152344,2124200,0.0,False
2026-07-21,155.5500030517578,156.3000030517578,155.10000610351562,156.13999938964844,155.73989868164062,1458800,0.0,False
2026-07-22,155.86000061035156,156.49000549316406,155.77999877929688,156.02000427246094,155.62020874023438,1448600,0.0,False
2026-07-23,154.27000427246094,155.10000610351562,153.55999755859375,154.30999755859375,153.91458129882812,2084500,0.0,False
2026-07-24,154.39999389648438,155.2899932861328,153.8800048828125,154.1999969482422,153.80487060546875,2944200,0.0,False
2026-07-27,155.47999572753906,155.74000549316406,153.67999267578125,154.4499969482422,154.05422973632812,4989400,0.0,False
2026-07-28,153.8800048828125,154.82000732421875,153.24000549316406,154.35000610351562,153.95448303222656,2579800,0.0,False
2026-07-29,153.97999572753906,154.97999572753906,152.1300048828125,152.22000122070312,151.82994079589844,4036100,0.0,False
2026-07-30,153.97999572753906,155.57000732421875,153.77000427246094,155.4499969482422,155.05166625976562,2716700,0.0,False
2026-07-31,155.97999572753906,156.25,154.25,155.86000061035156,155.4606170654297,3216800,0.0,False
2026-08-03,156.39999389648438,157.72000122070312,156.19000244140625,157.61000061035156,157.2061309814453,2439300,0.0,False
2026-08-04,158.58999633789062,160.77999877929688,158.50999450683594,160.4499969482422,160.03884887695312,2839000,0.0,False
2026-08-05,161.33999633789062,162.0,160.1199951171875,160.1699981689453,159.7595672607422,2386000,0.0,False
2026-08-06,160.10000610351562,160.67999267578125,159.77000427246094,159.9199981689453,159.5102081298828,4295900,0.0,False
2026-08-07,161.00999450683594,161.3800048828125,160.52999877929688,161.3000030517578,160.8866729736328,2952700,0.0,False
2026-08-10,161.0,161.35000610351562,160.85000610351562,160.97000122070312,160.55752563476562,2425900,0.0,False
2026-08-11,161.4499969482422,161.5399932861328,160.5399932861328,160.82000732421875,160.4079132080078,1646000,0.0,False
2026-08-12,161.89999389648438,162.0,161.3300018310547,161.52999877929688,161.1160888671875,3041600,0.0,False
2026-08-13,161.9199981689453,162.67999267578125,161.82000732421875,162.38999938964844,161.973876953125,2324400,0.0,False
2026-08-14,162.55999755859375,162.7100067138672,162.00999450683594,162.25,161.83424377441406,1925400,0.0,False
2026-08-17,162.27000427246094,162.55999755859375,161.77000427246094,161.8300018310547,161.41531372070312,3566300,0.0,False
2026-08-18,160.80999755859375,161.02999877929688,160.0,160.05999755859375,159.6498565673828,1975500,0.0,False
2026-08-19,161.00999450683594,161.3699951171875,160.5399932861328,160.6999969482422,160.2882080078125,2481500,0.0,False
2026-08-20,160.3300018310547,160.8300018310547,159.80999755859375,159.92999267578125,159.52017211914062,2072600,0.0,False
2026-08-21,160.89999389648438,161.1699981689453,160.4600067138672,160.77000427246094,160.3580322265625,1548400,0.0,False
2026-08-24,160.47999572753906,160.5,159.77999877929688,160.10000610351562,159.68975830078125,1824900,0.0,False
2026-08-25,160.8800048828125,161.0500030517578,160.32000732421875,160.99000549316406,160.5774688720703,2568700,0.0,False
2026-08-26,160.92999267578125,161.2899932861328,160.5800018310547,160.8699951171875,160.45777893066406,1373000,0.0,False
2026-08-27,161.16000366210938,161.75999450683594,160.9199981689453,161.57000732421875,161.15599060058594,2014900,0.0,False
2026-08-28,161.77000427246094,162.1999969482422,160.75999450683594,161.00999450683594,160.597412109375,1592800,0.0,False
2026-08-31,160.97000122070312,161.0,160.1699981689453,160.5500030517578,160.1385955810547,2024700,0.0,False
2026-09-01,159.60000610351562,160.14999389648438,158.91000366210938,159.30999755859375,158.90176391601562,1965200,0.0,False
2026-09-02,159.5,160.1999969482422,159.44000244140625,160.11000061035156,159.69972229003906,1621900,0.0,False
2026-09-03,160.89999389648438,161.9199981689453,160.6199951171875,161.75999450683594,161.34548950195312,1588400,0.0,False
2026-09-04,161.36000061035156,161.97000122070312,161.36000061035156,161.72999572753906,161.31556701660156,1529500,0.0,False
2026-09-08,161.6999969482422,161.74000549316406,160.80999755859375,160.9199981689453,160.5076446533203,1620100,0.0,False
2026-09-09,160.64999389648438,160.6999969482422,159.6999969482422,159.88999938964844,159.48028564453125,1676400,0.0,False
2026-09-10,159.05999755859375,159.2100067138672,158.41000366210938,158.52999877929688,158.12376403808594,1593200,0.0,False
2026-09-11,160.02000427246094,160.33999633789062,159.75999450683594,159.94000244140625,159.53016662597656,2083900,0.0,False
2026-09-14,158.6300048828125,159.39999389648438,158.0800018310547,158.72999572753906,158.32325744628906,2604100,0.0,False
2026-09-15,158.5500030517578,158.6999969482422,157.66000366210938,158.02999877929688,157.6250457763672,2692000,0.0,False
2026-09-16,158.6699981689453,159.02000427246094,156.47999572753906,157.41000366210938,157.00665283203125,1969700,0.0,False
2026-09-17,159.3699951171875,159.5,158.94000244140625,159.22000122070312,158.81201171875,1452800,0.0,False
2026-09-18,158.55999755859375,158.6300048828125,157.88999938964844,158.5500030517578,158.5500030517578,3030900,0.0,False
2026-09-21,159.97999572753906,161.1999969482422,159.77000427246094,160.88999938964844,160.88999938964844,2519400,0.0,False
2026-09-22,161.08999633789062,161.5500030517578,160.72999572753906,161.24000549316406,161.24000549316406,3841400,0.0,False
2026-09-23,160.66000366210938,160.66000366210938,159.10000610351562,159.3300018310547,159.3300018310547,4290100,0.0,False
2026-09-24,158.6699981689453,159.5,158.25,159.0500030517578,159.0500030517578,2058500,0.0,False
2026-09-25,159.5500030517578,160.25,159.0399932861328,160.02999877929688,160.02999877929688,2843500,0.0,False
2026-09-28,159.24000549316406,159.5800018310547,158.24000549316406,159.10000610351562,159.10000610351562,1761863,0.0,False
